<?xml version="1.0"?>
<tei xml:space="preserve">
	<teiHeader>
		<fileDesc xml:id="000GRAP0O64BGFM" />
	</teiHeader>
	<text xml:lang="en">
		<front>
			<extra>
				IN THE
			</extra>
			<court>
				HIGH COURT OF DELHI AT NEW DELHI
				<lb />
			</court>
			<extra>
				Date of
			</extra>
			<document_type>
				Order
			</document_type>
			<extra>
				:
			</extra>
			<judgement_date>
				December 18, 2018
				<lb />
			</judgement_date>
			<case_numbers>
				CRL.M.C. 6444/2018 &amp; Crl.M.A. 49997/2018
				<lb />
			</case_numbers>
			<petitioner>
				OM PRAKASH LAMBA &amp; ORS.
				<lb />
			</petitioner>
			<extra>
				.....
				
				Petitioners
				<lb />
			</extra>
			<extra>
				Through:
				<lb />
			</extra>
			<petitioner_lawyers>
				Mr. Ashish Tanwar &amp;
				<lb />
				Mr. Lovinder Chaudhary,
				<lb />
			</petitioner_lawyers>
			<extra>
				Advocates
				<lb />
			</extra>
			<extra>
				Versus
				<lb />
			</extra>
			<respondent>
				STATE &amp; ORS.
				<lb />
			</respondent>
			<extra>
				.....
				
				Respondent
				<lb />
			</extra>
			<extra>
				Through:
			</extra>
			<respondent_lawyers>
				Ms. Neelam Sharma
			</respondent_lawyers>
			<extra>
				,Additional
				<lb />
				Public Prosecutor for respondent
				<lb />
				No.1-State with SI Shiv Kumar.
				<lb />
				Respondents No.2 &amp; 3 in person
				<lb />
				with
			</extra>
			<respondent_lawyers>
				<lb />
				Mr. S.Chaturvedi
				<lb />
			</respondent_lawyers>
			<extra>
				, Advocate
				<lb />
			</extra>
			<petitioner>
				RAKESH @ BUNTI &amp; ORS.
				<lb />
			</petitioner>
			<extra>
				.....
				
				Petitioners
				<lb />
			</extra>
			<extra>
				Through:
			</extra>
			<petitioner_lawyers>
				Mr. S.Chaturvedi
				<lb />
			</petitioner_lawyers>
			<extra>
				, Advocate
			</extra>
			<extra>
				Versus
				<lb />
			</extra>
			<respondent>
				STATE &amp; ANR.
				<lb />
				.....
				
				Respondents
				<lb />
			</respondent>
			<extra>
				Through :
			</extra>
			<respondent_lawyers>
				Mr.M.P.Singh
				<lb />
			</respondent_lawyers>
			<extra>
				, Additional Public
				<lb />
				Prosecutor for respondent No.1-
				<lb />
				State with SI Shiv Kumar.
				<lb />
				Respondent No.2 in person with
				<lb />
			</extra>
			<respondent_lawyers>
				Mr. Ashish Tanwar &amp;
				<lb />
				Mr. Lovinder Chaudhary,
				<lb />
			</respondent_lawyers>
			<extra>
				<lb />
				Advocates
				<lb />
			</extra>
			<extra>
				CORAM:
				<lb />
			</extra>
			<judges>
				HON&apos;BLE MR. JUSTICE SUNIL GAUR
				<lb />
			</judges>
			<document_type>
				ORDER
				<lb />
			</document_type>
			<extra>
				(ORAL)
				<lb />
			</extra>
		</front>
	</text>
</tei>
