<?xml version="1.0"?>
<tei xml:space="preserve">
	<teiHeader>
		<fileDesc xml:id="03ad9154cb08cceac011ecfa157afb2e" />
	</teiHeader>
	<text xml:lang="en">
		<front>
			<case_numbers>
				<lb />
				O.M.P.(I) (COMM.) 142/2020
				<lb />
			</case_numbers>
			<extra>
				<lb />
				$~1
				<lb />
				*
				<lb />
			</extra>
			<extra>
				IN THE
			</extra>
			<court>
				HIGH COURT OF DELHI AT NEW DELHI
				<lb />
			</court>
			<extra>
				Reserved on:
				
				26 th August,
				<lb />
			</extra>
			<extra>
				Pronounced on:
			</extra>
			<judgement_date>
				31 st August
			</judgement_date>
			<extra>
				,
				<lb />
				+
				<lb />
			</extra>
			<case_numbers>
				O.M.P.(I) (COMM.) 142/2020
				
				&amp;
				4600/2020, I.A.
				<lb />
				4942/2020, I.A. 4943/2020
				<lb />
			</case_numbers>
			<petitioner>
				SUNIL GOEL
				<lb />
			</petitioner>
			<extra>
				.....
				
				Petitioner
				<lb />
			</extra>
			<extra>
				Through:
			</extra>
			<petitioner_lawyers>
				Mr. Raj Shekhar Rao
			</petitioner_lawyers>
			<extra>
				and
			</extra>
			<petitioner_lawyers>
				Mr.
				<lb />
				Rajesh P.
			</petitioner_lawyers>
			<extra>
				,Advs.
			</extra>
			<extra>
				versus
			</extra>
			<lb />
			<respondent>
				INDIABULLS HOUSING FINANCE LIMITED .
			</respondent>
			<extra>
				..
				
				Respondent
				<lb />
			</extra>
			<extra>
				Through:
			</extra>
			<respondent_lawyers>
				Mr. Sunil Dalal,
				<lb />
				Mr. Jaskaran
				<lb />
				Singh and Mr. Kashish Narang
				<lb />
			</respondent_lawyers>
			<extra>
				,
				Advs. for IBHFL
			</extra>
			<lb />
			<respondent_lawyers>
				Mr. Sandeep Sethi
				<lb />
			</respondent_lawyers>
			<extra>
				, Sr. Adv.
				assisted by
			</extra>
			<respondent_lawyers>
				Mr. Shalabh
				<lb />
				Singhal,
			</respondent_lawyers>
			<extra>
				Adv. for M/s Guild
				<lb />
				Builders Pvt. Ltd
			</extra>
			<extra>
				CORAM:
				<lb />
			</extra>
			<judges>
				HON&apos;BLE MR. JUSTICE C. HARI SHANKAR
				<lb />
			</judges>
			<document_type>
				J U D G M E N T
				<lb />
			</document_type>
		</front>
	</text>
</tei>
