<?xml version="1.0"?>
<tei xml:space="preserve">
	<teiHeader>
		<fileDesc xml:id="0AK4YTDX3YETOXL" />
	</teiHeader>
	<text xml:lang="en">
		<front>
			<extra>
				IN THE
			</extra>
			<court>
				HIGH COURT OF DELHI AT NEW DELHI
				<lb />
			</court>
			<extra>
				Date of
			</extra>
			<document_type>
				Judgment
			</document_type>
			<judgement_date>
				27 th August, 2018
				<lb />
			</judgement_date>
			<case_numbers>
				MAT.APP.(F.C.) 217/2018
				<lb />
			</case_numbers>
			<petitioner>
				TARUN PULLANI
				<lb />
			</petitioner>
			<extra>
				.....
				Appellant
				<lb />
			</extra>
			<extra>
				Through:
			</extra>
			<petitioner_lawyers>
				Mr. Chirag Babbar
				<lb />
			</petitioner_lawyers>
			<extra>
				,
				Adv
			</extra>
			<extra>
				versus
				<lb />
			</extra>
			<respondent>
				SHILPA PULLANI
				<lb />
			</respondent>
			<extra>
				.....
				
				Respondent
				<lb />
			</extra>
			<extra>
				Through:
			</extra>
			<respondent_lawyers>
				Ms Anjali Sharma,
				<lb />
			</respondent_lawyers>
			<extra>
				Adv
			</extra>
			<extra>
				CORAM:
				<lb />
			</extra>
			<judges>
				HON&apos;BLE MR. JUSTICE G.S.SISTANI
				<lb />
				HON&apos;BLE MS. JUSTICE SANGITA DHINGRA SEHGAL
				<lb />
			</judges>
		</front>
	</text>
</tei>
