<?xml version="1.0"?>
<tei xml:space="preserve">
	<teiHeader>
		<fileDesc xml:id="0AY9L22M781DVQ9" />
	</teiHeader>
	<text xml:lang="en">
		<front>
			<extra>
				IN THE
			</extra>
			<court>
				HIGH COURT OF DELHI AT NEW DELHI
				<lb />
			</court>
			<document_type>
				Judgment
			</document_type>
			<extra>
				delivered on:
			</extra>
			<judgement_date>
				10 th January, 2018
				<lb />
			</judgement_date>
			<case_numbers>
				RFA 120/2017, CM APPLs. 4014/2017, 8572/2017
				<lb />
			</case_numbers>
			<petitioner>
				DESH RAJ
				<lb />
			</petitioner>
			<extra>
				.....
				Appellant
				<lb />
			</extra>
			<extra>
				Through:
			</extra>
			<petitioner_lawyers>
				Mr.	Sultan Singh
			</petitioner_lawyers>
			<extra>
				,
				Senior Advocate
				<lb />
				with
			</extra>
			<petitioner_lawyers>
				Mr. Motish K. Singh &amp; Mr.
				<lb />
				Saurav Sachdeva
				<lb />
			</petitioner_lawyers>
			<extra>
				, Advocates.
			</extra>
			<extra>
				versus
				<lb />
			</extra>
			<respondent>
				VIDYA DEVI &amp; ORS
				<lb />
			</respondent>
			<extra>
				.....
				Respondents
				<lb />
			</extra>
			<extra>
				Through:
			</extra>
			<respondent_lawyers>
				Mr. Sunil Khanna
				<lb />
			</respondent_lawyers>
			<extra>
				,
				Advocate for R-1.
			</extra>
			<respondent_lawyers>
				Mr. Amit Ojha,
				<lb />
			</respondent_lawyers>
			<extra>
				Advocate for R-2,3 &amp;
				<lb />
				5.
				<lb />
			</extra>
			<extra>
				CORAM:
				<lb />
			</extra>
			<judges>
				HON&apos;BLE MR. JUSTICE PRATHIBA M.SINGH
				<lb />
			</judges>
		</front>
	</text>
</tei>
