<?xml version="1.0" ?>
<tei xml:space="preserve">
	<teiHeader>
		<fileDesc xml:id="10525274"/>
	</teiHeader>
	<text xml:lang="en">
		<front>
<lb/>
	<extra>IN THE</extra>

	<court>HIGH COURT OF KARNATAKA AT BENGALURU<lb/></court>
	<extra>DATED THIS THE</extra>
	<judgement_date>12 TH DAY OF AUGUST, 2022<lb/></judgement_date>

	<extra>BEFORE<lb/> THE</extra>

	<judges>HON&apos;BLE MS. JUSTICE JYOTI MULIMANI<lb/></judges>

	<case_numbers>MISCELLANEOUS FIRST APPEAL No.1823 OF 2017(RCT)<lb/></case_numbers>

	<extra>BETWEEN :<lb/></extra>

	<petitioner>SRI N.KRISHNA,<lb/></petitioner>
	<extra>S/O NARASIMHA GOWDA,<lb/> AGED ABOUT 35 YEARS,<lb/> R/AT NO.129, 1 ST CROSS,<lb/> GARADI ROAD,<lb/> BEHIND GOVERNMENT SCHOOL,<lb/> BOGADI, MYSORE -576 006.<lb/>
	…APPELLANT<lb/> [BY</extra>
	
	<petitioner_lawyers>SRI.NARAYAN PERDALKAR</petitioner_lawyers>
	
	<extra>, ADVOCATE (ABSENT)]<lb/> AND:<lb/> THE</extra>

	<respondent>UNION OF INDIA</respondent>
	<extra>,<lb/>
	REPRESENTED BY ITS<lb/> GENERAL MANAGER,<lb/> SOUTH WESTERN RAILWAY,<lb/> HUBLI -560 004.<lb/>
	...RESPONDENT<lb/> (SERVED)<lb/></extra>

	<extra>THIS MISCELLANEOUS FIRST APPEAL IS FILED UNDER<lb/> SECTION 23(1) OF RAILWAY CLAIMS TRIBUNAL ACT.<lb/> THIS MISCELLANEOUS FIRST APPEAL COMING ON FOR<lb/> ORDERS, THIS DAY, THE COURT MADE THE FOLLOWING:<lb/></extra>

		</front>
	</text>
</tei>
