<?xml version="1.0" ?>
<tei xml:space="preserve">
	<teiHeader>
		<fileDesc xml:id="10525279"/>
	</teiHeader>
	<text xml:lang="en">
		<front>
<lb/>
	<extra>IN THE</extra>

	<court>HIGH COURT OF KARNATAKA AT BENGALURU<lb/></court>
	<extra>DATED THIS THE</extra>
	<judgement_date>12 TH DAY OF AUGUST, 2022<lb/></judgement_date>
	<extra>BEFORE<lb/> THE</extra>

	<judges>HON&apos;BLE MR. JUSTICE K.NATARAJAN<lb/></judges>

	<case_numbers>CRIMINAL PETITION NO.7041 OF 2022<lb/></case_numbers>
	
	<extra>BETWEEN<lb/></extra>

	<petitioner>ARUN RABHA<lb/></petitioner> 
	<extra>S/O HARASTAR RABHA<lb/> 
	AGED ABOUT 21 YEARS<lb/> 
	R/AT TONGLA VILLAGE<lb/>
	PORONI TONGLA POST<lb/>
	TONGLA TANA<lb/> GUWAHATI DISTRICT<lb/> ASSAM<lb/>

	... PETITIONER<lb/> BY(</extra>

	<petitioner_lawyers>SRI GIRISH S.</petitioner_lawyers>
	<extra>, ADVOCATE)<lb/> AND<lb/></extra>

	<respondent>STATE OF KARNATAKA</respondent>
	 <extra>BY<lb/></extra>
	 <respondent>SHESHADRIPURAM POLICE<lb/></respondent> 
	 <extra>REPRESENTED BY<lb/>
	 STATE PUBLIC PROSECUTOR<lb/> HIGH COURT OF KARNATAKA<lb/> BANGALORE<lb/> 
	 ...RESPONDENT<lb/> (BY</extra>
	 <respondent_lawyers>SRI KRISHNA KUMAR K.K.</respondent_lawyers>
	 <extra>, HCGP)<lb/>
	 THIS CRIMINAL PETITION IS FILED UNDER SECTION 439<lb/>
	 OF THE CODE OF CRIMINAL PROCEDURE, PRAYING TO<lb/>
	 ENLARGE THE PETITIONER ON BAIL IN CR.NO.1/2021 OF<lb/> SESHADRIPURAM P.S., BENGALURU CITY FOR THE OFFENCE<lb/> PUNISHABLE UNDER SECTION 302 R/W SECTION 34 OF IPC<lb/> PENDING ON THE FILE OF LXVII ADDITIONAL CITY CIVIL AND<lb/>

	SESSIONS JUDGE, BENGALURU (CCH-68) IN S.C.NO.904/2021.<lb/></extra>

	<extra>THIS CRIMINAL PETITION COMING ON FOR ORDERS,<lb/> 
	THIS DAY THE COURT MADE THE FOLLOWING:<lb/></extra>
	<page>2<lb/></page>

	<document_type>ORDER</document_type>

		</front>
	</text>
</tei>
