<?xml version="1.0" ?>
<tei xml:space="preserve">
	<teiHeader>
		<fileDesc xml:id="10525297"/>
	</teiHeader>
	<text xml:lang="en">
		<front>
<lb/>
	<extra>IN THE</extra>

	<court>HIGH COURT OF KARNATAKA AT BENGALURU<lb/></court>
	<extra>DATED THIS THE </extra>
	<judgement_date>12 TH DAY OF AUGUST, 2022<lb/></judgement_date>
	<extra>BEFORE<lb/> THE</extra>

	<judges>HON&apos;BLE MR. JUSTICE E.S.INDIRESH<lb/></judges>

	<case_numbers>CIVIL PETITION NO.94/2022<lb/></case_numbers>
	<extra>BETWEEN<lb/></extra>

	<petitioner>SMT.SHRUTHI S. BHAT<lb/></petitioner>
	<extra>W/O. SANTOSH B. SUDHAKAR<lb/>
	D/O SURYA PRAKASH BHAT<lb/>
	AGED 32 YEARS<lb/>
	R/AT NO.2-19-1585/7,<lb/>
	SURYASHREE, 1 ST CROSS<lb/> 
	CHILIMBI HILLS, BEJAI<lb/>
	MANGALORE-575004.<lb/>
	...PETITIONER<lb/> (BY</extra>

	<petitioner_lawyers>SRI.VINAY.N</petitioner_lawyers>
	<extra>, ADVOCATE FOR
	SRI.MANMOHAN.P.N.
	, ADVOCATE)<lb/> AND<lb/></extra>
	
	<respondent>MR.SANTOSH B. SUDHAKAR<lb/></respondent>
	<extra>S/OB.SUDHAKAR<lb/>
	AGED ABOUT 36 YEARS<lb/>
	R/AT NO.6, 4 TH CROSS<lb/>
	PARALLEL ROAD TO BIG BAZAAR<lb/> 
	MALLESHWARAM<lb/>
	BENGALURU-560003.<lb/></extra>

	<extra>….RESPONDENT<lb/> (BY</extra>
	<respondent_lawyers>SRI NEHRU.M.N.</respondent_lawyers>
	<extra>, ADVOCATE)<lb/> 
	THIS PETITION IS FILED UNDER SECTION 24 OF CPC, PRAYING<lb/>
	TO TRANSFER THE MC NO.6537/2021 PENDING BEFORE THE VI<lb/>
	ADDITIONAL PRINCIPAL JUDGE, FAMILY COURT, BENGALURU,<lb/>
	BENGALURU NORTH TO THE	FAMILY COURT AT MANGALURU, IN THE<lb/> INTEREST OF JUSTICE AND EQUITY.<lb/></extra>

		</front>
	</text>
</tei>