<?xml version="1.0" ?>
<tei xml:space="preserve">
	<teiHeader>
		<fileDesc xml:id="10525290"/>
	</teiHeader>
	<text xml:lang="en">
		<front>
<page>1<lb/></page>

	<extra>IN THE</extra>

	<court>HIGH COURT OF KARNATAKA AT BENGALURU<lb/></court>
	<extra>DATED THIS THE </extra>
	<judgement_date>12 TH DAY OF AUGUST, 2022 ,<lb/></judgement_date>

	<extra>BEFORE<lb/> THE</extra>

	<judges>HON&apos;BLE MR. JUSTICE E.S.INDIRESH<lb/></judges>

	<case_numbers>CIVIL PETITION NO.341/2021<lb/></case_numbers>
	<extra>BETWEEN<lb/></extra>

	<petitioner>SMT. SWATHI S<lb/></petitioner>
	<extra>W/O SANDEEP K.B.<lb/> 
	D/O SRI SUDHAKAR NAIK<lb/> 
	AGED ABOUT 26 YEARS<lb/> 
	R/AT KEMMAI HOUSE<lb/>
	CHIKKAMUNDNUR POST AND VILLAGE<lb/>
	PUTTUR TALUK<lb/>
	D.K.DISTRICT-574203.<lb/> 
	...PETITIONER<lb/> (BY<lb/></extra>
	
	<petitioner_lawyers>SRI RAJASHEKAR S</petitioner_lawyers>
	<extra>, ADVOCATE)<lb/> 
	AND<lb/></extra>
	
	<respondent>SRI SANDEEP K.B.<lb/></respondent>
	<extra>S/O LATE BHASKAR NAIK<lb/>
	AGED ABOUT 35 YEARS<lb/>
	R/AT 2719, 3 RD STAGE<lb/>
	E BLOCK, DATTAGALLI<lb/>
	MYSURU-570022.<lb/>]</extra>

	<extra>….RESPONDENT<lb/> (BY</extra>
	
	<respondent_lawyers>SRI ROSHAN H.C.</respondent_lawyers>
	<extra>, ADVOCATE)<lb/></extra>
	
	<extra>THIS PETITION IS FILED UNDER SECTION 24 OF CPC, PRAYING<lb/>
	TO TRANSFER THE CASE IN M.C.NO.674/2021 ON THE FILE OF IV<lb/>
	ADDITIONAL PRINCIPAL FAMILY COURT AT MYSURU TO THE COURT<lb/>
	OF SENIOR CIVIL JUDGE AT PUTTUR, D.K.DISTRICT BY ALLOWING<lb/>
	THIS PETITION AND GRANT SUCH OTHER AND FURTHER RELIEF&apos;S AS<lb/>
	THIS COURT DEEMS FIT AND PROPER UNDER THE CIRCUMSTANCES<lb/> 
	OF THIS CASE, IN THE INTEREST OF JUSTICE AND EQUITY.<lb/> 
	<page>2<lb/></page>
	THIS PETITION COMING ON FOR ADMISSION THIS DAY, THE<lb/> 
	COURT MADE THE FOLLOWING:<lb/></extra>

	<document_type>ORDER</document_type>

		</front>
	</text>
</tei>