<?xml version="1.0" ?>
<tei xml:space="preserve">
	<teiHeader>
		<fileDesc xml:id="10525268"/>
	</teiHeader>
	<text xml:lang="en">
		<front>
<lb/>
	<extra>IN THE</extra>

	<court>HIGH COURT OF KARNATAKA<lb/> DHARWAD BENCH<lb/></court>
	<extra>DATED THIS THE</extra>
	<judgement_date>16 T H DAY OF AUGUST 2022<lb/></judgement_date>
	<extra>BEFORE<lb/>

	THE</extra>

	<judges>HON&apos;BLE MR. JUSTICE SHIVASHANKAR AMARANNAVAR<lb/></judges>

	<case_numbers>CRIMINAL PETITION No.102032 </case_numbers>

	<extra>OF 2022<lb/>
	CONNECTED WITH<lb/></extra>

	<case_numbers>CRIMINAL PETITION NO.102056</case_numbers>
    <extra> OF 2022<lb/></extra>
    
	<extra>In Crl.P. No.102032/2022:<lb/> 
	BETWEEN:<lb/> </extra>
	
	<petitioner>SHIVANAND </petitioner>
	
	<extra>S/O. HANUMANTAPPA V ALMIKI<lb/>
	AGE: 49 YEARS , OCC: CENTERING W ORK,<lb/>
	R/AT: AKKIPETH, NEAR JAIN BASADI ,<lb/> 
	OLD HUBBA LLI , HUBBALLI -580 024.<lb/>
	...PETITIONER<lb/> (BY </extra>
	
	<petitioner_lawyers>SRI. GOURISHANKAR MOT</petitioner_lawyers>, 
	
	<extra>ADV.)<lb/> AND<lb/></extra>

	<respondent>THE STATE OF KARNATAKA<lb/> 
	SUB-URBAN POLICE STATION</respondent>
	
	<extra>, HUBBALLI,<lb/> REP BY ITS STATE PUBLIC PROSECUT OR,<lb/> HIGH COURT OF K ARNATAKA,<lb/> DHARWAD BEN CH,<lb/> DHARWAD.<lb/>

... RES PONDENT<lb/> (BY</extra>

	<respondent_lawyers>SRI.PRAS HAN TH V. MOGA LI</respondent_lawyers>
	<extra>, HCGP)<lb/>
	In Crl.P. No.102056/2022:<lb/>
	BETWEEN:<lb/></extra>

	<petitioner>DAVID</petitioner>
	<extra> S/O. FRAN CIS POPAT<lb/>
	    AGE: 34 YEARS , OCC: PAINTING,<lb/>
	    R/O. NEKARNAGAR ROAD , 2 N D
	    CROSS ,<lb/> 
	    TIPPUNA GAR, OLD HUBBALLI , HUBBA LLI,<lb/>
	    DIST. DHARWAD-580024.<lb/>
	...PETITIONER<lb/> (BY </extra>

	<petitioner_lawyers>SRI. VISHWANATH S. BICHAGAT TI</petitioner_lawyers>
	<extra>, ADV .)<lb/> AND<lb/></extra>

	<extra>THE</extra>
	<respondent> STATE OF KARNATAKA<lb/>
	SUB-URBAN POLICE STATION </respondent>
	<extra>, HUBBALLI,<lb/> REP BY ITS STATE PUBLIC PROSECUT OR,<lb/> HIGH COURT OF K ARNATAKA,<lb/> DHARWAD BEN CH,<lb/> DHARWAD.<lb/>
	... RES PONDENT<lb/> (BY</extra>

	<respondent_lawyers>SRI.PRAS HAN TH V. MOGA LISRI.PRAS HAN TH V. MOGA LI</respondent_lawyers>
	
	<extra>, HCGP)<lb/>
	THESE CRIMINAL PETITIONS ARE FI LED U/S 439<lb/> OF CR.P.C., SEEK ING TO EN
	LARGE THE PETITIONERS<lb/> 
	ON BAIL ON SUCH TERMS AND CONDITIONS AS DEEMS<lb/> 
	FIT IN HUBBALLI SUB URBAN POLICE STATION CRIME<lb/>

	NO.11/ 2022 (C.C. NO.3104/ 2022) F OR THE OFFEN CES<lb/> PUNISHABLE UNDER SECTIONS 307, 341, 504 AND 506<lb/> READ WITH SECTI ON 34 OF IPC, W HICH IS PENDING<lb/> BEFORE THE PRI NCIPAL CIVI L JUDGE AND JMFC,<lb/> HUBBALLI.<lb/>
	THESE CRIMINAL PETITIONS ARE COMING ON<lb/> 
	FOR ORDER, THIS DAY, THE COURT MADE THE<lb/> FOLLOWING:<lb/></extra>

	<document_type>ORDER<lb/></document_type>

	<extra>Criminal Petition No.102032/2022 is filed by the<lb/> petitioner/accused No.2 and Criminal Petition<lb/> 
	No.102056/2022 is filed by the petitioner/accused<lb/> 
	No.1. Both the petitions are filed under Section 439<lb/> of the Code of Criminal Procedure, 1973 (hereinafter<lb/>
	referred to as the &apos;Cr.P.C.&apos;, for brevity) seeking bail in<lb/>
	Hubballi Sub-Urban Police Station Crime No.11/2022,<lb/>
	for the offences punishable under Sections 307, 341,<lb/>
	504 and 506 read with Section 34 of Indian<lb/> Penal Code (hereinafter referred to as &apos;IPC&apos;, for<lb/> brevity).<lb/>
	
	2.The case of the prosecution is that one<lb/> Kushal has lodged complaint stating that on<lb/>
	23.02.2022 at about 02.30 p.m., he purchasing the<lb/> chappals from Janata Bazar, Hubballi returning to his<lb/></extra>

		</front>
	</text>
</tei>
