<?xml version="1.0" ?>
<tei xml:space="preserve">
	<teiHeader>
		<fileDesc xml:id="10525291"/>
	</teiHeader>
	<text xml:lang="en">
		<front>
<lb/>
	<extra>IN THE</extra>

	<court>HIGH COURT OF KARNATAKA AT BENGALURU<lb/></court>
	<extra>DATED THIS THE</extra> 
	<judgement_date>12 TH DAY OF AUGUST, 2022<lb/></judgement_date>

	<extra>BEFORE<lb/> THE</extra>

	<judges>HON&apos;BLE MR. JUSTICE E.S.INDIRESH<lb/></judges>

	<case_numbers>CIVIL PETITION NO.301/2019<lb/></case_numbers>

	<extra>BETWEEN<lb/></extra>
	<petitioner>SMT.DEEPA.T<lb/></petitioner>

	<extra>W/O SRI.OUMKAR UMESH<lb/>
	AGED ABOUT 36 YEARS<lb/> 
	R/AT NO.511,<lb/> 
	POONAM MANDARA APARTMENT<lb/>
	KENGERI SATELLITE TOWN<lb/>
	NEAR PUNAM MAHAL<lb/>
	BANGALORE-560060.<lb/>
	...PETITIONER<lb/> (BY</extra>
	
	<petitioner_lawyers>SMT.SOUMYA.R.</petitioner_lawyers>
	
	<extra>, ADVOCATE)<lb/> AND<lb/></extra>

	<respondent>SRI.OUMKAR UMESH<lb/></respondent> 
	<extra>S/O UMESH CHANDRA<lb/>
	AGED ABOUT 41 YEARS<lb/>
	R/AT H.NO.373/1A, PLOT NO.32<lb/>
	NEAR ITI COLLEGE, SAINAGAR<lb/>
	DANDELI TQ, DANDELI<lb/>
	UTTARA KANNADA DISTRICT-581325.<lb/>
	….RESPONDENT<lb/> (BY</extra>
	
	<respondent_lawyers>SRI SRI.R.B.SADASIVAPPA</respondent_lawyers>
	
	<extra>, ADVOCATE)<lb/> 
	THIS PETITION IS FILED UNDER SECTION 24 OF CPC, PRAYING<lb/>
	TO PASS NECESSARY ORDERS TO TRANSFER MC NO.22/2019 BEFORE<lb/>
	THE HON&apos;BLE SR.CIVIL JUDGE AND JMFC AT HALIYALA TO<lb/>
	BANGALORE WHERE CR.MIS.NO.603/2019 FOR MAINTENANCE AND<lb/> 
	MC NO.4678/2019 FOR RESTITUTION OF CONJUGAL RIGHTS ARE<lb/>
	FILED BEFORE THE PRL. JUDGE FAMILY COURT AT BANGALORE AND</extra>

		</front>
	</text>
</tei>