<?xml version="1.0" ?>
<tei xml:space="preserve">
	<teiHeader>
		<fileDesc xml:id="10525285"/>
	</teiHeader>
	<text xml:lang="en">
		<front>
<page>1<lb/></page>
	<extra>IN THE</extra>

	<court>HIGH COURT OF KARNATAKA AT BENGALURU<lb/></court>
	<extra>DATED THIS THE</extra> 
	<judgement_date>12 TH DAY OF AUGUST, 2022<lb/></judgement_date>

	<extra> BEFORE<lb/> THE</extra>

	<judges>HON&apos;BLE MR. JUSTICE K. NATARAJAN<lb/></judges>

	<case_numbers>CRIMINAL PETITION No.4743/2022<lb/></case_numbers>

	<extra>BETWEEN:<lb/></extra>

	<petitioner>Abdul Hakim<lb/></petitioner>
	<extra>Aged about 52 years<lb/>
	S/o. late Puththubava<lb/>
	R/at -Madani Nagara<lb/> 
	Kuthar, Munnuru<lb/>
	Mangaluru<lb/>
	D.K. District -575 017.<lb/>
	…Petitioner<lb/> (By</extra>

	<petitioner_lawyers>Sri Rakesh Kini</petitioner_lawyers>
	<extra>, Advocate)<lb/> AND:<lb/></extra>

	<respondent>State of Karnataka<lb/></respondent>
	<extra>By</extra>
	<respondent>Konaje Police Station<lb/></respondent>
	<extra>D.K District, Mangaluru<lb/>
	Represented by the<lb/> 
	State Public Prosecutor<lb/> High Court Building<lb/> Bangalore -560 001.<lb/>
	…Respondent<lb/> (By</extra>

	<respondent_lawyers>Sri R D Renukaradhya</respondent_lawyers>
	<extra>, HCGP)<lb/></extra>
	<extra>This Criminal Petition is filed under Section 439 of<lb/> Cr.P.C. praying to enlarge the petitioner on bail in<lb/>
	Cr.No.18/2022 on Konaje P.S., Mangaluru City for the<lb/> 
	offence Punishable Under Sections 8(c),2(b)(ii)(B) and</extra>

		</front>
	</text>
</tei>
