<?xml version="1.0" ?>
<tei xml:space="preserve">
	<teiHeader>
		<fileDesc xml:id="10525273"/>
	</teiHeader>
	<text xml:lang="en">
		<front>
<lb/>
	<extra>IN THE</extra>

	<court>HIGH COURT OF KARNATAKA AT BENGALURU<lb/></court>
	<extra>DATED THIS THE</extra>
	<judgement_date>12 TH DAY OF AUGUST, 2022<lb/></judgement_date>
	<extra>BEFORE<lb/> THE</extra>

	<judges>HON&apos;BLE MR. JUSTICE HANCHATE SANJEEVKUMAR<lb/></judges>

	<case_numbers>M.F.A.NO.3890/2018(MV-D)<lb/></case_numbers>

	<extra> BETWEEN:<lb/> 1.<lb/></extra>

	<petitioner>SMT. LIDYA FERNANDES</petitioner>
	<extra>,<lb/>
	W/O.LATE RAYMOND FERNANDES,<lb/>
	AGED ABOUT 53 YEARS,<lb/> 2.<lb/></extra>
	
	<petitioner>MRS. MARY</petitioner>
	<extra>,<lb/> W/O LATE. JOSEPH FERNANDES,<lb/>
	AGED ABOUT 88 YEARS,<lb/>
	BOTH ARE RESIDING AT 2-2-6,<lb/> 
	LORETTO, NEAR LORETTO CHURCH,<lb/>
	LORETTO POST, AMTADY,<lb/> 
	BANTWAL TALUK, D.K.-574219.<lb/>
	… APPELLANTS<lb/> (BY</extra>
	
	<petitioner_lawyers>SRI.G. RAVISHANKAR SHASTRY</petitioner_lawyers>
	<extra>, ADVOCATE)<lb/> 
	AND:<lb/> 1.</extra>
	
	<respondent>MR. NAVEEN POOJARY</respondent>
	<extra>,<lb/>
	S/O MONAPPA POOJARY,<lb/> ADULT,<lb/> R/AT 3-103, MOGER GUDDE HOUSE,<lb/> SIDDAKATTE POST, SANGABETTU VILLAGE,<lb/> BANTWAL TALUK, DK DISTRICT,<lb/> PIN-574219.<lb/> 2.</extra>

	<respondent>ROYAL SUNDARAM ALLIANCE<lb/> INSURANCE CO. LTD.</respondent>
	<extra>,<lb/> VISHRANTHI MELARAM TOWERS,<lb/>
	NO/2-319, RAJIV GANDHI SALAI,<lb/> 
	KARAPAKKAM, TAMILNADU,<lb/> 
	REPRESENTED BY ITS MANAGER,<lb/>
	PIN-600097.<lb/>
	... RESPONDENTS<lb/> (BY</extra>
	<respondent_lawyers>SRI RAVI S.</respondent_lawyers>

	<extra>,</extra>
	<respondent_lawyers>SAMPRATHI</respondent_lawyers>
	<extra>, ADVOCATE FOR R2,<lb/> 
	R1-SERVED &amp; UNREPRESENTED)<lb/></extra>
	
	<extra>THIS M.F.A IS FILED UNDER SECTION 173(1) OF MV<lb/> 
	ACT AGAINST THE JUDGMENT AND AWARD<lb/>
	DATED:02/04/2018, PASSED IN MVC NO.797/2017, ON<lb/> 
	THE FILE OF THE I ADDL.SENIOR CIVIL JUDGE &amp; MACT,<lb/> MANGALURU, D.K., PARTLY ALLOWING THE CLAIM<lb/> PETITION FOR COMPENSATION AND SEEKING<lb/> 
	ENHANCEMENT OF COMPENSATION AND ETC.,<lb/>
	THIS M.F.A. COMING ON FOR ADMISSION THIS DAY,<lb/> 
	THE COURT DELIVERED THE FOLLOWING:<lb/></extra>

	<document_type>J U D G M E N T<lb/></document_type>

		</front>
	</text>
</tei>
