<?xml version="1.0" ?>
<tei xml:space="preserve">
	<teiHeader>
		<fileDesc xml:id="10525287"/>
	</teiHeader>
	<text xml:lang="en">
		<front>
<page>1<lb/></page>

	<extra>IN THE</extra>

	<court>HIGH COURT OF KARNATAKA AT BENGALURU<lb/></court>
	<extra>DATED THIS THE </extra>
	 <judgement_date>12 TH DAY OF AUGUST, 2022<lb/></judgement_date>

	<extra>BEFORE<lb/> THE</extra>

	<judges>HON&apos;BLE MR. JUSTICE RAJENDRA BADAMIKAR<lb/></judges>

	<case_numbers>CRIMINAL APPEAL No.132/2012 (A)<lb/></case_numbers>

	<extra>BETWEEN:<lb/></extra>

	<petitioner>SRI. G. RAMAKRISHNAN<lb/></petitioner>

	<extra>S/O LATE GOVINDASWAMY<lb/>
	AGED ABOUT 71 YEARS<lb/>
	RESIDING AT NO. K 17/C, 15 TH CROSS<lb/> 
	LAKSHMINARAYANA PURAM<lb/>
	BANGALORE-560 020<lb/>
	….APPELLANT<lb/> (BY</extra>
	
	<petitioner_lawyers>SRI.K. GOVINDARAJ</petitioner_lawyers>
	
	<extra>, ADVOCATE FOR<lb/></extra>

	<petitioner_lawyers>M/s. P.NEHRU</petitioner_lawyers>
	
	<extra>AND ASSOCIATES</extra>
	<extra>, ADVOCATE)<lb/> AND:<lb/></extra>

	<respondent>SRI. R. EKAMBARAM<lb/></respondent>

	<extra>S/O LATE RAMASWAMY<lb/> 
	AGED ABOUT 40 YEARS<lb/>
	R/AT NO.8, 5 TH CROSS, 7 TH MAIN<lb/> 
	LAKSHMINARAYANA PURAM<lb/>
	BANGALORE-560 021<lb/>
	…. RESPONDENT<lb/> (BY</extra>

	<respondent_lawyers>SRI.N. KRISHNAPPAN</respondent_lawyers>
	<extra>, ADVOCATE (ABSENT))<lb/></extra>

	<extra>THIS APPEAL IS FILED UNDER SECTION 378(4) OF<lb/>
	CR.P.C. PRAYING TO SET ASIDE THE ORDER DATED<lb/> 
	26.11.2011 PASSED BY THE XVIII ACMM AND XX ASCJ,<lb/> 
	BENGALURU IN C.C. NO.13147/2006 ACQUITTING THE<lb/>
	RESPONDENT/ACCUSED FOR THE OFFENCE PUNISHABLE UNDER<lb/> 
	SECTION 138 OF THE N.I. ACT.<lb/>
	THIS APPEAL HAVING BEEN HEARD AND RESERVED FOR<lb/>
	JUDGMENT ON 29.07.2022, COMING ON FOR &apos;PRONOUNCEMENT<lb/>
	OF JUDGMENT&apos; THIS DAY, THE COURT DELIVERED THE<lb/> FOLLOWING:<lb/></extra>

		</front>
	</text>
</tei>
