<?xml version="1.0" ?>
<tei xml:space="preserve">
	<teiHeader>
		<fileDesc xml:id="10525292"/>
	</teiHeader>
	<text xml:lang="en">
		<front>
<lb/>
	<extra>IN THE</extra>

	<court>HIGH COURT OF KARNATAKA AT BENGALURU<lb/></court>
	<extra>DATED THIS THE </extra>
	<judgement_date>12 TH DAY OF AUGUST, 2022<lb/></judgement_date>
	<extra>BEFORE<lb/> THE</extra>

	<judges>HON&apos;BLE MR. JUSTICE E.S.INDIRESH<lb/></judges>

	<case_numbers>CIVIL PETITION NO.291/2021<lb/></case_numbers>
	<extra> BETWEEN<lb/></extra>
	<petitioner>SMT. ARCHANA V<lb/></petitioner>
	<extra>D/O VENKATESH<lb/> 
	AGED ABOUT 25 YEARS<lb/> 
	R/AT VENKATESHWARA NILAYA<lb/> 
	KUMBARA BEEDI, 3 RD FLOOR<lb/>
	HOLALKERE ROAD, CHITRADURGA<lb/> 
	CHITRADURGA DISTRICT-577501.<lb/> ...PETITIONER<lb/> (BY</extra>

	<petitioner_lawyers>SRI RAJASHEKAR S</petitioner_lawyers>
	<extra>, ADVOCATE)<lb/> AND<lb/></extra>
	
	<respondent>SRI AKSHAYKIRAN M.P.<lb/></respondent>

	<extra>S/O LATE PURUSHOTHAM<lb/> 
	AGED ABOUT 27 YEARS<lb/>
	R/AT HOUSE NO.1424, 1ST FLOOR<lb/>
	6 TH CROSS, JAINS COLONY<lb/> 
	ASHOKANAGAR, MANDYA<lb/>
	MANDYA DISTRICT-571 401.<lb/>
	….RESPONDENT<lb/> (BY</extra> 
	<respondent_lawyers>SRI L RAJA</respondent_lawyers>
	<extra>, ADVOCATE)<lb/>
	THIS PETITION IS FILED UNDER SECTION 24 OF CPC, PRAYING<lb/> 
	TO TRANSFER THE CASE IN M.C.NO.134/2021ON THE FILE OF THE<lb/>
	PRINCIPAL SR. CIVIL JUDGE AND C.J.M. AT MANDYA TO THE COURT<lb/>
	OF PRINCIPAL SENIOR CIVIL JUDGE AND C.J.M AT CHITRADURGA<lb/>
	AND GRANT SUCH OTHER AND FURTHER RELIEF&apos;S AS THIS COURT<lb/>
	DEEMS FIT AND PROPER UNDER THE CIRCUMSTANCES OF THIS CASE,<lb/>
	IN THE INTEREST OF JUSTICE AND EQUITY.<lb/> 
	2<lb/>
	THIS PETITION COMING ON FOR ADMISSION THIS DAY, THE<lb/>
	COURT MADE THE FOLLOWING:<lb/></extra>

	<document_type>ORDER</document_type>

		</front>
	</text>
</tei>