<?xml version="1.0" ?>
<tei xml:space="preserve">
	<teiHeader>
		<fileDesc xml:id="10525295"/>
	</teiHeader>
	<text xml:lang="en">
		<front>
<lb/>
	<extra>IN THE</extra>

	<court>HIGH COURT OF KARNATAKA AT BENGALURU<lb/></court>
	<extra>DATED THIS THE</extra>
	<judgement_date>12 TH DAY OF AUGUST, 2022</judgement_date>

	<extra>BEFORE<lb/> THE</extra>

	<judges>HON&apos;BLE MR. JUSTICE E.S.INDIRESH<lb/></judges>

	<case_numbers>CIVIL PETITION NO.141/2021<lb/></case_numbers>
	<extra>C/W<lb/></extra>
	<case_numbers>CIVIL PETITION NO.45/2021<lb/></case_numbers>

	<extra>IN CIVIL PETITION NO.141/2021:<lb/>
	BETWEEN<lb/></extra>
	<petitioner>SRI.PRAVEEN.B.C.</petitioner>
	<extra>, @ UMASHANKAR<lb/>
	S/O C.P.BALACHANDRE GOWDA<lb/> 
	AGED ABOUT 30 YEARS<lb/>
	R/AT MATHRUSHREE NILAYA<lb/>
	BEHIND GANGA MARBLES<lb/>
	JYOTHINAGARA-577102<lb/> 
	CHIKKAMAGALURU TALUK.<lb/>
	...PETITIONER<lb/> (BY</extra>

	<petitioner_lawyers>SRI.BALAGANGADHAR.G.S.</petitioner_lawyers>
	<extra>, ADVOCATE)</extra>

<extra>AND<lb/></extra> 
<respondent>SMT.SHEELA.T.M.</respondent>
<extra>@ VANITHA.T.M.<lb/>
W/O PRAVEEN B.C., @ UMASHANKAR<lb/>
AGED ABOUT 27 YEARS<lb/>
R/AT NO.15/7-1<lb/> 
2ND MAIN, NANDINI LAYOUT<lb/> 
NEAR MANJUNATHA CO-OP BANK<lb/> 
BENGALURU-560096.<lb/>
	….RESPONDENT<lb/> (BY</extra>
	<respondent_lawyers>SMT.KALPANA.P.V.</respondent_lawyers>
	<extra>, ADVOCATE)<lb/></extra>
	<notes>THIS PETITION IS FILED UNDER SECTION 24 OF CPC, PRAYING<lb/>
	TO WITHDRAW M.C.NO.4767/2020PENDING ON THE FILE OF THE<lb/>
	LEARNED VI ADDITIONAL PRL. JUDGE, FAMILY COURT, BENGALURU<lb/>
	2<lb/> 
	AND TO TRANSFER THE SAME TO THE LEARNED PRL. FAMILY COURT,<lb/> CHIKKAMAGALURU, WHEREIN THE EARLIER PETITION FILED BY<lb/> PETITIONER IN M.C.NO.75/2020 IS PENDING, WITH A DIRECTION TO<lb/> PROCEED WITH BOTH THE MATTERS IN ACCORDANCE WITH LAW, IN<lb/>
	THE ENDS OF JUSTICE.<lb/></notes>

	<extra>IN CIVIL PETITION NO.45/2021:<lb/> BETWEEN<lb/></extra>

	<petitioner>SMT.VANITHA.T.M.</petitioner>
	<extra>, @ SHEELA<lb/>
	W/O PRAVEEN C.B.,<lb/>
	D/O MALLEGOWDA<lb/> 
	AGED ABOUT 27 YEARS<lb/> 
	PRESENTLY R/AT 15/7-1<lb/> 
	2ND MAIN, NANDINI LAYOUT<lb/>
	NEAR MANJUNATHA CO-OPERATIVE BANK<lb/> 
	BANGALORE-560096.<lb/></extra>
	<extra>...PETITIONER<lb/> (BY</extra>

	<petitioner_lawyers>SMT.KALPANA.P.V.</petitioner_lawyers>
	<extra>, ADVOCATE)<lb/>
	AND<lb/></extra>

	<respondent>MR.PRAVEEN.C.B.</respondent>

	<extra>,<lb/>
	S/O C.P.BALACHANDREGOWDA<lb/>
	AGED ABOUT 30 YEARS<lb/> 
	R/AT MATHRUSHREE NILAYA<lb/> 
	BEHIND GANGA MARBLES<lb/>
	JYOTHINAGAR<lb/>
	CHIKKAMAGALURU TALUK &amp; DISTRICT-577102.<lb/></extra>

	<extra>….RESPONDENT<lb/> (BY</extra>
	<respondent_lawyers>SRI.BALAGANGADHAR.G.S.</respondent_lawyers>
	<extra>, ADVOCATE)<lb/> </extra>
<notes>THIS PETITION IS FILED UNDER SECTION 24 OF CPC, PRAYING<lb/>
	TO TRANSFER THE CASE IN M.C.NO.75/2020 PENDING BEFORE THE<lb/> 
	PRINCIPAL JUDGE, FAMILY COURT, CHIKKAMAGALURU TO PRINCIPAL<lb/> 
	FAMILY COURT, BENGALURU; AND ETC.,<lb/>
	THESE PETITIONS COMING ON FOR ADMISSION THIS DAY, THE<lb/>
	COURT MADE THE FOLLOWING:<lb/></notes>

		</front>
	</text>
</tei>
