<?xml version="1.0" ?>
<tei xml:space="preserve">
	<teiHeader>
		<fileDesc xml:id="10525284"/>
	</teiHeader>
	<text xml:lang="en">
		<front>
<lb/>
	<extra>IN THE</extra>

	<court>HIGH COURT OF KARNATAKA AT BENGALURU<lb/> DATED THIS THE 12 TH DAY OF AUGUST, 2022 BEFORE<lb/></court>

	<extra>THE</extra>

	<judges>HON&apos;BLE MR JUSTICE M.NAGAPRASANNA<lb/></judges>

	<case_numbers>CRIMINAL PETITION NO. 5334 OF 2022<lb/></case_numbers>

	<extra>BETWEEN:<lb/> 1.</extra>

	<respondent>SRI. RUDRASWAMY,<lb/></respondent>
	<extra>S/O HALAPPA<lb/> AGED ABOUT 58 YEARS,<lb/> R/O JAVALLI, PILLANGIRI POST,<lb/> SHIVAMOGGA DISTRICT -577 201.<lb/> 2.</extra>

	<respondent>SMT. PRAMILA,<lb/></respondent>
	<extra>W/O RENUKARADHYA,<lb/> AGED ABOUT 33 YEARS,<lb/> R/O JAVALLI VILLAGE,<lb/> SHIVAMOGGA TQ. …PETITIONERS<lb/> (BY SRI.P.P.HEGDE, SENIOR COUNSEL FOR<lb/> SRI.H MALATESH., ADVOCATE)<lb/> AND:<lb/> 1.</extra>

	<respondent>MANJUNATH,<lb/></respondent>
	<extra>S/O RANGESHAPPA,<lb/> AGED ABOUT 37 YEARS,<lb/> OCCUPATION: AGRICULTURIST,<lb/> R/O JAVALI VILLAGE,<lb/> SHIVAMOGGA TQ. -577 201.<lb/> 2.</extra>

	<respondent>SHIVU,<lb/></respondent>
	<extra>S/O IRAIAH,<lb/> AGED ABOUT 37 YEARS,<lb/> OCCUPATION: AGRICULTURIST,<lb/> R/O JAVALI VILLAGE,<lb/> SHIVAMOGGA TQ. -577 201.<lb/> 3.</extra>

	<respondent>THE STATE -THROUGH THE<lb/> SUB INSPECTOR OF</respondent>
	<notes>POLICE,<lb/> SHIVAMOGGA RURAL POLICE STATION.<lb/> REPRESENTED BY THE<lb/> STATE PUBLIC PROSECUTOR,<lb/> HIGH COURT OF KARNATAKA,<lb/> BENGALURU -560 001. …RESPONDENTS<lb/> (BY SMT.RACHITHA RAJASHEKAR, ADVOCATE FOR R1 AND R2;<lb/> SMT.K.P.YASHODHA, HCGP FOR R3)<lb/> THIS CRL.P. IS FILED U/S.482 OF CR.P.C PRAYING TO<lb/> QUASH THE ENTIRE PROCEEDING INCLUDING THE ORDER OF<lb/> SENTENCE IN S.C.NO.300/2006, PENDING ON THE FILE OF<lb/> THE ADDITIONAL SESSIONS JUDGE AT SHIVAMOGGA AND<lb/> KINDLY DIRECT RESPONDENT NO.1 AND 2 SET OUT LIBERTY.<lb/> THIS CRL.P. COMING ON FOR ADMISSION, THIS DAY,<lb/> THE COURT MADE THE FOLLOWING:</notes>

	<document_type>ORDER</document_type>

		</front>
	</text>
</tei>
