<?xml version="1.0" ?>
<tei xml:space="preserve">
	<teiHeader>
		<fileDesc xml:id="10525299"/>
	</teiHeader>
	<text xml:lang="en">
		<front>
<lb/>
	<extra>IN THE</extra>

	<court>HIGH COURT OF KARNATAKA AT<lb/> BENGALURU<lb/></court>
	<extra>DATED THIS THE</extra> 
	<judgement_date>12 TH DAY OF AUGUST 2022<lb/></judgement_date>
	<extra>BEFORE<lb/></extra>

	<extra>THE</extra>

	<judges>HON&apos;BLE MR. JUSTICE B. M. SHYAM PRASAD<lb/></judges>

	<case_numbers>CIVIL MISCELLANEOUS PETITION NO.365/2021<lb/></case_numbers> 
	<extra>BETWEEN :<lb/></extra>

	<petitioner>MRS PREM LATA MENON<lb/></petitioner> 
	<extra>WIFE OF MR SATISH MENON<lb/> 
	PARTNER COUNSEPRO<lb/>
	NO.31 C AND D POLARIS<lb/>
	ACQUILA HEIGHTS,<lb/> 
	HMT MAIN ROAD,<lb/>
	JALAHALLI<lb/>
	BANGALORE -560 013<lb/>
	REPRESENTED BY HER CONSTITUTED<lb/> 
	ATTORNEY MR SATISH MENON<lb/>
	AGED ABOUT 63 YEARS.<lb/>
	... PETITIONER<lb/> (By</extra>

	<petitioner_lawyers>MRS. YOVINI RAJESH ROHRA.</petitioner_lawyers>
	<extra>, ADVOCATE)<lb/> AND :<lb/></extra>

	<respondent>MR. BIJU VARGHESE<lb/></respondent>
	<extra>SON OF MR GEORGE M V<lb/>
	PARTNER COUNSEPRO<lb/>
	NO.27, FERNS MEADOWS<lb/>
	AVALAHALLI MAIN ROAD<lb/>
	BILISHIVALE<lb/>
	BANGALORE-560 077.<lb/>
	... RESPONDENT<lb/> (By</extra>

	<respondent_lawyers>MRS.B.V. NIDHISHREE</respondent_lawyers>
	<extra>, ADVOCATE)<lb/> 2<lb/></extra>

	<extra>THIS CIVIL MISCELLANEOUS PETITION IS FILED<lb/>
	UNDER SEC.11(5) AND (6) OF THE ARBITRATION AND<lb/> 
	CONCILIATION ACT 1996, PRAYING TO APPOINT A SOLE<lb/> 
	ARBITRATOR IN TERMS OF PARA 21 OF PARTNERSHIP<lb/> 
	DEED DATED 21 ST AUGUST 2015 (ANNEXURE-B) AS<lb/>
	APPOINTED BY ARBITRATION AND CONCILIATION <lb/>
	CENTRE-BANGALORE (DOMESTIC AND INTERNATIONAL)<lb/>
	3 RD FLOOR, EAST WING, KHANIJA BHAVAN, RACE<lb/>
	COURSE ROAD, BENGALURU -560 001 AND GOVERNED<lb/>
	BY THE ARBITRATION AND CONCILIATION CENTRE<lb/>
	RULES, 2012, OR APPOINT ANY OTHER SOLE ARBITRATOR<lb/> 
	AS THIS COURT MAY DEEM FIT, CONSEQUENTLY REFER<lb/>
	THE DISPUTES RAISED BY THE PETITIONER TO SOLE<lb/>
	ARBITRATOR.<lb/> 
	THIS PETITION COMING ON FOR ADMISSION,THIS<lb/>
	DAY, THE COURT MADE THE FOLLOWING:<lb/></extra>

	<document_type>O R D E R<lb/></document_type>

		</front>
	</text>
</tei>