<?xml version="1.0" ?>
<tei xml:space="preserve">
	<teiHeader>
		<fileDesc xml:id="10525283"/>
	</teiHeader>
	<text xml:lang="en">
		<front>
<lb/>
	<extra>IN THE</extra>

	<court>HIGH COURT OF KARNATAKA AT BENGALURU<lb/></court>
	<extra>DATED THIS THE</extra>
	<judgement_date>12 TH DAY OF AUGUST, 2022<lb/></judgement_date>

	<extra>BEFORE<lb/> THE</extra>

	<judges>HON&apos;BLE MR. JUSTICE K. NATARAJAN<lb/></judges>

	<case_numbers>CRIMINAL PETITION No.5914/2022<lb/></case_numbers>

	<extra>BETWEEN:<lb/> 1.</extra>
	<petitioner>Sri Vinod @ Vinod Kumar. R<lb/></petitioner>
	
	<extra>S/o Ravi<lb/> Aged about 36 years<lb/> Resident of Peshn Line<lb/> Near Police Station<lb/> Pandavapura Town<lb/> Mandya District -570 435.<lb/> 2.</extra>

	<petitioner>Sri Prathap Gowda<lb/></petitioner>
	<extra>S/o Vykunta<lb/> Aged about 28 years<lb/> Resident of Kudale Village<lb/> Korna Hobli, Maddur Taluk<lb/> Mandya District -570 435.<lb/> Presently resident of<lb/></extra>

	<petitioner>Ravi<lb/></petitioner>
	<extra>III Cross, III Main<lb/>
	Vigneshwaranagar<lb/> Sunkadakatte<lb/> Bengaluru -560 071.<lb/> ….Petitioners<lb/> (By</extra>
	<petitioner_lawyers>Sri A.N Radha Krishna</petitioner_lawyers>

	<extra>, Advocate)<lb/></extra>

		</front>
	</text>
</tei>
