<?xml version="1.0" ?>
<tei xml:space="preserve">
	<teiHeader>
		<fileDesc xml:id="10525281"/>
	</teiHeader>
	<text xml:lang="en">
		<front>
<lb/>
	<extra>IN THE</extra>

	<court>HIGH COURT OF KARNATAKA AT BENGALURU<lb/></court>
	<extra>DATED THIS THE </extra>
	<judgement_date>12 TH DAY OF AUGUST, 2022<lb/></judgement_date>
	<extra>BEFORE<lb/>
	THE</extra>

	<judges>HON&apos;BLE MR. JUSTICE K. NATARAJAN<lb/></judges>

	<case_numbers>CRIMINAL PETITION NO.6228 OF 2022<lb/></case_numbers>

	<extra>BETWEEN:<lb/> 1.</extra>
	
	<petitioner>NAYAZULLA<lb/></petitioner>
	
	<extra>S/O LATE SHAIK SANNAULLA<lb/>
	AGED ABOUT 20 YEARS<lb/>
	R/AT NO. 197 (A), 27TH &quot;C&quot;<lb/>
	CROSS, SWAGATH MAIN ROAD<lb/>
	BTB AREA, THILAK NAGAR<lb/> 
	BENGALURU -560 041.<lb/> 2.</extra>
	
	<petitioner>MUBARAK<lb/></petitioner>
	
	<extra>S/O MAHABOOB<lb/>
	AGED ABOUT 25 YEARS<lb/>
	R/AT NO. 197(A), 27TH &quot;C&quot; CROSS<lb/> 
	SWAGATH MAIN ROAD<lb/>
	BTB AREA, THILAK NAGAR<lb/>
	BENGALURU -560 041.<lb/>
	…PETITIONERS<lb/> (BY</extra>
	<petitioner_lawyers>SRI. SHAIK BABU S.</petitioner_lawyers>
	<extra>, ADVOCATE)<lb/> 
	AND:<lb/></extra>

	<respondent>STATE OF KARNATAKA<lb/>
	ADUGODI POLICE STATION<lb/></respondent>
	
	<extra>REPTD. BY ITS GOVT PLEADER<lb/> 
	HIGH COURT BUILDING<lb/>
	BANGALORE<lb/>
	…RESPONDENT<lb/> (BY</extra>
	<respondent_lawyers>SRI. R.D. RENUKARADHYA</respondent_lawyers>
	<extra>, HCGP)<lb/> 
	* * *<lb/>
	THIS CRIMINAL PETITION IS FILED UNDER SECTION 439 OF<lb/> THE CR.P.C. PRAYING TO ENLARGE THE PETITIONER ON BAIL IN<lb/>
	CR.NO.109/2022 OF ADUGODI P.S., BENGALURU CITY FOR THE<lb/>
	OFFENCE P/U/S 399,402 OF IPC ON THE FILE OF THE VI A.C.M.M.,<lb/> AT BENGALURU.<lb/> THIS CRIMINAL PETITION IS COMING ON FOR ORDERS,<lb/> THIS DAY, THE COURT MADE THE FOLLOWING:<lb/></extra>

	<document_type>O R D E R<lb/></document_type>

		</front>
	</text>
</tei>
