<?xml version="1.0" ?>
<tei xml:space="preserve">
	<teiHeader>
		<fileDesc xml:id="10525272"/>
	</teiHeader>
	<text xml:lang="en">
		<front>
<lb/>
	<extra>IN THE</extra>

	<court>HIGH COURT OF KARNATAKA AT BENGALURU<lb/></court>
	<extra>DATED THIS THE</extra>
	<judgement_date>12 TH DAY OF AUGUST, 2022<lb/></judgement_date>

	<extra>BEFORE<lb/> THE</extra>

	<judges>HON&apos;BLE MS. JUSTICE JYOTI MULIMANI<lb/></judges>

	<case_numbers>MISCELLANEOUS FIRST APPEAL No.7041 OF 2017(CPC)<lb/></case_numbers>

	<extra>BETWEEN :<lb/> 1.<lb/></extra>

	<petitioner>SRI.K.M.GOVINDAN<lb/></petitioner>

	<extra>S/O LATE K M NARAYANA KURUP,<lb/> AGED ABOUT 63 YEARS,<lb/> NO.348-3, REAR PORTION OF PROPERTY,<lb/> FIRST FLOOR, 2 ND CROSS, 1 ST BLOCK<lb/> JAYANAGAR, BANGALORE -560 011.<lb/>

	PRESENTLY R/AT 404/405,<lb/>
	SUN FLOWER BUILDING,<lb/>
	NEELKANTH GARDEN, S.P.JAIN MANDIR,<lb/>
	GOVANDI EAST, MUMBAI -400 088.<lb/>
	(REPRESENTED BY P A HOLDER,<lb/> SRI JAYADEV/APPELLANT NO.3).<lb/> 2.</extra>

	<petitioner>SRI.K.M.CHANDRASHEKAR<lb/></petitioner>
	<extra>S/O LATE NARYANAN KURYP,<lb/> AGED ABOUT 60 YEARS,<lb/> 
	NO.348-3, FRONT PORTION OF PROPERTY<lb/> 
	GROUND FLOOR, 2 ND CROSS, 1 ST BLOCK<lb/> JAYANAGAR, BANGALORE -560 011.<lb/> 
	PRESENTLY R/AT H-107,<lb/>
	YAMUNA APARTMENT, ALAKANANDA<lb/> NEW DELHI -110 019.<lb/> (APPELLANT 1 AND 2 ARE REPRESENTED BY<lb/>
	THEIR P.A. HOLDER,<lb/>
	SRI JAYADEV/APPELLANT NO.3).<lb/> 3.</extra>
	
	<petitioner>SRI. JAYADEV<lb/></petitioner>
	<extra>S/O GOPALAKRISHNAN,</extra>
	<page>2<lb/></page>
	<extra>AGED ABOUT 30 YEARS,<lb/> 
	NO.348-3, REAR PROTION OF PROPERTY<lb/>
	FIRST FLOOR, 2 ND CROSS, 1 ST BLOCK,<lb/>
	JAYANAGAR, BANGALORE -560 011.<lb/>
	... APPELLANTS<lb/> [BY</extra>
	
	<petitioner_lawyers>SRI.JAGADISH D.HIREMATH</petitioner_lawyers>
	<extra>AND<lb/></extra>
	<petitioner_lawyers>SRI.P.V.VASUDEVAN</petitioner_lawyers>
	<extra>, ADVOCATES (ABSENT)]<lb/> AND:<lb/></extra>

	<respondent>SRI. V.SURESH KUMAR<lb/></respondent>

	<extra>S/O LATE S.VENKATRAM,<lb/> AGED ABOUT 60 YEARS,<lb/> NO.348-3/2, FRONT PORTION OF PROPERTY,<lb/> FIRST FLOOR, 2 ND CROSS,<lb/> 1 ST BLOCK, JAYANAGAR,<lb/> BANGALORE -560 001.<lb/> ...RESPONDENT<lb/> (BY</extra>
	
	<respondent_lawyers>SRI.SAINATH</respondent_lawyers>
	<extra>AND<lb/></extra>
	<respondent_lawyers>SRI.K.RAGHU</respondent_lawyers>
	<extra>, ADVOCATES)<lb/></extra>

	<extra>THIS MISCELLANEOUS FIRST APPEAL IS FILED UNDER<lb/> ORDER 43 RULE 1 (r) OF CODE OF CIVIL PROCEDURE.<lb/> THIS MISCELLANEOUS FIRST APPEAL COMING ON FOR<lb/> ORDERS,THIS DAY, THE COURT MADE THE FOLLOWING:</extra>

	<document_type>ORDER</document_type>

		</front>
	</text>
</tei>
