<?xml version="1.0" ?>
<tei xml:space="preserve">
	<teiHeader>
		<fileDesc xml:id="10525294"/>
	</teiHeader>
	<text xml:lang="en">
		<front>
<lb/>
	<extra>IN THE</extra>

	<court>HIGH COURT OF KARNATAKA AT BENGALURU<lb/></court>
	<extra>DATED THIS THE</extra> 
	<judgement_date>12 TH DAY OF AUGUST, 2022<lb/></judgement_date>

	<extra>BEFORE<lb/> THE</extra>

	<judges>HON&apos;BLE MR. JUSTICE E.S.INDIRESH<lb/></judges>

	<case_numbers>CIVIL PETITION NO.217/2022</case_numbers>

	<extra>BETWEEN<lb/></extra>

	<petitioner>SMT. N.S.KAVYA<lb/></petitioner>
	<extra>D/O N.S. SUBRAMANYAM<lb/>
	AGED ABOUT 31 YEARS<lb/>
	R/AT NO.75, C.P.ROAD<lb/>
	MALUR, KOLAR DISTRICT-563130.<lb/>
	...PETITIONER<lb/> (BY</extra>

	<petitioner_lawyers>SRI MUNIYAPPA</petitioner_lawyers>
	<extra>, ADVOCATE)<lb/>
	AND<lb/></extra>

	<respondent>SRI T.G.ARUN<lb/></respondent>
	<extra>S/O T GOVINDARAJU<lb/>
	AGED ABOUT 32 YEARS<lb/> 
	R/AT NO.102, &quot;SHARANAM&quot;<lb/> 
	12 TH MAIN, BINNY LAYOUT<lb/>
	2 ND STAGE, VIJAYANAGAR<lb/> 
	BENGALURU-560 040.<lb/>
	….RESPONDENT<lb/>
	(BY</extra>
	<respondent_lawyers>SRI SIJI MALAYIL</respondent_lawyers>
	<extra>,ADVOCATE)<lb/></extra>
	<notes>THIS PETITION IS FILED UNDER SECTION 24 OF CPC, PRAYING<lb/> 
	TO TRANSFER THE MC NO.1651/2020 PENDING ON THE FILE OF THE<lb/> 
	III ADDL. PRINCIPAL JUDGE, FAMILY COURT, BENGALURU FILED BY<lb/>
	THE RESPONDENT HEREIN TO THE FAMILY COURT AT MALUR, IN THE<lb/>
	INTEREST OF JUSTICE AND EQUITY.<lb/>
	THIS PETITION COMING ON FOR ADMISSION THIS DAY, THE<lb/>
	COURT MADE THE FOLLOWING:</notes>

		</front>
	</text>
</tei>
