<?xml version="1.0" ?>
<tei xml:space="preserve">
	<teiHeader>
		<fileDesc xml:id="10525282"/>
	</teiHeader>
	<text xml:lang="en">
		<front>
<lb/>
	<extra>IN THE</extra>

	<court>HIGH COURT OF KARNATAKA AT BENGALURU<lb/></court>

	<extra>DATED THIS THE</extra>
	<judgement_date>12TH DAY OF AUGUST, 2022<lb/></judgement_date>
	<extra>BEFORE<lb/>
	THE</extra>

	<judges>HON&apos;BLE MR. JUSTICE K. NATARAJAN<lb/></judges>

	<case_numbers>CRIMINAL PETITION NO.5988 OF 2022<lb/></case_numbers>

	<extra>BETWEEN:<lb/></extra>

	<petitioner>MOHAMMED PARVEZ<lb/></petitioner>
	<extra>S/O ABDUL RAZAK<lb/> AGED ABOUT 40 YEARS<lb/> R/AT SUHANA COTTAGE<lb/> UPPALA, KASARAGOD DISTRICT<lb/> KERALA-671322.<lb/>
	…PETITIONER<lb/> (BY</extra>
	<petitioner_lawyers>SRI. H.L. PRADEEP KUMAR</petitioner_lawyers>
	<extra>, ADVOCATE)<lb/> AND:<lb/></extra>

	<extra>THE</extra>
	<respondent>STATE OF KARNATAKA<lb/></respondent>
	<extra>BY</extra>
	<respondent>KONAJE POLICE STATION<lb/></respondent>
	<extra>REP BY STATE PUBLIC PROSECUTOR<lb/> OFFICE OF THE ADVOCATE GENERAL<lb/> HIGH COURT OF KARNATAKA<lb/> BANGALORE-560 001.<lb/>
	…RESPONDENT<lb/> (BY</extra>
	<respondent_lawyers>SRI. R.D.RENUKARADHYA</respondent_lawyers>
	<extra>, HCGP)<lb/>
	THIS CRIMINAL PETITION IS FILED UNDER SECTION439<lb/>

	OF THE CR.P.C. PRAYING TO ENLARGE THE PETITIONER ON<lb/> BAIL IN CRL.NO.20/2022 OF KONAJE P.S., MANGALURU CITY<lb/> FOR THE OFFENCE P/U/S 8(c)
AND 21(c) OF NDPS ACT<lb/> PENDING ON THE FILE OF THE LEARNED PRL.DISTRICT AND<lb/>
SESSIONS JUDGE, D.K., MANGALURU. THE PRL.DISTRICT<lb/></extra>

		</front>
	</text>
</tei>
