<?xml version="1.0" ?>
<tei xml:space="preserve">
	<teiHeader>
		<fileDesc xml:id="10525298"/>
	</teiHeader>
	<text xml:lang="en">
		<front>
<lb/>
	<extra>IN THE</extra>

	<court>HIGH COURT OF KARNATAKA AT BENGALURU<lb/></court>
	<extra>DATED THIS THE</extra>
	<judgement_date>12 TH DAY OF AUGUST, 2022<lb/></judgement_date>

	<extra>BEFORE<lb/> THE</extra>

	<judges>HON&apos;BLE MR. JUSTICE E.S.INDIRESH<lb/></judges>

	<case_numbers>CIVIL PETITION NO.80/2022<lb/></case_numbers>

	<extra>BETWEEN<lb/></extra>
	<petitioner>SMT.LAKSHMI.P<lb/></petitioner>

	<extra>W/O MADHU.S.<lb/>
	D/O LATE H.PRABHAKAR<lb/> AGED ABOUT 31 YEARS<lb/> R/AT HUKKUNDA VILLAGE<lb/> ANTHARAGANGE POST<lb/> BHADRAVATHI TALUK<lb/> SHIVAMOGGA DISTRICT-477501.<lb/>
	...PETITIONER<lb/> (BY</extra>

	<petitioner_lawyers>SRI.PRAKASH.K.V.</petitioner_lawyers>
	<extra>, ADVOCATE)<lb/> AND<lb/></extra>
	<respondent>SRI.MADHU.S.<lb/></respondent>
	<extra>S/O SHANKARAPPA<lb/> AGED ABOUT 39 YEARS<lb/> R/AT NO.95/1, 3
	RD MAIN<lb/> MUNESHWARALAYOUT<lb/> CHANNANAYAKANAPALYA<lb/> NEAR CHAMUNDESHWARI TEMPLE<lb/> BANGALORE-560073.<lb/> ….RESPONDENT<lb/> (BY</extra>
	<respondent_lawyers>SRIVASANTHAPPA</respondent_lawyers>
	<extra>, ADVOCATE)<lb/>
	THIS PETITION IS FILED UNDER SECTION 24 OF CPC, PRAYING<lb/> TO TRANSFER THE M.C.NO.4092/2020 WHICH IS PENDIG BEFORE THE<lb/> 2 ND ADDITIONAL PRL. JUDGE, FAMILY COURT AT BENGALURU TO PRL.<lb/> CIVIL JUDGE [SENIOR DIVISION] AT BHADRAVATHI &amp; ETC.,<lb/></extra>

		</front>
	</text>
</tei>
