<?xml version="1.0" ?>
<tei xml:space="preserve">
	<teiHeader>
		<fileDesc xml:id="10525267"/>
	</teiHeader>
	<text xml:lang="en">
		<front>
<lb/>
	<extra>IN THE</extra>

	<court>HIGH COURT OF KARNATAKA<lb/> DHARWAD BENCH<lb/></court>

	<extra>DATED THIS THE</extra>
	<judgement_date>16 T H DAY OF AUGUST 2022<lb/></judgement_date>
	
	<extra>BEFORE<lb/>
	THE</extra>

	<judges>HON&apos;BLE MR. JUSTICE SHIVASHANKAR AMARANNAVAR<lb/></judges>

	<case_numbers>CRIMINAL PETITION NO.102053</case_numbers>

	<extra> OF 2022<lb/>
	    BETWEEN:<lb/></extra>
	    <petitioner>BASAPPA </petitioner>
	    <extra>S/O. DHANAPPA DYANNANAVAR<lb/>
	    AGE: 60 YEARS , OCC: A GRICULTURE,<lb/>
	    R/O. BETAKERUR VILLAGE,<lb/>
	    TQ. HIREKERUR,<lb/>
	    DIST. HAVERI -581111.<lb/>
	    ...PETITIONER<lb/> (BY </extra>

	<petitioner_lawyers>SRI. S. G.KADADAKATTI</petitioner_lawyers>
	<extra>, ADV.)<lb/> AND:<lb/></extra>

	<extra>THE </extra>
	<respondent>STATE OF KARNATAKA<lb/></respondent>
	<extra>HAMSABHAVI POLI CE STATION,<lb/>
	REPRES ENTED BY ,<lb/>
	ADDITIONAL S .P.P.,<lb/>
	HIGH COURT BUILDING,<lb/>
	DHARWAD BEN CH -580011.<lb/> 
	... RES PONDENT<lb/> (BY </extra>
	<respondent_lawyers>SRI. PRASHAN TH V. MOGA L</respondent_lawyers>

	<extra>, HCGP)<lb/>
	THIS CRIMINAL PETITION IS FILED UNDER SECTION<lb/>
	
	438 OF CR.P.C., S EEKING 
	 TO GRANT ANTICIPATORY BAIL BY<lb/>
	 DIRECTING THE RESPONDENT HAMSABHAVI POLICE T O<lb/> 
	 ENLARGE THE PET ITIONER/ACCUSED NO.1 ON BAI L I N THE<lb/> 
	 EVENT OF HIS ARREST FOR THE ALLEGED OFFENCES<lb/>

	PUNISHABLE UND ER SECTIONS 323, 324, 326, 354( B), 447,</extra>

		</front>
	</text>
</tei>
