<?xml version="1.0" ?>
<tei xml:space="preserve">
	<teiHeader>
		<fileDesc xml:id="10525270"/>
	</teiHeader>
	<text xml:lang="en">
		<front>
<lb/>
	<page>-1-<lb/></page>
	
	<extra>CRL.A No. 100350 of 2022<lb/>
	
	IN THE</extra>

	<court>HIGH COURT OF KARNATAKA, DHARWAD BENCH<lb/></court>
	<extra>DATED THIS THE</extra>
	
	<judgement_date>12 TH DAY OF AUGUST, 2022 </judgement_date>
	
	<extra>BEFORE<lb/> THE</extra>

	<judges>HON&apos;BLE MR JUSTICE J.M.KHAZI<lb/></judges>

	<case_numbers>CRIMINAL APPEAL NO. 100350 OF 2022 (A-)<lb/> </case_numbers>

	<extra>BETWEEN:<lb/> 1.</extra>

	<petitioner>SRI SANKALCHAND</petitioner>
	
	<extra>S/O CHUNILALJI KAWAD,<lb/>
	AGE. 71 YEARS,<lb/>
	OCCP. PROPRIETOR LOKSEVA DRESSES<lb/>
	AND LOKASEVA FABS,<lb/> 
	R/O. JAIN MARKET BALLARI,<lb/> 
	THOUGH P. A. HOLDER AKSHAY KUMAR H. M.<lb/> 
	S/O. LATE YERRISWAMY,<lb/>
	AGE. 24 YEARS, OCCP. PRIVATE SERVICE,<lb/>
	R/O. BALLARI-583101.<lb/>
	…APPELLANT<lb/> (BY</extra>
	
	<petitioner_lawyers>SRI. NEELENDRA.D.GUNDE</petitioner_lawyers>
	
	<extra>, ADVOCATE)<lb/>
	AND:<lb/> 1.</extra>
	
	<respondent>SMT. VEENA N.</respondent>
	
	<extra>W/O (NOT KNOWN TO PETITIONER)<lb/>
	AGE. MAJOR,<lb/>
	OCCP. PROP OF MS GOLDRUSH CLOTHINGS,<lb/>
	NO. 41, KARIHOBANAHALLI VILLAGE,<lb/>
	SRI KRISHNA ESTATE, T G PALYA MAIN ROAD,<lb/>
	2 ND STAGE, PEENYA BANGALORE-560058.<lb/>
	…RESPONDENT<lb/>
	(NOTICE DISPENSED WITH)<lb/> 
	THIS CRIMINAL APPEAL IS FILED U/S 378(4)
	OF CR.P.C.,<lb/>
	SEEKING TO CALL FOR THE
	RECORDS AND ALLOW THIS<lb/>
	CRIMINAL APPEAL BY SETTING ASIDE THE JUDGMENT AND<lb/>
	ORDER OF ACQUITTAL DATED 21.06.2022 PASSED IN C.C.<lb/> 
	NO.285/2020 PASSED BY THE III-ADDITIONAL CIVIL JUDGE AND<lb/></extra>

	<extra>CHANDRASHEKAR<lb/> LAXMAN KATTIMANI<lb/> Digitally signed by<lb/> CHANDRASHEKAR<lb/> LAXMAN<lb/> KATTIMANI<lb/> Location: HIGH<lb/> COURT OF<lb/> KARNATAKA,<lb/> DHARWAD<lb/></extra>

	<extra>Date:</extra>

	<extra>2022.08.12<lb/></extra>

	<extra>14:36:58 +0530<lb/> -2 -<lb/></extra>

	<extra>CRL.A No. 100350 of 2022<lb/></extra>

	<extra>JMFC, BALLARI,REGISTERED FOR THE OFFENCES PUNISHABLE<lb/> U/S 138 OF N.I. ACT, AND CONVICT THE RESPONDENT.<lb/></extra>

	<extra>THIS APPEAL COMING ON FOR ADMISSION THIS DAY, THE<lb/> COURT DELIVERED THE FOLLOWING.</extra>
	<document_type>JUDGMENT<lb/></document_type>

		</front>
	</text>
</tei>
