<?xml version="1.0" ?>
<tei xml:space="preserve">
	<teiHeader>
		<fileDesc xml:id="10525293"/>
	</teiHeader>
	<text xml:lang="en">
		<front>
<lb/>
	<extra>IN THE</extra>

	<court>HIGH COURT OF KARNATAKA AT BENGALURU<lb/></court>
	<extra>DATED THIS THE </extra>
	<judgement_date>12 TH DAY OF AUGUST, 2022<lb/></judgement_date>

	<extra> BEFORE<lb/> THE</extra>

	<judges>HON&apos;BLE MR. JUSTICE E.S.INDIRESH<lb/></judges>

	<case_numbers>CIVIL PETITION NO.221/2022<lb/></case_numbers>

	<extra>BETWEEN<lb/></extra>

	<petitioner>SMT. BHARATHI<lb/></petitioner>
	<extra>W/O SIDDESH T.K.<lb/>
	AGED ABOUT 29 YEARS<lb/> 
	R/O ARSANALU VILLAGE<lb/> 
	HARAPANAHALLI TALUK<lb/> 
	VIJAYANAGAR DISTRICT.<lb/>
	
	PRESENTLY<lb/> 
	R/O #472, SANAMATHI NILAYA<lb/>
	3 RD MAIN, 16 TH CROSS, KTJ NAGAR<lb/>
	DAVANAGERE-577002.<lb/>
	...PETITIONER<lb/> (BY</extra>

	<petitioner_lawyers>SRI HALLI SHANTAPPA BASAPPA</petitioner_lawyers>
	<extra>, ADVOCATE)<lb/> AND<lb/> </extra>
	<respondent>SIDDESH T.K.<lb/></respondent>
	<extra>S/O T.K.NIJALINGAPPA<lb/>
	AGED ABOUT 36 YEARS<lb/> 
	AGRICULTURIST<lb/>
	R/O TYAVANAGI VILLAGE<lb/> 
	CHANNAGIRI TALUK<lb/>
	DAVANAGERE-577213.<lb/>
	….RESPONDENT<lb/> (NOTICE TO RESPONDENT HELD SUFFICIENT)<lb/></extra> 
	<extra>THIS PETITION IS FILED UNDER SECTION 24 OF CPC, PRAYING<lb/>
	TO ORDER FOR WITHDRAWA THE M.C.NO.29/2022 ON THE FILE OF<lb/> 
	THE SENIOR CIVIL JUDGE AND JMFC, CHANNAGIRI AND SAME IS<lb/>
	2<lb/> 
	TRANSFER TO THE FAMILY COURT AT DAVANAGERE, AND PASS ANY<lb/>
	OTHER SUITABLE ORDERS DEEMS FIT ON THE FACTS AND<lb/>
	CIRCUMSTANCES OF THE CASE, IN THE INTEREST OF JUSTICE AND<lb/>
	EQUITY.<lb/>
	THIS PETITION COMING ON FOR ADMISSION THIS DAY, THE<lb/> 
	COURT MADE THE FOLLOWING:<lb/></extra>

	<document_type>ORDER</document_type>

		</front>
	</text>
</tei>