<?xml version="1.0" ?>
<tei xml:space="preserve">
	<teiHeader>
		<fileDesc xml:id="10525296"/>
	</teiHeader>
	<text xml:lang="en">
		<front>
<lb/>
	<extra>IN THE</extra>

	<court>HIGH COURT OF KARNATAKA AT BENGALURU<lb/></court>
	<extra>DATED THIS THE</extra>
	<judgement_date>12 TH DAY OF AUGUST, 2022 </judgement_date>

	<extra>BEFORE<lb/> THE</extra>

	<judges>HON&apos;BLE MR. JUSTICE E.S.INDIRESH<lb/></judges>

	<case_numbers>CIVIL PETITION NO.139/2022</case_numbers>

	<extra>BETWEEN<lb/></extra>

	<respondent>SMT. R JAYASHREE<lb/></respondent>
	<extra>W/O G GANESH<lb/> 
	AGED ABOUT 33 YEARS<lb/> 
	R/AT NO. FLAT NO.106<lb/> 
	2 ND FLOOR, SHRIVENNS<lb/> 
	GOKULAM APARTMENTS<lb/>
	HAGADUR VILLAGE<lb/> 
	BANGALURU-560 066.<lb/>
	...PETITIONER<lb/> (BY</extra>

	<petitioner_lawyers>SMT. MAMATA D.N.</petitioner_lawyers>
	<extra>, ADVOCATE) AND<lb/></extra>

	<respondent>MR. G GANESH<lb/></respondent>
	<extra>S/O R GOPALASUBRAMANIAN<lb/> 
	AGED ABOUT 37 YEARS<lb/>
	R/AT NO.F002, GROUND FLOOR<lb/> 
	PRIDE PRISTINE APARTMENTS<lb/>
	VASUNDHARA LAYOUT<lb/>
	ANANTH NAGAR PHASE III<lb/>
	ATTIBELE HOBLI, KAMMASANDRA<lb/>
	ELECTRONIC CITY<lb/>
	BANGALORE-560100.<lb/>
	….RESPONDENT<lb/> (BY</extra>
	<respondent_lawyers>SRI SUNIL S. CHOUDHARI</respondent_lawyers>
	
	<extra>, ADVOCATE)<lb/>
	THIS PETITION IS FILED UNDER SECTION 24 OF CPC, PRAYING<lb/> 
	TO ORDER FOR WITHDRAWAL OF THE M.C.NO.5034/2019 PENDING<lb/>
	ON THE FILE OF THE III ADDL. DISTRICT AND SESSIONS JUDGE,<lb/>
	2<lb/> 
	ANEKAL AND TO TRANSFER THE SAME TO VI ADDL. SENIOR CIVIL<lb/>
	JUDGE, BENGALURU RURAL AT BENGALURU AND FURTHER GRANT<lb/> 
	ANY RELIEF/S THAT THIS COURT DEEMS FIT IN THE CIRCUMSTANCES<lb/> 
	OF THE CASE IN THE INTEREST OF JUSTICE AND EQUITY.<lb/>
	THIS PETITION COMING ON FOR ADMISSION THIS DAY, THE<lb/>
	COURT MADE

	THE FOLLOWING:<lb/></extra>

	<document_type>ORDER<lb/></document_type>

		</front>
	</text>
</tei>
