<?xml version="1.0" ?>
<tei xml:space="preserve">
	<teiHeader>
		<fileDesc xml:id="10525276"/>
	</teiHeader>
	<text xml:lang="en">
		<front>
<lb/>
	<extra>IN THE</extra>

	<court>HIGH COURT OF KARNATAKA AT BENGALURU<lb/></court>

	<extra>DATED THIS THE</extra>
	<judgement_date>12 th DAY OF AUGUST 2022<lb/></judgement_date> <extra>BEFORE<lb/> THE</extra>

	<judges>HON&apos;BLE MR. JUSTICE MOHAMMAD NAWAZ<lb/></judges>

	<case_numbers>CRIMINAL REVISION PETITION NO.71 of 2020<lb/></case_numbers>

	<extra>BETWEEN:<lb/></extra>

	<petitioner>Ms.REENA MISHRA<lb/></petitioner>
	<extra>AGED ABOUT 32 YEARS<lb/> WIFE OF MOHITH MISRA<lb/> D/O J.P.TRIPATHI<lb/> NOHQ TRIAL, COURT (U)<lb/> AIRFORCE, CCC, JC NAGAR POST<lb/> HEBBAL, BENGALURU-560 006<lb/> … PETITIONER<lb/> (BY</extra>
	<petitioner_lawyers>SRI.S.V.ANGADI</petitioner_lawyers>
	
	<extra>, ADVOCATE)<lb/> AND:<lb/></extra>
	
	<respondent>Mr. MOHITH MISHRA<lb/></respondent>
	<extra>SON OF PADMAKAR MISHRA<lb/> 
	AGED ABOUT 34 YEARS,<lb/>
	407/1, DIOMOND MANSION<lb/>
	5TH FLOOR, GK MARG<lb/>
	WORLI, MUMBAI-400018<lb/>
	… RESPONDENT<lb/> (BY</extra>
	<respondent_lawyers>SMT. JAYASHREE PRASAD</respondent_lawyers>
	<extra>, ADVOCATE)<lb/> * * *<lb/></extra>

	<extra>THIS CRIMINAL REVISION PETITION IS FILED UNDER<lb/> SECTION 397 R/W SECTION 401 OF CR.P.C, PRAYING TO SET<lb/> ASIDE THE ORDER DATED 04.12.2019 PASSED BY THE LVIII<lb/> ADDITIONAL CITY CIVIL AND SESSIONS JUDGE, BENGALURU<lb/></extra>

		</front>
	</text>
</tei>
