<?xml version="1.0" ?>
<tei xml:space="preserve">
	<teiHeader>
		<fileDesc xml:id="10525269"/>
	</teiHeader>
	<text xml:lang="en">
		<front>
<lb/>
	<extra>IN THE</extra>

	<court>HIGH COURT OF KARNATAKA<lb/> DHARWAD BENCH<lb/></court>
	<extra>DATED THIS THE </extra>
	<judgement_date>12 T H DAY OF AUGUST 2022<lb/></judgement_date>
	<extra>BEFORE<lb/></extra>

	<extra>THE</extra>

	<judges>HON&apos;BLE MR. JUSTICE SHIVASHANKAR AMARANNAVAR<lb/></judges>

	<case_numbers>CRIMINAL PETITION No.101882/2022<lb/></case_numbers>

	<extra>BETWEEN:<lb/></extra>

	<petitioner>KAMALAKAR SHET</petitioner>
	<extra>S/O. VASUDEV SHET<lb/>
	AGE: 59 YEARS, OCC. ATTENDER,<lb/>
	R/O. SONARKERI, POST: HIREGUTTI,<lb/>
	TQ. KUMTA, U.K. DISTRICT-581351.<lb/>
	...PETITIONER<lb/> (BY</extra>

	<petitioner_lawyers>SRI. HARSHA WARDHANA M.PATIL</petitioner_lawyers>
	<extra>, ADVOCATE)<lb/> AND:<lb/> THE</extra>

	<respondent>STATE OF KARNATKA<lb/></respondent>
	
	<extra>BY</extra>
	<respondent>PSI GOKARNA P.S .</respondent>
	<extra>,<lb/> R/BY STATE PUBLI C PROSECUTOR,<lb/> HIGH COURT OF K ARNATAKA,<lb/> DHARWAD BEN CH -580011.<lb/> ... RES PONDENT<lb/> (BY</extra>
	
	<respondent_lawyers>SRI.PRAS HAN TH V.MOGALI</respondent_lawyers>

	<extra>, HCGP)<lb/>
THIS CRIMINAL PETITION IS FILED U/S. 438 OF CR.P.C.,<lb/> SEEKING TO ENLARGE THE PETITIONER/ACCUSED N O.1 ON<lb/> ANTICIPATORY BAIL IN GOKARNA P.S., CRIME NO.3/ 2022
FOR<lb/>
THE OFFEN CES PUNISHABLE U/S.494, 420, 467, 468, 384, 506<lb/>
OF I PC.<lb/> 
THIS CRIMINAL PETITION COMING ON FOR ORDERS THIS<lb/> DAY, THE COURT MADE THE F OLLOWING:</extra>

		</front>
	</text>
</tei>
