<?xml version="1.0" ?>
<tei xml:space="preserve">
	<teiHeader>
		<fileDesc xml:id="10525275"/>
	</teiHeader>
	<text xml:lang="en">
		<front>
<lb/>
	<extra>IN THE</extra>

	<court>HIGH COURT OF KARNATAKA AT BENGALURU<lb/></court>
	<extra>DATED THIS THE</extra>
	<judgement_date>12 TH DAY OF AUGUST, 2022<lb/></judgement_date>

	<extra>BEFORE<lb/> THE</extra>

	<judges>HON&apos;BLE MS. JUSTICE JYOTI MULIMANI<lb/></judges>

	<case_numbers>MISCELLANEOUS FIRST APPEAL No.763 OF 2017(CPC)<lb/></case_numbers>

	<extra>BETWEEN :<lb/></extra>

	<petitioner>SRI S.MANI<lb/></petitioner>
	<extra>S/O SHANMUGAM,<lb/> AGED ABOUT 45 YEARS<lb/>
	PROP:SNEHA SHREE BAR,<lb/>
	RESTAURANT,<lb/>
	S.M.ROAD, T.DASARAHALLI,<lb/> BENGALURU -560 057.<lb/> ... APPELLANT<lb/> [BY</extra>
	<petitioner_lawyers>SRI.PRABHUGOUD B.</petitioner_lawyers>

	
	<extra>, ADVOCATE (ABSENT)]<lb/> AND:<lb/> 1.</extra>

	<respondent>MRS. SHAKUNTALA BHAT<lb/></respondent>

	<extra>AGED ABOUT 80 YEARS,<lb/> W/O LATE L.R.BHAT.<lb/> 2.</extra>

	<respondent>CHANDRIKA<lb/></respondent>
	<extra>AGED ABOUT 48 YEARS<lb/>
	W/O GIRIDHAR.<lb/> 3.</extra>
	
	<respondent>INDIRA<lb/></respondent>
	
	<extra>AGED ABOUT 46 YEARS<lb/>
	W/O AVINASH.<lb/> 4.</extra>

	<respondent>DEVIKA<lb/></respondent>
	<extra>AGED ABOUT 40 YEARS<lb/>
	W/O SRISHA.<lb/> 5.</extra>

	<respondent>SRISHA R.BHAT<lb/></respondent>
	<extra>AGED ABOUT 55 YEARS,<lb/> S/O LATE L.R.BHAT.<lb/>
	ALL ARE R/AT NO.730, 5 TH CROSS,<lb/>
	AGBG LAYOUT,<lb/> HESSARGHATTA MAIN ROAD,<lb/> CHIKKABANAWARA POST,<lb/> 
	BENGALURU -560 090.<lb/>
	...RESPONDENTS<lb/></extra>

	<extra>THIS MISCELLANEOUS FIRST APPEAL IS FILED UNDER 43<lb/>
	RULE 1(d) OF CODE OF CIVIL PROCEDURE, 1908.<lb/>

	THIS MISCELLANEOUS FIRST APPEAL COMING ON FOR<lb/> 
	ORDERS, THIS DAY, THE COURT MADE THE FOLLOWING:<lb/></extra>

	<document_type>ORDER<lb/></document_type>

		</front>
	</text>
</tei>
