<?xml version="1.0" ?>
<tei xml:space="preserve">
	<teiHeader>
		<fileDesc xml:id="10525288"/>
	</teiHeader>
	<text xml:lang="en">
		<front>
<lb/>
	<extra>IN THE</extra>

	<court>HIGH COURT OF KARNATAKA AT BENGALURU<lb/></court>
	<extra>DATED THIS THE</extra> 
	<judgement_date>12 TH DAY OF AUGUST, 2022<lb/></judgement_date>

	<extra> BEFORE<lb/> THE</extra>

	<judges>HON&apos;BLE MR. JUSTICE RAJENDRA BADAMIKAR<lb/></judges>

	<case_numbers>CRIMINAL APPEAL No.112/2012 (A)<lb/></case_numbers>

	<extra>BETWEEN:<lb/></extra>

	<petitioner>JAGADISH<lb/></petitioner>
	<extra>S/O SIDDARAMAPPA<lb/> 
	AGED ABOUT 48 YEARS<lb/> 
	SPANDANA NILAYA<lb/> 
	1 ST CROSS, KUMBAR BEEDI<lb/>
	ADLIMANE ROAD, HASSAN<lb/></extra>
	<extra>….APPELLANT<lb/> (BY</extra>

	<petitioner_lawyers>SRI.M. SHARASS CHANDRA</petitioner_lawyers>
	<extra>, ADVOCATE)<lb/> AND:<lb/></extra>

	<respondent>H.V. PRABHAKARA<lb/></respondent>

	<extra>S/O LATE VENKATASUBBAIAH<lb/></extra>
	<extra>AGED ABOUT 51 YEARS<lb/>
	MAYURA TRADERS AND RASHMI<lb/> GAS AGENCIES, RANGOLIHALLA<lb/> HASSAN<lb/></extra>

	<extra>…. RESPONDENT<lb/> (BY</extra>

	<respondent_lawyers>SRI. R.B. DESHPANDE</respondent_lawyers>
	<extra>, ADVOCATE (ABSENT))<lb/></extra>

	<extra>THIS APPEAL IS FILED UNDER SECTION 378(4) OF CR.P.C.<lb/> PRAYING TO SET ASIDE THE JUDGMENT AND ORDER DATED<lb/> 
	05.12.2011 PASSED BY THE PRINCIPAL CIVIL JUDGE AND JMFC,<lb/>
	AT HASSAN IN C.C.NO.1545/2006 AND PASS AN ORDER OF<lb/> CONVICTION, CONVICTING THE RESPONDENT FOR THE<lb/>
	OFFENCE COMMITTED AND PASS SUCH OTHER ORDERS THIS<lb/> 
	HON&apos;BLE COURT DEEMS FIT TO GRANT IN THE FACTS AND<lb/> CIRCUMSTANCES OF THE CASE BY ALLOWING THE PETITION.<lb/>
	2<lb/> THIS APPEAL HAVING BEEN HEARD AND RESERVED FOR<lb/> JUDGMENT ON 29.07.2022, COMING ON FOR &apos;PRONOUNCEMENT<lb/> OF JUDGMENT&apos; THIS DAY, THE COURT DELIVERED THE<lb/> FOLLOWING:<lb/></extra>

	<document_type>JUDGMENT</document_type>

		</front>
	</text>
</tei>
