<?xml version="1.0" ?>
<tei xml:space="preserve">
	<teiHeader>
		<fileDesc xml:id="10525271"/>
	</teiHeader>
	<text xml:lang="en">
		<front>
<lb/>
	<extra>IN THE</extra>

	<court>HIGH COURT OF KARNATAKA, DHARWAD BENCH<lb/></court>
	<extra>DATED THIS THE</extra>
	<judgement_date>12 TH DAY OF AUGUST, 2022<lb/></judgement_date>

	<extra>BEFORE<lb/> THE</extra>

	<judges>HON&apos;BLE MR JUSTICE J.M.KHAZI<lb/></judges>

	<case_numbers>CRIMINAL APPEAL NO. 100106 OF 2015 (A-)<lb/></case_numbers>

	<extra>BETWEEN:<lb/></extra>
	
	<petitioner>BASAPPA</petitioner>
	
	<extra>S/O. HANAMAPPA BARKER,<lb/>
	AGE: 62 YEARS, OCC: AGRICULTURE,<lb/> 
	R/O. HARTI, TQ AND DIST: GADAG<lb/>
	…APPELLANT<lb/> (BY</extra>
	
	<petitioner_lawyers>SRI. S G KADADAKATTI</petitioner_lawyers>
	
	<extra>, ADV., (ABSENT))<lb/> AND:<lb/></extra>
	
	<respondent>GOPALKRISHNA</respondent>
	
	<extra>S/O. SRINIVAS BHAT,<lb/>
	AGE: 48 YEARS,<lb/>
	OCC: SALES MANAGER,<lb/>
	ERUKA JUNCTION,<lb/> 
	P. B. ROAD, HUBBALLI<lb/>
	…RESPONDENT<lb/> (BY</extra>
	
	<respondent_lawyers>SRI. MALLIKARJUN C BASAREDDY</respondent_lawyers>
	
	<extra>, ADV)<lb/></extra>

	<extra>THIS CRIMINAL APPEAL IS FILED U/S.378(4) OF CR.P.C.<lb/> SEEKING TO CALL FOR RECORDS AND TO SET ASIDE THE<lb/> 
	ORDER DATED 24.02.2015 PASSED BY THE ADDL. DIST. &amp;<lb/> SESSION JUDGE, GADAG, IN CRL. APPEAL NO. 44/2014 BY<lb/> SETTING ASIDE THE ORDER OF CONVICTION AND SENTENCE<lb/>
	DATED 22.09.2014 PASSED BY THE PRL. CIVIL JUDGE AND<lb/>
	CJM GADAG, IN C.C. NO.46/2012, BY ALLOWING THIS<lb/>
	CRIMINAL APPEAL.<lb/></extra> 
	
	<extra>CHANDRASHEKAR<lb/> LAXMAN KATTIMANI<lb/> Digitally signed by<lb/> CHANDRASHEKAR<lb/> LAXMAN<lb/> KATTIMANI<lb/> Location: HIGH<lb/> COURT OF<lb/> KARNATAKA,<lb/> DHARWAD<lb/></extra>

	<extra>Date:</extra>

	<extra>2022.08.12<lb/></extra>

	<extra>14:36:44 +0530<lb/> -2 -<lb/></extra>

	<extra>CRL.A No. 100106 of 2015<lb/>

	THIS APPEAL COMING ON FOR ADMISSION THIS DAY,<lb/> THE COURT DELIVERED THE FOLLOWING.</extra>

	<document_type>JUDGMENT<lb/></document_type>

		</front>
	</text>
</tei>
