<?xml version="1.0"?>
<tei xml:space="preserve">
	<teiHeader>
		<fileDesc xml:id="1064f1a21ca716a3685107b3994a5a5b" />
	</teiHeader>
	<text xml:lang="en">
		<front>
			<extra>
				BEFORE THE
			</extra>
			<court>
				MADURAI BENCH OF MADRAS HIGH COURT
				<lb />
			</court>
			<extra>
				DATED:
			</extra>
			<judgement_date>
				15.02.2016
			</judgement_date>
			<extra>
				CORAM:
				<lb />
				THE
			</extra>
			<judges>
				HONOURABLE MR.JUSTICE S.MANIKUMAR
				<lb />
			</judges>
			<extra>
				and
				<lb />
				THE
			</extra>
			<judges>
				HON'BLE MR.JUSTICE C.T. SELVAM
			</judges>
			<lb />
			<case_numbers>
				W.P.(MD)No.3174 of 2016
				<lb />
				and
				<lb />
				WMP(MD)No.2776 of 2016
				<lb />
			</case_numbers>
			<petitioner>
				K.R.Rengasamy
				<lb />
			</petitioner>
			<extra>
				... Petitioner
			</extra>
			<extra>
				Vs.
				<lb />
			</extra>
			<extra>
				1.
			</extra>
			<respondent>
				The District Collector,
				<lb />
				Tiruchirappalli.
				<lb />
			</respondent>
			<extra>
				2.
			</extra>
			<respondent>
				The Block Development Officer,
				<lb />
				Thottiyam Panchayat Union,
				<lb />
				Trichy.
				<lb />
			</respondent>
			<extra>
				3.
			</extra>
			<respondent>
				The President,
				<lb />
				Kaduvetti Village Panchayat,
				<lb />
				Kaduvetti, Thottiyam Taluk,
				<lb />
				Trichy.
				<lb />
			</respondent>
			<extra>
				...
				Respondents
				<lb />
			</extra>
			<extra>
				PRAYER: The Writ Petition is filed under Article 226 of the Constitution of
				<lb />
				India, to issue a Writ of Mandamus, forbearing the respondents from
				<lb />
				constructing the community hall in the vacant land adjacent to middle
				<lb />
				school in petitioner&apos;s village.
				<lb />
				For Petitioner
				<lb />
				:
			</extra>
			<petitioner_lawyers>
				Mr.S.Muthukrishnan
				<lb />
			</petitioner_lawyers>
			<extra>
				For Respondents :
			</extra>
			<respondent_lawyers>
				Mr.A.K.Bhaskarapandian
				<lb />
			</respondent_lawyers>
			<extra>
				Special Government Pleader
				<lb />
			</extra>
			<document_type>
				ORDER
			</document_type>
			<lb />
		</front>
	</text>
</tei>
