<?xml version="1.0"?>
<tei xml:space="preserve">
	<teiHeader>
		<fileDesc xml:id="10667604" />
	</teiHeader>
	<text xml:lang="en">
		<front>
			<extra>
				Regular List
				<lb />
			</extra>
			<court>
				HIGH COURT OF MEGHALAYA
				<lb />
				AT SHILLONG
				<lb />
			</court>
			<case_numbers>
				SA No. 1 of 2021
				<lb />
			</case_numbers>
			<extra>
				Date of Decision:
			</extra>
			<judgement_date>
				06.12.2021
				<lb />
			</judgement_date>
			<petitioner>
				Smti. Tara Sohkhlet
				<lb />
			</petitioner>
			<extra>
				Vs.
				<lb />
			</extra>
			<respondent>
				Shri. Nikel Khongmawloh &amp; Anr.
				<lb />
			</respondent>
			<extra>
				Coram:
				<lb />
			</extra>
			<judges>
				Hon&apos;ble Mr. Justice H. S. Thangkhiew
				<lb />
			</judges>
			<extra>
				, Judge
			</extra>
			<extra>
				Appearance:
				<lb />
				For the Petitioner/Appellant(s) :
				<lb />
			</extra>
			<petitioner_lawyers>
				Mr. T.T. Diengdoh, Sr. Adv. with
				<lb />
				Mr. R. Kharsyad, Adv.
				<lb />
			</petitioner_lawyers>
			<extra>
				For the Respondent(s)
				<lb />
				:
				<lb />
			</extra>
			<respondent_lawyers>
				Mr. S.M. Suna,
			</respondent_lawyers>
			<extra>
				Adv.
				<lb />
			</extra>
			<document_type>
				JUDGMENT AND ORDER
				<lb />
			</document_type>
		</front>
	</text>
</tei>
