<?xml version="1.0"?>
<tei xml:space="preserve">
	<teiHeader>
		<fileDesc xml:id="10670448" />
	</teiHeader>
	<text xml:lang="en">
		<front>
			<extra>
				Supplementary List
				<lb />
			</extra>
			<court>
				HIGH COURT OF MEGHALAYA
				<lb />
				AT SHILLONG
				<lb />
			</court>
			<case_numbers>
				MC (WPC) No. 236 of 2019 in
				<lb />
				WP(C) No. 510 of 2018
				<lb />
			</case_numbers>
			<extra>
				Date of
			</extra>
			<document_type>
				Order:
			</document_type>
			<judgement_date>
				04.12.2019
				<lb />
			</judgement_date>
			<petitioner>
				Ms. Dahunshisha Rynjah &amp; 5 Ors.
				<lb />
			</petitioner>
			<extra>
				Vs.
			</extra>
			<respondent>
				The Meghalaya Public
				<lb />
				Service Commission &amp; 3 Ors.
				<lb />
			</respondent>
			<extra>
				Coram:
				<lb />
			</extra>
			<judges>
				Hon&apos;ble Mr. Justice H. S. Thangkhiew
				<lb />
			</judges>
			<extra>
			</extra>
			<extra>
				Appearance:
				<lb />
			</extra>
			<extra>
				For the Petitioner(s)/Applicant(s):
				<lb />
			</extra>
			<petitioner_lawyers>
				Mr. P. Yobin, Adv.
				<lb />
			</petitioner_lawyers>
			<extra>
				For the Respondent(s)
				<lb />
				:
				<lb />
			</extra>
			<respondent_lawyers>
				Mr. K. Paul,
			</respondent_lawyers>
			<extra>
				Adv. (For R 1-4)
				<lb />
			</extra>
			<notes>
				i)
				<lb />
				Whether approved for reporting in
				<lb />
				Yes/No
				<lb />
				Law journals etc.
				<lb />
				ii)
				<lb />
				Whether approved for publication
				<lb />
				in press:
				<lb />
				Yes/No
			</notes>
		</front>
	</text>
</tei>
