<?xml version="1.0"?>
<tei xml:space="preserve">
	<teiHeader>
		<fileDesc xml:id="10687151" />
	</teiHeader>
	<text xml:lang="en">
		<front>
			<extra>
				Supplementary List
				<lb />
			</extra>
			<court>
				HIGH COURT OF MEGHALAYA
				<lb />
				AT SHILLONG
				<lb />
			</court>
			<case_numbers>
				WP(C) No. 42 of 2022
				<lb />
			</case_numbers>
			<extra>
				Date of Decision:
			</extra>
			<judgement_date>
				19.04.2022
				<lb />
			</judgement_date>
			<petitioner>
				Shri. Wesley Doloi
				<lb />
			</petitioner>
			<extra>
				Vs.
				<lb />
			</extra>
			<respondent>
				State of Meghalaya &amp; Ors.
				<lb />
			</respondent>
			<extra>
				Coram:
				<lb />
			</extra>
			<judges>
				Hon&apos;ble Mr. Justice H. S. Thangkhiew
				<lb />
			</judges>
			<extra>
				, Judge
			</extra>
			<extra>
				Appearance:
				<lb />
				For the Petitioner/Appellant(s) :
				<lb />
			</extra>
			<petitioner_lawyers>
				Ms. M. Arora,
			</petitioner_lawyers>
			<extra>
				Sr. Adv. with
				<lb />
			</extra>
			<petitioner_lawyers>
				Mr. A. Kataria, Adv.
				<lb />
				Mr. P. Yobin, Adv.
				<lb />
			</petitioner_lawyers>
			<extra>
				For the Respondent(s)
				<lb />
				:
				<lb />
			</extra>
			<respondent_lawyers>
				Mr. A. Kumar, AG with
				<lb />
				Ms. R. Colney, GA.
				<lb />
				Mr. R. Gurung, GA.
				<lb />
				Mr. A.S. Pandey,
			</respondent_lawyers>
			<notes>
				Adv.
				<lb />
				i)
				<lb />
				Whether approved for reporting in
				<lb />
				Yes/No
				<lb />
				Law journals etc.:
				<lb />
				ii)
				<lb />
				Whether approved for publication
				<lb />
				in press:
				<lb />
				Yes/No
				<lb />
			</notes>
			<document_type>
				JUDGMENT AND ORDER
			</document_type>
		</front>
	</text>
</tei>
