<?xml version="1.0"?>
<tei xml:space="preserve">
	<teiHeader>
		<fileDesc xml:id="10693118" />
	</teiHeader>
	<text xml:lang="en">
		<front>
			1
			<lb />
			<extra>
				Serial No. 02
				<lb />
			</extra>
			<extra>
				Supplementary List
				<lb />
			</extra>
			<court>
				HIGH COURT OF MEGHALAYA
				<lb />
				AT SHILLONG
				<lb />
			</court>
			<case_numbers>
				WP(C) No. 347 of 2020
				<lb />
			</case_numbers>
			<extra>
				Date of Decision:
			</extra>
			<judgement_date>
				07.06.2022
				<lb />
			</judgement_date>
			<petitioner>
				Shri. Salgira R. Marak
				<lb />
			</petitioner>
			<extra>
				Vs.
				<lb />
			</extra>
			<respondent>
				State of Meghalaya &amp; Ors.
				<lb />
			</respondent>
			<extra>
				Coram:
				<lb />
			</extra>
			<judges>
				Hon&apos;ble Mr. Justice H. S. Thangkhiew
				<lb />
			</judges>
			<extra>
				, Judge
			</extra>
			<extra>
				Appearance:
				<lb />
			</extra>
			<extra>
				For the Petitioner(s)
				<lb />
				:
				<lb />
			</extra>
			<petitioner_lawyers>
				Mr. U.K. Nair, Sr. Adv. with
				<lb />
				Mr. S.P. Sharma, Adv.
				<lb />
				Mr. A. Chetia, Adv.
				<lb />
				Ms. S.K. Nongrum
			</petitioner_lawyers>
			<extra>
				, Adv.
				<lb />
				For the Respondent(s)
				<lb />
				:
				<lb />
			</extra>
			<respondent_lawyers>
				Mr. A. Kumar, AG with
				<lb />
				Ms. Z.E. Nongkynrih, GA.
				<lb />
				Mr.A. H. Kharwanlang, GA.
				<lb />
			</respondent_lawyers>
			<extra>
				i)
				<lb />
				Whether approved for reporting in
				<lb />
				Yes/No
				<lb />
				Law journals etc:
				<lb />
				ii)
				<lb />
				Whether approved for publication
				<lb />
				Yes/No
				<lb />
				in press:
				<lb />
			</extra>
			<document_type>
				JUDGMENT AND ORDER
			</document_type>
		</front>
	</text>
</tei>
