<?xml version="1.0" ?>
<tei xml:space="preserve">
	<teiHeader>
		<fileDesc xml:id="10742234"/>
	</teiHeader>
	<text xml:lang="en">
		<front>
<lb/>
	<extra>Item No. 37 -39<lb/></extra>

	<extra>IN THE</extra>

	<court>HIGH COURT OF MANIPUR<lb/> AT IMPHAL<lb/></court>

	<case_numbers>WP(C) No. 508 of 2021<lb/></case_numbers>

	<petitioner>Chandrakant Rajkumar<lb/></petitioner>
	
	<extra>…Petitioner/s<lb/>
	Vs.<lb/></extra>

	<respondent>State of Manipur &amp; 3 ors.<lb/></respondent>
	
	<extra>…Respondent/s<lb/>
	With<lb/></extra>

	<case_numbers>WP(C) No. 442 of 2021<lb/>
	WP(C) No. 479 of 2021<lb/></case_numbers>

	<extra>B E F O R E<lb/></extra>

	<judges>HON&apos;BLE MR. JUSTICE AHANTHEM BIMOL SINGH<lb/></judges>

	<judgement_date>12-08-2022<lb/></judgement_date>

		</front>
	</text>
</tei>
