<?xml version="1.0" ?>
<tei xml:space="preserve">
	<teiHeader>
		<fileDesc xml:id="10742244"/>
	</teiHeader>
	<text xml:lang="en">
		<front>
<lb/>
	<extra>Item -26-27<lb/> IN THE</extra>

	<court>HIGH COURT OF MANIPUR<lb/> AT IMPHAL<lb/></court>

	<case_numbers>WP(C)/229/2021<lb/></case_numbers>

	<petitioner>K. A. MERCY SHIMRAY<lb/></petitioner>
	
	<extra>…. Petitioner/s<lb/>
	-Versus -<lb/></extra>

	<respondent>THE STATEOF MANIPUR AND 5 OTHERS<lb/></respondent>
	
	<extra>.... Respondent/s<lb/>
	With</extra>
	
	<case_numbers>WP(C)/65/2021<lb/></case_numbers>
	
	<extra>BEFORE<lb/></extra>

	<judges>HON&apos;BLE MR. JUSTICE MV MURALIDARAN<lb/></judges>

	<judgement_date>12.08.2022<lb/></judgement_date>

		</front>
	</text>
</tei>
