<?xml version="1.0" ?>
<tei xml:space="preserve">
	<teiHeader>
		<fileDesc xml:id="10742231"/>
	</teiHeader>
	<text xml:lang="en">
		<front>
<lb/>
	<extra>IN. 71<lb/> IN THE</extra>

	<court>HIGH COURT OF MANIPUR<lb/> AT IMPHAL<lb/></court>

	<case_numbers>WP(C) No. 530 of 2022<lb/></case_numbers>

	<petitioner>Sarungbam Sirjent Singh &amp; ors.<lb/></petitioner>
	
	<extra>… Petitioners<lb/>
	Vs.<lb/></extra>

	<respondent>State of Manipur &amp; ors.<lb/></respondent>
	
	<extra>… Respondents<lb/>
	B E F O R E<lb/></extra>

	<judges>HON&apos;BLE MR. JUSTICE AHANTHEM BIMOL SINGH<lb/></judges>

	<judgement_date>12-08-2022<lb/></judgement_date>

	<respondent_lawyers>Mrs. L. Monomala</respondent_lawyers>
	
	<extra>, learned Government
	Advocate seeks three<lb/>
	weeks&apos; time for filing counter affidavit.<lb/></extra>

	<respondent_lawyers>Mr. Kh. Samungou</respondent_lawyers>
	
	<extra>, learned counsel appearing for the petitioners<lb/>
	has no objection.<lb/>
	As prayed for, list this case again on 12-09-2022.<lb/>
	JUDGE<lb/>
	
	
	Devananda<lb/></extra>

		</front>
	</text>
</tei>
