<?xml version="1.0" ?>
<tei xml:space="preserve">
	<teiHeader>
		<fileDesc xml:id="10742253"/>
	</teiHeader>
	<text xml:lang="en">
		<front>
<lb/>
	<extra>Item No. 32<lb/> IN THE</extra>

	<court> HIGH COURT OF MANIPUR<lb/> AT IMPHAL<lb/></court>

	<case_numbers>WP(C) No.98 of 2022<lb/></case_numbers>

	<petitioner>Yumnam Tiken Singh</petitioner>
	
	<extra>and</extra>
	
	<petitioner>Anr.<lb/></petitioner>
	
	<extra>…Petitioner/s<lb/>
	
	-Versus -<lb/></extra>

	<respondent>State of Manipur</respondent>
	
	<extra>and</extra>
	
	<respondent>Anr.<lb/></respondent>
	
	<extra>…Respondent/s<lb/>
	BEFORE<lb/></extra>

	<judges>HON&apos;BLE MR. JUSTICE MV MURALIDARAN<lb/></judges>

	<document_type>ORDER<lb/></document_type>
	
<judgement_date>12.08.2022<lb/></judgement_date>

	<extra> [1] Heard</extra>
	
	<petitioner_lawyers>Ms. Rebati</petitioner_lawyers>
	
	<extra>, learned Jr. counsel to</extra>
	
	<petitioner_lawyers>Mr. Kh. Tarunkumar</petitioner_lawyers>
	
	<extra>, learned<lb/>
	counsel for the petitioner and</extra>

	<respondent_lawyers>Mr. Y. Ashang</respondent_lawyers>
	
	<extra>, learned Government
	Advocate for<lb/>
	the State respondents.<lb/>
	[2] Since no counter affidavit has been filed,</extra>

	<respondent_lawyers>Mr. Y. Ashang</respondent_lawyers>
	
	<extra>,
	learned<lb/>
	Government Advocate for the respondents seeks time for filing counter affidavit.<lb/>
	[3] Therefore, post this matter on 16.09.2022.<lb/>

	[4] Earlier interim order passed by this Court is extended till then.<lb/>
	Ab. Surjit<lb/>
	JUDGE<lb/>
	ABUJAM<lb/>
	SURJIT SINGH<lb/></extra>

		</front>
	</text>
</tei>
