<?xml version="1.0" ?>
<tei xml:space="preserve">
	<teiHeader>
		<fileDesc xml:id="10742225"/>
	</teiHeader>
	<text xml:lang="en">
		<front>
<lb/>
	<extra>Item No. 42<lb/> IN THE</extra>

	<court>HIGH COURT OF MANIPUR<lb/> AT IMPHAL<lb/></court>

	<case_numbers>WP(C) No. 591 of 2021<lb/></case_numbers>

	<petitioner>Yumkham Balleshwor Singh<lb/></petitioner>
	
	<extra>…Petitioner/s<lb/>
	Vs.<lb/></extra>

	<respondent>State of Manipur<lb/></respondent>
	
	<extra>…Respondent/s<lb/>
	B E F O R E<lb/></extra>

	<judges>HON&apos;BLE MR. JUSTICE AHANTHEM BIMOL SINGH<lb/></judges>

	<judgement_date>12-08-2022<lb/></judgement_date>

		</front>
	</text>
</tei>
