<?xml version="1.0" ?>
<tei xml:space="preserve">
	<teiHeader>
		<fileDesc xml:id="10742241"/>
	</teiHeader>
	<text xml:lang="en">
		<front>
<lb/>
	<extra>Item No. 36<lb/> IN
THE </extra>

	<court>HIGH COURT OF MANIPUR<lb/> AT IMPHAL<lb/></court>

	<case_numbers>WP(C) No.270 of 2022<lb/></case_numbers>

	<petitioner>Moirangthem Sushil Singh<lb/></petitioner>
	
	<extra>…Petitioner/s<lb/>
	-Versus -<lb/></extra>

	<respondent>State of Manipur and 2 Ors.<lb/></respondent>
	
	<extra>…Respondent/s<lb/>
	BEFORE<lb/></extra>

	<judges>HON&apos;BLE MR. JUSTICE MV MURALIDARAN<lb/></judges>

	<document_type>ORDER<lb/></document_type>

	<judgement_date>12.08.2022<lb/></judgement_date>
	
	<extra>[1] Heard</extra>

	<petitioner_lawyers>Mr. N. Bipin</petitioner_lawyers>
	
	<extra>, learned counsel for the petitioner and</extra>

	<respondent_lawyers>Mr. H. Samarjit,<lb/></respondent_lawyers>
	
	<extra>learned Government Advocate for the respondents.<lb/>
	[2] Since no counter affidavit has been filed,</extra>

	<respondent_lawyers>Mr. H. Samarjit</respondent_lawyers>
	
		<extra>,learned<lb/>
		Government Advocate for the respondents seeks time for filing counter affidavit.<lb/>
		[3]</extra>

	<respondent_lawyers>Mr. H. Samarjit</respondent_lawyers>
	
	<extra>,learned Government Advocate for the respondents<lb/>
	further represented that a similar matter in WP(C) No.80 of 2021 is posted on<lb/>
	22.08.2022. Therefore, this matter may be posted along with WP(C) No. 80 of<lb/>
	2021 on 22.08.2022.<lb/>
	[4] 
	Therefore, post this matter along with WP(C) No.80 of 2021 on<lb/>
	
	22.08.2022.<lb/>
	[5] Earlier interim order passed by this Court is extended till then.<lb/>
	Ab. Surjit<lb/>
	    
	 JUDGE<lb/> ABUJAM<lb/> SURJIT<lb/> SINGH<lb/></extra>

		</front>
	</text>
</tei>
