<?xml version="1.0" ?>
<tei xml:space="preserve">
	<teiHeader>
		<fileDesc xml:id="10741893"/>
	</teiHeader>
	<text xml:lang="en">
		<front>
<lb/>
	<extra>IN THE</extra>

	<court>HIGH COURT OF MANIPUR<lb/> AT IMPHAL<lb/></court>

	<case_numbers>WP(C) No. 64 of 2020<lb/></case_numbers>

	<petitioner>Khumanthem Jiten Singh<lb/></petitioner>
	
	<extra>…..Petitioner/s<lb/>
	-Versus -<lb/></extra>

	<respondent>The Manipur University &amp; 2 Ors.<lb/></respondent>
	
	<extra>.... Respondent/s<lb/>
	BEFORE<lb/></extra>

	<judges>HON&apos;BLE MR. JUSTICE AHANTHEM BIMOL SINGH<lb/></judges>

	<case_numbers>10.08.2022<lb/></case_numbers>

	<petitioner_lawyers>Mr. Phungyo Zingkhei</petitioner_lawyers>
	
	<extra>, learned counsel appearing for the<lb/></extra>

		</front>
	</text>
</tei>
