<?xml version="1.0" ?>
<tei xml:space="preserve">
	<teiHeader>
		<fileDesc xml:id="10742209"/>
	</teiHeader>
	<text xml:lang="en">
		<front>
<lb/>
	<extra>No. 17-19<lb/> IN THE</extra>

	<court>HIGH COURT OF MANIPUR<lb/> AT IMPHAL<lb/></court>

	<case_numbers>WP(C) No. 247 of 2019 With<lb/>
	WP(C) No. 1015 of 2018 With<lb/>
	WP(C) No. 1213 of 2018<lb/></case_numbers>

	<petitioner>Ningthoujam Renson Singh<lb/></petitioner>
	
	<extra>…..Petitioner/s<lb/>
	-Versus -<lb/>
	State of Manipur.<lb/>
	.... Respondent/s<lb/>
	BEFORE<lb/></extra>

	<judges>HON&apos;BLE MR. JUSTICE AHANTHEM BIMOL SINGH<lb/></judges>

	<judgement_date>12.08.2022<lb/></judgement_date>
	
	<extra>When the matters are taken up, an adjournment slip was placed<lb/></extra>

		</front>
	</text>
</tei>
