<?xml version="1.0" ?>
<tei xml:space="preserve">
	<teiHeader>
		<fileDesc xml:id="10742228"/>
	</teiHeader>
	<text xml:lang="en">
		<front>
<lb/>
	<extra>Item No. 41<lb/> IN THE</extra>

	<court>HIGH COURT OF MANIPUR<lb/> AT IMPHAL<lb/></court>

	<case_numbers>WP(C) No. 540 of 2021<lb/></case_numbers>

	<petitioner>Wahengbam Sanaton Meetei<lb/></petitioner>
	
	<extra>…Petitioner/s<lb/>
	Vs.<lb/></extra>

	<respondent>State Bank of India<lb/></respondent>
	
	<extra>…Respondent/s<lb/>
	B E F O R E<lb/> </extra>

	<judges>HON&apos;BLE MR. JUSTICE AHANTHEM BIMOL SINGH<lb/></judges>

		</front>
	</text>
</tei>
