<?xml version="1.0" ?>
<tei xml:space="preserve">
	<teiHeader>
		<fileDesc xml:id="10742216"/>
	</teiHeader>
	<text xml:lang="en">
		<front>
<lb/>
	<extra>IN. 80<lb/> IN THE</extra>

	<court>HIGH COURT OF MANIPUR<lb/> AT IMPHAL<lb/></court>

	<case_numbers>WP(C) No. 723 of 2021<lb/></case_numbers>

	<petitioner>Ningombam Puinabati Devi<lb/></petitioner>
	
	<extra>… Petitioner<lb/>
	Vs.<lb/></extra>

	<respondent>Thongram Ongbi Premeshwori Devi<lb/></respondent>
	
	<extra>… Respondent<lb/>
	B E F O R E<lb/></extra>

	<judges>HON&apos;BLE MR. JUSTICE AHANTHEM BIMOL SINGH<lb/></judges>

	<judgement_date>12-08-2022<lb/></judgement_date>
	
	<extra>Due to paucity of time, hearing of this case could not be<lb/> concluded today. Accordingly, list this case again on 16-08-2022. JUDGE<lb/>
	
	Devananda<lb/></extra>

		</front>
	</text>
</tei>
