<?xml version="1.0" ?>
<tei xml:space="preserve">
	<teiHeader>
		<fileDesc xml:id="10742237"/>
	</teiHeader>
	<text xml:lang="en">
		<front>
<lb/>
	<extra>Item No.62<lb/> IN THE</extra>

	<court>HIGH COURT OF MANIPUR<lb/> AT IMPHAL<lb/></court>

	<case_numbers>WP(C)No.308 of 2021<lb/></case_numbers>

	<petitioner>Sara Bibi<lb/></petitioner>
	
	<extra>…Petitioner/s<lb/>
	-Versus -<lb/></extra>

	<respondent>State of Manipur<lb/></respondent>
	
	<extra>…Respondent/s<lb/>
	BEFORE<lb/></extra>

	<judges>HON&apos;BLE MR. JUSTICE MV MURALIDARAN<lb/></judges>

	<document_type>ORDER<lb/></document_type>

		</front>
	</text>
</tei>
