<?xml version="1.0" ?>
<tei xml:space="preserve">
	<teiHeader>
		<fileDesc xml:id="10742252"/>
	</teiHeader>
	<text xml:lang="en">
		<front>
<lb/>
	<extra>IN THE </extra>

	<court>HIGH COURT OF MANIPUR<lb/> AT IMPHAL<lb/></court>

	<case_numbers>WP(C) No. 104 of 2018<lb/></case_numbers>

	<petitioner>W. Pradipchandra Singh<lb/></petitioner>
	
	<extra>…..Petitioner/s<lb/>
	-Versus -<lb/></extra>
	
	<respondent>Union of India &amp; 2 Ors.<lb/></respondent>
	
	<extra>.... Respondent/s<lb/>
	BEFORE<lb/></extra>

	<judges>HON&apos;BLE MR. JUSTICE AHANTHEM BIMOL SINGH<lb/></judges>

		<judgement_date>08.2022<lb/></judgement_date>

	<extra>[1] Heard</extra>

	<petitioner_lawyers>Mr. Th. Lupenjit</petitioner_lawyers>
	
	<extra>, learned counsel appearing for the<lb/></extra>

		</front>
	</text>
</tei>
