<?xml version="1.0" ?>
<tei xml:space="preserve">
	<teiHeader>
		<fileDesc xml:id="10742214"/>
	</teiHeader>
	<text xml:lang="en">
		<front>
<lb/>
	<extra>Item No. 48<lb/> IN THE</extra>

	<court>HIGH COURT OF MANIPUR<lb/> AT IMPHAL<lb/></court>

	<case_numbers>WP(C) No.791 of 2016<lb/></case_numbers>

	<petitioner>M. Kanta Singh<lb/></petitioner>
	
	<extra>…Petitioner/s<lb/>
	-Versus -<lb/></extra>

	<respondent>State of Manipur and 4 Ors.<lb/></respondent>
	
	<extra>…Respondent/s<lb/>
	BEFORE<lb/></extra>

	<judges>HON&apos;BLE MR. JUSTICE MV MURALIDARAN<lb/></judges>

	<document_type>ORDER<lb/></document_type>

	<judgement_date>12.08.2022<lb/></judgement_date>
	
	<extra>[1] Heard</extra>
	
	<petitioner_lawyers>Mr. Rendy</petitioner_lawyers>
	
	<extra>, learned Jr. counsel to</extra>
	
	<petitioner_lawyers>Mr. M. Hemchandra</petitioner_lawyers>
	
	<extra>, learned<lb/>
	senior counsel for the petitioner and</extra>

	<respondent_lawyers>Mrs. Ch. Sundari</respondent_lawyers>
	
		<extra>,learned Government<lb/>
		Advocate for the respondents.<lb/>
		[2] Since no counter affidavit has been filed by respondents,</extra>

	<respondent_lawyers>Mrs. Ch.<lb/> Sundari</respondent_lawyers>
	
	<extra>,learned Government Advocate for the respondents seeks further time<lb/>
	to file counter affidavit.<lb/>
	[3] Therefore, post this matter on 20.09.2022 finally.<lb/>
	[4] No further adjournment will be granted under any circumstances.<lb/>

	Ab. Surjit
	
	 JUDGE<lb/></extra>

		</front>
	</text>
</tei>
