<?xml version="1.0" ?>
<tei xml:space="preserve">
	<teiHeader>
		<fileDesc xml:id="10742205"/>
	</teiHeader>
	<text xml:lang="en">
		<front>
<lb/>
	<extra>Item -23<lb/> IN THE</extra>

	<court>HIGH COURT OF MANIPUR<lb/> AT IMPHAL<lb/></court>

	<case_numbers>CONT CAS(C)/21/2020<lb/></case_numbers>

	<extra>Ref:-</extra>

	<case_numbers>W.P.(C)No.947 of 2017<lb/></case_numbers>

	<petitioner>RFN/GD NO. 5003880F LOUREMBAM BOBO SINGH<lb/></petitioner>
	
	<extra>…. Petitioner/s<lb/>
	-Versus -<lb/></extra>

	<respondent>AJAY KUMAR BHALLA<lb/></respondent>
	
	<extra>.... Respondent/s<lb/>
	BEFORE<lb/></extra>

	<judges>HON&apos;BLE MR. JUSTICE MV MURALIDARAN<lb/></judges>

	<judgement_date>12.08.2022<lb/></judgement_date> 
	
	<extra>Heard</extra>

	<petitioner_lawyers>Ms. Sillori</petitioner_lawyers>
	
	<extra>, learned counsel for the petitioner and</extra>

	<respondent_lawyers>Mr.<lb/> Paikhomba</respondent_lawyers>
	
	<extra>, learned junior counsel to</extra>

	<respondent_lawyers>Mr. Kh. Samarjit</respondent_lawyers>
	
	<extra>, learned ASG for the<lb/> Respondents.<lb/> [2]</extra>

	<respondent_lawyers>Mr. Paikhomba</respondent_lawyers>
	
	<extra>, learned junior counsel to</extra>

	<respondent_lawyers>Mr. Kh. Samarjit</respondent_lawyers>
	
	<extra>, learned<lb/>
ASG represented that the Respondents have filed a writ appeal along with a<lb/></extra>

		</front>
	</text>
</tei>
