<?xml version="1.0" ?>
<tei xml:space="preserve">
	<teiHeader>
		<fileDesc xml:id="10742184"/>
	</teiHeader>
	<text xml:lang="en">
		<front>
<lb/>
	<extra>IN THE</extra>

	<court>HIGH COURT OF MANIPUR<lb/> AT IMPHAL<lb/></court>

	<case_numbers>WA No. 36 of 2022<lb/></case_numbers>

	<petitioner>Union of India; &amp; Ors.</petitioner>
	
	<extra>Appellants<lb/>
	Vs.<lb/></extra>

	<respondent>P.S. Maheka Anal<lb/></respondent>
	
	<extra>Respondent<lb/>
	With<lb/></extra>
	
	<case_numbers>MC (WA) No. 80 of 2022<lb/></case_numbers>
	
	<extra>BEFORE<lb/></extra>

	<judges>HON&apos;BLE THE CHIEF JUSTICE MR. SANJAY KUMAR<lb/>
	HON&apos;BLE MR. JUSTICE MV MURALIDARAN<lb/></judges>
	
	<judgement_date>12.08.2022.<lb/></judgement_date>


	<extra> Sanjay Kumar (C.J.):</extra>

		</front>
	</text>
</tei>
