<?xml version="1.0" ?>
<tei xml:space="preserve">
	<teiHeader>
		<fileDesc xml:id="10742200"/>
	</teiHeader>
	<text xml:lang="en">
		<front>
<lb/>
	<extra>IN. 78 &amp; 79<lb/> IN THE</extra>

	<court>HIGH COURT OF MANIPUR<lb/> AT IMPHAL<lb/></court>

	<case_numbers>MC(Cont. Case (C)) No. 97 of 2022<lb/></case_numbers>

	<petitioner>Soraisham Joychandra Singh<lb/></petitioner>
	
	<extra>… Applicant<lb/>
	Vs.<lb/></extra>

	<respondent>Rajkumar Sunanda Singh &amp; anr.<lb/></respondent>
	
	<extra>… Respondents<lb/>
	With<lb/></extra>

	<case_numbers>Cont. Case (C) No. 84 of 2022<lb/></case_numbers>

	<extra>B E F O R E<lb/></extra>

	<judges>HON&apos;BLE MR. JUSTICE AHANTHEM BIMOL SINGH<lb/></judges>

	<judgement_date>12-08-2022<lb/></judgement_date>
	
	<extra>On the joint prayer made by the counsel appearing for the<lb/> parties, list these cases again on 16-08-2022.<lb/>
	JUDGE<lb/>
	Devananda<lb/></extra>

		</front>
	</text>
</tei>
