<?xml version="1.0" ?>
<tei xml:space="preserve">
	<teiHeader>
		<fileDesc xml:id="10742202"/>
	</teiHeader>
	<text xml:lang="en">
		<front>
<lb/>
	<extra>Item No. 30<lb/> IN THE</extra>

	<court>HIGH COURT OF MANIPUR<lb/> AT IMPHAL<lb/></court>

	<case_numbers>CONT.CAS(C) No.60 of 2022<lb/></case_numbers>

	<petitioner>Loijing Loya Leishemba Lup</petitioner>
	
	<extra>and</extra>
	
	<petitioner>4 Ors<lb/></petitioner>
	
	<extra>…Petitioner/s<lb/>
	-Versus -<lb/></extra>
	
	<respondent>N. Geoffrey, IAS</respondent> 
	
	<extra>and</extra>
	
	<respondent>3 Ors.<lb/></respondent>
	
	<extra>…Respondent/s<lb/>
	BEFORE<lb/></extra>

	<judges>HON&apos;BLE MR. JUSTICE MV MURALIDARAN<lb/></judges>

	<document_type>ORDER<lb/></document_type>
	
	<judgement_date>12.08.2022<lb/></judgement_date>

	<extra>[1] Heard</extra>

	<petitioner_lawyers>Ms. L. Sillori</petitioner_lawyers>
	
	<extra>, learned counsel for the petitioner and</extra>

	<respondent_lawyers>Mr. K.<lb/> Modhusundon</respondent_lawyers>
	
	<extra>, learned counsel for the respondents<lb/>
	[2] Reserved for orders.<lb/></extra>

	<judges>Ab. Surjit<lb/></judges>
	
	<extra>JUDGE<lb/>
	ABUJAM<lb/>
	SURJIT SINGH</extra>

		</front>
	</text>
</tei>
