<?xml version="1.0" ?>
<tei xml:space="preserve">
	<teiHeader>
		<fileDesc xml:id="10742254"/>
	</teiHeader>
	<text xml:lang="en">
		<front>
<lb/>
	<extra>Item No. 31<lb/> IN THE</extra>

	<court> HIGH COURT OF MANIPUR<lb/> AT IMPHAL<lb/></court>

	<case_numbers>WP(C) No.80 of 2022<lb/></case_numbers>

	<petitioner>L. Rajen Singh<lb/></petitioner>
	
	<extra>…Petitioner/s<lb/>
	-Versus -<lb/></extra>

	<respondent>State of Manipur</respondent>
	
	<extra>and</extra>
	
	<respondent>Anr.<lb/></respondent>
	
	<extra>…Respondent/s<lb/>
	BEFORE<lb/></extra>

	<judges>HON&apos;BLE MR. JUSTICE MV MURALIDARAN<lb/></judges>

	<document_type>ORDER<lb/></document_type>

	<judgement_date>12.08.2022<lb/></judgement_date>
	
	<extra>[1]
	Heard </extra>

	<respondent_lawyers>Mrs. G. Pushpa</respondent_lawyers>
	
	<extra>, learned counsel for the petitioner and</extra>

	<respondent_lawyers>Mrs. Ch.<lb/> Sundari</respondent_lawyers>
	
	<extra>,
	learned Government Advocate for the respondents.<lb/>
	[2]
Since no counter affidavit has been filed,</extra>

<respondent_lawyers>Mrs. Ch. Sundari,</respondent_lawyers>

	<extra>learned<lb/>
	Government Advocate for the respondents seeks further time for filing counter<lb/>
	affidavit.<lb/>
	[3]
	Therefore, post this matter on 16.09.2022 finally for filing counter<lb/>
	affidavit.<lb/>
	[4]
	No further adjournment will be granted under any circumstances.<lb/>
	
	Ab. Surjit<lb/>
	
	JUDGE<lb/>
	ABUJAM<lb/> SURJIT SINGH<lb/></extra>
		</front>
	</text>
</tei>
