<?xml version="1.0" ?>
<tei xml:space="preserve">
	<teiHeader>
		<fileDesc xml:id="10742186"/>
	</teiHeader>
	<text xml:lang="en">
		<front>
<lb/>
	<extra>Item -50<lb/> IN THE</extra>

	<court>HIGH COURT OF MANIPUR<lb/> AT IMPHAL<lb/></court>

	<case_numbers>WP(C)/62/2018<lb/></case_numbers>

	<petitioner>MD BABU<lb/></petitioner>
	
	<extra>…. Petitioner/s<lb/>
	-Versus -<lb/></extra>

	<respondent>STATEOF MANIPUR<lb/></respondent>
	
	<extra>.... Respondent/s<lb/>
	BEFORE<lb/></extra>

	<judges>HON&apos;BLE MR. JUSTICE MV MURALIDARAN<lb/></judges>

	<judgement_date>11.08.2022<lb/></judgement_date>
	
	<extra>Due to paucity of time, post this matter on 23.08.2022.<lb/>
	JUDGE<lb/>
	
	-Larson</extra>

		</front>
	</text>
</tei>
