<?xml version="1.0" ?>
<tei xml:space="preserve">
	<teiHeader>
		<fileDesc xml:id="10742219"/>
	</teiHeader>
	<text xml:lang="en">
		<front>
<lb/>
	<extra>Supp. IN. 1<lb/> IN THE</extra>

	<court>HIGH COURT OF MANIPUR<lb/> AT IMPHAL<lb/></court>

	<case_numbers>WP(C) No. 657 of 2022<lb/></case_numbers>

	<petitioner>Dr. Nimaichand Luwang<lb/></petitioner>
	
	<extra>… Petitioner<lb/>
	Vs.<lb/></extra>

	<respondent>State of Manipur &amp; anr.<lb/></respondent>
	
	<extra>… Respondents<lb/>
	B E F O R E<lb/></extra>

	<judges>HON&apos;BLE MR. JUSTICE AHANTHEM BIMOL SINGH<lb/></judges>
	
	<judgement_date>12-08-2022<lb/></judgement_date>

	<extra>Due to paucity of time, hearing of this case could not be taken up<lb/>
	today.<lb/></extra>

		</front>
	</text>
</tei>
