<?xml version="1.0"?>
<tei xml:space="preserve">
	<teiHeader>
		<fileDesc xml:id="1084257" />
	</teiHeader>
	<text xml:lang="en">
		<front>
			<extra>
				IN THE
			</extra>
			<court>
				HIGH COURT OF HIMACHAL PRADESH, SHIMLA.
				<lb />
			</court>
			<case_numbers>
				CWP No. 1732/2010 along
				<lb />
				with
				<lb />
				CWP
				<lb />
				Nos.1885/2010
				<lb />
				7033/2010, 4665/2013 and
				<lb />
				4675/2013 &amp; 4723/2013
				<lb />
			</case_numbers>
			<extra>
				Reserved on:
				
				6.12.2013
				<lb />
			</extra>
			<extra>
				Decided on:
			</extra>
			<judgement_date>
				26.12.2013
			</judgement_date>
			<extra>
				______________________________________________________________
				<lb />
			</extra>
			<case_numbers>
				1.
				<lb />
				CWP No.1732/2010
				<lb />
			</case_numbers>
			<petitioner>
				Sanjeev Kumar
				<lb />
			</petitioner>
			<extra>
				….Petitioner
				<lb />
				Vs.
				<lb />
			</extra>
			<respondent>
				State of H.P. and ors.
				<lb />
			</respondent>
			<extra>
				…..Respondents
				<lb />
			</extra>
			<case_numbers>
				2.
				<lb />
				CWP No.1885/2010
				<lb />
			</case_numbers>
			<petitioner>
				Sanjeev Kumar
				<lb />
			</petitioner>
			<extra>
				….Petitioner
				<lb />
				Vs.
				<lb />
			</extra>
			<respondent>
				State of H.P. and ors.
				<lb />
			</respondent>
			<extra>
				….Respondents
				<lb />
			</extra>
			<case_numbers>
				3.
				<lb />
				CWP No.7033/2010
				<lb />
			</case_numbers>
			<petitioner>
				Reeta Devi
				<lb />
			</petitioner>
			<extra>
				….Petitioner
				<lb />
				Vs.
				<lb />
			</extra>
			<respondent>
				State of H.P. and ors.
			</respondent>
			<extra>
				…Respondents
				<lb />
			</extra>
			<case_numbers>
				4.
				<lb />
				CWP No.4665/2013
				<lb />
			</case_numbers>
			<petitioner>
				Haroli Block Industries Association
				<lb />
			</petitioner>
			<extra>
				….Petitioner
				<lb />
				Vs.
				<lb />
			</extra>
			<respondent>
				State of H.P. and ors.
			</respondent>
			<extra>
				…Respondents
				<lb />
			</extra>
			<case_numbers>
				5.
				<lb />
				CWP No.4675/2013
				<lb />
			</case_numbers>
			<petitioner>
				Indian Biscuit Manufacture&apos;s Association
				<lb />
			</petitioner>
			<extra>
				….Petitioner
				<lb />
				Vs.
				<lb />
			</extra>
			<respondent>
				State of H.P. and ors.
			</respondent>
			<extra>
				…Respondents
				<lb />
			</extra>
			<case_numbers>
				6.
				<lb />
				CWP No.4723/2013
				<lb />
			</case_numbers>
			<petitioner>
				Sanyukt Vyapar Mandal and anr.
				<lb />
			</petitioner>
			<extra>
				….Petitioners
				<lb />
				Vs.
				<lb />
			</extra>
			<respondent>
				State of H.P. and ors. …Respondents
				<lb />
			</respondent>
			<extra>
				------------------------------------------------------------------------------
				<lb />
				Coram:
				<lb />
				The
			</extra>
			<judges>
				Hon&apos;ble Mr. Justice Rajiv Sharma
			</judges>
			<extra>
				, Judge.
				<lb />
				The
			</extra>
			<judges>
				Hon&apos;ble Mr. Justice V.K. Sharma, Judge.
				<lb />
			</judges>
			<notes>
				Whether approved for reporting? 1 Yes
				<lb />
			</notes>
			<extra>
				______________________________________________________________
				<lb />
			</extra>
			<extra>
				For the petitioners:
				<lb />
			</extra>
			<petitioner_lawyers>
				Mr. Ajay Mohan Goel and Mr. Karan
				<lb />
				Singh Kanwar
			</petitioner_lawyers>
			<extra>
				, Advocates, for the
				<lb />
				petitioner(s) in CWPs No. 1732 of 2010
				<lb />
				and CWP No. 1885 of 2010.
				<lb />
			</extra>
			<petitioner_lawyers>
				Mr. Ajay Sharma
			</petitioner_lawyers>
			<extra>
				, Advocate, for the
				<lb />
				petitioner in CWP No. 7033 of 2010.
				<lb />
			</extra>
			<petitioner_lawyers>
				Mr. Janesh Gupta
			</petitioner_lawyers>
			<extra>
				, Advocate, for the
				<lb />
				petitioner in CWP No. 4665 of 2013.
				<lb />
			</extra>
			<petitioner_lawyers>
				Mr. Ajay Vaidya
			</petitioner_lawyers>
			<extra>
				, Advocate, for the
				<lb />
				petitioner in CWP No. 4675 of 2013.
				<lb />
			</extra>
			<petitioner_lawyers>
				Mr. R.L. Sood, Senior Advocate with
				<lb />
				M/s Arjun K. Lall, Janesh Gupta and
				<lb />
				Vishwa Bhushan
			</petitioner_lawyers>
			<extra>
				, Advocates, for the
				<lb />
				petitioners in CWP No. 4723 of 2013.
				<lb />
				For the respondents:
				<lb />
			</extra>
			<respondent_lawyers>
				Mr. Shrawan Dogra
			</respondent_lawyers>
			<extra>
				, Advocate General
				<lb />
				with
			</extra>
			<respondent_lawyers>
				Mr. M.A. Khan
			</respondent_lawyers>
			<extra>
				, Additional 1
				<lb />
			</extra>
			<notes>
				Whether the reporters of the local papers may be allowed to see the judgment?Yes
			</notes>
			<extra>
				Advocate General,
			</extra>
			<respondent_lawyers>
				Mr. Vivek Singh
				<lb />
				Attri, Deputy Advocate General and
				<lb />
				Mr. Ramesh Thakur
			</respondent_lawyers>
			<extra>
				, Assistant
				<lb />
				Advocate General
				
				, for the respondentState (in all the petitions).
				<lb />
			</extra>
			<respondent_lawyers>
				Ms. Bhawna Dutta
			</respondent_lawyers>
			<extra>
				, Advocate, for
				<lb />
				respondent No. 2 in CWP No. 1732 of
				<lb />
				2010.
				<lb />
			</extra>
			<respondent_lawyers>
				Mr. Vivek Thakur
			</respondent_lawyers>
			<extra>
				, Advocate, for
				<lb />
				respondent No. 3 in CWP No. 1885 of
				<lb />
				2010.
				<lb />
			</extra>
			<respondent_lawyers>
				Mr. R.L. Sood, Senior Advocate with
				<lb />
				Mr. Arjun Lall
			</respondent_lawyers>
			<extra>
				, Advocate, for the
				<lb />
				intervener in CWP No. 1885 of 2010.
				<lb />
			</extra>
			<respondent_lawyers>
				Mr. Sandeep Sharma
			</respondent_lawyers>
			<extra>
				, Assistant
				<lb />
				Solicitor General of India, for Union of
				<lb />
				India in CWP Nos 1885 of 2010, CWP
				<lb />
				No. 4665 of 2013 and 4675 of 2013.
				<lb />
			</extra>
			<extra>
				---------------------------------------------------------------------------------------
				<lb />
			</extra>
			<extra>
				Per Rajiv Sharma, Judge:
				<lb />
			</extra>
		</front>
	</text>
</tei>
