<?xml version="1.0"?>
<tei xml:space="preserve">
	<teiHeader>
		<fileDesc xml:id="1084249" />
	</teiHeader>
	<text xml:lang="en">
		<front>
			<lb />
			<extra>
				IN THE
			</extra>
			<court>
				HIGH COURT OF HIMACHAL PRADESH, SHIMLA.
				<lb />
			</court>
			<case_numbers>
				CWP No. 1732/2010 along
				<lb />
				with
				<lb />
				CWP
				<lb />
				Nos.
			</case_numbers>
			<case_numbers>
				1885/2010
				<lb />
				7033/2010, 4665/2013 and
				<lb />
				4675/2013 &amp; 4723/2013
				<lb />
			</case_numbers>
			<extra>
				Reserved on:
			</extra>
			<judgement_date>
				6.12.2013
				<lb />
			</judgement_date>
			<extra>
				Decided on:
			</extra>
			<judgement_date>
				26.12.2013
				<lb />
			</judgement_date>
			<extra>
				______________________________________________________________
			</extra>
			<case_numbers>
				1.
				<lb />
				CWP No.1732/2010
				<lb />
			</case_numbers>
			<petitioner>
				Sanjeev Kumar
				<lb />
			</petitioner>
			<extra>
				….Petitioner
				<lb />
			</extra>
			<extra>
				Vs.
				<lb />
			</extra>
			<respondent>
				State of H.P. and ors.
				<lb />
			</respondent>
			<extra>
				…..Respondents
				<lb />
			</extra>
			<case_numbers>
				2.
				<lb />
				CWP No.1885/2010
				<lb />
			</case_numbers>
			<petitioner>
				Sanjeev Kumar
				<lb />
			</petitioner>
			<extra>
				….Petitioner
				<lb />
			</extra>
			<extra>
				Vs.
				<lb />
			</extra>
			<respondent>
				State of H.P. and ors.
				<lb />
			</respondent>
			<extra>
				….Respondents
				<lb />
			</extra>
			<case_numbers>
				3.
				<lb />
				CWP No.7033/2010
				<lb />
			</case_numbers>
			<petitioner>
				Reeta Devi
				<lb />
			</petitioner>
			<extra>
				….Petitioner
				<lb />
				Vs.
				<lb />
			</extra>
			<respondent>
				State of H.P. and ors.
				<lb />
			</respondent>
			<extra>
				…Respondents
			</extra>
			<case_numbers>
				4.
				<lb />
				CWP No.4665/2013
				<lb />
			</case_numbers>
			<petitioner>
				Haroli Block Industries Association
				<lb />
			</petitioner>
			<extra>
				….Petitioner
				<lb />
			</extra>
			<extra>
				Vs.
				<lb />
			</extra>
			<respondent>
				State of H.P. and ors.
				<lb />
			</respondent>
			<extra>
				…Respondents
			</extra>
			<case_numbers>
				5.
				<lb />
				CWP No.4675/2013
				<lb />
			</case_numbers>
			<petitioner>
				Indian Biscuit Manufacture&apos;s Association
				<lb />
			</petitioner>
			<extra>
				….Petitioner
				<lb />
				Vs.
				<lb />
			</extra>
			<respondent>
				State of H.P. and ors. …Respondents
				<lb />
			</respondent>
			<case_numbers>
				6.
				<lb />
				CWP No.4723/2013
				<lb />
			</case_numbers>
			<petitioner>
				Sanyukt Vyapar Mandal and anr.
				<lb />
			</petitioner>
			<extra>
				….Petitioners
				<lb />
				Vs.
				<lb />
			</extra>
			<respondent>
				State of H.P. and ors. …Respondents
				<lb />
			</respondent>
			<extra>
				------------------------------------------------------------------------------
				<lb />
			</extra>
			<extra>
				Coram:
				<lb />
				The
			</extra>
			<judges>
				Hon&apos;ble Mr. Justice Rajiv Sharma
			</judges>
			<extra>
				, Judge.
				<lb />
				The
			</extra>
			<judges>
				Hon&apos;ble Mr. Justice V.K. Sharma, Judge.
				<lb />
			</judges>
			<notes>
				Whether approved for reporting? 1 Yes
				<lb />
				______________________________________________________________
				<lb />
			</notes>
			<extra>
				For the petitioners:
				<lb />
			</extra>
			<petitioner_lawyers>
				Mr. Ajay Mohan Goel and Mr. Karan
				<lb />
				Singh Kanwar
			</petitioner_lawyers>
			<extra>
				, Advocates, for the
				<lb />
				petitioner(s) in CWPs No. 1732 of 2010
				<lb />
				and CWP No. 1885 of 2010.
				<lb />
			</extra>
			<petitioner_lawyers>
				Mr. Ajay Sharma
			</petitioner_lawyers>
			<extra>
				, Advocate, for the
				<lb />
				petitioner in CWP No. 7033 of 2010.
				<lb />
			</extra>
			<petitioner_lawyers>
				Mr. Janesh Gupta
			</petitioner_lawyers>
			<extra>
				, Advocate, for the
				<lb />
				petitioner in CWP No. 4665 of 2013.
				<lb />
			</extra>
			<petitioner_lawyers>
				Mr. Ajay Vaidya
			</petitioner_lawyers>
			<extra>
				, Advocate, for the
				<lb />
				petitioner in CWP No. 4675 of 2013.
				<lb />
			</extra>
			<petitioner_lawyers>
				Mr. R.L. Sood, Senior Advocate with
				<lb />
				M/s Arjun K. Lall, Janesh Gupta and
				<lb />
				Vishwa Bhushan
			</petitioner_lawyers>
			<extra>
				, Advocates, for the
				<lb />
				petitioners in CWP No. 4723 of 2013.
				<lb />
			</extra>
			<extra>
				For the respondents:
				<lb />
			</extra>
			<respondent_lawyers>
				Mr. Shrawan Dogra
			</respondent_lawyers>
			<extra>
				,
				Advocate General
				<lb />
				with
			</extra>
			<respondent_lawyers>
				Mr. M.A. Khan
			</respondent_lawyers>
		</front>
	</text>
</tei>
