<?xml version="1.0"?>
<tei xml:space="preserve">
	<teiHeader>
		<fileDesc xml:id="109872" />
	</teiHeader>
	<text xml:lang="en">
		<front>
			<court>
				IN THE HIGH COURT OF JUDICATURE AT BOMBAY
			</court>
			<extra>
				CIVIL APPELLATE JURISDICTION
				<lb />
			</extra>
			<case_numbers>
				WRIT PETITION NO. 12156 OF 2019
				<lb />
			</case_numbers>
			<petitioner>
				Hanuman Nagar ( Jogeshwari) SRA CHS (Prop.) )
				<lb />
				Through its Chairman -Anant Madhukar Naik, )
				<lb />
			</petitioner>
			<extra>
				Having its address at CTS No. 231 (pt.), 268 &amp; 268 (1))
				<lb />
				of village Mogra, Hanuman Nagar, Natwar Nagar )
				<lb />
				Road No. 5, P.P. Dias Compound, Jogeshwari (East), )
				<lb />
				Mumbai -400 060
				<lb />
				)
			</extra>
			<extra>
				… Petitioner
				<lb />
			</extra>
			<extra>
				Versus
				<lb />
			</extra>
			<extra>
				1.
			</extra>
			<respondent>
				M/s. Kanchi Builders &amp; Developers,
			</respondent>
			<extra>
				)
				<lb />
				Having its ofce at A, 202, Gogift, Adarsh Vihar )
				<lb />
				Complex, Of. Marve, Malad (West), )
				<lb />
				Mumbai -400 064 )
				<lb />
			</extra>
			<extra>
				2.
			</extra>
			<respondent>
				Slum Rehabilitation Authority
				<lb />
			</respondent>
			<extra>
				, )
				<lb />
				Administrative Building, Prof. Anant Kanekar Marg, )
				<lb />
				Bandra (East), Mumbai -400 051 )
			</extra>
			<extra>
				3.
			</extra>
			<respondent>
				The Apex Grievance Redressal Committee
			</respondent>
			<extra>
				, )
				<lb />
				Government of Maharashtra, )
				<lb />
				Old Custom House, Mumbai.
				<lb />
				)
				<lb />
			</extra>
			<extra>
				… Respondents
			</extra>
			<lb />
			<extra>
				ALONG WITH
				<lb />
			</extra>
			<case_numbers>
				INTERIM APPLICATION (L) NO.96210 OF 2020
				<lb />
			</case_numbers>
			<petitioner_lawyers>
				Mr.D.Nalawade
			</petitioner_lawyers>
			<extra>
				i/b.
			</extra>
			<petitioner_lawyers>
				Mr. Anil Mishra
			</petitioner_lawyers>
			<extra>
				for the Petitioner.
				<lb />
			</extra>
			<respondent_lawyers>
				Mr.Jayesh Bhatt
			</respondent_lawyers>
			<extra>
				for Respondent No. 1.
				<lb />
			</extra>
			<respondent_lawyers>
				Mr.Anoop Patil
			</respondent_lawyers>
			<extra>
				for Respondent No. 2
				<lb />
			</extra>
			<respondent_lawyers>
				Mr.P.K.Dhakephalkar
			</respondent_lawyers>
			<extra>
				, Sr. Adv. a/w.
			</extra>
			<respondent_lawyers>
				Mr. J.G.Aradwad (Reddy)
			</respondent_lawyers>
			<extra>
				for Respondent No. 3.
			</extra>
			<extra>
				CORAM :
			</extra>
			<judges>
				S.J.KATHAWALLA, &amp;
				<lb />
				R.I.CHAGLA, JJ.
				<lb />
			</judges>
			<extra>
				RESERVED ON :
				
				15TH DECEMBER, 2020
				<lb />
			</extra>
			<extra>
				PRONOUNCED ON :
			</extra>
			<judgement_date>
				29TH APRIL, 2021
				<lb />
			</judgement_date>
			<extra>
				(THOUGH VIDEO CONFERENCING)
				<lb />
			</extra>
			<extra>
				ORAL
			</extra>
			<document_type>
				JUDGMENT
			</document_type>
			<extra>
				(PER S.J. KATHAWALLA, J.) :
			</extra>
		</front>
	</text>
</tei>
