<?xml version="1.0"?>
<tei xml:space="preserve">
	<teiHeader>
		<fileDesc xml:id="110461" />
	</teiHeader>
	<text xml:lang="en">
		<front>
			<extra>
				IN THE
			</extra>
			<court>
				HIGH COURT OF JUDICATURE AT BOMBAY
				<lb />
			</court>
			<extra>
				ORDINARY ORIGINAL CIVIL JURISDICTION
				<lb />
			</extra>
			<case_numbers>
				CUSTOMS APPEAL NO.45 OF 2013
				<lb />
			</case_numbers>
			<petitioner>
				Commissioner of Customs (Export)
				<lb />
			</petitioner>
			<extra>
				,
				<lb />
				having office at Jawaharlal Nehru Customs House,
				<lb />
				Nhava Sheva, District -Raigad
			</extra>
			<extra>
				)
				<lb />
				)
				<lb />
				) ….Appellant
				<lb />
			</extra>
			<extra>
				V/s.
				<lb />
			</extra>
			<respondent>
				Reliance Industries Limited
				<lb />
			</respondent>
			<extra>
				having office at Maker Chamber -IV, 3 rd Floor,
				<lb />
				Nariman Point, Mumbai -400 021
				<lb />
			</extra>
			<extra>
				)
				<lb />
				)
				<lb />
				) ….Respondent
				<lb />
				----
				<lb />
			</extra>
			<petitioner_lawyers>
				Ms. P.S. Cardozo a/w. Ms. Maya Majumdar
				<lb />
			</petitioner_lawyers>
			<extra>
				for appellant.
				<lb />
			</extra>
			<respondent_lawyers>
				Mr. Rafique Dada
			</respondent_lawyers>
			<extra>
				, Senior Advocate a/w.
			</extra>
			<respondent_lawyers>
				Mr. Jaydeep Patel, Mr. Zubair Dada,
				<lb />
				Ms. Shilpa Balani and Ms. Parnari Shingala i/b. A.S. Dayal
			</respondent_lawyers>
			<extra>
				and Associates for
				<lb />
				respondent.
				<lb />
			</extra>
			<extra>
				----
				<lb />
			</extra>
			<extra>
				CORAM :
			</extra>
			<judges>
				K.R. SHRIRAM &amp; AMIT B. BORKAR, JJ.
				<lb />
			</judges>
			<extra>
				RESERVED ON :
				
				9 th DECEMBER 2021
				<lb />
			</extra>
			<extra>
				PRONOUNCED ON :
			</extra>
			<judgement_date>
				20 th DECEMBER 2021
				<lb />
			</judgement_date>
			<extra>
				ORAL
			</extra>
			<document_type>
				JUDGMENT
			</document_type>
			<extra>
				: (PER K.R. SHRIRAM, J.)
			</extra>
		</front>
	</text>
</tei>
