<?xml version="1.0"?>
<tei xml:space="preserve">
	<teiHeader>
		<fileDesc xml:id="1117265" />
	</teiHeader>
	<text xml:lang="en">
		<front>
			<extra>
				IN THE
				<lb />
			</extra>
			<court>
				HIGH COURT OF HIMACHAL PRADESH, SHIMLA
				<lb />
			</court>
			<case_numbers>
				CWP No. 4621 of 2011
				<lb />
			</case_numbers>
			<extra>
				Reserved on : 23.12.2015
				<lb />
			</extra>
			<extra>
				Date of decision
			</extra>
			<judgement_date>
				28.12.2015
				<lb />
			</judgement_date>
			<extra>
				______________________________________________________________________
				<lb />
			</extra>
			<petitioner>
				Union of India and another
				<lb />
			</petitioner>
			<extra>
				……Petitioners.
				<lb />
				Vs.
				<lb />
			</extra>
			<respondent>
				Shankar Lal Sharma
				<lb />
			</respondent>
			<extra>
				…..Respondent. Coram
				<lb />
				The
			</extra>
			<judges>
				Hon&apos;ble Mr. Justice Rajiv Sharma
			</judges>
			<extra>
				, Judge
				<lb />
				The
			</extra>
			<judges>
				Hon&apos;ble Mr. Justice Sureshwar Thakur
			</judges>
			<extra>
				, Judge
				<lb />
			</extra>
			<notes>
				Whether approved for reporting? 1 Yes.
				<lb />
				For the petitioners:
				<lb />
			</notes>
			<petitioner_lawyers>
				Mr. Angrez Kapoor
			</petitioner_lawyers>
			<extra>
				, Advocate, vice
			</extra>
			<petitioner_lawyers>
				Mr.
				<lb />
				Ashok
				<lb />
				Sharma
			</petitioner_lawyers>
			<extra>
				,
				<lb />
				Assistant
				<lb />
				Solicitor
				<lb />
				General of India.
				<lb />
			</extra>
			<extra>
				For the respondent:
				<lb />
			</extra>
			<respondent_lawyers>
				Mr. Ravinder N. Sharma and Mr. Pawan
				<lb />
				Gautam
			</respondent_lawyers>
			<extra>
				, Advocates.
				<lb />
			</extra>
			<extra>
				Rajiv Sharma,
				J.:
				<lb />
			</extra>
		</front>
	</text>
</tei>
