<?xml version="1.0"?>
<tei xml:space="preserve">
	<teiHeader>
		<fileDesc xml:id="11363" />
	</teiHeader>
	<text xml:lang="en">
		<front>
			<extra>
				IN THE
			</extra>
			<court>
				HIGH COURT OF DELHI AT NEW DELHI
				<lb />
			</court>
			<extra>
				%
				<lb />
			</extra>
			<extra>
				Decided on:
			</extra>
			<judgement_date>
				29.01.2020
				<lb />
			</judgement_date>
			<extra>
				+
				<lb />
			</extra>
			<case_numbers>
				W.P.(C) 1125/2020 &amp; CM APPL. 3733/2020
				<lb />
			</case_numbers>
			<petitioner>
				NEERAJ KASHYAP
				<lb />
			</petitioner>
			<extra>
				..... Petitioner
				<lb />
			</extra>
			<extra>
				Through:
				<lb />
			</extra>
			<petitioner_lawyers>
				Mr. Sarfaraz Khan
				<lb />
			</petitioner_lawyers>
			<extra>
				, Advocate.
				<lb />
			</extra>
			<extra>
				versus
				<lb />
			</extra>
			<respondent>
				M/S ECE INDUSTRIES LIMITED ELEVATOR DIVISION
				<lb />
			</respondent>
			<extra>
				..... Respondent
				<lb />
			</extra>
			<extra>
				Through:
				<lb />
			</extra>
			<extra>
				CORAM:
				<lb />
			</extra>
			<judges>
				HON&apos;BLE MR. JUSTICE NAJMI WAZIRI
			</judges>
		</front>
	</text>
</tei>
