<?xml version="1.0"?>
<tei xml:space="preserve">
	<teiHeader>
		<fileDesc xml:id="113951" />
	</teiHeader>
	<text xml:lang="en">
		<front>
			<extra>
				H
				<lb />
				i g h
				<lb />
				C
				<lb />
				o u r t o f H
				<lb />
				. P .
				<lb />
			</extra>
			<court>
				IN THE HIGH COURT OF HIMACHAL PRADESH AT SHIMLA
				<lb />
			</court>
			<extra>
				ON THE 10 th DAY OF DECEMBER, 2021 BEFORE
				<lb />
			</extra>
			<judges>
				HON&apos;BLE MS. JUSTICE JYOTSNA REWAL DUA
				<lb />
			</judges>
			<case_numbers>
				(I)
				<lb />
				REGULAR SECOND APPEAL No.517 OF 2010
				<lb />
			</case_numbers>
			<extra>
				Between :-
				<lb />
			</extra>
			<petitioner>
				RAM RATTAN
			</petitioner>
			<extra>
				, S/O
				<lb />
				SHRI BANTA RAM,
				<lb />
				R/O VILL. SANOLI ROAD,
				<lb />
				SANTOKHGARH, TEHSIL &amp; DISTRICT
				<lb />
				UNA, H.P.
				<lb />
			</extra>
			<extra>
				…APPELLANT/PLAINTIFF
				<lb />
			</extra>
			<extra>
				(BY
			</extra>
			<petitioner_lawyers>
				MR. B.S. CHAUHAN
			</petitioner_lawyers>
			<extra>
				, SENIOR ADVOCATE WITH
			</extra>
			<petitioner_lawyers>
				MR.
				<lb />
				MUNISH DATWALIA
			</petitioner_lawyers>
			<extra>
				, ADVOCATE) AND
				<lb />
			</extra>
			<extra>
				1.
			</extra>
			<respondent>
				SHRI SAT PAL SAINI
			</respondent>
			<extra>
				, S/O SHRI
				<lb />
				MOTI RAM ALIAS UPINDER LAL,
				<lb />
				R/O SIDHUWAL LODGE, THE
				<lb />
				RIDGE, SHIMLA, H.P.
				<lb />
			</extra>
			<extra>
				2.
			</extra>
			<respondent>
				SHRI ASHOK KUMAR
			</respondent>
			<extra>
				, S/O SHRI
				<lb />
				MOTI RAM ALIAS UPINDER LAL,
				<lb />
				R/O MOHALL GHUMARAWALA,
				<lb />
				SANTOKHGARH,
				<lb />
				TEHSIL
				<lb />
				&amp;
				<lb />
				DISTRICT UNA, H.P.
				<lb />
			</extra>
			<extra>
				…RESPONDENTS/DEFENDANTS No. 1 &amp; 2
				<lb />
			</extra>
			<extra>
				(
			</extra>
			<respondent_lawyers>
				MR. Y.P. SOOD
			</respondent_lawyers>
			<extra>
				, ADVOCATE,
				FOR RESPONDENT No. 1)
				<lb />
			</extra>
			<extra>
				(
			</extra>
			<respondent_lawyers>
				MS.
				<lb />
				DEVYANI
				<lb />
				SHARMA
			</respondent_lawyers>
			<extra>
				,
				<lb />
				ADVOCATE,
				<lb />
				FOR
				<lb />
				RESPONDENT No. 2)
				<lb />
			</extra>
			<case_numbers>
				(II)
				<lb />
				REGULAR SECOND APPEAL No.499 OF 2010
				<lb />
			</case_numbers>
			<extra>
				Between :
				<lb />
			</extra>
			<case_numbers>
				1.
			</case_numbers>
			<petitioner>
				SHRI SAT PAL SAINI
			</petitioner>
			<extra>
				, S/O SHRI
				<lb />
				MOTI RAM ALIAS UPINDER LAL,
				<lb />
				R/O SIDHUWAL LODGE, THE
				<lb />
				RIDGE, SHIMLA, H.P.
				<lb />
			</extra>
			<extra>
				…APPELLANT/DEFENDANT No.1
				<lb />
			</extra>
			<extra>
				(
			</extra>
			<petitioner_lawyers>
				BY MR. Y.P. SOOD
				<lb />
			</petitioner_lawyers>
			<extra>
				, ADVOCATE) AND
			</extra>
			<extra>
				1.
			</extra>
			<respondent>
				ASHOK KUMAR
			</respondent>
			<extra>
				, SON OF MOTI
				<lb />
				RAM ALIAS UPINDER LAL,
				<lb />
				RESIDENT OF MOHALLA
				<lb />
				GHUMARAWALA,
				<lb />
				SANTOSHGARH, TEHSIL AND
				<lb />
				DISTRICT UNA, H.P.
				<lb />
			</extra>
			<extra>
				RESPONDENT/DEFENDANT No.2
				<lb />
			</extra>
			<extra>
				2.
			</extra>
			<respondent>
				RAM RATTAN
			</respondent>
			<extra>
				, SON OF BANTA
				<lb />
				RAM, RESIDENT OF SANOLI
				<lb />
				ROAD, SANTOSHGARH, THESIL
				<lb />
				AND DISTRICT UNA, H.P.
				<lb />
			</extra>
			<extra>
				..PROFORMA RESPONDENT/PLAINTIFF
				<lb />
			</extra>
			<respondent_lawyers>
				(MR. B.S. CHAUHAN, SENIOR ADVOCATE WITH MR.
				<lb />
				MUNISH DATWALIA
			</respondent_lawyers>
			<extra>
				, ADVOCATE FOR PROFORMA
				<lb />
				RESPONDENT).
				<lb />
				(
			</extra>
			<respondent_lawyers>
				MS.
				<lb />
				DEVYANI
				<lb />
				SHARMA,
				<lb />
			</respondent_lawyers>
			<extra>
				ADVOCATE,
				<lb />
			</extra>
			<extra>
				FOR
				<lb />
				RESPONDENT/DEFENDANT No. 2)
				<lb />
			</extra>
			<extra>
				RESERVED ON : 26.11.2021
				<lb />
			</extra>
			<extra>
				DELIVERED ON :
			</extra>
			<judgement_date>
				10.12.2021
				<lb />
			</judgement_date>
			<notes>
				WHETHER APPROVED FOR REPORTING : YES
			</notes>
			<extra>
				____________________________________________________
				<lb />
				This petition coming on for pronouncement this day,
				<lb />
			</extra>
			<judges>
				Hon&apos;ble Ms. Justice Jyotsna Rewal Dua
			</judges>
			<extra>
				, delivered the
				<lb />
				following :
				<lb />
			</extra>
			<document_type>
				J U D G M E N T
				<lb />
			</document_type>
		</front>
	</text>
</tei>
