<?xml version="1.0"?>
<tei xml:space="preserve">
	<teiHeader>
		<fileDesc xml:id="1145951" />
	</teiHeader>
	<text xml:lang="en">
		<front>
			<lb />
			<extra>
				IN THE
			</extra>
			<court>
				HIGH COURT OF HIMACHAL PRADESH, SHIMLA
				<lb />
			</court>
			<case_numbers>
				CWP No. 2215 of 2018
				<lb />
			</case_numbers>
			<extra>
				Decided on :
			</extra>
			<judgement_date>
				23.10.2018
				<lb />
			</judgement_date>
			<petitioner>
				Yashwant Singh
				<lb />
			</petitioner>
			<extra>
				…..Petitioner.
				<lb />
				Vs.
				<lb />
			</extra>
			<respondent>
				State of Himachal Pradesh &amp; ors
				<lb />
			</respondent>
			<extra>
				…..Respondents.
				<lb />
				Coram:
				<lb />
				The
			</extra>
			<judges>
				Hon&apos;ble Mr. Justice Sanjay Karol
			</judges>
			<extra>
				, Judge
				<lb />
				The
			</extra>
			<judges>
				Hon&apos;ble Mr Justice Chander Bhusan Barowalia
			</judges>
			<extra>
				, Judge
				<lb />
			</extra>
			<notes>
				Whether approved for reporting? 1
				<lb />
			</notes>
			<extra>
				For the petitioner:
				<lb />
			</extra>
			<petitioner_lawyers>
				Mr. Rajesh Verma
			</petitioner_lawyers>
			<extra>
				, Advocate.
				<lb />
				For the respondent:
				<lb />
			</extra>
			<respondent_lawyers>
				Ms. Ritta Goswami
			</respondent_lawyers>
			<extra>
				, Additional Advocate
				<lb />
				General with
			</extra>
			<respondent_lawyers>
				Mr. G.S. Guleria and Ms.
				<lb />
				Svanel Jaswal,
			</respondent_lawyers>
			<extra>
				Deputy Advocates General,
				<lb />
				for respondentsState.
				<lb />
			</extra>
			<extra>
				Sanjay Karol
				
				, Judge Oral
				<lb />
			</extra>
		</front>
	</text>
</tei>
