<?xml version="1.0"?>
<tei xml:space="preserve">
	<teiHeader>
		<fileDesc xml:id="1147060" />
	</teiHeader>
	<text xml:lang="en">
		<front>
			<lb />
			<extra>
				IN THE
			</extra>
			<court>
				HIGH COURT OF HIMACHAL PRADESH, SHIMLA
				<lb />
			</court>
			<case_numbers>
				CWP No. 318 of 2017
				<lb />
			</case_numbers>
			<extra>
				Decided on :
			</extra>
			<judgement_date>
				20.11.2018
				<lb />
			</judgement_date>
			<extra>
				______________________________________________________________________
				<lb />
			</extra>
			<petitioner>
				Vyasa Devi
				<lb />
			</petitioner>
			<extra>
				…..Petitioner.
				<lb />
				Vs.
				<lb />
			</extra>
			<respondent>
				Executive Engineer, H.P.P.W.D.
				<lb />
			</respondent>
			<extra>
				…..Respondent.
				<lb />
				Coram:
				<lb />
				The
			</extra>
			<judges>
				Hon&apos;ble Mr. Justice Tarlok Singh Chauhan
			</judges>
			<extra>
				, Judge
				<lb />
			</extra>
			<notes>
				Whether approved for reporting? 1 No
				<lb />
			</notes>
			<extra>
				For the petitioner:
				<lb />
			</extra>
			<petitioner_lawyers>
				Mr. Rahul Mahajan
			</petitioner_lawyers>
			<extra>
				, Advocate..
				<lb />
				For the respondent:
				<lb />
			</extra>
			<respondent_lawyers>
				Mr. Sudhir Bhatnagar
			</respondent_lawyers>
			<extra>
				, Additional
				<lb />
				Advocate General with
			</extra>
			<respondent_lawyers>
				Ms. Savneel
				<lb />
				Jaswal,
			</respondent_lawyers>
			<extra>
				Deputy Advocates General for
				<lb />
			</extra>
			<extra>
				Tarlok Singh Chauhan
				
				, Judge Oral
			</extra>
		</front>
	</text>
</tei>
