<?xml version="1.0" ?>
<tei xml:space="preserve">
	<teiHeader>
		<fileDesc xml:id="11593486"/>
	</teiHeader>
	<text xml:lang="en">
		<front>
<lb/>
	<extra>IN THE</extra>

	<court>HIGH COURT OF ORISSA AT CUTTACK<lb/></court>

	<case_numbers>BLAPL No.2018 of 2022<lb/></case_numbers>

	<petitioner>Banamali Biswal<lb/></petitioner>
	
	<extra>Petitioner<lb/></extra>

	<petitioner_lawyers>Mr. R.K. Sahoo</petitioner_lawyers>
	
	<extra>, Advocate<lb/>
	
	-Versus-<lb/></extra>

	<respondent>State of Odisha<lb/></respondent>
	
	<extra>….<lb/>
	Opposite Parties<lb/></extra>
	
	<respondent_lawyers>Mr. Sonak Mishra</respondent_lawyers>
	
	<extra>, ASC<lb/>
	
	CORAM:<lb/></extra>

	<judges>MR. JUSTICE R.K. PATTANAIK<lb/></judges>

	<extra>Order<lb/></extra>

		</front>
	</text>
</tei>
