<?xml version="1.0" ?>
<tei xml:space="preserve">
	<teiHeader>
		<fileDesc xml:id="11593459"/>
	</teiHeader>
	<text xml:lang="en">
		<front>
<lb/>
	<extra>Page </extra>
	
	<page>1 of 1<lb/></page>
	
	<extra>IN THE</extra>

	<court>HIGH COURT OF ORISSA AT CUTTACK<lb/></court>

	<case_numbers>BLAPL No.8204 of 2022<lb/></case_numbers>

	<petitioner>Sk.Anuwar @ Pintu<lb/></petitioner>
	
	<extra>….<lb/>
	Petitioner<lb/></extra>

	<petitioner_lawyers>Mr. Manas Chand</petitioner_lawyers>
	
	<extra>, Advocate<lb/>
	
	-versus-<lb/></extra>

	<respondent>State of Odisha<lb/></respondent>
	
	<extra>….<lb/> Opposite Party<lb/></extra>

	<respondent_lawyers>Mr.S.K.Mishra</respondent_lawyers>
	
	<extra>,<lb/>
	Addl. Standing Counsel<lb/>
	
	CORAM:<lb/></extra>

	<judges>JUSTICE SASHIKANTA MISHRA<lb/></judges>

	<extra>Order No.<lb/> </extra>
	
	<document_type>ORDER<lb/></document_type>

		</front>
	</text>
</tei>
