<?xml version="1.0" ?>
<tei xml:space="preserve">
	<teiHeader>
		<fileDesc xml:id="11593481"/>
	</teiHeader>
	<text xml:lang="en">
		<front>
<lb/>
	<extra>Page</extra>
	
	<page>1 of 1<lb/></page>
	
	<extra>IN THE</extra>

	<court>HIGH COURT OF ORISSA AT CUTTACK<lb/></court>

	<case_numbers>BLAPL No. 4228 of 2022<lb/></case_numbers>

	<petitioner>Prajna Prakash Nayak<lb/></petitioner>
	
	<extra>.…<lb/>
	Petitioner<lb/></extra>

	<petitioner_lawyers>Mr. D. Nayak</petitioner_lawyers>
	
	<extra>,Sr. Advocate along<lb/>
	with</extra>

	<petitioner_lawyers>Mr. B. Nayak</petitioner_lawyers>
	
	<extra>, Adv.<lb/>
	
	-Versus -<lb/></extra>

	<respondent>State of Odisha<lb/></respondent>
	
	<extra>.…<lb/>
	Opp.Party<lb/></extra>

	<respondent_lawyers>Mr. P. Tripathy</respondent_lawyers>
	
	<extra>, Addl. Govt.Advocate<lb/></extra>

	<respondent_lawyers>Mr. M. Kanungo</respondent_lawyers>
	    
	<extra>,Sr. Advocate along with<lb/></extra>

	<respondent_lawyers>Mr. S. Das</respondent_lawyers>
	
	<extra>Advocate (for informant)<lb/>
	
	CORAM:<lb/></extra>

	<judges>JUSTICE SASHIKANTA MISHRA<lb/></judges>

	<document_type>ORDER<lb/></document_type>

	<judgement_date>12.08.2022<lb/></judgement_date>

		</front>
	</text>
</tei>
