<?xml version="1.0"?>
<tei xml:space="preserve">
	<teiHeader>
		<fileDesc xml:id="1174154" />
	</teiHeader>
	<text xml:lang="en">
		<front>
			<extra>
				IN THE
			</extra>
			<court>
				HIGH COURT OF HIMACHAL PRADESH, SHIMLA
				<lb />
			</court>
			<case_numbers>
				CWP No.4577 of 2015
				<lb />
				a/w CWP Nos.3234 of 2016
				<lb />
				and 511 of 2017.
				<lb />
			</case_numbers>
			<extra>
				Reserved on:
				<lb />
				08.04.2021.
				<lb />
			</extra>
			<extra>
				Date of decision:
			</extra>
			<judgement_date>
				23.04.2021.
				<lb />
			</judgement_date>
			<case_numbers>
				1. CWP No.4577 of 2015.
			</case_numbers>
			<petitioner>
				<lb />
				Bhopal Singh Thakur and others
				<lb />
			</petitioner>
			<extra>
				.....Petitioners.
			</extra>
			<extra>
				Versus
				<lb />
			</extra>
			<respondent>
				Satluj Jal Vidyut Nigam Limited and another
				<lb />
			</respondent>
			<extra>
				.....Respondents.
				<lb />
			</extra>
			<case_numbers>
				2. CWP No. 3234 of 2016.
				<lb />
			</case_numbers>
			<petitioner>
				Mehar Singh Thakur and others
				<lb />
			</petitioner>
			<extra>
				.....Petitioners.
			</extra>
			<extra>
				Versus
				<lb />
			</extra>
			<respondent>
				Satluj Jal Vidyut Nigam Limited and another
				<lb />
			</respondent>
			<extra>
				.....Respondents.
				<lb />
			</extra>
			<case_numbers>
				3. CWP No.511 of 2017.
				<lb />
			</case_numbers>
			<petitioner>
				Bhoop Singh Raghav and others
				<lb />
			</petitioner>
			<extra>
				.....Petitioners.
			</extra>
			<extra>
				Versus
				<lb />
			</extra>
			<respondent>
				Satluj Jal Vidyut Nigam Limited and another
				<lb />
			</respondent>
			<extra>
				.....Respondents.
			</extra>
			<extra>
				Coram
				<lb />
				The
			</extra>
			<judges>
				Hon&apos;ble Mr. Justice Tarlok Singh Chauhan
				<lb />
			</judges>
			<extra>
				, Judge.
			</extra>
			<extra>
				For the Petitioner(s) :
			</extra>
			<petitioner_lawyers>
				Mr.
				<lb />
				Surender
				<lb />
				Sharma,
				<lb />
			</petitioner_lawyers>
			<extra>
				Advocate, in CWP Nos. 3234
				<lb />
				of 2016 &amp; 511 of 2017.
				<lb />
			</extra>
			<petitioner_lawyers>
				Mr.Karan
				<lb />
				Singh
				<lb />
				Kanwar
			</petitioner_lawyers>
			<extra>
				,
				<lb />
				Advocate, in CWP No. 4577
				<lb />
				of 2015.
				<lb />
			</extra>
			<extra>
				For the Respondents:
				<lb />
			</extra>
			<respondent_lawyers>
				Mr.
				<lb />
				Ramakant
				<lb />
				Sharma,
				<lb />
			</respondent_lawyers>
			<extra>
				Senior
				<lb />
				Advocate
				<lb />
				with
				<lb />
			</extra>
			<petitioner_lawyers>
				Ms.Devyani
				<lb />
				Sharma,
				<lb />
				Advocate
			</petitioner_lawyers>
			<extra>
				,
				<lb />
				in
				<lb />
				all
				<lb />
				the
				<lb />
				petitions.
				<lb />
			</extra>
			<judges>
				Tarlok Singh Chauhan
				<lb />
			</judges>
			<extra>
				, Judge
			</extra>
		</front>
	</text>
</tei>
