<?xml version="1.0"?>
<tei xml:space="preserve">
	<teiHeader>
		<fileDesc xml:id="1184360" />
	</teiHeader>
	<text xml:lang="en">
		<front>
			<extra>
				IN
				<lb />
			</extra>
			<court>
				HIGH COURT OF HIMACHAL PRADESH AT SHIMLA
				<lb />
			</court>
			<extra>
				ON THE
			</extra>
			<judgement_date>
				5 th DAY OF JANUARY, 2022
				<lb />
			</judgement_date>
			<extra>
				BEFORE
			</extra>
			<judges>
				HON&apos;BLE MR. JUSTICE TARLOK SINGH CHAUHAN
			</judges>
			<extra>
				&amp;
				<lb />
			</extra>
			<judges>
				HON&apos;BLE MS. JUSTICE JYOTSNA REWAL DUA
				<lb />
			</judges>
			<case_numbers>
				CIVIL WRIT PETITION No. 2395 OF 2020
				<lb />
			</case_numbers>
			<extra>
				Between :-
				<lb />
			</extra>
			<petitioner>
				SH. DALJEET SINGH PATHANIA
			</petitioner>
			<extra>
				, S/O
				<lb />
				SH. KUSHAL SINGH PATHANIA, AGED
				<lb />
				55 YEARS, R/O VPO KANDWAL, WARD
				<lb />
				No. 5, TEHSIL NURPUR, DISTRICT
				<lb />
				KANGRA, H.P. …PETITIONER
				<lb />
			</extra>
			<extra>
				(BY
			</extra>
			<petitioner_lawyers>
				MR. DEEPAK KAUSHAL
			</petitioner_lawyers>
			<extra>
				, ADVOCATE) AND
				<lb />
				1.
			</extra>
			<respondent>
				UNION OF
			</respondent>
			<extra>
				INDIA THROUGH ITS
				<lb />
				SECRETARY
				<lb />
				MINISTRY
				<lb />
				OF
				<lb />
				ENVIRONMENT
				<lb />
				AND
				<lb />
				FOREST
				<lb />
				PARYAVARAN
				<lb />
				BHAWAN,
				<lb />
				NEW
				<lb />
				DELHI.
				<lb />
			</extra>
			<extra>
				2.
			</extra>
			<respondent>
				STATE OF HIMACHAL PRADESH
				<lb />
				THROUGH CHIEF SECRETARY TO
				<lb />
				THE GOVERNMENT OF HIMACHAL
				<lb />
				PRADESH, SHIMLA-1.
				<lb />
			</respondent>
			<extra>
				3.
			</extra>
			<respondent>
				SECRETARY (INDUSTRIES) TO THE
				<lb />
				GOVERNMENT
				<lb />
				OF
				<lb />
				HIMACHAL
				<lb />
				PRADESH, SHIMLA-1.
				<lb />
			</respondent>
			<extra>
				4.
			</extra>
			<respondent>
				DIRECTOR
				<lb />
				INDUSTRY
				<lb />
				TO THE
				<lb />
				GOVERNMENT
				<lb />
				OF
				<lb />
				HIMACHAL
				<lb />
				PRADESH,
				<lb />
			</respondent>
			<extra>
				UDYOG
				<lb />
				BHAWAN,
				<lb />
				SHIMLA, H.P.
				<lb />
			</extra>
			<extra>
				5.
			</extra>
			<respondent>
				STATE
				<lb />
				GEOLOGIST
				<lb />
				TO
				<lb />
				THE
				<lb />
				GOVERNMENT
				<lb />
				OF
				<lb />
				HIMACHAL
				<lb />
				PRADESH
			</respondent>
			<extra>
				,
				<lb />
				UDYOG
				<lb />
				BHAWAN,
				<lb />
				SHIMLA-1
				<lb />
			</extra>
			<extra>
				6.
			</extra>
			<respondent>
				SECRETARY
				<lb />
				FOREST
				<lb />
				TO
				<lb />
				THE
				<lb />
				GOVERNMENT
				<lb />
				OF
				<lb />
				HIMACHAL
				<lb />
				PRADESH, SHIMLA-2.
				<lb />
			</respondent>
			<extra>
				7.
			</extra>
			<respondent>
				SECRETARY HP PWD TO THE
				<lb />
				GOVERNMENT
				<lb />
				OF
				<lb />
				HIMACJHAL
				<lb />
				PRADESH, SHIMLA-2.
				<lb />
			</respondent>
			<extra>
				8.
			</extra>
			<respondent>
				SECRETARY
				<lb />
				I&amp;PH
				<lb />
				TO
				<lb />
				THE
				<lb />
				GOVERNMENT
				<lb />
				OF
				<lb />
				HIMACHAL
				<lb />
				PRADESH, SHIMLA-2.
				<lb />
			</respondent>
			<extra>
				9.
			</extra>
			<respondent>
				SECRETARY PANCHAYATI RAJ TO
				<lb />
				THE GOVERNMENT OF HIMACHAL
				<lb />
				PRADESH, SHIMLA-2.
				<lb />
			</respondent>
			<extra>
				10.
			</extra>
			<respondent>
				SECRETARY HIMACHAL PRADESH
				<lb />
				HOUSING
				<lb />
				AND
				<lb />
				URBAN
				<lb />
				DEVELOPMENT AUTHORITY TO THE
				<lb />
				GOVERNMENT
				<lb />
				OF
				<lb />
				HIMACHAL
				<lb />
				PRADESH, SHIMLA-2.
				<lb />
			</respondent>
			<respondent>
				11. SECRETARY
				<lb />
				POWER
				<lb />
				TO
				<lb />
				THE
				<lb />
				GOVERNMENT
				<lb />
				OF
				<lb />
				HIMACHAL
				<lb />
			</respondent>
			<extra>
				PRDESH, SHIMLA-2.
				<lb />
				12.
			</extra>
			<respondent>
				STATE ENVIRONMENT PROTECTION
				<lb />
				&amp; POLLUTION CONTROL BOARD,
				<lb />
				THROUGH ITS MEMBER SECRETARY
				<lb />
				NEW SHIMLA, SHIMLA-171 009.
				<lb />
			</respondent>
			<extra>
				13.
			</extra>
			<respondent>
				MANAGING
				<lb />
				DIRECTOR
				<lb />
				H.P.SIDC
				<lb />
				HIMLAND SHIMLA.
				<lb />
			</respondent>
			<extra>
				14.
			</extra>
			<respondent>
				ENGINEER-IN-CHIEF, HP PWD TO
				<lb />
				THE GOVERNMENT OF HIMACHAL
				<lb />
				PRADESH, SHIMLA-2.
				<lb />
			</respondent>
			<extra>
				15.
			</extra>
			<respondent>
				ENGINEER-IN-CHIEF, I&amp;PH TO THE
				<lb />
				GOVERNMENT
				<lb />
				OF
				<lb />
				HIMACHAL
				<lb />
				PRADESH, SHIMLA-2.
				<lb />
			</respondent>
			<extra>
				16.
			</extra>
			<respondent>
				STATE
				<lb />
				ENVIRONMENT
				<lb />
				IMPACT
				<lb />
				AUTHORITY THROUGH MEMBER
				<lb />
				SECRETARY U.S. CLUB, SHIMLA.
				<lb />
			</respondent>
			<extra>
				17.
			</extra>
			<respondent>
				CONTRACTOR
				<lb />
				WELFARE
				<lb />
				ASSOCIATION
				<lb />
				THROUGH SHRI
				<lb />
				RAJESH KUMAR SUMAN, RESIDENT
				<lb />
				OF SHRI HARISHARNAM COMLEY
				<lb />
				BANK, SHIMLA, H.P.
				<lb />
			</respondent>
			<extra>
				18.
			</extra>
			<respondent>
				STONE
				<lb />
				CRUSHERS
				<lb />
				OWNERS
				<lb />
			</respondent>
			<extra>
				ASSOCIATION, DAMTAL THROUGH
				<lb />
				SH. ONKAR SINGH, S/O SH. BIR
				<lb />
				SINGH, PROP. M/S HAPPY STONE
				<lb />
				CRUSHER UNIT-II, R/O MAJRA ROAD
				<lb />
				DAMTAL, P.O. BHADROYA, TEHSIL
				<lb />
				INDORA, DISTRICT KANGRA, H.P.
				<lb />
			</extra>
			<extra>
				19.
			</extra>
			<respondent>
				SH. ONKAR SINGH
			</respondent>
			<extra>
				, S/O SH. BIR
				<lb />
				SINGH, PROP. M/S HAPPY STONE
				<lb />
				CRUSHER UNIT-II, R/O DHANGU
				<lb />
				MAJRA
				<lb />
				ROAD
				<lb />
				DAMTAL,
				<lb />
				P.O.
				<lb />
				BHADROYA,
				<lb />
				TEHSIL
				<lb />
				INDORA,
				<lb />
				DISTRICT KANGRA, H.P. …RESPONDENTS
				<lb />
				(
			</extra>
			<respondent_lawyers>
				MR. BALRAM SHARMA
				<lb />
			</respondent_lawyers>
			<extra>
				, ASGI, FOR R-1
			</extra>
			<petitioner>
				MR. ASHOK SHARMA, ADOVCATE
				<lb />
				GENERAL WITH MR. NAND LAL THAKUR,
				<lb />
			</petitioner>
			<extra>
				ADDITIONAL ADVOCATE GENERAL, FOR
				<lb />
				THE STATE)
				<lb />
			</extra>
			<respondent_lawyers>
				MR. JEEVESH SHARMA
			</respondent_lawyers>
			<extra>
				, ADVOCATE,
				<lb />
				FOR R-10.
				<lb />
			</extra>
			<respondent_lawyers>
				MR. MAAN SINGH
			</respondent_lawyers>
			<extra>
				, ADVOCATE, FOR
				<lb />
				R-12.
				<lb />
			</extra>
			<respondent_lawyers>
				MR.
				<lb />
				MEHAR
				<lb />
				CHAND
				<lb />
				THAKUR,
				<lb />
			</respondent_lawyers>
			<extra>
				ADVOCATE, FOR R-13.
				<lb />
			</extra>
			<respondent_lawyers>
				MR. B.C. NEGI
				<lb />
			</respondent_lawyers>
			<extra>
				, SENIOR ADVOCATE,
			</extra>
			<extra>
				WITH
			</extra>
			<respondent_lawyers>
				MR. UDIT SHAURYA KAUSHIK
			</respondent_lawyers>
			<extra>
				,
				<lb />
				ADVOCATE, FOR R-17.
				<lb />
			</extra>
			<respondent_lawyers>
				MR. SHRAWAN
				<lb />
				DOGRA, SENIOR
				<lb />
				ADVOCATE,
				<lb />
				WITH
				<lb />
				MR.
				<lb />
				BHARAT
				<lb />
				THAKUR, TEJASVI DOGRA AND MR.
				<lb />
				HARSH KALTA
			</respondent_lawyers>
			<extra>
				, ADVOCATES, FOR R-18
				<lb />
				AND R-19.
				<lb />
			</extra>
			<extra>
				Reserved on 27.12.2021
				<lb />
				Decided on :
			</extra>
			<judgement_date>
				05.01.2022
				<lb />
			</judgement_date>
			<notes>
				Whether approved for reporting ? YES
				<lb />
			</notes>
			<extra>
				__________________________________________________
				<lb />
				This petition coming on for pronouncement this day,
				<lb />
				Hon&apos;ble Ms. Justice Jyotsna Rewal Dua, passed the
				<lb />
				following :-
				<lb />
			</extra>
			<document_type>
				O R D E R
			</document_type>
		</front>
	</text>
</tei>
