<?xml version="1.0" ?>
<tei xml:space="preserve">
	<teiHeader>
		<fileDesc xml:id="1186769"/>
	</teiHeader>
	<text xml:lang="en">
		<front>
<lb/>
<extra>IN THE </extra>

	<court>COURT OF HIMACHAL PRADESH AT SHIMLA<lb/></court>

	<extra>ON THE</extra>
	
	<judgement_date>30 th DAY OF MARCH, 2022<lb/></judgement_date> 
	
	<extra>BEFORE<lb/></extra>

	<judges>HON&apos;BLE MR. JUSTICE TARLOK SINGH CHAUHAN<lb/></judges>

	<case_numbers>CIVIL WRIT PETITION (ORIGINAL APPLICATION) NO.<lb/>
	1731 OF 2020<lb/></case_numbers>

	<extra>Between:<lb/></extra>

	<petitioner>SMT. SARLA THAKUR</petitioner>

	<extra>, W/O LATE<lb/>
	SH. DHARAM CHAND THAKUR, R/O<lb/>
	CEDAR GROVE APARTMENT BLOCK<lb/>
	3, SET NO. 3, CHHOTA SHIMLA,<lb/>
	DISTRICT SHIMLA, H.P.<lb/>
	…PETITIONER<lb/>
	
	(BY</extra>
	
	<petitioner_lawyers>MR. ONKAR JAIRATH<lb/></petitioner_lawyers>
	
	<extra>ADVOCATE)<lb/>
	AND<lb/>
	1.<lb/></extra>

	<respondent>MUNICIPAL<lb/> CORPORATION SHIMLA<lb/></respondent>
	
	<extra>THROUGH<lb/> ITS<lb/> 
	COMMISSIONER SHIMLA1.<lb/>
	2.</extra>

	<respondent>THE DIRECTOR URBAN<lb/>
	DEVELOPMENT HIMACHAL<lb/>
	PRADESH</respondent>
	
	<extra>, SDA COMPLEX<lb/>
	KASUMPTI, SHIMLA9<lb/>
	…RESPONDENTS<lb/>
	(BY</extra>

	<respondent_lawyers>MS. RITA THAKUR</respondent_lawyers>
	
	<extra>, ADVOCATE FOR<lb/>
	RESPONDENT NO. 1)<lb/></extra>

	<respondent_lawyers>MR. VINOD THAKUR, ADDL.A.G. MR. Y.S.<lb/>
	THAKUR, DY. A.G. AND MR. RAJAT CHAUHAN</respondent_lawyers>
	
	<extra>,<lb/>
	LAW OFFICER, FOR RESPONDENT NO. 2)<lb/>
	
	This petition coming on for orders this day, this Court<lb/>
	passed the following:<lb/></extra>

	<document_type>O R D E R<lb/></document_type>

		</front>
	</text>
</tei>
