<?xml version="1.0" ?>
<tei xml:space="preserve">
	<teiHeader>
		<fileDesc xml:id="1186773"/>
	</teiHeader>
	<text xml:lang="en">
		<front>
<lb/>
	<extra>IN THE</extra>

	<court>HIGH COURT OF HIMACHAL PRADESH AT SHIMLA<lb/></court>

	<extra>ON THE</extra>
	
	<judgement_date>30 th DAY OF MARCH, 2022<lb/></judgement_date>
	
	<extra>BEFORE<lb/></extra>

	<judges>HON&apos;BLE MR. JUSTICE MOHAMMAD RAFIQ<lb/></judges>

	<extra>CHIEF JUSTICE &amp;<lb/></extra>

	<judges>HON&apos;BLE MS. JUSTICE JYOTSNA REWAL DUA<lb/></judges>

	<case_numbers>CIVIL WRIT PETITION No. 1643 of 2022<lb/></case_numbers>

	<extra>Between:<lb/></extra>
	
	<petitioner>DEVANSH</petitioner>
	
	<extra>, S/O LATE SH. DHRUV<lb/>
	PATHANIA, R/O VILLAGE BUHLI<lb/>
	BHADWAL, WARD No. 3, P.O.<lb/>
	MATOUR, TEHSIL AND DISTRICT<lb/>
	KANGRA, H.P.<lb/>
	…PETITIONER<lb/>
	(BY<lb/></extra>
	
	<petitioner_lawyers>MR.
	H.R. BHARDWAJ</petitioner_lawyers>
	
	<extra>,<lb/>
	ADVOCATE.)<lb/>
	AND<lb/></extra>
	
	<respondent>HPSEBL</respondent>
	
	<extra>THROUGH ITS EXECUTIVE<lb/>
	DIRECTOR (PERSONNEL) HPSEBL,<lb/>
	KUMAR HOUSE, SHIMLA-4.<lb/>
	... RESPONDENT<lb/>
	(BY</extra>
	
	<respondent_lawyers>MR. TARA SINGH CHAUHAN</respondent_lawyers>
	
	<extra>,<lb/>
	ADVOCATE.)<lb/>
	____________________________________________________<lb/>
	This petition coming on for admission this day,<lb/>

	Hon&apos;ble Mr. Justice Mohammad Rafiq

	, passed the following:<lb/></extra>

	<document_type>O R D E R<lb/></document_type>

		</front>
	</text>
</tei>
