<?xml version="1.0" ?>
<tei xml:space="preserve">
	<teiHeader>
		<fileDesc xml:id="1186765"/>
	</teiHeader>
	<text xml:lang="en">
		<front>
<lb/>
	<extra>IN THE</extra>

	<court>HIGH COURT OF HIMACHAL PRADESH, SHIMLA<lb/></court>
	
	<extra>ON THE</extra>
	
	<judgement_date>30 th DAY OF MARCH, 2022<lb/></judgement_date>

	<extra>BEFORE<lb/></extra>

	<judges>HON&apos;BLE MR. JUSTICE SANDEEP SHARMA<lb/></judges>

	<case_numbers>CRIMINAL MISC. PETITION (MAIN) No. 1697 of 2021<lb/></case_numbers>

	<extra>Between:<lb/></extra>

	<petitioner>BELI RAM</petitioner>
	
	<extra>,<lb/>
	S/O SHRI RAM SINGH,<lb/>
	AGED ABOUT 34 YEARS,<lb/>
	RESIDENT OF VILLAGE POKHARI<lb/>
	PO KOTHI, TEHSIL ANNI,<lb/>
	DISTRICT KULLU, H.P.<lb/>
	(NOW CONFINED IN DISTRICT JAIL<lb/>
	DHARAMSHALA, KANGRA)<lb/>
	
	….PETITIONER<lb/>
	
	(BY </extra>

	<petitioner_lawyers>MR. YASHPAL</petitioner_lawyers>
	
	<extra>, ADVOCATE,<lb/>
	VICE</extra>
	
	<petitioner_lawyers>MR.GOBIND KORLA</petitioner_lawyers>
	
	<extra>,<lb/>
	ADVOCATE)<lb/>
	AND<lb/></extra>

	<respondent>STATE OF HIMACHAL PRADESH.<lb/></respondent>

	<extra>….RESPONDENT<lb/>
	(BY</extra>

	<respondent_lawyers>MR. SHIVPAL MANHANS</respondent_lawyers>
	
	<extra>,<lb/>
	ADDITIONAL ADVOCATE GENERAL,<lb/>
	WITH</extra>
	
	<respondent_lawyers>MR. BHUPENDER THAKUR<lb/></respondent_lawyers>
	
	<extra>DEPUTY ADVOCATE GENERAL)<lb/>
	
	Whether approved for reporting?.<lb/>
	
	This petition coming on for

	orders this day, the Court passed the following:<lb/></extra>

	<document_type>O R D E R<lb/></document_type>

		</front>
	</text>
</tei>
