<?xml version="1.0" ?>
<tei xml:space="preserve">
	<teiHeader>
		<fileDesc xml:id="1186766"/>
	</teiHeader>
	<text xml:lang="en">
		<front>
<lb/>
	<extra>IN THE</extra>

	<court>HIGH COURT OF HIMACHAL PRADESH AT SHIMLA<lb/></court>

	<extra>ON THE</extra>
	
	<judgement_date>30 th DAY OF MARCH, 2022<lb/></judgement_date> 
	
	<extra>BEFORE<lb/></extra>

	<judges>HON&apos;BLE MR. JUSTICE TARLOK SINGH CHAUHAN<lb/></judges>

	<extra>&amp;<lb/></extra>

	<judges>HON&apos;BLE MR. JUSTICE SANDEEP SHARMA<lb/></judges>

	<case_numbers>CIVIL WRIT PETITION No. 1768 of 2022<lb/></case_numbers>

	<extra>Between:-<lb/></extra>
	
	<petitioner>M/S NEERAJ SINGH</petitioner>
	
	<extra>AND C/O LICENSEE<lb/>
	(L-14) UNIT NO. 127, NARETI, TEHSIL SHAHPUR,<lb/>
	DISTRICT KANGRA (HP) THROUGH PARTNERS<lb/>
	VIRENDER SINGH.<lb/>
	
	……PETITIONER<lb/>
	(BY</extra>

	<petitioner_lawyers>MR. TARA SINGH CHAUHAN</petitioner_lawyers>
	
	<extra>,<lb/>
	ADVOCATE.)<lb/>
	AND<lb/>
	1.</extra>

	<respondent>STATE OF HIMACHAL PRADESH</respondent>
	
	<extra>THROUGH<lb/>
	COMMISSIONER OF STATE TAXES AND EXCISE,<lb/>
	HIMACHAL PRADESH.<lb/>
	2.</extra>

	<respondent>DEPUTY COMMISSIONER OF STATE TAXES<lb/> AND EXCISE</respondent>
	
	<extra>, KANGRA AT DHARAMSHALA,<lb/>
	DISTRICT KANGRA, HIMACHAL PRADESH.<lb/>
	3.</extra>

	<respondent>COLLECTOR EXCISE</respondent>
	
	<extra>(NORTH ZONE)<lb/>
	PALAMPUR, DISTRICT KANGRA (H.P).<lb/>
	4.</extra>

	<respondent>SUPERINTENDENT OF POLICE</respondent>
	
	<extra>KANGRA AT<lb/>
	DHARAMSHALA, DISTRICT KANGRA HIMACHAL<lb/>
	PRADESH.<lb/>
	……RESPONDENTS<lb/> 
	(BY </extra>

	<judges>MR. AJAY VAIDYA</judges>
	
	<extra>, SENIOR ADDITIONAL<lb/>
	ADVOCATE GENERAL FOR THE RESPONDENTS)<lb/></extra>

		</front>
	</text>
</tei>