<?xml version="1.0" ?>
<tei xml:space="preserve">
	<teiHeader>
		<fileDesc xml:id="1186725"/>
	</teiHeader>
	<text xml:lang="en">
		<front>
<lb/>
	<extra>IN THE</extra>

	<court>HIGH COURT OF HIMACHAL PRADESH AT SHIMLA<lb/></court>

	<extra>ON THE </extra>
	
	<judgement_date>30 th DAY OF MARCH, 2022<lb/></judgement_date>
	
	<extra>BEFORE<lb/></extra>

	<judges>HON&apos;BLE MS. JUSTICE SABINA<lb/></judges>
	
	<extra>&amp;<lb/></extra>
	
	<judges>HON&apos;BLE MR. JUSTICE SATYEN VAIDYA<lb/></judges>

	<case_numbers>CIVIL WRIT PETITION No.957 of 2022<lb/></case_numbers>
	
	<extra>ALONGWITH<lb/></extra>
	
	<case_numbers>CIVIL WRIT PETITION No.3990 of 2021<lb/></case_numbers>
	
	<extra>Between:-<lb/></extra>
	
	<case_numbers>CWP No.957 of 2022<lb/></case_numbers>

	<petitioner>DR. SUNIL DUTT</petitioner>
	
	<extra>,<lb/>
	SON OF SH. RAJAN KUMAR,<lb/>
	RESIDENT OF VILLAGE MELAH,<lb/>
	POST OFFICE RARI, TEHSIL AND<lb/>
	DISTRICT, CHAMBA, H.P.<lb/>
	
	….PETITIONER<lb/>
	(BY </extra>

	<petitioner_lawyers>MR. ANKIT</petitioner_lawyers>
	
	<extra>, ADVOCATE ON<lb/>
	BEHALF OF</extra>
	
	<petitioner_lawyers>MR. NEERAJ<lb/> SHARMA</petitioner_lawyers>
	
	<extra>, ADVOCATE)<lb/>
	AND<lb/>
	1.</extra>

	<respondent>STATE OF H.P.</respondent>
	
	<extra>THROUGH ITS<lb/>
	PRINCIPAL SECRETARY<lb/>
	(HEALTH) TO THE GOVERNMENT<lb/> 
	OF HIMACHAL PRADESH, H.P.<lb/>
	SECRETARIAT, SHIMLA-2.<lb/>
	2.
	THE </extra>

	<respondent>DIRECTOR OF HEALTH<lb/></respondent>
	
	<extra>SERVICES, GOVERNMENT OF<lb/>
	H.P., SHIMLA-9.<lb/>
	3.</extra>

	<respondent>PRINCIPAL GOVERNMENT<lb/></respondent>
	
	<extra>JAWAHARALAL NEHRU MEDICAL<lb/>
	COLLEGE, CHAMBA, DISTRICT<lb/>
	CHAMBA, H.P.<lb/>
	
	….RESPONDENTS<lb/>
	(BY </extra>
	
	<respondent_lawyers>MR. AJAY VAIDYA</respondent_lawyers>
	
	<extra>,<lb/>
	SR. ADDITIONAL ADVOCATE<lb/>
	GENERAL)<lb/></extra>

	<case_numbers>CWP No.3990 of 2021<lb/></case_numbers>

	<petitioner>DR. SUNIL DUTT</petitioner>
	
	<extra>,<lb/>
	SON OF SH. RAJAN KUMAR,<lb/>
	RESIDENT OF VILLAGE MELAH,<lb/>
	POST OFFICE RARI, TEHSIL AND<lb/>
	DISTRICT, CHAMBA, H.P.<lb/>
	
	….PETITIONER<lb/>
	
	(BY </extra>

	<petitioner_lawyers>MR. ANKIT</petitioner_lawyers>
	
	<extra>, ADVOCATE ON<lb/>
	BEHALF OF </extra>
	
	<petitioner_lawyers>MR. NEERAJ<lb/>
	SHARMA</petitioner_lawyers>
	
	<extra>, ADVOCATE)<lb/>
	AND<lb/>
	1.<lb/></extra>

	<respondent>STATE OF H.P.</respondent>
	
	<extra>THROUGH ITS<lb/>
	PRINCIPAL SECRETARY<lb/>
	(HEALTH) TO THE GOVERNMENT<lb/>
	OF HIMACHAL PRADESH, H.P.<lb/>
	SECRETARIAT, SHIMLA-2.<lb/>
	2.</extra>

	<respondent>THE DIRECTOR OF HEALTH<lb/></respondent>
	
	<extra>SERVICES, GOVERNMENT OF<lb/>
	H.P., SHIMLA-9.<lb/>
	3.</extra>

	<respondent>PRINCIPAL GOVERNMENT<lb/></respondent>
	
	<extra>JAWAHARALAL NEHRU MEDICAL<lb/>
	COLLEGE, CHAMBA, DISTRICT<lb/>
	CHAMBA, H.P.<lb/>
	
	….RESPONDENTS<lb/>
	
	(BY </extra>

	<judges>MR. AJAY VAIDYA</judges>
	
	<extra>,<lb/>
	SR. ADDITIONAL ADVOCATE<lb/>
	GENERAL)<lb/>

	______________________________________________________<lb/>
	This Civil Writ Petition coming on for admission this day,<lb/>

	Hon&apos;ble Ms. Justice Sabina, passed the following:<lb/></extra>

	<document_type>O R D E R<lb/></document_type>

	<extra>Learned counsel for the petitioners has submitted that<lb/>
	the petitions have been rendered infructuous.<lb/>
	2.<lb/>

	Ordered accordingly.<lb/></extra>
		</front>
	</text>
</tei>
