<?xml version="1.0" ?>
<tei xml:space="preserve">
	<teiHeader>
		<fileDesc xml:id="1186721"/>
	</teiHeader>
	<text xml:lang="en">
		<front>
<lb/>
	<extra>IN THE</extra>

	<court>HIGH COURT OF HIMACHAL PRADESH AT SHIMLA<lb/></court>
	
	<extra>ON THE</extra>
	
	<judgement_date>30 th DAY OF MARCH, 2022 <lb/></judgement_date>
	
	<extra>BEFORE<lb/></extra>
	
	<judges>HON&apos;BLE MS. JUSTICE SABINA<lb/></judges>

	<extra>&amp;<lb/></extra>

	<judges>HON&apos;BLE MR. JUSTICE SATYEN VAIDYA<lb/></judges>

	<case_numbers>CIVIL WRIT PETITION No.5743 of 2021<lb/></case_numbers>

	<extra>Between:-<lb/></extra>

	<petitioner>SMT. REENA DEVI</petitioner>
	
	<extra>, DAUGHTER OF<lb/>
	LATE SH. RAM LAL THAKUR, W/O<lb/>
	SH. PRINCE KUMAR, R/O
	VILLAGE<lb/>
	MATYARA, POST OFFICE<lb/>
	NAROLA, TEHSIL SARKAGHAT,<lb/>
	DISTRICT MANDI, HIMACHAL<lb/>
	PRADESH.<lb/>
	
	….PETITIONER<lb/>
	(BY </extra>

	<petitioner_lawyers>MR. CHANDRANARAYANA<lb/> SINGH</petitioner_lawyers>
	
	<extra>, ADVOCATE)<lb/>
	AND<lb/></extra>

		</front>
	</text>
</tei>
