<?xml version="1.0" ?>
<tei xml:space="preserve">
	<teiHeader>
		<fileDesc xml:id="1186745"/>
	</teiHeader>
	<text xml:lang="en">
		<front>
<lb/>
	<extra>IN THE</extra>

	<court>HIGH COURT OF HIMACHAL PRADESH AT SHIMLA<lb/></court>

	<extra>ON THE</extra>
	
	<judgement_date>30 th DAY OF MARCH, 2022<lb/></judgement_date>
	
	<extra>BEFORE<lb/></extra>

	<judges>HON&apos;BLE MR. JUSTICE TARLOK SINGH CHAUHAN<lb/></judges>

	<case_numbers>EXECUTION PETITION NO.<lb/>
	239 OF 2020<lb/></case_numbers>

	<extra>Between:<lb/></extra>

	<petitioner>DHARAM PRAKASH</petitioner>
	
	<extra>SON OF SHRI<lb/>
	CHET RAM, RESIDENT OF VILLAGE<lb/>
	AND POST OFFICE SAKRA, TEHSIL<lb/>
	KARSOG, DISTRICT MANDI, H.P.<lb/>
	PRESENTLY WORKING AS BELDAR<lb/>
	IN THE OFFICE OF GOVERNOR&apos;S<lb/>
	SECRETARIAT,<lb/> HIMACHAL<lb/>
	PRADESH, SHIMLA171002<lb/>
	…PETITIONER<lb/> (BY </extra>

	<petitioner_lawyers>MR. MANOHAR LAL SHARMA<lb/></petitioner_lawyers>

	<extra>ADVOCATE)<lb/>
	AND<lb/> 1.</extra>

	<respondent>STATE OF HIMACHAL<lb/> PRADESH</respondent>
	
	<extra>THROUGH ITS<lb/>
	PRINCIPAL SECRETARY,<lb/>
	GOVERNOR&apos;S<lb/>
	SECRETARIAT, HIMACHAL<lb/>
	PRADESH, SHIMLA171002.<lb/>
	2.</extra>

	<respondent>SMT. REKHA</respondent>
	
	<extra>WIDOW OF<lb/>
	LATE SHRI DALWINDER<lb/>
	KUMAR,<lb/>
	PRESENTLY<lb/>
	WORKING AS PEON IN<lb/>
	GOVERNOR&apos;S HOUSEHOLD,<lb/>
	HIMACHAL PRADESH,<lb/>
	SHIMLA171002.<lb/>
	
	…RESPONDENTS<lb/>
	
	(BY </extra>

	<respondent_lawyers>MR. MR. VINOD THAKUR</respondent_lawyers>
	
	<extra>, ADDL.A.G., </extra>
	
	<respondent_lawyers>MR.<lb/> Y.S.THAKUR</respondent_lawyers>
	
	<extra>,<lb/>
	DY.A.G.AND<lb/></extra> 
	
	<respondent_lawyers>MR.<lb/> RAJAT<lb/> 
	CHAUHAN</respondent_lawyers>

	<extra>,<lb/>
	
	LAW OFFICER FOR THE<lb/>
	RESPONDENTSSTATE)<lb/>
	
	This petition coming on for order this day, this Court<lb/>
	passed the following:<lb/></extra>

	<document_type>O R D E R<lb/></document_type>

		</front>
	</text>
</tei>
