<?xml version="1.0" ?>
<tei xml:space="preserve">
	<teiHeader>
		<fileDesc xml:id="1186764"/>
	</teiHeader>
	<text xml:lang="en">
		<front>
<lb/>
	<extra>IN THE</extra>

	<court>HIGH COURT OF HIMACHAL PRADESH AT SHIMLA<lb/></court>
	
	<extra>ON THE </extra>
	
	<judgement_date>30 th DAY OF MARCH, 2022<lb/></judgement_date>
	
	<extra>BEFORE<lb/></extra>
	
	<judges>HON&apos;BLE MRS. JUSTICE SABINA<lb/></judges>

	<extra>&amp;<lb/></extra>

	<judges>HON&apos;BLE MR. JUSTICE SATYEN VAIDYA<lb/></judges>

	<case_numbers>CIVIL WRIT PETITION No. 1599 OF 2022<lb/></case_numbers>

	<extra>Between:-<lb/></extra>

	<petitioner>SUSHIL KUMAR</petitioner>
	
	<extra>AGED ABOUT 49 YEARS,<lb/>
	S/O SHRI ANANT RAM, R/O VILLAGE<lb/>
	MANGLEHARA, POST OFFICE CHOLTHARA,<lb/>
	TEHSIL SARKAGHAT, DISTRICT MANDI, H.P.<lb/>
	…...PETITIONER<lb/>
	(BY </extra>

	<petitioner_lawyers>SH. SANJEEV BHUSHAN</petitioner_lawyers>
	
	<extra>, SENIOR ADVOCATE<lb/>
	WITH</extra>
	
	<petitioner_lawyers>SH. RAKESH CHAUHAN</petitioner_lawyers>
	
	<extra>, ADVOCATE).<lb/>
	AND<lb/>
	1.</extra>

	<respondent>STATE OF HIMACHAL PRADESH</respondent>
	
	<extra>,<lb/>
	THROUGH PRINCIPAL SECRETARY (EDUCATION),<lb/>
	TO THE GOVERNMENT OF HIMACHAL PRADESH.<lb/>
	2.</extra>

	<respondent>DIRECTOR OF HIGHER EDUCATION</respondent>
	
	<extra>,<lb/>
	GOVERNMENT OF HIMACHAL PRADESH.<lb/>
	3.</extra>

	<respondent>ANJALI SHARMA</respondent>
	
	<extra>W/O NOT KNOWN<lb/>
	TO THE PETITIONER, PRESENTLY<lb/>
	WORKING AS LECTURER (CHEMISTRY)<lb/>
	GSSS NADAUN, TEHSIL NADAUN,<lb/>
	DISTRICT HAMIRPUR, H.P.<lb/>
	4.</extra>

	<respondent>VAJAY AGNIHOTRI</respondent>
	
	<extra>, VICE-PRESIDENT,<lb/>
	HIMACHAL ROAD TRANSPORT<lb/>
	CORPORATION, HIMACHAL PRADESH.<lb/>
	...RESPONDENTS<lb/>
	(BY </extra>

	<respondent_lawyers>SH. ASHWANI SHARMA, SH. P.K. BHATTI</respondent_lawyers>
	
	<extra>,<lb/>
	ADDITIONAL ADVOCATE GENERALS AND</extra>
	
	<respondent_lawyers>SH. VIKRANT<lb/>

	CHANDEL</respondent_lawyers>
	
	<extra>, DEPUTY ADVOCATE GENERAL, FOR<lb/>
	RESPONDENTS NO. 1 &amp; 2/STATE.)<lb/>

	(NONE FOR RESPONDENTS NO. 3 AND 4.)<lb/></extra>

		</front>
	</text>
</tei>
