<?xml version="1.0" ?>
<tei xml:space="preserve">
	<teiHeader>
		<fileDesc xml:id="1186767"/>
	</teiHeader>
	<text xml:lang="en">
		<front>
<lb/>
	<extra>IN THE</extra>

	<court>HIGH COURT OF HIMACHAL PRADESH AT SHIMLA<lb/></court>

	<extra>ON THE </extra>
	
	<judgement_date>30 th DAY OF MARCH, 2022.<lb/></judgement_date>
	
	<extra>BEFORE<lb/></extra>

	<judges>HON&apos;BLE MR. JUSTICE TARLOK SINGH CHAUHAN<lb/></judges>

	<case_numbers>REGULAR SECOND APPEAL No.233 of 2009.<lb/></case_numbers>

	<extra>Between:-<lb/></extra>

	<petitioner>JAGDISH SINGH</petitioner>
	
	<extra>SON OF<lb/>
	SHRI ISHWAR SINGH, RESIDENT OF<lb/>
	VILLAGE SAMWI, TAPPA BAMSON,<lb/>
	TESHIL BHORANJ, DISTT. HAMIRPUR,<lb/>
	(HP).<lb/>
	…...APPELLANT/PLAINTIFF.<lb/>
	(BY </extra>
	
	<petitioner_lawyers>SH. NEEL KAMAL SHARMA</petitioner_lawyers>
	
	<extra>, ADVOCATE)<lb/>
	AND<lb/></extra>
	
	<respondent>SH. RANJEET SINGH</respondent>
	
	<extra>SON OF<lb/>
	SHRI ISHWAR SINGH, RESIDENT OF<lb/>
	VILLAGE SAMWI, TAPPA BAMSON,<lb/>
	TESHIL BHORANJ, DISTT. HAMIRPUR,<lb/>
	(HP).<lb/>
	…..RESPONDENT/DEFENDANT.<lb/>

	( BY</extra>
	
	     <respondent_lawyers>SH. SURENDER SHARMA</respondent_lawyers>
	     
	<extra>, ADVOCATE)<lb/></extra>

		</front>
	</text>
</tei>
