<?xml version="1.0" ?>
<tei xml:space="preserve">
	<teiHeader>
		<fileDesc xml:id="1186709"/>
	</teiHeader>
	<text xml:lang="en">
		<front>
<lb/>
	<extra>IN THE</extra>

	<court>HIGH COURT OF HIMACHAL PRADESH SHIMLA<lb/></court>
	
	<extra>ON THE </extra>
	
	<judgement_date>30 th DAY OF MARCH, 2022 <lb/></judgement_date>
	
	<extra>BEFORE<lb/></extra>
	
	<judges>HON&apos;BLE MS. JUSTICE SABINA<lb/></judges>

	<extra>&amp;<lb/></extra>

	<judges>HON&apos;BLE MR. JUSTICE SATYEN VAIDYA<lb/></judges>

	<case_numbers>CRIMINAL APPEAL No.63 of 2017 WITH CRIMINAL APPEAL Nos.<lb/>
	120 &amp; 423 OF 2017.<lb/></case_numbers>

	<extra>Between:-<lb/>
	1. </extra>

	<case_numbers>CRIMINAL APPEAL No. 63 of 2017.<lb/></case_numbers>
	
	<petitioner>SANDEEP KUMAR</petitioner>
	
	<extra>S/O SH. TEK CHAND, RESIDENT<lb/>
	OF WARD NO.25, STREET NO. 17,OLD MOGA,<lb/>
	DISTRICT MOGA, PUNJAB.<lb/>

	….APPELLANT.<lb/>
	(BY </extra>

	<petitioner_lawyers>MR. MANOJ PATHAK &amp; MR. NIKHIL<lb/> CHUG</petitioner_lawyers>

	<extra>, ADVOCATES)<lb/>
	AND<lb/></extra>

	<respondent>STATE OF HIMACHAL PRADESH<lb/></respondent>

	<extra>….RESPONDENT.<lb/>
	(BY </extra>
	
	<respondent_lawyers>MR. ANIL JASWAL</respondent_lawyers>
	
	<extra>, ADDITIONAL ADVOCATE<lb/>
	GENERAL)<lb/>
	2.</extra>

	<case_numbers>CRIMINAL APPEAL No. 120 of 2017.<lb/></case_numbers>

	<petitioner> OM PRAKASH</petitioner>
	
	<extra>SON OF SHRI RAM SARAN,<lb/>
	RESIDENT OF HOUSE NO. 283, MISTRIAN WALI<lb/>
	GALI, MOGA, DISTRICT MOGA (PUNJAB),<lb/>
	PRESENTLY UNDERGOING SENTENCE AT MODEL<lb/>
	CENTRAL JAIL, NAHAN, (HP)<lb/>

	….APPELLANT.<lb/>
	
	(BY</extra>

	<petitioner_lawyers>MR. CHANDRANARAYANA SINGH</petitioner_lawyers>
	
	<extra>, ADVOCATE)<lb/>
	
	AND<lb/></extra>

	<respondent>STATE OF HIMACHAL PRADESH<lb/></respondent>

	<extra>….RESPONDENT.<lb/>
	(BY</extra>
	
	<respondent_lawyers>MR. ANIL JASWAL</respondent_lawyers>
	
	<extra>, ADDITIONAL ADVOCATE<lb/>
	GENERAL)<lb/>
	3. </extra>

	<case_numbers>CRIMINAL APPEAL No. 423 of 2017.<lb/></case_numbers>
	
	<petitioner>KIMTI LAL </petitioner>
	
	<extra>S/O SH. KASHMIRI LAL, R/O 25/250,<lb/>
	BABA TEK
	SINGH PARK MOGA, DISTT. MOGA,<lb/>
	PUNJAB, PRESENTLY LODGED AT M.C. JAIL<lb/>
	NAHAN.<lb/>

	….APPELLANT.<lb/>
	(BY </extra>

	<petitioner_lawyers>MR. B.L. SONI
	
	&amp; AMAN PARTH</petitioner_lawyers>
	
	<extra>, ADVOCATES)<lb/>
	
	AND<lb/></extra>
	
	<respondent>STATE OF HIMACHAL PRADESH<lb/></respondent>

	<extra>….RESPONDENT.<lb/>
	(BY </extra>

	<respondent_lawyers>MR. ANIL JASWAL</respondent_lawyers>
	
	<extra>, ADDITIONAL ADVOCATE<lb/>
	GENERAL)<lb/>

	RESERVED ON:23 rd MARCH, 2022.<lb/></extra>

	<extra>…2…</extra>

		</front>
	</text>
</tei>
