<?xml version="1.0" ?>
<tei xml:space="preserve">
	<teiHeader>
		<fileDesc xml:id="1186772"/>
	</teiHeader>
	<text xml:lang="en">
		<front>
<lb/>
	<extra>IN THE</extra>

	<court>HIGH COURT OF HIMACHAL PRADESH AT SHIMLA<lb/></court>

	<extra>ON THE</extra>
	
	<judgement_date>30 th DAY OF MARCH, 2022 <lb/></judgement_date>
	
	<extra>BEFORE<lb/></extra>

	<judges>HON&apos;BLE MS. JUSTICE SABINA<lb/>
	&amp;<lb/>
	HON&apos;BLE MR. JUSTICE SATYEN VAIDYA<lb/></judges>

	<case_numbers>LETTERS PATENT APPEAL No. 21 of 2021<lb/></case_numbers>

	<extra>Between:-<lb/></extra>

	<petitioner>RAJESH SHARMA</petitioner>
	
	<extra>,<lb/>
	SON OF AMAR DUTT,<lb/>
	RESIDENT OF VILLAGE MATIYUL,<lb/>
	POST OFFICE GALANAG,<lb/>
	TEHSIL AND DISTRICT SOLAN,<lb/>
	HIMACHAL PRADESH<lb/>
	……APPELLANT<lb/>
	(BY</extra>
	
	<petitioner_lawyers>MR. SANDEEP K. PANDEY</petitioner_lawyers>
	
	<extra>,<lb/>
	ADVOCATE)<lb/>
	AND<lb/>
	1.</extra>

	<respondent>UNION OF INDIA</respondent>
	
	<extra>THROUGH ITS<lb/>
	SECRETARY, DEPARTMENT<lb/>
	OF HORTICULTURE,<lb/>
	MINISTRY OF AGRICULTURE,<lb/>
	NEW DELHI.<lb/>
	2.</extra>

	<respondent>NATIONAL HORTICULTURE<lb/> BOARD</respondent>
	
	<extra>, PLOT NO.85, INSTITUTIONAL<lb/>
	AREA, SECTOR 18, GURGAON,<lb/>
	THROUGH ITS MANAGING DIRECTOR.<lb/>
	3.</extra>

	<respondent>THE REGIONAL MANAGER</respondent>
	
	<extra>,<lb/>
	NATIONAL HORTICULTURE BOARD,<lb/>
	H.P. M.C., 2 ND FLOOR, NIGAM VIHAR,<lb/>
	SHIMLA, H.P.-171002.<lb/>
	…...RESPONDENTS<lb/></extra>

		</front>
	</text>
</tei>
