<?xml version="1.0" ?>
<tei xml:space="preserve">
	<teiHeader>
		<fileDesc xml:id="1186761"/>
	</teiHeader>
	<text xml:lang="en">
		<front>
<lb/>
	<extra>IN THE</extra>

	<court>HIGH COURT OF HIMACHAL PRADESH SHIMLA<lb/></court>

	<extra>ON THE</extra>
	
	<judgement_date>30 th DAY OF MARCH, 2022<lb/></judgement_date>
	
	<extra>BEFORE<lb/></extra>

	<judges>HON&apos;BLE MS. JUSTICE SABINA<lb/></judges>
	
	<extra>&amp;<lb/></extra>
	
	<judges>HON&apos;BLE MR. JUSTICE SATYEN VAIDYA<lb/></judges>

	<case_numbers>CIVIL WRIT PETITION NO. 7830 of 2021.<lb/></case_numbers>
	
	<extra>Between:-<lb/></extra>
	
	<petitioner_lawyers>DR. SHAMMI NICKTA</petitioner_lawyers>
	
	<extra>S/O SH. RATTAN CHAND<lb/>
	NICKTA, R/O PLOT NO. 27, HOUSING BOARD<lb/>
	COLONY, SANJAULI, SHIMLA, H.P.<lb/>
	….PETITIONER.<lb/>
	(BY </extra>
	
	<petitioner_lawyers>MS. SIKHA CHAUHAN</petitioner_lawyers>
	
	<extra>, ADOVCATE)<lb/>
	AND<lb/>
	1.</extra>

	<respondent>STATE OF H.P.</respondent>
	
	<extra>, THROUGH ITS SECRETARY HEALTH,<lb/>
	HIMACHAL PRADESH, H.P.<lb/>
	2.</extra>
	
	<respondent>DIRECTOR HEALTH SERVICES</respondent>
	
	<extra>,	HIMACHAL<lb/>
	PRADESH, SHIMLA, H.P.<lb/>
	3.</extra>

	<respondent>DIRECTOR MEDICAL EDUCATION AND RESEARCH</respondent>
	
	<extra>,<lb/>
	HIMACHAL PRADESH, SHIMLA, H.P.<lb/>
	4.</extra>

	<respondent>INDIRA GANDHI MEDICAL COLLEGE</respondent>
	
	<extra>, THROUGH<lb/>
	ITS PRINCIPAL, SHIMLA, H.P.<lb/>
	….RESPONDENTS.<lb/>
	(BY </extra>

	<respondent_lawyers>MR. AJAY VAIDYA</respondent_lawyers>
	
	<extra>, SENIOR ADDITIONAL<lb/>
	ADVOCATE GENERAL)<lb/></extra>

		</front>
	</text>
</tei>
