<?xml version="1.0" ?>
<tei xml:space="preserve">
	<teiHeader>
		<fileDesc xml:id="1186770"/>
	</teiHeader>
	<text xml:lang="en">
		<front>
<lb/>
	<extra>IN THE</extra>

	<court>HIGH COURT OF HIMACHAL PRADESH AT SHIMLA<lb/></court>

	<extra>ON THE</extra>
	
	<judgement_date>30 th DAY OF MARCH, 2022<lb/></judgement_date>
	
	<extra>BEFORE<lb/></extra>

	<judges>HON&apos;BLE MR. JUSTICE MOHAMMAD RAFIQ<lb/></judges>

	<extra>CHIEF JUSTICE<lb/>
	&amp;<lb/></extra>

	<judges>HON&apos;BLE MS. JUSTICE JYOTSNA REWAL DUA<lb/></judges>

	<case_numbers>CIVIL WRIT PETITION No. 1580 OF 2022<lb/></case_numbers>

	<extra>Between:<lb/></extra>
	
	<petitioner>ARUNA KUMARI</petitioner>
	
	<extra>, W/O SH. JATINDER<lb/>
	MAHAJAN, R/O NEAR RAM MANDIR,<lb/>
	BANDLA BRIDGE, VPO SHAHPUR, TEHSIL<lb/>
	SHAHPUR, DISTRICT KANGRA, H.P.<lb/>
	…PETITIONER<lb/>
	(BY</extra>

	<petitioner_lawyers>MR. SANJEEV KUMAR MOTTA</petitioner_lawyers>
	
	<extra>,<lb/> ADVOCATE.)<lb/>
	AND<lb/>
	1.</extra>

	<respondent>STATE OF HIMACHAL PRADESH<lb/></respondent>
	
	<extra>THROUGH ITS SECRETARY (EDUCATION),<lb/>
	GOVT. OF HIMACHAL PRADESH, SHIMLA,<lb/>
	H.P.<lb/>
	2.</extra>
	
	<respondent>DIRECTOR OF HIGHER EDUCATION</respondent>
	
	<extra>,<lb/>
	DIRECTORATE OF EDUCATION, SHIMLA-1.<lb/>
	... RESPONDENTS<lb/>
	(BY </extra>

	<respondent_lawyers>MR. ASHOK SHARMA</respondent_lawyers>
	
	<extra>, ADVOCATE<lb/>
	GENERAL WITH </extra>

	<respondent_lawyers>MR. VIKAS RATHORE</respondent_lawyers>
	
	<extra>,<lb/>
	ADDITIONAL ADVOCATE GENERAL)<lb/>
	____________________________________________________<lb/>
	This petition coming on for admission this day,<lb/>
	Hon&apos;ble Mr. Justice Mohammad Rafiq, passed the following:<lb/></extra>

	<document_type>O R D E R<lb/></document_type>

		</front>
	</text>
</tei>
