<?xml version="1.0" ?>
<tei xml:space="preserve">
	<teiHeader>
		<fileDesc xml:id="1186776"/>
	</teiHeader>
	<text xml:lang="en">
		<front>
<lb/>

	<extra>IN THE</extra>

	<court>HIGH COURT OF HIMACHAL PRADESH AT SHIMLA<lb/>
	</court>

	<extra>ON THE</extra>
	
	<judgement_date>30 th DAY OF MARCH, 2022<lb/>
	</judgement_date>
	
	<extra>BEFORE<lb/>
	</extra>

	<judges>HON&apos;BLE MR. JUSTICE MOHAMMAD RAFIQ</judges>

	<extra>,<lb/>
	
	CHIEF JUSTICE &amp;<lb/>
	</extra>

	<judges>HON&apos;BLE MS. JUSTICE JYOTSNA REWAL DUA<lb/>
	</judges>

	<case_numbers>LETTERS PATENT APPEAL No.97 OF 2021<lb/>
	</case_numbers>

	<extra>ALONGWITH<lb/>
	</extra>

	<case_numbers>CIVIL WRIT PETITION No.2693 OF 2021<lb/>
	</case_numbers>

	<extra>1.</extra>
	
	<case_numbers>LPA NO.97 OF 2021<lb/>
	</case_numbers>
	
	<extra>Between:-<lb/>
	
	1.</extra>

	<petitioner>THE CHAIRMAN,<lb/>
	
	ARMY PUBLIC SCHOOL</petitioner>
	
	<extra>, DAGSHAI,<lb/>
	
	TEHSIL KASAULI, DISTRICT SOLAN,<lb/>
	
	H.P. 173206<lb/>
	
	2.</extra>

	<petitioner>THE PRINCIPAL, ARMY PUBLIC SCHOOL</petitioner>
	
	<extra>,<lb/>
	
	DAGSHAI, TEHSIL KASAULI,<lb/>
	
	DISTRICT SOLAN, H.P.<lb/>
	
	…...APPELLANTS<lb/>
	
	(BY</extra>

	<petitioner_lawyers>MR. RAHUL MAHAJAN</petitioner_lawyers>
	
	<extra>, ADVOCATE)
	AND<lb/>
	
	1.</extra>

	<respondent>SMT. URMILA CHAUHAN<lb/>
	</respondent>
	
	<extra>D/O SH. JIWAN SINGH CHAUHAN,<lb/>
	
	R/O CHAUHAN NIWAS, SHOLINI NAGAR,<lb/>
	
	JAUNAJI ROAD, DISTRICT SOLAN, H.P.<lb/>
	
	…….RESPONDENT<lb/>
	
	2.</extra>

	<respondent>THE MANAGING DIRECTOR,<lb/>
	
	ARMY WELFARE EDUCATION SOCIETY</respondent>
	
	<extra>,<lb/>
	
	SHANKAR VIHAR BUILDING NO.202,<lb/>
	
	DELHI CANTT. NEW DELHI 110010<lb/>
	
	…...PROFORMA RESPONDENT<lb/>
	
	(</extra>
	
	<respondent_lawyers>MR. SERVEDAMAN RATHORE</respondent_lawyers>
	
	<extra>, ADVOCATE,<lb/>
	
	FOR R-1,<lb/>
	</extra>

	<respondent_lawyers>MR. PRAVEEN CHAUHAN</respondent_lawyers>
	
	<extra>, ADVOCATE VICE<lb/>
	</extra>

	<respondent_lawyers>MR. VISHAL PANWAR</respondent_lawyers>
	    
	<extra>, ADVOCATE, FOR R-2)<lb/>
	
	2. </extra>

	<case_numbers>CWP NO.2693 OF 2021<lb/>
	</case_numbers>

	<extra>Between:-<lb/>
	</extra>
	
	<petitioner>SANGEETA SAHOTA<lb/>
	</petitioner>
	
	<extra>W/O SH. SURINDER KUMAR SAHOTA,<lb/>
	
	R/O ARMY PUBLIC SCHOOL DAGSHAI,<lb/>
	
	HOUSE NO.47/1, GROUND FLOOR,<lb/>
	
	TEHSIL KASOULI, DISTRICT SOLAN, H.P.<lb/>
	
	…...PETITIONER<lb/>
	
	(BY</extra>
	
	<petitioner_lawyers>MR. SANJEEV BHUSHAN</petitioner_lawyers>
	
	<extra>, SENIOR ADVOCATE<lb/>
	
	WITH</extra>
	
	<petitioner_lawyers>MR. RAJESH KUMAR</petitioner_lawyers>
	
	<extra>, ADVOCATE)<lb/>
	
	AND<lb/>
	
	1.</extra>

	<respondent>UNION OF INDIA</respondent>
	
	<extra>,<lb/>
	
	THROUGH SECRETARY (MINISTRY OF DEFENCE),<lb/>
	
	GOVERNMENT OF INDIA, 101-A,<lb/>
	
	SOUTH BLOCK, NEW DELHI<lb/>
	
	2.</extra>
	
	<respondent>ARMY WELFARE EDUCATION SOCIETY</respondent>
	
	<extra>,<lb/>
	
	BUILDING NO.202, SHANKAR VIHAR,<lb/>
	
	DELHI CANTONMENT, NEW DELHI-110010,<lb/>
	
	THROUGH ITS MANAGING DIRECTOR<lb/>
	
	3.</extra>
	
	<respondent>ARMY PUBLIC SCHOOL DAGSHAI</respondent>
	
	<extra>,<lb/>
	
	TEHSIL KASAULI, DISTRICT SOLAN, H.P.,<lb/>
	
	THROUGH ITS PRINCIPAL<lb/>
	
	4.</extra>

	<respondent>CENTRAL BOARD OF SECONDARY EDUCATION</respondent>
	    
	    <extra>,<lb/>
	    
	    SHIKSHA KENDRA, 2, COMMUNITY CENTRE,<lb/>
	    
	    PREST VIHAR, DELHI-110092,<lb/>
	    
	    THROUGH ITS CHAIRPERSON<lb/>
	    
	…...RESPONDENTS<lb/>
	
	(</extra>
	
	<respondent_lawyers>MR. BALRAM SHARMA</respondent_lawyers>
	
	<extra>, ASGI, FOR R-1 &amp; R-2,<lb/>
	</extra>

	<respondent_lawyers>MR. RAHUL MAHAJAN</respondent_lawyers>
	
	<extra>, ADVOCATE, FOR R-3,<lb/>
	
	NONE FOR R-4)<lb/>
	
	RESERVED ON :<lb/> 
	17.03.2022<lb/>
	
	PRONOUNCED ON :<lb/>
	

	30.03.2022<lb/>
	</extra>

	<note>Whether approved for reporting? Yes.<lb/>
	</note>
	
	<extra>These matters coming on for admission this day,<lb/>
	
	Hon&apos;ble Ms. Justice Jyotsna Rewal Dua, delivered the<lb/> 
	following:<lb/>
	</extra>

	<document_type>J U D G M E N T<lb/>
	</document_type>

		</front>
	</text>
</tei>
