<?xml version="1.0" ?>
<tei xml:space="preserve">
	<teiHeader>
		<fileDesc xml:id="1186771"/>
	</teiHeader>
	<text xml:lang="en">
		<front>
<lb/>
	<extra>IN THE</extra>

	<court>HIGH COURT OF HIMACHAL PRADESH, SHIMLA<lb/></court>

	<extra>ON THE</extra>
	
	<judgement_date>30 th DAY OF MARCH, 2022<lb/></judgement_date>
	
	<extra>BEFORE<lb/></extra>

	<judges>HON&apos;BLE MR. JUSTICE SANDEEP SHARMA<lb/></judges>

	<case_numbers>CRIMINAL REVISION No.145 OF 2022<lb/></case_numbers>

	<extra>Between:<lb/></extra>

	<petitioner>KAILASH CHAND</petitioner>
	
	<extra>,<lb/>
	AGED 38 YEARS,<lb/>
	S/O SH. DHARAM SINGH CHAND,<lb/>
	R/O VILLAGE UCCHAGAON,<lb/>
	PO KUNIHAR, TEHSIL ARKI,<lb/>
	DISTRICT SOLAN, H.P.<lb/>
	….PETITIONER<lb/> (</extra>

	<petitioner_lawyers>BY MR. AJAY SIPAHIYA</petitioner_lawyers>
	
	<extra>,<lb/>
	ADVOCATE)<lb/>
	AND<lb/>
	1.</extra>

	<respondent>STATE OF HIMACHAL PRADESH</respondent>
	
	<extra>,<lb/>
	THROUGH PRINCIPAL SECRETARY<lb/>
	(HOME ) TO THE GOVERNMENT OF HP,<lb/>
	SHIMLA171002<lb/>
	2.</extra>
	
	<respondent>VANDNA</respondent>
	
	<extra>,<lb/>
	W/O KAILASH CHAND,<lb/>
	R/O VILLAGE UCCHAGAON,<lb/>
	PO KUNIHAR, TEHSIL ARKI,<lb/>
	DISTRICT SOLAN, H.P.,PRESENTLY<lb/>
	RESIDING AT VILLAGE JER SERI,<lb/>
	P.O. KASHLOG,<lb/>
	TEHSIL ARKI,<lb/>
	DISTRICT SOLAN, H.P.<lb/>
	3.</extra>

	<respondent>SUDESH</respondent>
	
	<extra>,<lb/>
	S/O SH. KAILASH CHAND<lb/>
	AND SMT. VANDNA,<lb/>
	4.</extra>

	<respondent>BHUVANESH</respondent>
	
	<extra>,<lb/>
	S/O SH. KAILASH CHAND<lb/>
	AND SMT. VANDNA,<lb/>
	5.</extra>

	<respondent>HARSHITA</respondent>
	
	<extra>,<lb/>
	D/O SH. KAILASH CHAND<lb/>
	AND SMT. VANDNA,<lb/>

	(RESPONDENTS NO. 3 TO 5<lb/>
	THROUGH THEIR MOTHER<lb/>
	I.E. RESPONDENT NO.2<lb/>
	NATURAL GUARDIAN)<lb/>

	….RESPONDENT<lb/>
	(BY</extra>

	<respondent_lawyers>MR. ARVIND SHARMA</respondent_lawyers>
	
	<extra>,<lb/>
	ADDITIONAL ADVOCATE GENERAL,<lb/>
	WITH</extra>
	
	<respondent_lawyers>MR. NARENDER THAKUR</respondent_lawyers>
	
	<extra>AND<lb/></extra>
	
	<respondent_lawyers>MR. GAURAV SHARMA</respondent_lawyers>
	
	<extra>, DEPUTY ADVOCATES<lb/>
	GENERAL, FOR THE STATE)<lb/></extra>

		</front>
	</text>
</tei>
