<?xml version="1.0"?>
<tei xml:space="preserve">
	<teiHeader>
		<fileDesc xml:id="1187044" />
	</teiHeader>
	<text xml:lang="en">
		<front>
			<lb />
			<extra>
				IN THE
			</extra>
			<court>
				SPECIAL COURT &lt;TRIAL OF OFFENCES RELATING
				/
				<lb />
				TO TRANSACTIONS IN SECURITIES&gt; AT BOMBAY.
				<lb />
			</court>
			<case_numbers>
				SPECIAL CASE N0.1 OF 1993
				<lb />
			</case_numbers>
			<petitioner>
				Central Bureau of Investigation
				<lb />
			</petitioner>
			<extra>
				. ..• Complainant
				<lb />
			</extra>
			<extra>
				vs.
				<lb />
			</extra>
			<extra>
				1.
			</extra>
			<respondent>
				Kandaswamy Margbanthu
				<lb />
			</respondent>
			<extra>
				2.
			</extra>
			<respondent>
				Hamaiya Vankatkrishnan
				<lb />
			</respondent>
			<extra>
				3.
			</extra>
			<respondent>
				Harshad Shantilal Mehta
				(deceased-case abated)
				<lb />
			</respondent>
			<extra>
				4.
			</extra>
			<respondent>
				Ashwin Shantilal Mehta
				<lb />
			</respondent>
			<extra>
				5.
			</extra>
			<respondent>
				Sudhir Shantilal Mehta
				<lb />
			</respondent>
			<extra>
				6.
			</extra>
			<respondent>
				Munipally Subramanium Eshwar Chandra
				<lb />
			</respondent>
			<extra>
				7.
			</extra>
			<respondent>
				Sunil Samtani
				<lb />
			</respondent>
			<extra>
				8.
			</extra>
			<respondent>
				S.V.Ramanathan
				<lb />
			</respondent>
			<extra>
				9.
			</extra>
			<respondent>
				Pankaj Brijlal Shah.
				<lb />
			</respondent>
			<extra>
				. .. Accused . •
				<lb />
			</extra>
			<petitioner_lawyers>
				Mr.V.G.Pradhan with Mr.R.S.Mhamane
			</petitioner_lawyers>
			<extra>
				, Special P.P. for
				•
				<lb />
				C.B.I.
				<lb />
			</extra>
			<respondent_lawyers>
				Mr.Sunil Kale i/b. Mis.Mehta Girdharilal &amp; Co.
				<lb />
			</respondent_lawyers>
			<extra>
				for
				<lb />
				Accused no. 1.
			</extra>
			<respondent_lawyers>
				Mr.L.R.Chari with MR.Ketkar � Mr.Unnikrishnan
			</respondent_lawyers>
			<extra>
				, for
				<lb />
				Accused no.2.
				<lb />
			</extra>
			<respondent_lawyers>
				Mr.Ajay Khandar
				<lb />
			</respondent_lawyers>
			<extra>
				for accused no.4 and 9.
			</extra>
			<respondent_lawyers>
				Mr.Amal Chaugule i/b. M/s.Neena Chaugule &amp; Co.
				<lb />
			</respondent_lawyers>
			<extra>
				for
				<lb />
				Accused no.5.
				<lb />
			</extra>
			<respondent_lawyers>
				Mr.Amol Chaugule with Mr.Ajit Karwande
				<lb />
			</respondent_lawyers>
			<extra>
				, for Accused
				<lb />
				nos. 6 P..-. 7.
				<lb />
			</extra>
			<respondent_lawyers>
				Mr.M.Janardhan
				<lb />
			</respondent_lawyers>
			<extra>
				, for Accused no.8.
				<lb />
			</extra>
			<extra>
				CORAM:
			</extra>
			<judges>
				O.K.DESHMUkH, J.
				<lb />
			</judges>
			<extra>
				DATEU:
			</extra>
			<judgement_date>
				9th, June, 2005.
				<lb />
			</judgement_date>
		</front>
	</text>
</tei>
