<?xml version="1.0"?>
<tei xml:space="preserve">
	<teiHeader>
		<fileDesc xml:id="121255" />
	</teiHeader>
	<text xml:lang="en">
		<front>
			<extra>
				REPORTABLE
			</extra>
			<lb />
			<extra>
				IN THE
			</extra>
			<court>
				SUPREME COURT OF INDIA
				<lb />
			</court>
			<extra>
				CIVIL ORIGINAL JURISDICTION
				<lb />
			</extra>
			<case_numbers>
				WRIT PETITION (CIVIL) NO 494 OF 2012
				<lb />
			</case_numbers>
			<petitioner>
				JUSTICE K S PUTTASWAMY (RETD.),
				<lb />
				AND ANR.
				<lb />
			</petitioner>
			<extra>
				..Petitioners
				<lb />
			</extra>
			<extra>
				VERSUS
				<lb />
			</extra>
			<respondent>
				UNION OF INDIA AND ORS.
				<lb />
			</respondent>
			<extra>
				..Respondents
			</extra>
			<extra>
				<lb />
				WITH
			</extra>
			<case_numbers>
				T.C. (CIVIL) NO 151 OF 2013
				<lb />
			</case_numbers>
			<case_numbers>
				T.C. (CIVIL) NO 152 OF 2013
				<lb />
			</case_numbers>
			<case_numbers>
				W.P.(CIVIL) NO 833 OF 2013
				<lb />
			</case_numbers>
			<case_numbers>
				W.P.(CIVIL) NO 829 OF 2013
				<lb />
			</case_numbers>
			<case_numbers>
				W.P.(CIVIL) NO 932 OF 2013
				<lb />
			</case_numbers>
			<case_numbers>
				CONMT. PET. (CIVIL) NO 144 OF 2014 IN W.P.(C) NO. 494/2012
				<lb />
			</case_numbers>
			<case_numbers>
				T.P.(CIVIL) NO 313 OF 2014
				<lb />
			</case_numbers>
			<case_numbers>
				T.P.(CIVIL) NO 312 OF 2014
				<lb />
			</case_numbers>
			<case_numbers>
				S.L.P(CRL.) NO.2524/2014
				<lb />
			</case_numbers>
			<case_numbers>
				W.P.(CIVIL) NO.37/2015
				<lb />
			</case_numbers>
			<case_numbers>
				W.P.(CIVIL) NO.220/2015
				<lb />
			</case_numbers>
			<case_numbers>
				CONMT. PET. (C)NO.674/2015 IN W.P.(C) NO.829/2013
				<lb />
			</case_numbers>
			<case_numbers>
				T.P.(CIVIL)NO.921/2015
				<lb />
			</case_numbers>
			<case_numbers>
				CONMT.PET.(C)NO.470/2015 IN W.P.(C) NO.494/2012
				<lb />
			</case_numbers>
			<case_numbers>
				CONMT.PET.(C)NO.444/2016 IN W.P.(C) NO.494/2012
				<lb />
			</case_numbers>
			<case_numbers>
				CONMT.PET.(C)NO.608/2016 IN W.P.(C) NO.494/2012
				<lb />
			</case_numbers>
			<case_numbers>
				W.P.(CIVIL) NO.797/2016
				<lb />
			</case_numbers>
			<case_numbers>
				CONMT.PET.(C)NO.844/2017 IN W.P.(C) NO.494/2012
				<lb />
			</case_numbers>
			<case_numbers>
				W.P. (C) NO. 342/ 2017
				<lb />
				AND WITH W.P.(C) NO.000372/2017
				<lb />
			</case_numbers>
			<document_type>
				J U D G M E N T
				<lb />
			</document_type>
		</front>
	</text>
</tei>
