<?xml version="1.0"?>
<tei xml:space="preserve">
	<teiHeader>
		<fileDesc xml:id="122465" />
	</teiHeader>
	<text xml:lang="en">
		<front>
			<extra>
				REPORTABLE
				<lb />
			</extra>
			<extra>
				IN THE
			</extra>
			<court>
				SUPREME COURT OF INDIA
				<lb />
			</court>
			<extra>
				CRIMINAL ORIGINAL JURISDICTION
				<lb />
			</extra>
			<case_numbers>
				WRIT PETITION (CRIMINAL) NO. 76 OF 2016
				<lb />
			</case_numbers>
			<petitioner>
				NAVTEJ SINGH JOHAR &amp; ORS.
				<lb />
			</petitioner>
			<extra>
				…Petitioner(s)
				<lb />
			</extra>
			<extra>
				VERSUS
			</extra>
			<respondent>
				UNION OF INDIA
				<lb />
				THR. SECRETARY
				<lb />
				MINISTRY OF LAW AND JUSTICE
				VERSUS
			</respondent>
			<extra>
				…Respondent(s)
				<lb />
			</extra>
			<extra>
				WITH
				<lb />
			</extra>
			<case_numbers>
				WRIT PETITION (CIVIL) NO. 572 OF 2016
				<lb />
			</case_numbers>
			<case_numbers>
				WRIT PETITION (CRIMINAL) NO. 88 OF 2018
				<lb />
			</case_numbers>
			<case_numbers>
				WRIT PETITION (CRIMINAL) NO. 100 OF 2018
				<lb />
			</case_numbers>
			<case_numbers>
				WRIT PETITION (CRIMINAL) NO. 101 OF 2018
				<lb />
			</case_numbers>
			<case_numbers>
				WRIT PETITION (CRIMINAL) NO. 121 OF 2018
				<lb />
			</case_numbers>
			<document_type>
				J U D G M E N T
				<lb />
			</document_type>
			<lb />
		</front>
	</text>
</tei>
