<?xml version="1.0"?>
<tei xml:space="preserve">
	<teiHeader>
		<fileDesc xml:id="13498" />
	</teiHeader>
	<text xml:lang="en">
		<front>
			<extra>
				<lb />
				$~S~
				<lb />
				*
				<lb />
			</extra>
			<extra>
				IN THE
			</extra>
			<court>
				HIGH COURT OF DELHI AT NEW DELHI
				<lb />
			</court>
			<extra>
				Date of decision:
			</extra>
			<judgement_date>
				15 June 2021
				<lb />
			</judgement_date>
			<extra>
				+
				<lb />
			</extra>
			<case_numbers>
				CRL.A. 82/2021
				<lb />
			</case_numbers>
			<petitioner>
				NATASHA NARWAL
				<lb />
			</petitioner>
			<extra>
				..... Appellant
				<lb />
			</extra>
			<extra>
				Through:
			</extra>
			<petitioner_lawyers>
				Mr. Adit S. Pujari, Ms. Tusharika
				<lb />
				M a t t o o a n d M r. K u n a l N e g i ,
				<lb />
			</petitioner_lawyers>
			<extra>
				Advocates.
				<lb />
			</extra>
			<extra>
				versus
				<lb />
			</extra>
			<respondent>
				STATE OF DELHI NCT
				<lb />
			</respondent>
			<extra>
				..... Respondent
				<lb />
			</extra>
			<extra>
				Through:
			</extra>
			<respondent_lawyers>
				Mr. Amit Mahajan, Mr. Amit Prasad,
				<lb />
				and Mr. Rajat Nair,
				<lb />
			</respondent_lawyers>
			<extra>
				SPPs for the State
				<lb />
				alongwith
				<lb />
			</extra>
			<respondent_lawyers>
				Mr. Dhruv Pande and Mr.
				<lb />
				Shantanu Sharma, Advocates.
				<lb />
			</respondent_lawyers>
			<extra>
				CORAM:
				<lb />
			</extra>
			<judges>
				HON&apos;BLE MR. JUSTICE SIDDHARTH MRIDUL
				<lb />
				HON&apos;BLE MR. JUSTICE ANUP JAIRAM BHAMBHANI
				<lb />
			</judges>
			<document_type>
				J U D G M E N T
				<lb />
			</document_type>
		</front>
	</text>
</tei>
