<?xml version="1.0" ?>
<tei xml:space="preserve">
	<teiHeader>
		<fileDesc xml:id="12582414"/>
	</teiHeader>
	<text xml:lang="en">
		<front>
<lb/>
	<extra>Page</extra>
	
	<page>1 of 1<lb/></page>

	<court>HIGH COURT OF TRIPURA<lb/>
	AGARTALA<lb/></court>

	<case_numbers>A.B. 114 /2020<lb/></case_numbers>

	<petitioner>Sujit Chakraborty<lb/></petitioner>
	
	<extra>----Petitioner(s)<lb/></extra>

	<extra>Versus<lb/></extra>

	<respondent>The State of Tripura<lb/></respondent>
	
	<extra>----Respondent(s)<lb/>
	
	For Petitioner(s) :<lb/></extra>

	<petitioner_lawyers>Mr. AK Banerjee</petitioner_lawyers>
	
	<extra>, Advocate<lb/>
	For Respondent(s) :<lb/></extra>

	<respondent_lawyers>Mr. Ratan Datta</respondent_lawyers>
	
	<extra>,PP<lb/></extra>

	<judges>HON&apos;BLE MR. JUSTICE ARINDAM LODH<lb/></judges>

	<document_type>Order<lb/></document_type>

	<judgement_date>20/10/2020<lb/></judgement_date>

		</front>
	</text>
</tei>
