<?xml version="1.0" ?>
<tei xml:space="preserve">
	<teiHeader>
		<fileDesc xml:id="12582413"/>
	</teiHeader>
	<text xml:lang="en">
		<front>
<lb/>
	<extra>Page</extra>
	
	<page>1 of 1<lb/></page>

	<court>HIGH COURT OF TRIPURA<lb/>
	AGARTALA<lb/></court>

	<case_numbers>RFA No.17 of 2015<lb/></case_numbers>

	<extra>For Appellant(s) :<lb/> Petitioner-in-Person<lb/> For Respondent(s) :<lb/></extra>

	<respondent_lawyers>Mr. M. Debbarma</respondent_lawyers>
	
	<extra>, Addl. G.A.<lb/></extra>
	
	<judges>HON&apos;BLE MR. JUSTICE S. TALAPATRA<lb/> HON&apos;BLE MR. JUSTICE ARINDAM LODH</judges>

	<document_type>Order<lb/></document_type>

	<extra>20/10/2020<lb/></extra>

		</front>
	</text>
</tei>
