<?xml version="1.0" ?>
<tei xml:space="preserve">
	<teiHeader>
		<fileDesc xml:id="12582412"/>
	</teiHeader>
	<text xml:lang="en">
		<front>
<lb/>
	<extra>Page </extra>
	
	<page>1 of 1<lb/></page>

	<court>HIGH COURT OF TRIPURA<lb/>
	A_G_A_R_T_A_L_A<lb/></court>

	<case_numbers>RSA. No. 02 of 2017<lb/></case_numbers>

	<extra>For Appellant(s) :<lb/></extra>

	<petitioner_lawyers>Mr. D. R. Chowdhury</petitioner_lawyers>
	
	<extra>, Advocate.<lb/>
	For Respondent(s) :<lb/></extra>

	<respondent_lawyers>Mr. G. S. Bhattacharjee</respondent_lawyers>
	
	
	<extra>, Advocate.<lb/></extra>

	<judges>HON&apos;BLE MR. JUSTICE ARINDAM LODH<lb/></judges>

	<extra>O_r_d_e_r<lb/></extra>

	<judgement_date>20.10.2020<lb/></judgement_date>

		</front>
	</text>
</tei>
