<?xml version="1.0" ?>
<tei xml:space="preserve">
	<teiHeader>
		<fileDesc xml:id="12845312"/>
	</teiHeader>
	<text xml:lang="en">
		<front>
<lb/>
	<case_numbers>AO No. 454 of 2016<lb/></case_numbers>

	<judges>Hon&apos;ble K.M. Joseph, C.J.<lb/>
	Hon&apos;ble Alok Singh, J.<lb/></judges>

	<petitioner_lawyers>Mr. Karan Anand</petitioner_lawyers>
	
	<extra>, Advocate for the appellant.<lb/></extra>

	<respondent_lawyers>Mr. R.K.S. Verma</respondent_lawyers>
	
	<extra>, Advocate for the respondent.<lb/>
	List this matter on 20 th September, 2016 in the<lb/> supplementary cause list.<lb/></extra>

	<extra>(Alok Singh, J.)<lb/>
	(K.M. Joseph, C.J.)<lb/></extra>
	
	<judgement_date>19.09.2016<lb/> 19.09.2016<lb/></judgement_date>

		</front>
	</text>
</tei>
