<?xml version="1.0" ?>
<tei xml:space="preserve">
	<teiHeader>
		<fileDesc xml:id="12845056"/>
	</teiHeader>
	<text xml:lang="en">
		<front>
<lb/>
	<extra>IN THE</extra>

	<court>HIGH COURT OF UTTARAKHAND AT NAINITAL<lb/></court>

	<case_numbers>WPMS No. 5939 OF 2001<lb/></case_numbers>

	<extra>(Old No. 21462 of 1992)<lb/></extra>

	<petitioner>M/s Nainital Zila Kendriya Upbhokta Sahkari Bhandar<lb/>Ltd., Haldwani, Nainital, through Secretary.<lb/></petitioner>
	
	<extra>…………Petitioner.<lb/>
	Versus<lb/></extra>

	<respondent>Peethaseen Adhikari &amp; Ors.<lb/></respondent>
	
	<extra>………..Respondents.<lb/></extra>

	<petitioner_lawyers>Mr. Sobhit Saharia</petitioner_lawyers>
	
	<extra>, learned counsel for the petitioner.<lb/></extra>

	<respondent_lawyers>Mr. Gopal Narian</respondent_lawyers>
	
	<extra>, learned Brief Holder for the State /<lb/> respondent no. 1 &amp; 2.<lb/></extra>

	<respondent_lawyers>Mr. D.C.S. Rawat</respondent_lawyers>
	
	<extra>, learned counsel for the respondent no. 3.<lb/></extra>

	<judgement_date>8 th August, 2008<lb/></judgement_date>
	
	 <judges>Hon&apos;ble P.C. Verma, J.<lb/></judges>
	 
	<extra>This writ petition is directed against the order dated<lb/>
	6.4.1992 passed by the respondent no. 1 / Prescribed<lb/></extra>

		</front>
	</text>
</tei>
