<?xml version="1.0" ?>
<tei xml:space="preserve">
	<teiHeader>
		<fileDesc xml:id="12911616"/>
	</teiHeader>
	<text xml:lang="en">
		<front>
<lb/>
	<case_numbers>AO No. 519 of 2015<lb/></case_numbers>

	<judges>Hon&apos;ble Ramesh Ranganathan, C.J.<lb/>
	Hon&apos;ble N.S. Dhanik, J.<lb/></judges>

	<petitioner_lawyers>Mr. Vikas Bahuguna</petitioner_lawyers>
	
	<extra>, learned counsel for the<lb/>
	appellant.<lb/></extra>

	<respondent_lawyers>Mr. M.C. Pandey</respondent_lawyers>
	
	<extra>, learned Addl. Advocate<lb/>
	General for the State of Uttarakhand.<lb/>
	`Notice to the respondent-election petitioner<lb/>
	returnable in three weeks.<lb/>
	Interim order is extended by four weeks.<lb/>
	(N.S. Dhanik, J.)<lb/> (Ramesh Ranganathan, C.J.)<lb/></extra>
	
	<judgement_date>01.04.2019<lb/> 01.04.2019<lb/></judgement_date>

		</front>
	</text>
</tei>
