<?xml version="1.0" ?>
<tei xml:space="preserve">
	<teiHeader>
		<fileDesc xml:id="12988307"/>
	</teiHeader>
	<text xml:lang="en">
		<front>
<lb/>
	<extra>Reserved Judgment<lb/> IN THE</extra>

	<court>HIGH COURT OF UTTARAKHAND AT NAINITAL<lb/></court>

	<case_numbers>Writ Petition (PIL) No. 217 of 2018<lb/></case_numbers>

	<petitioner>Jasveer Singh<lb/></petitioner>
	
	<extra>…Petitioner<lb/>
	Versus<lb/></extra>

	<respondent>State of Uttarakhand &amp; others<lb/></respondent>
	
	<extra>...Respondents<lb/></extra>

	<petitioner_lawyers>Mr. Abhijay Negi</petitioner_lawyers>
	 
	<extra>, Advocate for the petitioner.<lb/></extra>

	<respondent_lawyers>Mr. S.N. Babulkar</respondent_lawyers>
	    
	<extra>, learned Advocate General assisted by</extra>

	<respondent_lawyers>Mr. Pradeep Joshi</respondent_lawyers>
	
	<extra>, Standing<lb/>
	Counsel for the State of Uttarakhand.<lb/></extra>

	<respondent_lawyers>Mr. V.K. Kapruwan</respondent_lawyers>
	
	<extra>, Standing Counsel for the Union of India.<lb/></extra>
	
	<respondent_lawyers>Mr. Ajay Singh Bisht</respondent_lawyers>
	
	<extra>, Advocate for the third respondent.<lb/>
	Chronological list of cases referred :<lb/>

	1.</extra> <case_numbers>AIR 2000 SC 767<lb/></case_numbers>
	<extra>2.</extra> <case_numbers>(1987) 4 SCC 671<lb/></case_numbers>
	<extra>3.</extra> <case_numbers>AIR 2005 SC 2026<lb/></case_numbers>
	<extra>4.</extra> <case_numbers>(1999) 7 SCC 120<lb/></case_numbers>
	<extra>5.</extra> <case_numbers>(2009) 5 SCC 212<lb/></case_numbers>
	<extra>6.</extra> <case_numbers>(1952) 1 SCR 135<lb/></case_numbers>
	<extra>7.</extra> <case_numbers>(1880) 5 AC 214<lb/></case_numbers>
	<extra>8.</extra> <case_numbers>(1965) 3 SCR 536<lb/></case_numbers>
	<extra>9.</extra> <case_numbers>(1989) 2 SCC 691<lb/></case_numbers>
	<extra>10.</extra> <case_numbers>(1986) 2 SCC 679<lb/></case_numbers>
	<extra>11.</extra> <case_numbers>(1995) 6 SCC 749<lb/></case_numbers>
	<extra>12.</extra> <case_numbers>1952 SCR 583<lb/></case_numbers>
	<extra>13.</extra> <case_numbers>AIR 1954 SC 440<lb/></case_numbers>
	<extra>14.</extra> <case_numbers>(1997) 7 SCC 622<lb/></case_numbers>
	<extra>15.</extra> <case_numbers>(2004) 2 SCC 150<lb/></case_numbers>
	<extra>16.</extra> <case_numbers>(1968) AC 997<lb/></case_numbers>
	<extra>17.</extra> <case_numbers>1858 EB &amp; E 1024<lb/></case_numbers>
	<extra>18.</extra> <case_numbers>(1998) 1 SCC 226<lb/></case_numbers>
	<extra>19.</extra> <case_numbers>AIR 1987 SC 251<lb/></case_numbers>
	<extra>20.</extra> <case_numbers>(2009) 7 SCC 561<lb/></case_numbers>
	<extra>21.</extra> <case_numbers>(1991) 1 AC 696<lb/></case_numbers>
	<extra>22.</extra> <case_numbers>(1948) 1 K.B. 223<lb/></case_numbers>
	<extra>23.</extra> <case_numbers>(1985) AC 410<lb/></case_numbers>
	<extra>24.</extra> <case_numbers>(1996) 3 SCC 709<lb/></case_numbers>
	<extra>25.</extra> <case_numbers>(1994 )6 SCC 651<lb/></case_numbers>
	<extra>26.</extra> <case_numbers>(2004) 4 SCC 714<lb/></case_numbers>
	<extra>27.</extra> <case_numbers>1982 (3) All ER 141<lb/></case_numbers>
	<extra>28.</extra> <case_numbers>(2012) 5 SCC 443<lb/></case_numbers>
	<extra>29.</extra> <case_numbers>(2014 ) 11 SCC 85<lb/></case_numbers>
	<extra>30.</extra> <case_numbers>(2019) 10 SCC 738<lb/></case_numbers>
	<extra>31.</extra> <case_numbers>(2007) 14 SCC 517<lb/></case_numbers>
	<extra>32.</extra> <case_numbers>2020 SCC Online SC 335<lb/></case_numbers>
	<extra>33.</extra> <case_numbers>AIR 2019 SC 4504<lb/></case_numbers>
	<extra>34.</extra> <case_numbers>(2005) 13 SCC 495<lb/></case_numbers>
	<extra>35.</extra> <case_numbers>(1989) 3 SCR 19<lb/></case_numbers>
	<extra>36.</extra> <case_numbers>(1990) 3 SCC 223<lb/></case_numbers>
	<extra>37.</extra> <case_numbers>AIR 2002 SC 350<lb/></case_numbers>
	<extra>38.</extra> <case_numbers>(1997) 9 SCC 495<lb/></case_numbers>
	<extra>39.</extra> <case_numbers>(2003) 5 SCC 437<lb/></case_numbers>
	<extra>40.</extra> <case_numbers>(2007) 8 SCC 1</case_numbers>
	
	<page>2<lb/></page>
	
	<extra>41.</extra> <case_numbers>(1997) 1 WLR 906<lb/></case_numbers>
	<extra>42.</extra> <case_numbers>(1999) 4 SCC 727<lb/></case_numbers>
	<extra>43.</extra> <case_numbers>(1994) 1 WLR 74<lb/></case_numbers>
	<extra>44.</extra> <case_numbers>(1974) I LLJ 172 SC<lb/></case_numbers>
	<extra>45.</extra> <case_numbers>(2001) 2 SCC 386<lb/></case_numbers>
	<extra>46.</extra> <case_numbers>(1977) A.C. 1014, 1026<lb/></case_numbers>
	<extra>47.</extra> <case_numbers>(1997) 7 SCC 463<lb/></case_numbers>
	<extra>48.</extra> <case_numbers>(1971) A.C. 682, 699<lb/></case_numbers>
	<extra>49.</extra> <case_numbers>(2006) 6 SCC 162<lb/></case_numbers>
	<extra>50.</extra> <case_numbers>AIR 1991 SC 1153<lb/></case_numbers>
	<extra>51.</extra> <case_numbers>(1989) 88 LGR 73<lb/></case_numbers>
	<extra>52.</extra> <case_numbers>(1980) 41 P &amp; CR 255<lb/></case_numbers>
	<extra>53.</extra> <case_numbers>(1969) 2 A.C. 147<lb/></case_numbers>
	<extra>54.</extra> <case_numbers>(1925) A.C. 228<lb/></case_numbers>
	<extra>55.</extra> <case_numbers>(2006) 4 SCC 162<lb/></case_numbers>
	<extra>56.</extra> <case_numbers>AIR 1977 SC 2274<lb/></case_numbers>
	<extra>57.</extra> <case_numbers>1994 Suppl.(1) SCC 160<lb/></case_numbers>
	<extra>58.</extra> <case_numbers>(1975) 2 SCC 649<lb/></case_numbers>

	<extra>Coram:</extra>
	<judges>Hon&apos;ble Ramesh Ranganathan, C.J.<lb/>
	Hon&apos;ble Ramesh Chandra Khulbe, J.<lb/></judges>
	
	<extra>Reserved On : 13.07.2020<lb/>
	Delivered On :</extra>

	<judgement_date>27.07.2020<lb/></judgement_date>

	<extra>Academic<lb/> ---------------<lb/>Administration<lb/> ---------------<lb/>Library<lb/> 30 Sqm<lb/> 968 Sqm<lb/> ---------<lb/>1000 Sqm<lb/> -----------<lb/>300 Sqm<lb/> 6.18 Sqm<lb/>
	6.86 Sqm<lb/></extra>
	
	<page>20<lb/></page>
	
	<extra>--------------<lb/>Laboratory<lb/> and Workshops<lb/> ----------<lb/>3147 Sqm<lb/>
	
	2<lb/> Student<lb/> hostels<lb/> ----------<lb/>Faculty<lb/> and<lb/> Staff Quarters<lb/> 35 Sqm<lb/> 6000 Sqm<lb/> -------<lb/>0 Sqm<lb/> 6.85 Sqm<lb/>
	7.60 Sqm<lb/>
	
	3<lb/> Sports Facility<lb/> &amp;<lb/> Common<lb/>
	Facilities<lb/> 10 Sqm<lb/> 1550 Sqm<lb/> 1.77 Sqm<lb/>
	1.96 Sqm<lb/>
	Total<lb/>
	75 Sqm<lb/> 12965 Sqm<lb/> 14.80 Sqm<lb/> 16.43<lb/></extra>
	
	<extra>41.The counter-affidavit, of the Registrar NIT dated 12.03.2020,<lb/>
	further states that both Government ITI land and a part of the Resham Farm<lb/>
	have about 3 to 4 meters silt deposits; a significant portion of these land<lb/>
	pieces fall either under or very close to the 100 meters NGT guidelines<lb/>
	from the banks of Alakhnanda river; the existing infrastructural facilities, at<lb/>
	the temporary campus, Srinagar, are 78% short of the norms for a Campus<lb/>
	as per the MHRD Master Circular; and almost 70% of the existing<lb/>
	infrastructure, are in the form of pre-fabricated temporary structures.<lb/>
	
	42. With regards students intake and the expected students&apos;<lb/>
	strength in the Institute, the said counter-affidavit states that the annual<lb/>
	intake of students from academic year 2019-20 onwards for B.Tech is 100,<lb/>
	M.Tech 95 and Ph.D. 40 students.
	The details thereof are given in Table-B,<lb/>
	which reads as under:<lb/>
	
	Programme / Year<lb/>
	
	Number of students<lb/>
	Current AY<lb/> (2019-20)<lb/>
	In AY<lb/> (2020-21)<lb/>
	In AY<lb/> (2021-22)<lb/>
	In AY<lb/> (2022-23)<lb/>

	B.Tech 1 Year<lb/>
	(05 Branches)<lb/>
	91<lb/>
	
	43. Tables C and D contain details of the available hostel facilities<lb/>
	with proposed single / double occupancy and available mess / dining<lb/>
	facilities with student capacity. They read as under:<lb/>

	Hostel No.<lb/> For<lb/> No. of Rooms<lb/> Student<lb/> Capacity of<lb/> Rooms<lb/> Dining Area<lb/>
	Cooking Area<lb/>
	1<lb/> Boys<lb/> 22<lb/> 15X1<lb/> =+ 7X2=<lb/> No<lb/>
	No<lb/>
	2<lb/> Boys<lb/> 22<lb/> 22X2=44<lb/> Yes<lb/> Yes<lb/>
	4<lb/> Boys<lb/> 18<lb/> 18X2=36<lb/> No<lb/> No<lb/>
	5<lb/> Boys<lb/> 36<lb/> 36X2=72<lb/> Yes<lb/> (capacity 280</extra>

		</front>
	</text>
</tei>
