<?xml version="1.0" ?>
<tei xml:space="preserve">
	<teiHeader>
		<fileDesc xml:id="13092611"/>
	</teiHeader>
	<text xml:lang="en">
		<front>
<lb/>
	<court>HIGH COURT OF UTTARAKHAND AT NAINITAL<lb/></court>

	<case_numbers>First Bail Application No. 3176 of 2021<lb/></case_numbers>

	<petitioner>Arvind Kumar<lb/></petitioner>
	
	<extra>….....Applicant<lb/> Versus<lb/></extra>

	<respondent>State of Uttarakhand<lb/></respondent>
	
	<extra>….….Respondent<lb/> Present:-<lb/></extra>

	<petitioner_lawyers>Mr. Nalin Saun</petitioner_lawyers>
	
	<extra>, Advocate for the applicant.<lb/></extra>

	<respondent_lawyers>Mr. S.S. Adhikari</respondent_lawyers>
	
	<extra>, Deputy Advocate General with</extra>

	<respondent_lawyers>Mr.<lb/> Balwinder Singh</respondent_lawyers>
	
	<extra>, Brief Holder for the State.<lb/></extra>

	<judges>Hon&apos;ble Ravindra Maithani, J.</judges>

	<extra>(Oral)<lb/>
	Applicant Arvind Kumar is in judicial custody in<lb/>
	FIR/Case Crime No.03 of 2021, under Sections 376 IPC and<lb/> under Sections 3/4 of the Protection of Children from<lb/> Sexual Offences Act, 2012, Police Station Selaqui, District<lb/>
	Dehradun. He has sought his release on bail.<lb/> 2.</extra>

		</front>
	</text>
</tei>
