<?xml version="1.0" ?>
<tei xml:space="preserve">
	<teiHeader>
		<fileDesc xml:id="13092605"/>
	</teiHeader>
	<text xml:lang="en">
		<front>
<lb/>
	<extra>SL.<lb/> No.<lb/>
	Date<lb/>
	Office Notes,<lb/> reports,<lb/> orders or<lb/> proceedings<lb/> or directions<lb/> and<lb/> Registrar&apos;s<lb/> order with<lb/>
	Signatures<lb/></extra>
	
	<document_type>COURT&apos;S OR JUDGE&apos;S ORDERS<lb/></document_type>

	<case_numbers>WPMS No. 567 of 2022<lb/></case_numbers>

	<judges>Hon&apos;ble Sanjaya Kumar Mishra, J.<lb/></judges>
	
	<petitioner_lawyers>Mr. Sandeep Kothari</petitioner_lawyers>
	
	<extra>, learned counsel<lb/> for the petitioner.<lb/></extra>

	<respondent_lawyers>Mr. Pradeep Hairiya</respondent_lawyers>
	
	<extra>, learned Standing<lb/>
	Counsel for the State.<lb/> Rejoinder and supplementary affidavit<lb/> are accepted.<lb/> List this matter on
	15.10.2022.</extra>

		</front>
	</text>
</tei>
