<?xml version="1.0" ?>
<tei xml:space="preserve">
	<teiHeader>
		<fileDesc xml:id="13092643"/>
	</teiHeader>
	<text xml:lang="en">
		<front>
<lb/>
	<extra>SL.<lb/>
	No<lb/>
	Date<lb/>
	Office Notes,<lb/> reports, orders or<lb/> proceedings or<lb/> directions and<lb/> Registrar&apos;s order<lb/>
	with Signatures<lb/></extra>
	
	<document_type>COURT&apos;S OR JUDGES&apos;S ORDERS<lb/></document_type>

	<case_numbers>BA1 No.1620 of 2022<lb/></case_numbers>
	
	<judges>Hon&apos;ble R.C. Khulbe, J.<lb/></judges>
	
	<petitioner_lawyers>Dr. Kartikey Hari Gupta</petitioner_lawyers>
	<extra>, learned counsel for<lb/>
	the applicant.<lb/></extra>

	<respondent_lawyers>Mr. V. S. Rathore</respondent_lawyers>
	
	<extra>, learned AGA for the State.<lb/>
	List on 02.09.2022, after fresh cases.<lb/></extra>

	<extra>(R.C. Khulbe, J.)<lb/></extra>
	<judgement_date>05.08.2022<lb/></judgement_date>

		</front>
	</text>
</tei>
