<?xml version="1.0" ?>
<tei xml:space="preserve">
	<teiHeader>
		<fileDesc xml:id="13092654"/>
	</teiHeader>
	<text xml:lang="en">
		<front>
<lb/>
	<case_numbers>BA1 No.1173 of 2020<lb/></case_numbers>

	<judges>Hon&apos;ble Ravindra Maithani, J.<lb/></judges>
	
	<petitioner_lawyers>Mr. M.K. Ray</petitioner_lawyers>
	
	<extra>, Advocate for the<lb/> applicant.<lb/></extra>

	<respondent_lawyers>Mr. Lalit Miglani</respondent_lawyers>
	
	<extra>, A.G.A. assisted by<lb/></extra>
	
	<respondent_lawyers>Ms. Sonika Khulbe</respondent_lawyers>
	
	<extra>, Brief Holder for the<lb/>State.<lb/>
	Learned counsel for the applicant<lb/>
	seeks permission to withdraw this bail<lb/>
	application.<lb/>
	Permission is accorded.<lb/>
	The bail application is dismissed as<lb/>
	withdrawn, accordingly.<lb/>
	(Ravindra Maithani J.)<lb/></extra>
	
	<judgement_date>05.08.2022<lb/></judgement_date>

		</front>
	</text>
</tei>
