<?xml version="1.0" ?>
<tei xml:space="preserve">
	<teiHeader>
		<fileDesc xml:id="13092704"/>
	</teiHeader>
	<text xml:lang="en">
		<front>
<lb/>
	<court>HIGH COURT OF UTTARAKHAND AT NAINITAL<lb/></court>

	<case_numbers>First Bail Application No.974 of 2022<lb/></case_numbers>

	<petitioner>Kamal<lb/></petitioner>
	
	<extra>...Applicant<lb/>
	Versus<lb/></extra>

	<respondent>State of Uttarakhand<lb/></respondent>
	
	<extra>...Respondent<lb/>
	Present:-<lb/></extra>

	<petitioner_lawyers>Mr. Rajendra Arya</petitioner_lawyers>
	
	<extra>, Advocate for the applicant.<lb/></extra>

	<respondent_lawyers>Mr. V.K. Jemini</respondent_lawyers>
	
	<extra>, D.A.G. with</extra>

	<respondent_lawyers>Ms. Meena Bisht</respondent_lawyers>
	
	<extra>, Brief<lb/> Holder for the State.<lb/></extra>

	<judges>Hon&apos;ble Ravindra Maithani, J.</judges>

	<extra>(Oral)<lb/>
	Applicant Kamal is in judicial custody in FIR<lb/>
	No.225 of 2020, under Section 302 IPC, Police Station<lb/> Gadarpur, District Udham Singh Nagar. He has sought his<lb/> release on bail.<lb/> 2.</extra>

		</front>
	</text>
</tei>
