<?xml version="1.0" ?>
<tei xml:space="preserve">
	<teiHeader>
		<fileDesc xml:id="13092657"/>
	</teiHeader>
	<text xml:lang="en">
		<front>
<lb/>
	<extra>SL.<lb/> No<lb/>
	Date<lb/>
	Office Notes,<lb/> reports, orders<lb/> or proceedings<lb/> or directions and<lb/> Registrar&apos;s order<lb/> with Signatures<lb/></extra>
	
	<document_type>COURT&apos;S OR JUDGES&apos;S ORDERS<lb/></document_type>

	<judgement_date>06.08.2022<lb/></judgement_date>
	
	<case_numbers>CRLA No. 237 of 2022<lb/></case_numbers>

	<judges>Hon&apos;ble Alok Kumar Verma, J.<lb/></judges>
	
	<extra>Heard</extra>

	<petitioner_lawyers>Mr. Gaurav Singh</petitioner_lawyers>
	
	<extra>, learned<lb/> counsel for the appellant and</extra>
	<respondent_lawyers>Mr. Pramod<lb/> Tiwari</respondent_lawyers>
	
	<extra>, learned Brief Holder for the State.<lb/></extra>

		</front>
	</text>
</tei>
