<?xml version="1.0" ?>
<tei xml:space="preserve">
	<teiHeader>
		<fileDesc xml:id="13092694"/>
	</teiHeader>
	<text xml:lang="en">
		<front>
<lb/>
	<court>HIGH COURT OF UTTARAKHAND AT NAINITAL<lb/></court>

	<case_numbers>First Bail Application No.1425 of 2022<lb/></case_numbers>

	<petitioner>Mesam<lb/></petitioner>
	
	<extra>...Applicant<lb/>
	Versus<lb/></extra>

	<respondent>State of Uttarakhand<lb/></respondent>
	
	<extra>...Respondent<lb/>
	Present:-<lb/></extra>

	<petitioner_lawyers>Mr. Akshay Pradhan</petitioner_lawyers>
	
	<extra>, Advocate for the applicant.<lb/></extra>

	<respondent_lawyers>Mr. Lalit Miglani, A.G.A.</respondent_lawyers>
	
	<extra>for the State.<lb/>
	With<lb/></extra>

	<case_numbers>First Bail Application No.1430 of 2022<lb/></case_numbers>

	<petitioner>Sawej<lb/></petitioner>
	
	<extra>...Applicant<lb/>
	Versus<lb/></extra>

	<respondent>State of Uttarakhand<lb/></respondent>
	
	<extra>...Respondent<lb/>
	Present:-<lb/></extra>

	<petitioner_lawyers>Mr. Akshay Pradhan</petitioner_lawyers>
	
	<extra>, Advocate for the applicant.<lb/></extra>

	<respondent_lawyers>Mr. Lalit Miglani, A.G.A.</respondent_lawyers>
	<extra>for the State.<lb/></extra>
	
	<judges>Hon&apos;ble Ravindra Maithani, J.</judges>
	
	<extra> (Oral)<lb/>
	Since both these bail applications arise from one<lb/>
	and the same case crime, they are being decided together by<lb/> this common order.<lb/>
	2. Applicants Sawej and Mesam are in judicial<lb/>
	custody in Case Crime No. 185 of 2022, under Section 379<lb/>
	and 411 IPC, Police Station Doiwala, District Dehradun.<lb/>
	They have sought their release on bail.<lb/></extra>

		</front>
	</text>
</tei>
