<?xml version="1.0" ?>
<tei xml:space="preserve">
	<teiHeader>
		<fileDesc xml:id="13092637"/>
	</teiHeader>
	<text xml:lang="en">
		<front>
<lb/>
	<court>HIGH COURT OF UTTARAKHAND AT NAINITAL<lb/></court>

	<case_numbers>First Bail Application No. 1787 of 2022<lb/></case_numbers>

	<petitioner>Arjun Singh<lb/></petitioner>
	
	<extra>….....Applicant<lb/>
	Versus<lb/></extra>

	<respondent>State of Uttarakhand<lb/></respondent>
	
	<extra>….….Respondent<lb/> Present:-<lb/></extra>

	<petitioner_lawyers>Mr. Azmeen</petitioner_lawyers>
	
	<extra>,Advocate for the applicant.<lb/></extra>

	<respondent_lawyers>Mr. S.S. Adhikari</respondent_lawyers>
	
	<extra>, D.A.G. assisted by</extra>

	<respondent_lawyers>Mr. Balvinder Singh</respondent_lawyers>
	
	<extra>,<lb/> Brief Holder for the State.<lb/></extra>

	<judges>Hon&apos;ble Ravindra Maithani, J.</judges>

	<extra>(Oral)<lb/>
	Applicant Arjun Singh is in judicial custody in<lb/>
	FIR No.242 of 2022, under Section 8/20/60 of Narcotic<lb/>
	Drugs and Psychotropic Substances Act, 1985, Police<lb/>
	Station Ramnagar, District-Nainital. He has sought his<lb/> release on bail.<lb/>
	2. Heard learned counsel for the parties and<lb/>
	perused the record.<lb/>
	3. It is argued by learned counsel for the<lb/>
	applicant that it is a case of parity; co-accused have<lb/> already been granted bail.<lb/>
	4.
	This fact is admitted by learned State Counsel.<lb/></extra>
		</front>
	</text>
</tei>
