<?xml version="1.0" ?>
<tei xml:space="preserve">
	<teiHeader>
		<fileDesc xml:id="13092655"/>
	</teiHeader>
	<text xml:lang="en">
		<front>
<lb/>
	<extra>SL.<lb/> No<lb/>
	Date<lb/>
	Office Notes, reports,<lb/> orders or proceedings<lb/> or directions and<lb/> Registrar&apos;s order with<lb/> Signatures<lb/></extra>
	
	<document_type>COURT&apos;S OR JUDGES&apos;S ORDERS<lb/></document_type>

	<case_numbers>BA1 no. 242 of 2022<lb/> BA 1 No. 726 of 2022<lb/> BA 1 No. 1157 of 2022<lb/></case_numbers>

	<judges>Hon&apos;ble Ravindra Maithani, J.<lb/></judges>
	
	<petitioner_lawyers>Mr. Pankaj Sharma, Mr. Mohd. Safdar,<lb/> Mr. Alok Kumar</petitioner_lawyers>
	
	<extra>, Advocates for the applicant<lb/> in their respective bail application.<lb/></extra>

	<respondent_lawyers>Mr. Lalit Miglani</respondent_lawyers>
	
	<extra>, AGA for the State.<lb/>
	Argument heard, but not concluded.<lb/>
	List on 31.08.2022, to enable the State<lb/>
	to produce the site plan at the time of hearing<lb/>
	of the bail application.<lb/> (Ravindra Maithani, J.)<lb/></extra>

	<judgement_date>05.08.2022<lb/></judgement_date>

		</front>
	</text>
</tei>
