<?xml version="1.0" ?>
<tei xml:space="preserve">
	<teiHeader>
		<fileDesc xml:id="13092700"/>
	</teiHeader>
	<text xml:lang="en">
		<front>
<lb/>
	<case_numbers>BA1 No.1845 of 2021<lb/></case_numbers>

	<extra>WITH<lb/></extra>

	<case_numbers>BA1 No.1132 of 2021<lb/></case_numbers>

	<extra>WITH<lb/></extra>

	<case_numbers>BA1 No.1160 of 2021<lb/></case_numbers>

	<judges>Hon&apos;ble Ravindra Maithani, J.<lb/></judges>

	<petitioner_lawyers>Mr. B.N. Molakhi</petitioner_lawyers>
	
	<extra>, Advocate for<lb/> the applicants.<lb/></extra>
	
	<respondent_lawyers>Mr. S.S. Adhikari</respondent_lawyers>
	
	<extra>, Deputy<lb/> Advocate General with</extra>

	<respondent_lawyers>Mr. Balwinder<lb/> Singh</respondent_lawyers>
	
	<extra>, Brief Holder for the State.<lb/>
	List this case on 23.09.2022.<lb/>
	Urgency Application (IA) No.2 of<lb/>
	2022, stands disposed of.<lb/>
	(Ravindra Maithani, J.)<lb/></extra>
	
	<judgement_date>06.08.2022<lb/></judgement_date>

		</front>
	</text>
</tei>
