<?xml version="1.0" ?>
<tei xml:space="preserve">
	<teiHeader>
		<fileDesc xml:id="13092635"/>
	</teiHeader>
	<text xml:lang="en">
		<front>
<lb/>
	<case_numbers>BA1 No.1791 of 2022<lb/></case_numbers>

	<judges>Hon&apos;ble Ravindra Maithani, J.<lb/></judges>

	<petitioner_lawyers>Mr. Ankur Sharma</petitioner_lawyers>
	
	<extra>, Advocate for the<lb/> applicant.<lb/></extra>

	<respondent_lawyers>Mr. S.S. Adhikari</respondent_lawyers>
	
	<extra>, D.A.G. assisted by<lb/></extra>
	
	<respondent_lawyers>Mr. Balvinder Singh</respondent_lawyers>
	
	<extra>, Brief Holder for the<lb/>
	State.<lb/>
	At the request of learned counsel for<lb/>
	the applicant, list this matter on<lb/>
	30.08.2022.<lb/>
	(Ravindra Maithani J.)<lb/></extra>
	
	<judgement_date>05.08.2022,lb/></judgement_date>

		</front>
	</text>
</tei>
