<?xml version="1.0" ?>
<tei xml:space="preserve">
	<teiHeader>
		<fileDesc xml:id="13092666"/>
	</teiHeader>
	<text xml:lang="en">
		<front>
<lb/>
	<case_numbers>BA1 No.2697 of 2021<lb/></case_numbers>
	
	<judges>Hon&apos;ble Ravindra Maithani, J.<lb/></judges>

	<extra> None is present for the applicant.<lb/></extra>

	<respondent_lawyers>Mr. S.S. Adhikari</respondent_lawyers>
	
	<extra>, Deputy<lb/> Advocate General with</extra>

	<respondent_lawyers>Mr. Balwinder<lb/> Singh</respondent_lawyers>
	
	<extra>, Brief Holder for the State.<lb/>
	Counter affidavit, filed on behalf<lb/>
	of the State, is taken on record. Misc.<lb/>
	Application (IA) No.1 of 2021, stands<lb/>
	disposed of.<lb/>
	Supplementary affidavit is taken<lb/>
	on record. Misc. Application (IA) No.6<lb/>
	of 2022, stands disposed of.<lb/>
	List this case on 23.09.2022.<lb/>
	Urgency Application (IA) No.7 of<lb/>
	2022, stands disposed of.<lb/>
	(Ravindra Maithani, J.)<lb/></extra>
	
	<judgement_date>06.08.2022<lb/></judgement_date>

		</front>
	</text>
</tei>
