<?xml version="1.0" ?>
<tei xml:space="preserve">
	<teiHeader>
		<fileDesc xml:id="13092702"/>
	</teiHeader>
	<text xml:lang="en">
		<front>
<lb/>
	<court>HIGH COURT OF UTTARAKHAND AT NAINITAL<lb/></court>

	<case_numbers>Criminal Misc. Bail Application No. 1062 of 2022<lb/></case_numbers>

	<petitioner>Mohammad Mumtaz @ Waseem<lb/></petitioner>
	
	<extra>...Applicant<lb/>
	Versus<lb/></extra>

	<respondent>State of Uttarakhand<lb/></respondent>
	
	<extra>….Respondent<lb/>
	Present:-<lb/></extra>

	<petitioner_lawyers>Mr. Abhishek Verma</petitioner_lawyers>
	
	<extra>, Advocate with</extra>

	<petitioner_lawyers>Mr. Tajhar Qayyum</petitioner_lawyers>
	
	<extra>, Advocate<lb/> for the applicant.<lb/></extra>

	<respondent_lawyers>Mr. V.K. Jemini</respondent_lawyers>
	
	<extra>, Deputy Advocate General with</extra>

	<respondent_lawyers>Ms. Meena Bisht</respondent_lawyers>
	
	<extra>,<lb/> Brief Holder for the State.<lb/>
	With<lb/></extra>
	
	<case_numbers>Criminal Misc. Bail Application No. 1057 of 2022<lb/></case_numbers>

	<petitioner>Mohammad Abrar<lb/></petitioner>
	
	<extra>...Applicant<lb/>
	Versus<lb/></extra>

	<respondent>State of Uttarakhand<lb/></respondent>
	
	<extra>….Respondent<lb/>
	Present:-<lb/></extra>

	<petitioner_lawyers>Mr. Abhishek Verma</petitioner_lawyers>
	
	<extra>, Advocate with</extra>

	<petitioner_lawyers>Mr. Tajhar Qayyum</petitioner_lawyers>
	
	<extra>, Advocate<lb/> for the applicant.<lb/></extra>

	<respondent_lawyers>Mr. V.K. Jemini</respondent_lawyers>
	
	<extra>, Deputy Advocate General 
	
	with</extra>

	<petitioner_lawyers>Ms. Meena Bisht</petitioner_lawyers>
	
	<extra>,<lb/> Brief Holder for the State.<lb/></extra>

	<judges>Hon&apos;ble Ravindra Maithani, J.</judges>
	
	<extra> (Oral)<lb/>
	Since both these bail applications arise from one<lb/>
	and the same FIR, they are being decided together by this<lb/> common order.</extra>

		</front>
	</text>
</tei>
