<?xml version="1.0" ?>
<tei xml:space="preserve">
	<teiHeader>
		<fileDesc xml:id="13092664"/>
	</teiHeader>
	<text xml:lang="en">
		<front>
<lb/>
	<extra>SL.<lb/> No<lb/>
	Date<lb/>
	Office Notes, reports,<lb/> orders or proceedings<lb/>
	or directions and<lb/> Registrar&apos;s order with<lb/>
	Signatures<lb/> </extra>
	
	<document_type>COURT&apos;S OR JUDGES&apos;S ORDERS<lb/></document_type>
	
	<case_numbers>BA 1 No. 281 of 2022<lb/></case_numbers>

	<judges> Hon&apos;ble RavindraMaithani, J.<lb/></judges>

	<petitioner_lawyers>Mr. K.S. Dugtal</petitioner_lawyers>
	
	<extra>, Advocate for the<lb/> applicant.<lb/></extra>

	<respondent_lawyers>Mr. V.K. Jemini</respondent_lawyers>
	
	<extra>, Deputy Advocate<lb/></extra>

		</front>
	</text>
</tei>
