<?xml version="1.0" ?>
<tei xml:space="preserve">
	<teiHeader>
		<fileDesc xml:id="13145160"/>
	</teiHeader>
	<text xml:lang="en">
		<front>
<lb/>
	<extra>IN THE</extra>

	<court>HIGH COURT OF JUDICATURE AT PATNA<lb/></court>

	<case_numbers>Civil Writ Jurisdiction Case No.288 of 2022<lb/></case_numbers>
	
<extra>======================================================<lb/></extra>

<petitioner>Nitu Devi</petitioner>

	<extra>, W/o Jai Prakash Tiwary, Resident of Village-Bairy, P.O.-Mahadah,<lb/>
	P.S.-Itarhi District-Buxar.<lb/>
	... ... Petitioner/s<lb/>
	Versus<lb/>
	1.</extra>

	<respondent>The State of Bihar</respondent>
	
	<extra>through the Principal Secretary, Home Department and<lb/> Financial Department Company, Bihar.<lb/>
	2.</extra>
	
	<respondent>Sector Worker Sahara India</respondent>
	
	<extra>, Branch, Chausa, Dist.-Buxar.<lb/>
	3.</extra>
	
	<respondent>Managing Director Sahara India</respondent>
	
	<extra>Center-2 Kapoorthala Complex Aliganj,<lb/>
	Lucknow-226024<lb/>
	... ... Respondent/s<lb/> ======================================================<lb/> Appearance :<lb/>
	For the Petitioner/s :<lb/></extra>

	<petitioner_lawyers>Mr.Kanhaiya Jee Tiwari</petitioner_lawyers>
	
	<extra>, Advocate<lb/>
	For the Respondent/s :<lb/></extra>
	
	<respondent_lawyers>Md. N.H. Khan</respondent_lawyers>
	
	<extra>, SC 1<lb/> ======================================================<lb/> CORAM:</extra>

	<judges>HONOURABLE THE CHIEF JUSTICE<lb/></judges>
	
	<extra>and<lb/></extra>
	
	<judges>HONOURABLE MR. JUSTICE S. KUMAR<lb/></judges>

	<extra>ORAL</extra>

	<document_type>JUDGMENT<lb/></document_type>

		</front>
	</text>
</tei>
