<?xml version="1.0" ?>
<tei xml:space="preserve">
	<teiHeader>
		<fileDesc xml:id="13144944"/>
	</teiHeader>
	<text xml:lang="en">
		<front>
<lb/>
	<extra>IN THE</extra>

	<court>HIGH COURT OF JUDICATURE AT PATNA<lb/></court>

	<case_numbers>Civil Writ Jurisdiction Case No.9259 of 2021<lb/></case_numbers>

	<extra>======================================================<lb/>
	1.</extra>

	<petitioner>Ram Karan Paswan</petitioner>
	
	<extra>S/o Waso Paswan @ Baso Paswan resident of Ward No.<lb/>
	1, Narhan P.S. Bibhutipur, Dist. -Samastipur.<lb/>
	2.</extra>
	
	<petitioner>Ram Kishor Ram </petitioner>
	
	<extra>S/o Late Saryug Ram Resident of Khoksaha, Khoksaha,<lb/>
	Madhopur, P.S. Bibhutipur, Dist. -Samastipur.<lb/>
	3.</extra>

	<petitioner>Sakal Deo Yadav</petitioner>
	
	<extra>S/o Mahendra Yadav Resident of ward No. 5, Mahuli Tola,<lb/> Hahiya, Masurgarh, P.S. Rosera, Dist-Samastipur.<lb/>
	4.</extra>

	<petitioner>Bajrang Karak</petitioner>
	
	<extra>, S/o Ramchandar Karak Resident of Rosera Ward No. 18,<lb/> Lakshmipur, P.S. Rosera, Dist-Samastipur.<lb/>
	... ... Petitioner/s<lb/>
	Versus<lb/>
	1.</extra>

	<respondent>The State of Bihar</respondent>
	
	<extra>, through the Principal Secretary, Human Resources De-<lb/>
	velopment Department, New Secretariat, Vikash Bhawan, Baily Road,<lb/> Patna.<lb/>
	2.</extra>

	<respondent>The Director</respondent>
	
	<extra>, (Primary and Elementary Education), Human Resources De-<lb/>
	velopment Department New Secretariat, Vikash Bhawan, Bailey Road Patna,<lb/>
	Bihar.<lb/>
	3.</extra>

	<respondent>The Director</respondent>
	
	<extra>, Mass Education, Government of Bihar, Patna.<lb/>
	4.</extra>

	<respondent>The Commissioner</respondent>
	
	<extra>, Darbhanga Division, Darbhanga.<lb/>
	5.</extra>

	<respondent>The District Superintendent of Education</respondent>
	
	<extra>, Samastipur.<lb/>
	6.</extra>

	<respondent>The District Education Officer</respondent>
	
	<extra>, Samastipur.<lb/>
	... ... Respondent/s<lb/> ======================================================<lb/> Appearance :<lb/>
	For the Petitioner/s :<lb/></extra>

	<petitioner_lawyers>Ms. Mira Kumari</petitioner_lawyers>
	
	<extra>, Advocate<lb/>
	For the Respondent/s :<lb/></extra>

	<respondent_lawyers>Mr.Kameshwar Kumar</respondent_lawyers>
	
	<extra>(GP 17)<lb/>

	======================================================<lb/>
	CORAM:</extra>

	<judges>HONOURABLE MR. JUSTICE P. B. BAJANTHRI<lb/></judges>
	
	<extra>ORAL</extra>

	<document_type>JUDGMENT<lb/></document_type>

		</front>
	</text>
</tei>
