<?xml version="1.0" ?>
<tei xml:space="preserve">
	<teiHeader>
		<fileDesc xml:id="13148718"/>
	</teiHeader>
	<text xml:lang="en">
		<front>
<lb/>

	<extra>IN THE</extra>

	<court>HIGH COURT OF KERALA AT ERNAKULAM<lb/>
	</court>
	
	<extra>PRESENT<lb/>
	

	THE</extra>

	<judges>HONOURABLE MR. JUSTICE SHAJI P.CHALY<lb/>
	</judges>

	<judgement_date>FRIDAY, THE 8 TH DAY OF JULY 2022 / 17TH ASHADHA, 1944<lb/>
	</judgement_date>
	
	<case_numbers>WP(C) NO. 18609 OF 2016<lb/>
	</case_numbers>

	<extra>PETITIONER:<lb/>
	</extra>

	<petitioner>USHADEVI<lb/>
	</petitioner>
	
	<extra>AGED 52 YEARS<lb/> 
	W/O.K.PUSHPARAJAN ACHARI, AGED 52 YEARS T.C.19/2040(1),<lb/>
	
	
	ROHINI, VANIYATH LANE MUDAVANMUGHAL, POOJAPPURA P.O.,<lb/> 
	THIRUVANANTHAPURAM.<lb/>
	

	BY ADV </extra>
	
	<petitioner_lawyers>SRI.GEORGEKUTTY MATHEW<lb/>
	</petitioner_lawyers>

	<extra>RESPONDENTS:<lb/> 
	1<lb/>
	</extra>

	<respondent>THE SECRETARY</respondent>
	
		<extra>, THIRUVANANTHAPURAM CORPORATION<lb/> 
		THIRUVANANTHAPURAM P.O.
	, PIN-695001.<lb/>
	IN THE</extra>

	<court>HIGH COURT OF KERALA AT ERNAKULAM<lb/>
	</court>
	
	<extra>PRESENT<lb/>
	

	THE</extra>

	<judges>HONOURABLE MR. JUSTICE SHAJI P.CHALY<lb/>
	</judges>

	<judgement_date>FRIDAY, THE 8 TH DAY OF JULY 2022 / 17TH ASHADHA, 1944<lb/>
	</judgement_date>
	
	<case_numbers>WP(C) NO. 18610 OF 2016<lb/>
	</case_numbers>

	<extra>PETITIONER:<lb/>
	</extra>

	<petitioner>USHADEVI<lb/>
	</petitioner>
	
	<extra>AGED 52 YEARS<lb/>
	
	W/O. K. PUSHPARAJAN ACHARI,AGED 52 YEARS,<lb/>
	
	T.C 19/2040(1)ROHINI, VANIYATH LANE, MUDAVANMUGHAL,<lb/> 
	POOJAPPURA P.O, THIRUVANANTHAPURAM<lb/>
	

	BY ADV</extra>
	
	<petitioner_lawyers>SRI.GEORGEKUTTY MATHEW<lb/>
	</petitioner_lawyers>

	<extra>RESPONDENTS:<lb/>
	
	1 THE</extra>

	<respondent>SECRETARY<lb/>
	</respondent>
	
	<extra>THIRUVANANTHAPURAM CORPORATION, THIRUVANANTHAPURAM P.O,<lb/>
	
	PIN 695 001<lb/>
	
	
	2 </extra>
	
	<respondent>PREMALATHA<lb/>
	</respondent>
	
	<extra>AGED 45 YEARS,W/O. ASHOK, KIRAN NIVAS,<lb/> 
	T.C 19/746(1)MUDAVANMUGHAL, POOJAPPURA P.O,<lb/> 
	THIRUVANANTHAPURAM, PIN 695 012<lb/>
	
	
	3</extra>
	
	<respondent>ASHOKAN<lb/>
	</respondent>
	
	<extra>AGED 50 YEARS, KIRAN NIVAS, T.C 19/746(1) MUDAVANMUGHAL,<lb/>
	
	POOJAPPURA P.O, THIRUVANANTHAPURAM, PIN 695 012<lb/>
	

	BY ADVS.<lb/> 
	R2 &amp; R3 BY </extra>
	
	<respondent_lawyers>SRI.N.NANDAKUMARA MENON</respondent_lawyers>
	
	<extra>(SR.)<lb/> 
	R1 BY </extra>
	
	<respondent_lawyers>SRI.P.K.MANOJ KUMAR</respondent_lawyers>
	
	<extra>,STANDING COUNSEL<lb/>
	
	
	THIS WRIT PETITION (CIVIL) HAVING COME UP FOR ADMISSION ON<lb/>
	
	08.07.2022, ALONG WITH WP(C).18609/2016, THE COURT ON THE SAME DAY<lb/>
	
	DELIVERED THE FOLLOWING:<lb/>
	</extra>

	<case_numbers>W.P.(C) No.18609 &amp; 18610 of 2016<lb/>
	</case_numbers>

		</front>
	</text>
</tei>
