<?xml version="1.0" ?>
<tei xml:space="preserve">
	<teiHeader>
		<fileDesc xml:id="13145182"/>
	</teiHeader>
	<text xml:lang="en">
		<front>
<lb/>
	<extra>IN THE</extra>

	<court>HIGH COURT OF JUDICATURE AT PATNA<lb/></court>

	<case_numbers>Civil Writ Jurisdiction Case No.9551 of 2021<lb/></case_numbers>
	

	<extra>======================================================<lb/></extra>
	
	<petitioner>Priti Kumari @ Priti Devi</petitioner>
	
	<extra>W/o Dipu Kumar Resident of Village-Deewan<lb/>
	Fatehpur, P.S.-Khizarsarai, District-Gaya.<lb/>
	... ... Petitioner/s<lb/>
	Versus<lb/>
	1.</extra>

	<respondent>The State of Bihar</respondent>
	
	<extra>through the Secretary, Department of Welfare,<lb/>
	Government of Bihar, Patna.<lb/>
	2.</extra>

	<respondent>The Director, I.C.D.S., Government of Bihar</respondent>
	
	<extra>, Patna.<lb/>
	3.</extra>

	<respondent>The Divisional Commissioner, Magadh Division, Gaya.<lb/></respondent>
	
	<extra>4.</extra>

	<respondent>The District Magistrate, Gaya.<lb/></respondent>
	
	<extra>5.</extra>

	<respondent>The District Programme Officer, Gaya.<lb/></respondent>
	
	<extra>6.</extra>

	<respondent>The Block Development Officer, Khizarsarai, Gaya.<lb/></respondent>
	
	<extra>7.</extra>

	<respondent>The Child Development Project Officer, Khizarsarai, Gaya.<lb/></respondent>
	
	<extra>... ... Respondent/s ======================================================<lb/> Appearance :<lb/> For the Petitioner/s :<lb/></extra>

	<petitioner_lawyers>Mr. Ravindra Kumar<lb/></petitioner_lawyers>
	
	<extra>For the Respondent/s :<lb/></extra>

	<respondent_lawyers>Mr.<lb/></respondent_lawyers>
	
	<extra>======================================================<lb/>
	CORAM:</extra>

	<judges>HONOURABLE MR. JUSTICE P. B. BAJANTHRI<lb/></judges>

	<extra>ORAL</extra>

	<document_type>JUDGMENT<lb/></document_type>

		</front>
	</text>
</tei>
