<?xml version="1.0" ?>
<tei xml:space="preserve">
	<teiHeader>
		<fileDesc xml:id="13145185"/>
	</teiHeader>
	<text xml:lang="en">
		<front>
<lb/>
	<extra>IN THE</extra>

	<court>HIGH COURT OF JUDICATURE AT PATNA<lb/></court>

	<case_numbers>Civil Writ Jurisdiction Case No.9454 of 2021<lb/></case_numbers>
	<extra>======================================================<lb/></extra>
	
	<petitioner>Er. Jagdish Singh</petitioner>
	
	<extra>Son of Late Hriday Narayan Singh, Resident of Village-<lb/>
	Bazar Kona, P.O. and P.S. Kudra, Distt.-Kaimur (Bhabua), At present R/o Plot<lb/>
	No. 609, Vaishno Nagar Colony, Chittupur Lanka, Varanasi-221005 (Uttar<lb/>
	Pradesh).<lb/>
	... ... Petitioner/s<lb/>
	Versus<lb/>
	1.</extra>

	<respondent>The Union of India through the Secretary, Ministry of Road Transport and<lb/>
	Highways</respondent>
	
	<extra>, Govt. of India
	, New Delhi.<lb/>
	2.</extra>

	<respondent>The General Manager (Tech) National Highways and Infrastructure<lb/>
	Development Corporation Limited (NHIDCL)</respondent>
	
	<extra>3rd Floor, PTI Building 4,<lb/>
	Parliament Street, New Delhi-110001.<lb/>
	3.</extra>

	<respondent>The General Manager (P), Branch Office, Sikkim, NHIDCL</respondent>
	
	<extra>, Dr. Sandeep<lb/>
	Pradhan Building, Sichey Link Road, Middle Sichey, Gangtok, East Sikkim<lb/>
	737101.<lb/> 4.</extra>

	<respondent>The Deputy General Manager (P) NHIDCL</respondent>
	
	<extra>Flat No. BA1, Vinayak<lb/>
	Apartment, Shiv Mandir, Near B.D.O. Office, Silliguri, District-Darjeeling-<lb/>
	734011 (West Bengal).<lb/>
	5.</extra>

	<respondent>The Executive Director (P) NHIDCL, Sikkim, Gangtok (Sikkim).<lb/></respondent>
	
	<extra>6.</extra>

	<respondent>Dr. Vandana</respondent>
	
	<extra>, General Manager (Projects), Redecon (India) Private Limited,<lb/>
	H-54A Ground floor, Kalkaji, New Delhi 110019.<lb/>
	7.</extra>

	<respondent>S.K. Pandey</respondent>
	
	<extra>, Team Leader (JV) cum Authorized Representative, Redecon<lb/>
	(India) Pvt. Ltd. Project Office Manas Deb, First Floor, 3 S.N. Bose Road,<lb/>
	Post-Kadam Tola, Thana-Matigara, District-Siliguri 734011 (West Bengal).<lb/>
	... ... Respondent/s<lb/> ======================================================<lb/> Appearance :<lb/> For the Petitioner/s :</extra>

	<petitioner_lawyers>Mr.Manendra Kumar Sinha<lb/></petitioner_lawyers>
	
	<extra>For the Respondent/s<lb/> :<lb/></extra>

	<respondent_lawyers>Mr.Dr. Krishna Nandan Singh</respondent_lawyers>
	
	<extra>(Asg)<lb/> ======================================================<lb/> CORAM:</extra>

	<judges>HONOURABLE MR. JUSTICE P. B. BAJANTHRI<lb/></judges>

	<extra>ORAL</extra>

	<document_type>JUDGMENT<lb/></document_type>

		</front>
	</text>
</tei>
