<?xml version="1.0" ?>
<tei xml:space="preserve">
	<teiHeader>
		<fileDesc xml:id="13145168"/>
	</teiHeader>
	<text xml:lang="en">
		<front>
<lb/>
	<extra>IN THE</extra>

	<court>HIGH COURT OF JUDICATURE AT PATNA<lb/></court>

	<case_numbers>Civil Writ Jurisdiction Case No.9911 of 2021<lb/></case_numbers>
	
	<extra>======================================================<lb/></extra>
	
	<petitioner>Anita Kumari</petitioner>
	
	<extra>W/o-Ravi Kumar Yadav resident of Village -Panapur, Post and<lb/> P.S. -Harsidhi, Block-Harsidhi, Dist-East Champaran.<lb/>
	... ... Petitioner/s<lb/>
	Versus<lb/>
	1.</extra>

	<respondent>State of Bihar</respondent>
	
	<extra>through the Principal Secretary, Social welfare Department,<lb/> Govt. of Bihar, Patna.<lb/>
	2.</extra>

	<respondent>The Principal Secretary, Social welfare Department</respondent>
	
	<extra>, Govt. of Bihar, Patna.<lb/>
	3.</extra>

	<respondent>The Director, ICDS, Patna.<lb/></respondent>
	<extra>4.</extra>

	<respondent>District Magistrate</respondent>
	
	<extra>, Dist-East Champaran.<lb/>
	5.</extra>

	<respondent>The District programme Officer</respondent>
	
	<extra>(establishment), Dist-East Champaran.<lb/>
	6.</extra>

	<respondent>The Child Development Project Officer</respondent>
	
	<extra>, Block-Harsidhi, Dist-East Cham-<lb/>
	paran.<lb/>
	... ... Respondent/s ======================================================<lb/> Appearance :<lb/>
	For the Petitioner/s :<lb/></extra>

	<petitioner_lawyers>Mr. Bijay Shankar Choubey</petitioner_lawyers>
	
	<extra>, Advocate<lb/>
	For the Respondent/s :<lb/></extra>

	<petitioner_lawyers>Mr. Lalit Kishore</petitioner_lawyers>
	
	<extra>(AG)<lb/> ======================================================<lb/>
	CORAM:</extra>

	<judges>HONOURABLE MR. JUSTICE P. B. BAJANTHRI<lb/> ORAL</judges>

	<document_type>JUDGMENT<lb/></document_type>

		</front>
	</text>
</tei>
