<?xml version="1.0" ?>
<tei xml:space="preserve">
	<teiHeader>
		<fileDesc xml:id="13145179"/>
	</teiHeader>
	<text xml:lang="en">
		<front>
<lb/>
	<extra>IN THE</extra>

	<court>HIGH COURT OF JUDICATURE AT PATNA<lb/></court>

	<case_numbers>Civil Writ Jurisdiction Case No.9609 of 2021<lb/></case_numbers>
	
	<extra>======================================================<lb/></extra>
	
	<petitioner>Shabista Begam</petitioner>
	
	<extra>W/o Tahzeeb Alam Resident of Village-Dhangarha, Samiti<lb/>
	Tola, P.O. Dhangarha P.S.-Korhobarhi, District-Kishanganj.<lb/>
	... ... Petitioner/s<lb/>
	Versus<lb/>
	1.</extra>

	<respondent>The State of Bihar</respondent>
	
	<extra>Bihar<lb/>
	2.</extra>

	<respondent>Secretary cum Commissioner, Social Welfare Department</respondent>
	
	<extra>, Government of<lb/> Bihar.<lb/>
	3.</extra>
	
	<respondent>Director, Social Welfare Department, Integrated Child Development<lb/> Services (I.C.D.S.)</respondent>
	
	<extra>, Directorate<lb/> 4.</extra>
	
	<respondent>District Programme Officer (I.C.D.S.)</respondent>
	
	<extra>Collectorate, Kishanganj.<lb/>
	5.</extra>
	
	<respondent>Child Development Programme Officer</respondent>
	
	<extra>, Dighalbank Block, Kishanganj.<lb/>
	... ... Respondent/s ======================================================<lb/> Appearance :<lb/>
	For the Petitioner/s :<lb/></extra>

	<petitioner_lawyers>Mr. Sanjesh Kumar Singh<lb/></petitioner_lawyers>
	
	<extra>For the Respondent/s :<lb/></extra>

	<respondent_lawyers>Mr. Lalit Kishore</respondent_lawyers>
	
	<extra>(AG)<lb/> ======================================================<lb/> CORAM:</extra>

	<judges>HONOURABLE MR. JUSTICE P. B. BAJANTHRI<lb/></judges>

	<extra>ORAL</extra>

	<document_type>JUDGMENT<lb/></document_type>

		</front>
	</text>
</tei>
