<?xml version="1.0" ?>
<tei xml:space="preserve">
	<teiHeader>
		<fileDesc xml:id="13148719"/>
	</teiHeader>
	<text xml:lang="en">
		<front>
<lb/>

	<case_numbers>W. P. (C) No. 40662 of 2016<lb/>
	</case_numbers>

	<page>-1-<lb/>
	</page>

	<court>IN THE HIGH COURT OF KERALA AT ERNAKULAM<lb/>
	</court>
	
	<extra>PRESENT<lb/>
	

	THE</extra>

	<judges>HONOURABLE MR. JUSTICE SHAJI P.CHALY<lb/>
	</judges>

	<judgement_date>FRIDAY, THE 8 TH DAY OF JULY 2022 / 17TH ASHADHA, 1944<lb/>
	</judgement_date>
	
	<case_numbers>WP(C) NO. 40662 OF 2016<lb/>
	</case_numbers>

	<extra>PETITIONER/S:<lb/>
	</extra>

	<petitioner>KOCHUTHRESSIA<lb/>
	</petitioner>
	
	<extra>AGED 73 YEARS<lb/>
	
	W/O.DEVASSI, AGED 73 YEARS, THATTIL PUZHUNGARAN<lb/> 
	HOUSE, ALLENGGAD, MUTTITHADI P.O., TRHISSUR, PIN<lb/> 
	-680317.<lb/>
	

	BY ADVS.<lb/> </extra>
	
	
	<petitioner_lawyers>SRI.K.B.PRADEEP<lb/> 
	SMT.J.HARIPRIYA<lb/>
	</petitioner_lawyers>

	<extra>RESPONDENT/S:<lb/>
	</extra>

	<respondent>THRIKKUR GRAMA PANCHAYAT<lb/></respondent>
	
	<extra>REPRESENTED BY ITS SECRETARY, KALLOOR<lb/> 
	P.O.,THRISSUR, PIN -680 317.<lb/>
	

	BY ADVS.<lb/> </extra>
	
	<respondent_lawyers>SMT.R.RAJITHA<lb/> 
	SRI.SANTHOSH P.PODUVAL<lb/></respondent_lawyers>
	

	<extra>THIS WRIT PETITION (CIVIL) HAVING COME UP FOR<lb/> 
	ADMISSION ON 08.07.2022,

	THE COURT ON THE SAME DAY<lb/>
	

	DELIVERED THE FOLLOWING:<lb/>
	</extra>

	<case_numbers>W. P. (C) No. 40662 of 2016<lb/>
	</case_numbers>

	<page>-2-<lb/></page>
	

	<document_type>J U D G M E N T<lb/></document_type>

		</front>
	</text>
</tei>
