<?xml version="1.0" ?>
<tei xml:space="preserve">
	<teiHeader>
		<fileDesc xml:id="13145180"/>
	</teiHeader>
	<text xml:lang="en">
		<front>
<lb/>
	<extra>IN THE</extra>

	<court>HIGH COURT OF JUDICATURE AT PATNA<lb/></court>

	<case_numbers>Civil Writ Jurisdiction Case No.9626 of 2021<lb/></case_numbers>
	
	<extra>======================================================<lb/></extra>
	
	<petitioner>Nitu Kumari @ Nitu Devi</petitioner>
	
	<extra>wife of Pradip Das, resident of village -Pipra<lb/>
	Santpur, Ward No. 04, Police Station and Anchal Mainatand, District-West<lb/>
	Champaran.<lb/>
	... ... Petitioner/s<lb/>
	Versus<lb/>
	1.</extra>

	<respondent>The State of Bihar</respondent>
	
	<extra>through the Additional Chief Secretary, Department of<lb/> Welfare, Bihar, Patna.<lb/>
	2.</extra>

	<respondent>The Director, I.C.D.S.</respondent>
	
	<extra>, Patna, Bihar.<lb/>
	3.</extra>

	<respondent>The District Magistrate</respondent>
	
	<extra>, Bettiah, West Champaran.<lb/>
	
	4.</extra>

	<respondent>The District Programme Officer</respondent>
	
	<extra>, Bettiah, West Champaran.<lb/>
	5.</extra>

	<respondent>The Child Development Project Officer</respondent>
	
	<extra>, Block, Mainatand, West<lb/>
	Champaran.<lb/>
	6.</extra>
	
	<respondent>Asha Kumari</respondent>
	
	<extra>, wife of Rajnikant Kumar, resident of village -Pipara Santpur,<lb/>
	Ward No. 04, Police Station and Anchal Mainatand, District-West<lb/> Champaran.<lb/>
	... ... Respondent/s<lb/> ======================================================<lb/> Appearance :<lb/>
	For the Petitioner/s :<lb/></extra>

	<petitioner_lawyers>Mr. Ram Kishun Prasad<lb/></petitioner_lawyers>
	
	<extra>For the Respondent/s :<lb/></extra>

	<respondent_lawyers>Mr. Gyan Prakash Ojha</respondent_lawyers>
	
	<extra>(GA-7)<lb/>
	======================================================<lb/>
	CORAM:</extra>

	<judges>HONOURABLE MR. JUSTICE P. B. BAJANTHRI<lb/></judges>

	<extra>ORAL</extra>

	<document_type>JUDGMENT<lb/></document_type>

		</front>
	</text>
</tei>
