<?xml version="1.0" ?>
<tei xml:space="preserve">
	<teiHeader>
		<fileDesc xml:id="13144938"/>
	</teiHeader>
	<text xml:lang="en">
		<front>
<lb/>
	<extra>IN THE</extra>

	<court>HIGH COURT OF JUDICATURE AT PATNA<lb/></court>

	<case_numbers>Civil Writ Jurisdiction Case No.9406 of 2021<lb/></case_numbers>
	
	<extra>======================================================<lb/></extra>
	
	<petitioner>Shyam Singh Thakur</petitioner>
	
	<extra>S/o-Late Raghav Singh Thakur Resident of Village-<lb/>
	Belahi, Pararia, ward No.-8, P.S.-Bihariganj, District-Madhepura.<lb/> ... ... Petitioner/s<lb/>
	Versus<lb/>
	1.</extra>

	<respondent>The State of Bihar</respondent>
	
	<extra>Through its Principal Secretary
	, Public Health<lb/>
	Engineering Department, Visheshwariaya Bhawan, Bailey Road, Patna.<lb/> 2.</extra>

	<respondent>The Engineer-in-Chief cum Special Secretary Public Health Engineering<lb/> Department</respondent>
	
	<extra>, Visheshwariaya Bhawan, Bailey Road, Patna.<lb/>
	3.</extra>

	<respondent>The Chief Engineer, (Mechanical) P.H.E.D.</respondent>
	
	<extra>, Bihar, Patna, Bisheshwaraiya<lb/> Bhavan, Bailey Road, Patna.<lb/>
	4.</extra>

	<respondent>The Superintending Engineer P.H. Mechanical Circle</respondent>
	
	<extra>, Bhagalpur, District-<lb/>Bhagalpur.<lb/>
	5.</extra>

	<respondent>The Executive Engineer Public Health Mechanical Division</respondent>
	
	<extra>, Purnia.<lb/>
	... ... Respondent/s<lb/> ======================================================<lb/> Appearance :<lb/>
	For the Petitioner/s :<lb/></extra>

	<petitioner_lawyers>Mr. Lalan Kumar Singh<lb/></petitioner_lawyers>
	
	<extra>For the Respondent/s :<lb/></extra>

	<respondent_lawyers>Mr. Lalit Kishore</respondent_lawyers>
	
	<extra>(AG)<lb/> ======================================================<lb/> CORAM:</extra>

	<judges>HONOURABLE MR. JUSTICE P. B. BAJANTHRI<lb/></judges>

	<extra>ORAL</extra>

	<document_type>JUDGMENT<lb/></document_type>

		</front>
	</text>
</tei>
