<?xml version="1.0" ?>
<tei xml:space="preserve">
	<teiHeader>
		<fileDesc xml:id="13145181"/>
	</teiHeader>
	<text xml:lang="en">
		<front>
<lb/>
	<extra>IN THE</extra>

	<court>HIGH COURT OF JUDICATURE AT PATNA<lb/></court>

	<case_numbers>Civil Writ Jurisdiction Case No.9552 of 2021<lb/></case_numbers>

	<extra>======================================================<lb/></extra>
	
	<petitioner>Kumar Nawal Chandra Palit</petitioner>
	
	<extra>Son of Late Rambriksha Saw Resident of<lb/>
	Village-Naima, P.O.-Naima, P.S.-Ghoshi, Opposite Okri, District-<lb/>Jehanabad, Bihar.<lb/>
	... ... Petitioner/s<lb/>
	Versus<lb/> 1.</extra>

	<respondent>The State of Bihar</respondent>
	
	<extra>Through Director General of Police, Govt. of Bihar.<lb/>
	2.</extra>
	
	<respondent>Director General of Police Patna.<lb/></respondent>


<extra>3.</extra>

<respondent>Deputy Inspector General of Police Gaya.<lb/></respondent>

<extra>4.</extra>

	<respondent>Superintendent of Police Jehanabad.<lb/></respondent>
	
	<extra>... ... Respondent/s ======================================================<lb/> Appearance :<lb/> For the Petitioner/s :<lb/></extra>

	<petitioner_lawyers>Mr.Sanjeev Kumar<lb/></petitioner_lawyers>
	
	<extra>For the Respondent/s :<lb/></extra>

	<respondent_lawyers>Mr. AC to AAG-3<lb/></respondent_lawyers>
	
	<extra>======================================================<lb/>
	CORAM:</extra>

	<judges>HONOURABLE MR. JUSTICE P. B. BAJANTHRI<lb/></judges>

	<extra>ORAL</extra>

	<document_type>JUDGMENT<lb/></document_type>

		</front>
	</text>
</tei>
