<?xml version="1.0" ?>
<tei xml:space="preserve">
	<teiHeader>
		<fileDesc xml:id="13144906"/>
	</teiHeader>
	<text xml:lang="en">
		<front>
<lb/>
	<extra>IN THE</extra>

	<court>HIGH COURT OF JUDICATURE AT PATNA<lb/></court>

	<case_numbers>Civil Writ Jurisdiction Case No.9236 of 2021<lb/></case_numbers>
	
	<extra>======================================================<lb/></extra>
	
	<petitioner>Shrawan Kumar Singh</petitioner>
	
	<extra>Son of Late Khelawan Singh, Resident of Village -<lb/>
	Ohari, Police Station-Roh, District -Nawadah, retired Karamchari, Block -<lb/>
	Meskaur, District -Nawadah.<lb/>
	... ... Petitioner/s<lb/>
	Versus<lb/>
	1.</extra>

	<respondent>The State of Bihar</respondent>
	
	<extra>through the Principal Secretary, Department of Revenue<lb/>
	and Land Reform, Government of Bihar, Patna.<lb/>
	    2.</extra>

	<respondent>The Divisional Commissioner</respondent>
	
	<extra>, Magadh Division, Gaya.<lb/>
	3.</extra>

	<respondent>The District Magistrate</respondent>
	
	<extra>, Nawadah.<lb/>
	4.</extra>

	<respondent>The Deputy Collector</respondent>
	
	<extra>, Establishment, Nawadah.<lb/>
	5.</extra>

	<respondent>The Circle Officer</respondent>
	
	<extra>, Meskaur, District -Nawadah.<lb/>
	... ... Respondent/s<lb/> ======================================================<lb/> Appearance :<lb/>
	For the Petitioner/s :<lb/></extra>

	<petitioner_lawyers>Mr. Arun Kumar<lb/></petitioner_lawyers>
	
	<extra>For the Respondent/s :<lb/></extra>

	<respondent_lawyers>Mr. Lalit Kishore</respondent_lawyers>
	
	<extra>(AG)<lb/></extra>
	
	<respondent_lawyers>Mr. Saurabh Kumar<lb/></respondent_lawyers>
	
	<extra>======================================================<lb/>
	CORAM:</extra>

	<judges>HONOURABLE MR. JUSTICE P. B. BAJANTHRI<lb/></judges>

	<extra>ORAL</extra>

	<document_type>JUDGMENT<lb/></document_type>

		</front>
	</text>
</tei>

