<?xml version="1.0" ?>
<tei xml:space="preserve">
	<teiHeader>
		<fileDesc xml:id="13145183"/>
	</teiHeader>
	<text xml:lang="en">
		<front>
<lb/>
	<extra>IN THE</extra>

	<court>HIGH COURT OF JUDICATURE AT PATNA<lb/></court>

	<case_numbers>Civil Writ Jurisdiction Case No.7440 of 2020</case_numbers>
	<extra>======================================================<lb/>
	1.</extra>

<petitioner>Pranita Verma</petitioner>

<extra>, Wife of Saroj Kumar, Resident of Village and P.O.-<lb/>
Khamhouti, P.S.-Simri Bakhtiyarpur, District-Saharsa, BSITET Roll No.-<lb/>
	1310118153.<lb/> 2.</extra>

	<respondent>Bikash Kumar Bhagat</respondent>
	
	<extra>, Son of Binod Bhagat
	, Resident of Manash Nagar R<lb/>
	M College, Ward No.-32, P.S.-Saharsa, District-Saharsa, BSITET Roll<lb/> No.-1305110782.<lb/> ... ... Petitioner/s<lb/>
	Versus<lb/> 1.</extra>

	<respondent>The State of Bihar</respondent>
	
	<extra>through the Chief Secretary, Government of Bihar, New<lb/> Secretariat Patna.<lb/>
	2.</extra>

	<respondent>The Chief Secretary, Government of Bihar</respondent>
	
	<extra>, New Secretariat, Patna.<lb/>
	3.</extra>

	<respondent>The Principal Secretary, Human Resource Department</respondent>
	
	<extra>, New Secretariat,<lb/> Patna, Bihar.<lb/>
	4.</extra>

	<respondent>The Principal Secretary, Department of Education</respondent>
	
	<extra>, Government of Bihar,<lb/> Patna.<lb/>
	5.</extra>

	<respondent>The Director, Secondary Education, Government of Bihar</respondent>
	
	<extra>, Patna New<lb/> Secretariat, Patna.<lb/>
	6.</extra>

	<respondent>The Director, Senior Secondary Education, Government of Bihar</respondent>
	
	<extra>, Patna<lb/> New Secretariat, Patna.<lb/>
	7.</extra>

	<respondent>The Bihar School Examination Board through its Chairman</respondent>
	
	<extra>, Patna.<lb/>
	8.</extra>

	<respondent>The Chairman, Bihar School Examination Board.<lb/></respondent>
	
	<extra>9.</extra>

	<respondent>The National Council for Teacher Education through its Chairperson</respondent>
	
	<extra>, New<lb/> Delhi.<lb/>
	10.</extra>
	
	<respondent>The Chairperson, the National Council for Teacher Education</respondent>
	
	<extra>, New Delhi.<lb/> ... ... Respondent/s<lb/> ======================================================<lb/> Appearance :<lb/> For the Petitioner/s :<lb/></extra>

	<petitioner_lawyers>Ms. Manini Jaiswal</petitioner_lawyers>
	<extra>,
	Adv.<lb/> For the State :<lb/></extra>

	<respondent_lawyers>Mr. Ram Vinay Prasad Singh</respondent_lawyers>
	
	<extra>,
	Adv. ======================================================<lb/> CORAM:</extra>

	<judges>HONOURABLE MR. JUSTICE ASHUTOSH KUMAR<lb/></judges>

		</front>
	</text>
</tei>
