<?xml version="1.0" ?>
<tei xml:space="preserve">
	<teiHeader>
		<fileDesc xml:id="13145172"/>
	</teiHeader>
	<text xml:lang="en">
		<front>
<lb/>
	<extra>IN THE</extra>

	<court>HIGH COURT OF JUDICATURE AT PATNA<lb/></court>

	<case_numbers>Civil Writ Jurisdiction Case No.9745 of 2021<lb/></case_numbers>
	
	<extra>======================================================<lb/></extra>
	
	<petitioner>Anil Prasad</petitioner>
	
	<extra>Son of Awadh Kishore Prasad Resident of Village-Dhadhaur,<lb/>
	P.S.-Sikandra, District-Jamui.<lb/>
	... ... Petitioner/s<lb/>
	Versus<lb/>
	1.</extra>

	<respondent>The State of Bihar</respondent>
	
	<extra>through the Chief Secretary, Government of Bihar, Patna.<lb/>
	2.</extra>

	<respondent>The Director</respondent>
	
	<extra>, Animal Husbandry, Government of Bihar, Patna.<lb/>
	3.</extra>

	<respondent>The Joint Director</respondent>
	
	<extra>, (Head Office), Animal Husbandry Directorate, Bihar,<lb/> Patna.<lb/>
	4.</extra>

	<respondent>District Animal Husbandry Officer</respondent>
	
	<extra>, Jamui.<lb/>
	5.</extra>
	
	<respondent>Assistant Director</respondent>
	
	<extra>, Animal Husbandry Department, Large Animal<lb/>
	Development Project/Planning, Regional Bose, Jamui, District-Jamui.<lb/> 6.</extra>

	<respondent>District Animal Husbandry Officer</respondent>
	
	<extra>, Patna.<lb/>
	7.</extra>
	
	<respondent>Regional Director Animal Husbandry</respondent>
	
	<extra>, Bhagalpur Region, Bhagalpur.<lb/>
	... ... Respondent/s<lb/> ======================================================<lb/> Appearance :<lb/>
	For the Petitioner/s :<lb/></extra>

	<petitioner_lawyers>Mr. Anand Kishore
	Sinha<lb/> </petitioner_lawyers>
	
	<extra>:<lb/></extra>
	
	<petitioner_lawyers>Mr. Brij Nandan
	Prasad<lb/></petitioner_lawyers>
	
	<extra>:<lb/></extra>
	
	<petitioner_lawyers>Mr. Dhirendra Nath Jha<lb/></petitioner_lawyers>
	
	<extra>For the Respondent/s :<lb/></extra>

	<respondent_lawyers>Mr. Lalit Kishore</respondent_lawyers>
	
	<extra>(Ag)<lb/> ======================================================<lb/> CORAM:</extra>

	<judges>HONOURABLE MR. JUSTICE P. B. BAJANTHRI<lb/></judges>

	<extra>ORAL</extra>

	<document_type>JUDGMENT<lb/></document_type>

		</front>
	</text>
</tei>
