<?xml version="1.0" ?>
<tei xml:space="preserve">
	<teiHeader>
		<fileDesc xml:id="13145184"/>
	</teiHeader>
	<text xml:lang="en">
		<front>
<lb/>
	<extra>IN THE</extra>

	<court>HIGH COURT OF JUDICATURE AT PATNA<lb/></court>

	<case_numbers>Civil Writ Jurisdiction Case No.9569 of 2021<lb/></case_numbers>
	
	<extra>======================================================<lb/></extra>
	
	<petitioner>Dinesh Kumar Nikhil</petitioner>
	
	<extra>>Son of Late Sunder Mahto, Resident of House No. 201,<lb/> Chandra Kutir Apartment, Sita Ram Path, Patel Nagar, P.S.-Shastri Nagar,<lb/>
	District-Patna.<lb/> ... ... Petitioner/s<lb/> Versus<lb/> 1.</extra>

	<respondent>The State of Bihar<lb/></respondent>
	<extra>2.</extra>

	<respondent>The Principal Secretary</respondent>
	
	<extra>, Home Department, Bihar, Patna.<lb/>
	3.</extra>

	<respondent>The Director General of Police</respondent>
	
	<extra>, Bihar, Patna.<lb/>
	4.</extra>

	<respondent>The Additional Director General of Police</respondent>
	
	<extra>, Head Quarter, Patna, Bihar.<lb/>
	5.</extra>

	<respondent>The Inspector General of Police</respondent>
	
		<extra>, Head Quarter, Patna, Bihar.<lb/>
6.</extra>

	<respondent>The Deputy Inspector General of Police</respondent>
	
	<extra>(Head Quarter), Patna, Bihar.<lb/>
	7.</extra>

	<respondent>The Deputy Inspector General of Police</respondent>
	
	<extra>(Personnel), , Bihar, Patna.<lb/>
	8.</extra>

	<respondent>Rajesh Kumar Sinha</respondent>
	
	<extra>, Inspector of Police, Special Branch, Begusarai.<lb/>
	... ... Respondent/s ======================================================<lb/> Appearance :<lb/> For the Petitioner/s :<lb/></extra>

	<petitioner_lawyers>Mr.Pramod Kumar<lb/></petitioner_lawyers>
	
	<extra>For the Respondent/s<lb/> :<lb/></extra>

	<respondent_lawyers>Mr.<lb/></respondent_lawyers>
	
	<extra>======================================================<lb/>
	CORAM:</extra>

	<judges>HONOURABLE MR. JUSTICE P. B. BAJANTHRI<lb/></judges>

	<extra>ORAL</extra>

	<document_type>JUDGMENT<lb/></document_type>

		</front>
	</text>
</tei>
