<?xml version="1.0" ?>
<tei xml:space="preserve">
	<teiHeader>
		<fileDesc xml:id="13148720"/>
	</teiHeader>
	<text xml:lang="en">
		<front>
<lb/>

	<extra>IN THE</extra>

	<court>HIGH COURT OF KERALA AT ERNAKULAM<lb/></court>
	
	<extra>PRESENT<lb/> </extra>
	
	<judges>THE HONOURABLE MR.JUSTICE V.G.ARUN<lb/> </judges>
	
	<judgement_date>FRIDAY, THE 8 TH DAY OF

	JULY 2022 / 17TH ASHADHA, 1944<lb/> </judgement_date>
	
	<case_numbers>WP(C) NO. 21321 OF 2022<lb/></case_numbers>
	

	<extra>PETITIONER:<lb/>
	

	1</extra>
	
	<petitioner>M/S. NAAJCO AUTOMOBILES PVT LTD.</petitioner>
	
	<extra>,<lb/> 
	IV/351
	GRACE BUILDING, NH-17 THYKKAVU,<lb/> 
	CHERANELLORE P.O. KOCHI -682034<lb/> 
	REP. BY ITS MANAGING DIRECTOR SHAJI SUBAIR SAHIB,<lb/>
	
	S/O SUBAIR SAHIB, AGED 48 YEARS RESIDING AT VILLA NO. A5<lb/> 
	KENT HYDE PARK, NEAR CHOICE SCHOOL

	THRIPUNITHURA 682301.<lb/>
	

	BY ADVS.<lb/> </extra>
	
	<petitioner_lawyers>SAIBY JOSE KIDANGOOR<lb/> 
	BENNY ANTONY PAREL<lb/> 
	ANOOP SEBASTIAN<lb/> 
	PRAMITHA AUGUSTINE<lb/> 
	IRINE MATHEW<lb/> 
	ADITHYA KIRAN V.E<lb/> 
	ANJALI NAIR<lb/> 
	NAAIL FATHIMA ABDULLA A.<lb/></petitioner_lawyers>
	

	<extra>RESPONDENTS:<lb/>
	

	1</extra>
	
	<respondent>COCHIN PORT TRUST</respondent>
	
	<extra>,<lb/> 
	REP BY ITS CHAIRMAN COCHIN PORT TRUST,<lb/> 
	WILLINGDON ISLAND, KOCHI -682009.<lb/> 
	2</extra>
	
	<respondent>THE SECRETARY</respondent>
	
	<extra>,<lb/> 
	COCHIN PORT TRUST, WILLINGDON ISLAND,<lb/> 
	KOCHI 682009.<lb/> 
	3</extra>
	
	<respondent>TRAFFIC MANAGER</respondent>
	
	<extra>,<lb/> 
	COCHIN PORT TRUST, WILLINGDON ISLAND,<lb/> 
	KOCHI -682009.<lb/> 
	BY ADV.</extra>
	
	<respondent_lawyers>SRI.M. GOPIKRISHNAN NAMBIAR</respondent_lawyers>
	
	<extra>, STANDING COUNSEL<lb/> 
	THIS WRIT PETITION (CIVIL) HAVING COME UP FOR ADMISSION ON<lb/> 
	08.07.2022, THE COURT ON THE SAME DAY

	DELIVERED THE FOLLOWING:<lb/></extra>

	<document_type>JUDGMENT<lb/>
	</document_type>

	<extra>Dated this the 08 th day of July, <lb/></extra>

		</front>
	</text>
</tei>
