<?xml version="1.0" ?>
<tei xml:space="preserve">
	<teiHeader>
		<fileDesc xml:id="13144899"/>
	</teiHeader>
	<text xml:lang="en">
		<front>
<lb/>
	<extra>IN THE</extra>

	<court>HIGH COURT OF JUDICATURE AT PATNA<lb/></court>

	<case_numbers>Civil Writ Jurisdiction Case No.8863 of 2021<lb/></case_numbers>

	<extra>======================================================<lb/></extra>
	
	<petitioner>Sharda Devi</petitioner>
	
	<extra>, W/o Rakesh Kumar Yadav, R/v and P.O.-Lal Saraia, P.S.-<lb/>
	Majhawaliya, District-Bettiah (West Champaran).<lb/>
	... ... Petitioner/s<lb/>
	Versus<lb/>
	1.</extra>

	<respondent>The State of Bihar</respondent>
	
	<extra>through the Additional Secretary Social Welfare<lb/>
	Department, Patna, Bihar.<lb/>
	2.</extra>

	<respondent>The Collector</respondent>
	
	<extra>, Bettiah West Champaran.<lb/>
	3.</extra>

	<respondent>The Director, ICDS</respondent>
	
	<extra>, Bettiah West Champaran.<lb/>
	4.</extra>

	<respondent>The Sub Divisional Officer</respondent>
	
	<extra>, Bettiah West Champaran.<lb/>
	5.</extra>

	<respondent>The District Programme Officer</respondent>
	
	<extra>, Bettiah West Champaran.<lb/>
	6.</extra>

	<respondent>The Child Development Project Officer</respondent>
	
	<extra>, Majhawaliya, West Champaran.<lb/>
	7.</extra>

	<respondent>The Mukhiya, Panchayat-Lal Saraia</respondent>
	
	<extra>, Bettiah West Champaran.<lb/>
	8.</extra>

	<respondent>The Ward Member</respondent>
	
	<extra>, Ward No. 10 Lal Saraia, Bettiah West Champaran.<lb/>
	9.</extra>
	
	<respondent>Priyanka Kumari</respondent>
	
	<extra>, W/o Santosh Thakur, Majhaulia, Lal Saraia, Ward No. 10<lb/>
	Bettiah West Champaran.<lb/>
	... ... Respondent/s ======================================================<lb/> Appearance :<lb/>
	For the Petitioner/s :<lb/></extra>

	<petitioner_lawyers>Mr. Raj Kishore Prasad<lb/></petitioner_lawyers>
	
	<extra>For the Respondent/s :<lb/></extra>

	<respondent_lawyers>Mr. Lalit Kishore</respondent_lawyers>
	
	<extra>(Ag)<lb/> ======================================================<lb/>
	CORAM:</extra>

	<judges>HONOURABLE MR. JUSTICE P. B. BAJANTHRI<lb/></judges>

	<extra>ORAL</extra>

	<document_type>JUDGMENT<lb/></document_type>

		</front>
	</text>
</tei>
