<?xml version="1.0" ?>
<tei xml:space="preserve">
	<teiHeader>
		<fileDesc xml:id="13145167"/>
	</teiHeader>
	<text xml:lang="en">
		<front>
<lb/>
	<extra>IN THE</extra>

	<court>HIGH COURT OF JUDICATURE AT PATNA<lb/></court>

	<case_numbers>Civil Writ Jurisdiction Case No.9966 of 2021<lb/></case_numbers>

	<extra>======================================================<lb/></extra>
	
	<petitioner>Sowanti Kumari</petitioner>
	
	<extra>Wife of Guddu Kumar resident of village-Pipra, P.s.-<lb/>
	Imamganj, district-Gaya<lb/>
	... ... Petitioner/s<lb/>
	Versus<lb/>
	1.</extra>

	<respondent>The State of Bihar</respondent>
	
	<extra>through the Director, Integrated child Development<lb/>
	Services (I.C.D.S.) Scheme, Welfare Department, Bihar, Patna<lb/>
	2.</extra>

	<respondent>The District Magistrate</respondent>
	
	<extra>, Gaya<lb/>
	3.</extra>

	<respondent>The District Programme Officer</respondent>
	
	<extra>, Gaya<lb/>
	4.</extra>

	<respondent>The Block Development Officer</respondent>
	
	<extra>, Imamganj, District-Gaya<lb/>
	5.</extra>

	<respondent>The Child Development Project Officer</respondent>
	
	<extra>, Imamganj, District-Gaya<lb/>
	6.</extra>

	<respondent>Mahila Parwachhika cum Member Sachiv</respondent>
	
	<extra>, Selection Committee, bal Bikas<lb/>
	Pariyojna, Imamganj, District-Gaya<lb/>
	7.</extra>
	
	<respondent>Rekha Kumari</respondent>
	
	<extra>W/o Sri Dharmendra Kumar resident of village-Pripara,<lb/> P.s.Imamganj, District-Gaya<lb/>
	... ... Respondent/s<lb/>
	======================================================<lb/>
	Appearance :<lb/>
	For the Petitioner/s :<lb/></extra>

	<petitioner_lawyers>Mr.Ajay Kumar Sinha<lb/></petitioner_lawyers>
	
	<extra>For the Respondent/s :<lb/></extra>

	<respondent_lawyers>Mr.<lb/></respondent_lawyers>
	
	<extra>======================================================<lb/>
	CORAM:</extra>

	<judges>HONOURABLE MR. JUSTICE P. B. BAJANTHRI<lb/></judges>

	<extra>ORAL</extra>

	<document_type>JUDGMENT<lb/></document_type>

		</front>
	</text>
</tei>
