<?xml version="1.0" ?>
<tei xml:space="preserve">
	<teiHeader>
		<fileDesc xml:id="13145175"/>
	</teiHeader>
	<text xml:lang="en">
		<front>
<lb/>
	<extra>IN THE</extra>

	<court>HIGH COURT OF JUDICATURE AT PATNA<lb/></court>

	<case_numbers>Civil Writ Jurisdiction Case No.9744 of 2021<lb/></case_numbers>
	
	<extra>======================================================<lb/></extra>
	
	<petitioner>Indra Narayan Mishra</petitioner>
	
	<extra>Son of Late Rama Nand Mishra resident of village and<lb/>
	P.o.-Bar Majhiya, P.s.-Kanchanpur, District-Sapatari (Nepal), Retired from<lb/>
	the post of Junior Engineer under Irrigation Division, Murliganj, Madhepura,<lb/>
	District-Madhepura (Bihar)<lb/>
	... ... Petitioner/s<lb/>
	Versus<lb/>
	1.</extra>

	<respondent>The State of Bihar</respondent>
	
	<extra>through the Chief Secretary, Government of Bihar, patna<lb/>
	2.</extra>

	<respondent>The Principal Secretary</respondent>
	
	<extra>, Water Resources Department, Government of Bihar, Patna<lb/>
	3.</extra>

	<respondent>The Engineer in Chief</respondent>
	
	<extra>, Water Resources Department, Government of Bihar, Patna<lb/>
	4.</extra>

	<respondent>The Under Secretary</respondent>
	
	<extra>(management) Water Resources Department,<lb/> Government of Bihar, Patna<lb/>
	5.</extra>

	<respondent>The Chief Engineer</respondent>
	
	<extra>Water Resources Department, Saharsa, District-Saharsa<lb/>
	6.</extra>

	<respondent>The Superintending Engineer</respondent>
	
	<extra>, Irrigation Circle Punia, District-Purnia<lb/>
	7.</extra>

	<respondent>The Executive Engineer</respondent>
	
	<extra>, Irrigation Division, Murliganj, Madhepura<lb/>
	... ... Respondent/s<lb/> ======================================================<lb/> Appearance :<lb/>
	For the Petitioner/s :<lb/></extra>

	<petitioner_lawyers>Mr.Amrit Abhijat<lb/></petitioner_lawyers> 
	
	<extra>:<lb/></extra>

	<petitioner_lawyers>Mr. Sunil Kumar	Pandey<lb/> </petitioner_lawyers>
	
	<extra>:<lb/></extra>

	<petitioner_lawyers>Mr. Manoj Kr. Gupta<lb/></petitioner_lawyers>
	
	<extra>For the Respondent/s :<lb/></extra>

	<respondent_lawyers>Mr. Anjani Kumar</respondent_lawyers>
	
	<extra>, AAG 4<lb/> ======================================================<lb/> CORAM:</extra>

	<judges>HONOURABLE MR. JUSTICE P. B. BAJANTHRI<lb/></judges>

	<extra>ORAL</extra>

	<document_type>JUDGMENT<lb/></document_type>

		</front>
	</text>
</tei>
