<?xml version="1.0" ?>
<tei xml:space="preserve">
	<teiHeader>
		<fileDesc xml:id="13144936"/>
	</teiHeader>
	<text xml:lang="en">
		<front>
<lb/>
	<extra>IN THE</extra>

	<court>HIGH COURT OF JUDICATURE AT PATNA<lb/></court>

	<case_numbers>Civil Writ Jurisdiction Case No.8049 of 2021<lb/></case_numbers>
	

	<extra>======================================================<lb/></extra> 
	
	<petitioner>Shankar Yadav </petitioner>
	
	<extra>Son of Late Basudeo Yadav Permanent resident of village -<lb/>
	Bidhanpur, Police Station-Bikramganj, District-Rohtas and at present<lb/>
	resident of PION Quarter No. 28, R-Block -Railway Line, at the near of Old<lb/>
	Secretariat, Police Station-Phulwari Sharif, District-Patna.<lb/>
	... ... Petitioner/s<lb/>
	
	Versus<lb/>
	1.</extra>

	<respondent>The State of Bihar</respondent>
	
	<extra>through the Chief Secretary, Government of Bihar, Patna.<lb/>
	2.</extra>

	<respondent>The Principal Secretary, Finance Department</respondent>
	
	<extra>, Government of Bihar, Patna.<lb/>
	3.</extra>

	<respondent>The Principal Secretary, General Administration Department</respondent>
	
	<extra>, Government<lb/> of Bihar, Patna.<lb/>
	4.</extra>

	<respondent>The Board of Revenue</respondent>
	
	<extra>, Bihar through its Secretary, Government of Bihar,<lb/> Patna.<lb/>
	5.</extra>

	<respondent>The Secretary, the Board of Revenue, Bihar</respondent>
	
	<extra>, Government of Bihar, Patna.<lb/>
	... ... Respondent/s<lb/> ======================================================<lb/> Appearance :<lb/>
	For the Petitioner/s :<lb/></extra>

	<petitioner_lawyers>Mr. Rajeev Shekhar</petitioner_lawyers>
	
	<extra>, Advocate<lb/>
	For the Respondent/s :<lb/></extra>

	<respondent_lawyers>Mr. Sheo Shankar Prasad</respondent_lawyers>
	
	<extra>, SC 8<lb/>
	:<lb/></extra>

	<respondent_lawyers>Mr. Sailendra Kumar
	Singh<lb/></respondent_lawyers>
	
	<extra>:<lb/></extra>

	<respondent_lawyers>Mr. Anil Kumar<lb/></respondent_lawyers>
	
	<extra>======================================================<lb/> CORAM:</extra>

	<judges>HONOURABLE MR. JUSTICE P. B. BAJANTHRI<lb/></judges>

	<extra>ORAL</extra>

	<document_type>JUDGMENT<lb/></document_type>

		</front>
	</text>
</tei>
