<?xml version="1.0" ?>
<tei xml:space="preserve">
	<teiHeader>
		<fileDesc xml:id="13144948"/>
	</teiHeader>
	<text xml:lang="en">
		<front>
<lb/>
	<extra>IN THE</extra>

	<court>HIGH COURT OF JUDICATURE AT PATNA<lb/></court>

	<case_numbers>Civil Writ Jurisdiction Case No.584 of 2022<lb/></case_numbers>

	<extra>======================================================<lb/></extra>
	
	<petitioner>Sachidanand Singh</petitioner>
	
	<extra>S/o Late Fuleshwar Prasad Singh, R/o Vilage and Post-<lb/>
	Kapasia, P.S.-Shor Bazar, District-Saharsha, Bihar-852107.<lb/>
	... ... Petitioner/s<lb/>
	Versus<lb/>
	1.</extra>

	<respondent>The State of Bihar</respondent>
	
	<extra>Bihar.<lb/>
	2.</extra>

	<respondent>The Principal Secretary, Education Department</respondent>
	
	<extra>, Government of Bihar,<lb/>
	Patna.<lb/>
	3.</extra>

	<respondent>BIhar Education Project Council</respondent>
	
	<extra>, Patna, through its State Project Director.<lb/>
	4.</extra>

	<respondent>The District Magistrate</respondent>
	
	<extra>, Saharsha, Bihar.<lb/>
	5.</extra>

	<respondent>The District Programme Officer, Elementary Education and Sarva Siksha<lb/> Abhiyan</respondent>
	
	<extra>, Bihar Education Project, Saharsha, Bihar.<lb/>
	6.</extra>

	<respondent>The District Certificate Officer</respondent>
	
	<extra>, Saharsha, Bihar.<lb/>
	... ... Respondent/s<lb/> ======================================================<lb/> Appearance :<lb/>
	For the Petitioner/s :<lb/></extra>

	<petitioner_lawyers>Mr.Rakesh Kumar Singh<lb/></petitioner_lawyers>
	
	<extra>For the Respondent/s :<lb/></extra>

	<respondent_lawyers>Mr.Smt. Binita Singh</respondent_lawyers>
	
	<extra>(Sc28)<lb/> ======================================================<lb/>
	CORAM:</extra>

	<judges>HONOURABLE THE CHIEF JUSTICE<lb/></judges>
	
	<extra>and<lb/></extra>
	
	<judges>HONOURABLE MR. JUSTICE S. KUMAR<lb/></judges>

	<extra>ORAL</extra>

	<document_type>JUDGMENT<lb/></document_type>

	<extra>(Per: HONOURABLE THE CHIEF JUSTICE)<lb/>
	Date :</extra>

	<judgement_date>18-02-2022<lb/></judgement_date>

	<extra>Heard learned counsel for the parties.<lb/>
	Petitioner has prayed for the following relief(s).<lb/></extra>

		</front>
	</text>
</tei>
