<?xml version="1.0" ?>
<tei xml:space="preserve">
	<teiHeader>
		<fileDesc xml:id="13145158"/>
	</teiHeader>
	<text xml:lang="en">
		<front>
<lb/>
	<extra>IN THE</extra>

	<court>HIGH COURT OF JUDICATURE AT PATNA<lb/></court>

	<case_numbers>Civil Writ Jurisdiction Case No.315 of 2022<lb/></case_numbers>
	
	<extra>======================================================<lb/></extra>
	
	<petitioner>Md. Rahid Alam</petitioner>
	
	<extra>, Son of Md. Alim Resident of Village Azad Nagar,<lb/>
	Madhopara, District Purnia-854301.<lb/>
	... ... Petitioner/s<lb/>
	Versus<lb/>
	1.</extra>

	<respondent>The State of Bihar</respondent>
	
	<extra>through the Principal Secretary, Health Department,<lb/> Government of Bihar, Patna.<lb/>
	2.</extra>

	<respondent>The Divisional Commissioner</respondent>
	
	<extra>, Purnia Division, Purnia.<lb/>
	3.</extra>

	<respondent>The Officer on Special Duty, Health Department</respondent>
	
	<extra>, Government of Bihar
	,<lb/> New Secretariat Building, Bailey Road, Patna.<lb/>
	4.</extra>

	<respondent>The Superintendent, Government Medical College and Hospital</respondent>
	
	<extra>, Purnia.<lb/>
	5.</extra>

	<respondent>The Superintendent-cum-Secretary, Patient Welfare Committee</respondent>
	
	<extra>, Sadar<lb/> Hospital, Purnia.<lb/>
	6.</extra>

	<respondent>The Civil Surgeon cum Chairman, Patient Welfare Committee</respondent>
	
	<extra>, Sadar<lb/> Hospital, Purnia.<lb/>
	... ... Respondent/s<lb/>
	======================================================<lb/>
	Appearance :<lb/>
	For the Petitioner/s :<lb/></extra>

	<petitioner_lawyers>Dr. Bidhu Ranjan</petitioner_lawyers>
	
	<extra>, Advocate<lb/>
	For the Respondent/s :<lb/></extra>

	<respondent_lawyers>Mr. S.D. Yadav</respondent_lawyers>
	
	<extra>, AAG 9<lb/> ======================================================<lb/>
	CORAM:</extra>

	<judges>HONOURABLE THE CHIEF JUSTICE<lb/></judges>
	
	<judges>and<lb/></judges>
	
	<judges>HONOURABLE MR. JUSTICE S. KUMAR<lb/></judges>

	<extra>ORAL</extra>

	<document_type>JUDGMENT<lb/></document_type>

		</front>
	</text>
</tei>
