<?xml version="1.0" ?>
<tei xml:space="preserve">
	<teiHeader>
		<fileDesc xml:id="13145163"/>
	</teiHeader>
	<text xml:lang="en">
		<front>
<lb/>
	<extra>IN THE</extra>

	<court>HIGH COURT OF JUDICATURE AT PATNA<lb/></court>

	<case_numbers>Civil Writ Jurisdiction Case No.9485 of 2021<lb/></case_numbers>

	<extra>======================================================<lb/></extra>
	
	<petitioner>Ramesh Prasad Singh</petitioner>
	
	<extra>, Son of Late Nanhu Singh, Resident of Ministerial<lb/>
	Quarter No. 31/A Bandhan Tola Station Road, Nawada Police Station-Ara,<lb/>
	District-Bhojpur, Ara.<lb/>
	... ... Petitioner/s<lb/>
	Versus<lb/>
	1.</extra>

	<respondent>The State of Bihar</respondent>
	
	<extra>through Principal Secretary, Water Resource Department,<lb/> Government of Bihar, Patna.<lb/>
	2.</extra>

 <respondent>The Principal Secretary, Water Resource Department</respondent>
  
  <extra>, Government of Bihar,<lb/>
  Patna.<lb/>
	3.</extra>

	<respondent>The Chief Engineer, Irrigation Creation, Water Resource Department</respondent>
	
		<extra>, Dehri.<lb/>
	4.</extra>

	<respondent>The Executive Engineer, Sone Canal Division</respondent>
	
	<extra>, Buxar.<lb/>
	5.</extra>

	<respondent>The Executive Engineer, Sone Canal Division</respondent>
	
	<extra>, Ara.<lb/>
	... ... Respondent/s<lb/>
	======================================================<lb/> Appearance :<lb/>
	For the Petitioner/s :<lb/></extra>

	<petitioner_lawyers>Mr.Ravindra Kumar Singh<lb/></petitioner_lawyers>
	
	<extra>For the Respondent/s :<lb/></extra>

	<respondent_lawyers>Mr.<lb/></respondent_lawyers>
	
	<extra>======================================================<lb/>
	CORAM:</extra>

	<judges>HONOURABLE MR. JUSTICE P. B. BAJANTHRI<lb/></judges>

	<extra>ORAL</extra>

	<document_type>JUDGMENT<lb/></document_type>

		</front>
	</text>
</tei>
