<?xml version="1.0" ?>
<tei xml:space="preserve">
	<teiHeader>
		<fileDesc xml:id="13145170"/>
	</teiHeader>
	<text xml:lang="en">
		<front>
<lb/>
	<extra>IN THE</extra>

	<court>HIGH COURT OF JUDICATURE AT PATNA<lb/></court>

	<case_numbers>Civil Writ Jurisdiction Case No.9800 of 2021<lb/></case_numbers>

	<extra>======================================================<lb/></extra>
	
	<petitioner>Yogendra Kumar Singh @ Yogendra Kumar Singh Chauhan </petitioner>
	
		<extra>Son of Late Babu<lb/>
		Singh Resident of Village-Ramgarh, P.S.-Labedi, District-Etawah U.P.<lb/>
		... ... Petitioner/s<lb/>
		Versus<lb/>
		1.</extra>

	<respondent>The Union of India</respondent>
	
	<extra>through the Secretary, Ministry of Home Affairs
	, Govt.<lb/> of India, New Delhi.<lb/>
	2.</extra>

	<respondent>The Secretary, Department of Personnel and Training Ministry of Personal,<lb/>
	Public Grievances and Pensions</respondent>
	
	<extra>Govt. of India at New Delhi.<lb/>
	3.</extra>

	<respondent>The Director General</respondent>
	
	<extra>, Sashatra Seema Bal Block-V (East) R.K. Puram New<lb/> Delhi.<lb/>
	4.</extra>

	<respondent>The Inspector General</respondent>
	
	<extra>, Frontier Head Quarter S.S.B. Rukhanpura House,<lb/>
	New Bailey Road, Patna.<lb/>
	5.</extra>

	<respondent>The Assistant Director (Admin)</respondent>
	
	<extra>, Frontier Head Quarter S.S.B. Rukhanpura<lb/>
	House, New Bailey Road, Patna.<lb/>
	6.</extra>

	<respondent>The Commandant, 12th Batalian</respondent>
	
	<extra>, S.S.B., Valmiki Nagar, District-West<lb/> Champaran.<lb/>
	7.</extra>

	<respondent>The Deputy Commandant, 12th Batalian</respondent>
	
	<extra>, S.S.B. Valmiki Nagar, District-<lb/>West Champaran.<lb/>
	8.</extra>

	<respondent>The Commandant, 40th Batalian</respondent>
	
	<extra>, S.S.B., Patna.<lb/>
	... ... Respondent/s<lb/> ======================================================<lb/> Appearance :<lb/>
	For the Petitioner/s :<lb/></extra>

	<petitioner_lawyers>Mr. Prabhat KumarSingh<lb/></petitioner_lawyers>
	
	<extra>:<lb/></extra>

	<petitioner_lawyers>Mr. Anirudh Kumar Singh<lb/></petitioner_lawyers>
	
	<extra>For the Respondent/s :<lb/></extra>

	<respondent_lawyers>Dr. K. N. Singh</respondent_lawyers>
	
	<extra>, ASG<lb/>
	:<lb/></extra>

	<respondent_lawyers>Mr. Ravinder Kumar Sharma<lb/></respondent_lawyers>
	
	<extra>======================================================<lb/>
	CORAM:</extra>

	<judges>HONOURABLE MR. JUSTICE P. B. BAJANTHRI<lb/></judges>

	<extra>ORAL</extra>

	<document_type>JUDGMENT<lb/></document_type>

		</front>
	</text>
</tei>
