<?xml version="1.0" ?>
<tei xml:space="preserve">
	<teiHeader>
		<fileDesc xml:id="13145162"/>
	</teiHeader>
	<text xml:lang="en">
		<front>
<lb/>
	<extra>IN THE</extra>

	<court>HIGH COURT OF JUDICATURE AT PATNA<lb/></court>

	<case_numbers>Civil Writ Jurisdiction Case No.9517 of 2021<lb/></case_numbers>

	<extra>======================================================<lb/></extra>
	
	<petitioner>Anuj Kumar Sharma</petitioner>
	
	<extra>Son of Nunu Sharma @ Shyam Bihari Singh Resident of<lb/>
	village-Pahleja, Post-Jaipur Dist.-Arwal and present address 20 MACTI<lb/>
	Sadan, Indrapuri Road No. 12, Ratun Road, P.s.-Sukhdeo Nagar Hill, Ranchi, Jharkhand<lb/>
	
	... ... Petitioner/s<lb/>
	Versus<lb/>
	1.</extra>

	<respondent>The State of Bihar</respondent>
	
	<extra>through the Chief Secretary, Government of Bihar, Old<lb/> Secretariat, Patna<lb/>
	2.</extra>

	<respondent>The Principal Secretary, Personal and Administrative Reform Department</respondent>
	
	<extra>,<lb/>
	Government of Bihar, Old Secretariat, Patna<lb/>
	3.</extra>

	<respondent>The Labour Resources Department</respondent>
	
	<extra>, Government of Bihar, New Secretariat, Patna<lb/>
	4.</extra>

	<respondent>The Principal Secretary, Finance Department</respondent>
	
	<extra>, Government of Bihar, having<lb/>
	his office Old Secretariat, Bihar, Patna<lb/>
	5.</extra>

	<respondent>The Commissioner, Labour Resources Department</respondent>
	
	<extra>, Government of Bihar,<lb/>
	having his office New Secretariat, Patna<lb/>
	6.</extra>

	<respondent>The joint Commissioner, Labour Resources Department</respondent>
	
	<extra>, Government of<lb/>
	Bihar, having his office New Secretariat, Patna<lb/>
	7.</extra>

	<respondent>The Deputy Secretary, Labour Resources Department</respondent>
	
	<extra>, Government of Bihar,<lb/> having his office New Secretariat, Patna<lb/>
	8.</extra>

	<respondent>The Deputy Secretary, Personal and Administrative Reform Department</respondent>
	
	<extra>,<lb/>
	Government of Bihar, having his office New Secretariat, Patna<lb/>
	9.</extra>

	<respondent>The Deputy Secretary, Finance Department</respondent>
	
	<extra>, Government of Bihar, having<lb/>
	his office Old Secretariat, Patna<lb/>
	10.</extra>

	<respondent>The Labour Superintendent (Shram Adhikshak)</respondent>
	
	<extra>, Nalanda<lb/>
	... ... Respondent/s ======================================================<lb/> Appearance :<lb/>
	For the Petitioner/s :<lb/></extra>

	<petitioner_lawyers>Mr.Shekhar Kumar Singh<lb/></petitioner_lawyers>
	
	<extra>For the Respondent/s<lb/> :<lb/></extra>

	<respondent_lawyers>Mr.Anuradha Singh</respondent_lawyers>
	
	<extra>(Sc21)<lb/>
	======================================================<lb/>
	CORAM:</extra>

	<judges>HONOURABLE MR. JUSTICE P. B. BAJANTHRI<lb/></judges>

	<extra>ORAL</extra>

	<document_type>JUDGMENT<lb/></document_type>

		</front>
	</text>
</tei>
