<?xml version="1.0" ?>
<tei xml:space="preserve">
	<teiHeader>
		<fileDesc xml:id="13145177"/>
	</teiHeader>
	<text xml:lang="en">
		<front>
<lb/>
	<extra>IN THE</extra>

	<court>HIGH COURT OF JUDICATURE AT PATNA<lb/></court>

	<case_numbers>Civil Writ Jurisdiction Case No.9649 of 2021<lb/></case_numbers>
	
	<extra>======================================================<lb/></extra>
	
	<petitioner>Reena Devi</petitioner>
	
	<extra>, D/o Doman Mandal, W/o Shambhu Mandal, Resident of village-<lb/>
	Beriya, P.S-Satperiya, PS-Sahkund, District-Bhagalpur.<lb/>
	... ... Petitioner/s<lb/>
	Versus<lb/>
	1.</extra>

	<respondent>The State of Bihar</respondent>
	
	<extra>through the Principal Secretary, Health Department,<lb/> Government of Bihar, Patna<lb/>
	2.</extra>

	<respondent>The Principal Secretary, Health Department</respondent>
	
	<extra>, Government of Bihar, Patna<lb/>
	3.</extra>

	<respondent>The mission Directorate, State Health Committee</respondent>
	
	<extra>, Bihar, Patna.<lb/>
	4.</extra>

	<respondent>The Collector-Cum-President of District Health Society</respondent>
	
	<extra>, Bhagalpur, District-<lb/>Bhagalpur.<lb/>
	5.</extra>

	<respondent>The District Complaint Redressal Officer</respondent>
	
	<extra>, Bhagalpur, District-Bhagalpur.<lb/>
	6.</extra>

	<respondent>The Civil Surgeon-cum-Chief Medical Officer-cum-Secretary</respondent>
	
	<extra>, District<lb/> Health Society, Bhagalpur, District-Bhagalpur.<lb/>
	7.</extra>

	<respondent>The Incharge Medical Officer</respondent>
	
	<extra>, Sahkund, District-Bhagalpur.<lb/>
	8.</extra>

	<respondent>The District Panchayat Raj Officer</respondent>
	
	<extra>, Bhagalpur, District-Bhagalpur<lb/>
	9.</extra>

	<respondent>The Mukhiya, Sarouni</respondent>
	
	<extra>, Panchayat-Sahkund, District-Bhagalpur.<lb/>
	10.</extra>

	<respondent>The Deputy Mukhiya, Sarouni</respondent>
	
	<extra>, Panchayat-Sahkund, District-Bhagalpur.<lb/>
	... ... Respondent/s<lb/> ======================================================<lb/> Appearance :<lb/>
	For the Petitioner/s :<lb/></extra>

	<petitioner_lawyers>Mr. Sharda Nand Mishra<lb/></petitioner_lawyers>
	
	<extra>For the Respondent/s :<lb/></extra>

	<respondent_lawyers>Mr. Lalit Kishore</respondent_lawyers>
	
	
	<extra>(AG)<lb/> ======================================================<lb/> CORAM:</extra>

	<judges>HONOURABLE MR. JUSTICE P. B. BAJANTHRI<lb/></judges>

	<extra>ORAL</extra>

	<document_type>JUDGMENT<lb/></document_type>

		</front>
	</text>
</tei>
