<?xml version="1.0" ?>
<tei xml:space="preserve">
	<teiHeader>
		<fileDesc xml:id="13145174"/>
	</teiHeader>
	<text xml:lang="en">
		<front>
<lb/>
	<extra>IN THE</extra>

	<court>HIGH COURT OF JUDICATURE AT PATNA<lb/></court>

	<case_numbers>Civil Writ Jurisdiction Case No.9740 of 2021<lb/></case_numbers>
	
	<extra>======================================================<lb/></extra>
	
	<petitioner>Akhaury Sushil Kumar</petitioner>
	
	<extra>Son of Akhaury Damodar Prasad Resident of Village-<lb/>
	Seora, Post Office-Phulwaria, District-Gaya.<lb/>
	... ... Petitioner/s<lb/>
	Versus<lb/>
	1.</extra>

	<respondent>The State of Bihar</respondent>
	
	<extra>through Principal Secretary, Finance Department,<lb/>
	Government of Bihar, Patna<lb/>
	2.</extra>

	<respondent>The Secretary, Department of Finance</respondent>
	
	<extra>, Government of Bihar, Patna.<lb/>
	3.</extra>

	<respondent>The Divisional Commissioner, Magadh Division</respondent>
	
	<extra>, Gaya.<lb/>
	4.</extra>

	<respondent>The District Collector, Gaya.<lb/></respondent>
	
	<extra>
	5.</extra>

	<respondent>The Sub Divisional Officer, Sadar, Gaya.<lb/></respondent>
	
	<extra>6.</extra>

	<respondent>The Treasury Officer, Gaya.<lb/></respondent>
	
	<extra>7.</extra>

	<respondent>The Accountant General (A and E)</respondent>
	
	<extra>, Bihar, Patna.<lb/>
	... ... Respondent/s<lb/> ======================================================<lb/> Appearance :<lb/>
	For the Petitioner/s :<lb/></extra>

	<petitioner_lawyers>Mr. Virendra Prasad<lb/></petitioner_lawyers>
	
	<extra>For the Respondent/s :<lb/></extra>

	<respondent_lawyers>Mr. Lalit Kishore</respondent_lawyers>
	
	<extra>( Ag )<lb/> ======================================================<lb/>
	CORAM:</extra>

	<judges>HONOURABLE MR. JUSTICE P. B. BAJANTHRI<lb/></judges>

	<extra>ORAL</extra>

	<document_type>JUDGMENT<lb/></document_type>

		</front>
	</text>
</tei>
