<?xml version="1.0" ?>
<tei xml:space="preserve">
	<teiHeader>
		<fileDesc xml:id="13144923"/>
	</teiHeader>
	<text xml:lang="en">
		<front>
<lb/>
	<extra>IN THE</extra>

	<court>HIGH COURT OF JUDICATURE AT PATNA<lb/></court>

	<case_numbers>Civil Writ Jurisdiction Case No.8335 of 2021<lb/></case_numbers>
	
	<extra>======================================================<lb/></extra>
	
	<petitioner>Dr. Laljee Prasad</petitioner>
	
	<extra>Son of Late Awadhesh Kumar Sinha, resident of Budh<lb/>
	Nagar, Road No. 2, Chiraiyatar, P.S. -Kankarbagh,
	District -Patna, presently<lb/>
	Treasurer of Ayush Medical Services Association (AMSA), Bihar, Patna.<lb/>
	... ... Petitioner/s<lb/>
	Versus<lb/>
	1.</extra>

	<respondent>The State of Bihar</respondent>
	
	<extra>. Bihar.<lb/>
	2.</extra>

	<respondent>The Chief Secretary</respondent>
	
	<extra>, Govt. of Bihar, Patna.<lb/>
	3.</extra>

	<respondent>The Principal Secretary, Health Department</respondent>
	
	<extra>, Govt. of Bihar, Patna.<lb/>
	4.</extra>

	<respondent>The Executive Director, State Health Society</respondent>
	
	<extra>, Bihar, Patna.<lb/>
	... ... Respondent/s<lb/> ======================================================<lb/> Appearance :<lb/>
	For the Petitioner/s :<lb/></extra>

	<petitioner_lawyers>Mr. Prashant Sinha<lb/></petitioner_lawyers>
	
	<extra>For the Respondent/s<lb/> :<lb/></extra>

	<respondent_lawyers>>Mr. Lalit Kishore</respondent_lawyers>
	
	<extra>(AG)<lb/>
	For the Respondent No.4 :<lb/></extra>

	<respondent_lawyers>Mr. K.K. Sinha<lb/></respondent_lawyers>
	
	<extra>======================================================<lb/>
	CORAM:</extra>

	<judges>HONOURABLE MR. JUSTICE P. B. BAJANTHRI<lb/></judges>

	<extra>ORAL</extra>

	<document_type>JUDGMENT<lb/></document_type>

		</front>
	</text>
</tei>
