<?xml version="1.0" ?>
<tei xml:space="preserve">
	<teiHeader>
		<fileDesc xml:id="13144901"/>
	</teiHeader>
	<text xml:lang="en">
		<front>
<lb/>
	<extra>IN THE</extra>

	<court>HIGH COURT OF JUDICATURE AT PATNA<lb/></court>

	<case_numbers>Civil Writ Jurisdiction Case No.7863 of 2021<lb/></case_numbers>

	<extra>======================================================<lb/></extra>
	
	<petitioner>M/s Maksi Agro Cool Chains Pvt. Ltd. Regd.</petitioner>
	
	<extra>Office-214, 2nd Floor, Ashiana<lb/>
	Towers, Exhibition Road, Patna through Mr. Manoj Kumar Sinha, Director,<lb/>
	S/o Shri Damodar Prasad Sinha, age about 51 years, Male, R/o Bachi Villa,<lb/>
	House NO. 255, Judges Colony (West), P.S. Danapur, Danapur-Khagaul<lb/> Road, Near Saguna More, Patna.<lb/>
	... ... Petitioner/s<lb/>
	Versus<lb/>
	1.</extra>

	 <respondent>Union Bank of India</respondent>
	 
	<extra>, pursuant to amalgamation of Corporation Bank and<lb/>
	Andhara Bank into Union Bank of India Scheme, 2020 issued by<lb/> Government of India vide Gazette Notification dtd. 4th March, 2020 through<lb/>
	Chairman-cum-Managing Director, Union Bank of India, 239, Vidhan<lb/> Bhawan Marg, Nariman Point, Mumbai.<lb/>
	2.</extra>

	<respondent>The Regional Manager, Union Bank of India</respondent>
	
	<extra>, 1st Floor, Nashiman Bhawan,<lb/> Mazharul Haq Path, Frazer Road, Patna.<lb/>
	3.</extra>

	<respondent>The Senior Manager, Union Bank of India</respondent>
	
	<extra>, Kankarbagh Main Road Branch,<lb/>
	Near NMCH, Kankarbagh, Patna.<lb/>
	... ... Respondent/s<lb/> ======================================================<lb/> Appearance :<lb/>
	For the Petitioner/s :<lb/></extra>

	<petitioner_lawyers>Mr. Arbind Kumar Jha</petitioner_lawyers>
	
	<extra>, Adv<lb/></extra>

	<petitioner_lawyers>Ms. Jyoti Prakash</petitioner_lawyers>
	
	<extra>, Adv<lb/>
	For the Respondent/s :<lb/></extra>
	
	<respondent_lawyers>Mr. Kumar Alok<lb/></respondent_lawyers>
		</front>
	</text>
</tei>
