<?xml version="1.0" ?>
<tei xml:space="preserve">
	<teiHeader>
		<fileDesc xml:id="13145171"/>
	</teiHeader>
	<text xml:lang="en">
		<front>
<lb/>

	<extra>IN THE</extra>

	<court>HIGH COURT OF JUDICATURE AT PATNA<lb/>
	</court>

	<case_numbers>Civil Writ Jurisdiction Case No.9779 of 2021<lb/>
	</case_numbers>

	<extra>======================================================<lb/>
	
	1.</extra>

	<petitioner>Ravi Shankar Sinha</petitioner>
	
	<extra>, S/o-Arjun Prasad Ambashth, Resident of Mohalla-<lb/>
	
	Tilak Nagar, P.O and P.S-Begusarai, District-Begusarai.<lb/>
	
	2.</extra>

	<petitioner>Chandan Kumar Bhatt</petitioner>
	
	<extra>, S/o-Shri Gopal Krishna Bhatt, Resident of<lb/>
	
	Musallapur, Chai Tola, P.O-Mahendur, P.S-Kadamkuan, District-Patna.<lb/>
	
	3.</extra>

	<petitioner>Nand Kishor Kumar Singh</petitioner>
	
	<extra>, S/o-Ram Narayan Singh, Resident Vill.-Malahi<lb/>
	
	Naikaa Tola, P.O and P.S-Malahi, District-East Champaran, Motihari.<lb/>
	
	4.</extra>

	<petitioner>Uday Prakash</petitioner>
	
	<extra>, S/o-Late Laxmi Prasad Choudhary , Resident of Vill and<lb/>
	
	P.O-Asogi, P.S-Bairagania, District-Patna.<lb/>
	
	5.</extra>

	<petitioner>Mukul Kumar Shrivastava</petitioner>
	
	<extra>, S/o-Sunil Kumar Shrivastav, Resident of Vill<lb/> 
	and P.O and P.S-Thakraha, District-West Champaran, Betiah.<lb/>
	
	6.</extra>

	<petitioner>Ajit Kumar</petitioner>
	
	<extra>, S/o-Late Dewaki Paswan, Resident of Vill -Nigari, P.O-Farha,<lb/>
	
	P.S-Akbarpur, District-Nawada.<lb/>
	
	7.</extra>

	<petitioner>Thakur Amod Kumar</petitioner>
	
	<extra>, S/o-Rupnarayan Kumar , Resident of Vill -Dumri<lb/>
	
	Baiju, P.S-Patahi, District-West Champaran, Betiah.<lb/>
	
	8.</extra>

	<petitioner>Bharat Bhusan</petitioner>
	
	<extra>, S/o-Bhikam Prasad, Resident of Vill -Silwatiya Badgo, P.O<lb/> 
	and P.S-Ramnagar, District-West Champaran, Betiah.<lb/>
	
	9.</extra>

	<petitioner>Naresh Das</petitioner>
	
	<extra>, S/o-Late Ramdeo Das, Resident of Vill -Machha, P.O-Sirsa<lb/> 
	Colony, P.S-Motihari, District-West Champaran, Betiah.<lb/>
	
	10.</extra>
	
	<petitioner>Devanand Prasad</petitioner>
	
	<extra>, S/o-Kanahiya Prasad, Resident of Vill -Motihari, P.O<lb/>
	
	and P.S-Chatauni District-East Champaran, Motihari.<lb/>
	
	11.</extra>

	<petitioner>Anil Kumar Bharti</petitioner>
	
	<extra>, S/o-Ram Ekwal Prasad, Resident of Vill -Lal Tola<lb/>
	
	Lokhan, P.O-Lokhan, P.S-Ghorasahan, District-East Champaran, Motihari.<lb/>
	
	12.</extra>

	<petitioner>Krishan Kumar</petitioner>
	
	<extra>, S/o-Sukhdeo Prasad, Resident of Vill-Paharpur, P.O-<lb/>
	
	Madhurapur, P.S-Kauaakol, District-Nawada.<lb/>
	
	13.</extra>

	<petitioner>Rakesh Ranjan Paswan</petitioner>
	
	<extra>, S/o-Muneshwar Paswan, Resident of Vill and P.O-<lb/>
	
	Bara, P.S-Ben, District-Nalanda.<lb/>
	
	14.</extra>
	
	<petitioner>Prem Prakash Prashant</petitioner>
	
	<extra>, S/o-Maheshwar Sharma, Resident of Vill-and P.O-<lb/>
	
	Rahta, P.S-Kumarkhand, District-Madhepura.<lb/>
	
	15.</extra>
	
	<petitioner>Krishna Marandi</petitioner>
	
	<extra>, S/o-Babu Ram Marandi, Resident of Vill-Bakhari Fulbari<lb/>
	
	P.O-Kursakanta, District-Araria.<lb/>
	
	16.</extra>
	
	<petitioner>Arvind Kumar</petitioner>
	
	<extra>, S/o-Saty Narayan Ram, Resident of Vill and P.O-Rahua,<lb/> 
	Madhurapur, District-Purnea.<lb/>
	
	17.</extra>
	
	<petitioner>Hira Lal Biswash</petitioner>
	
	<extra>, S/o-Late Jhauli Biswash, Resident of Vill and P.O and<lb/>
	
	P.S-Fulparas, District-Madhubani.<lb/>
	
	18.</extra>
	
	<petitioner>Rakesh Ranjan</petitioner>
	
	<extra>, S/o-Late Rameshwar Dubey, Resident of North Temple,<lb/> 
	Chhakan Tola, Opp.-Raj House, P.o.-G.P.O., District-Patna<lb/>
	
	19.</extra>
	
	<petitioner>Anmol Kumar Paswan </petitioner>
	
	<extra>S/o Prem Narayan Paswan, Resident of vill and P.o.-<lb/>
	Maaldiha, District-Purnea<lb/> 
	20.</extra>

	<petitioner>Rajesh Ranjan</petitioner>
	
	<extra>, S/o-Ramparwesh Paswan, Resident of Vill-Bhewar, P.O-<lb/>
	Sikaria, P.S-Karauna, District-Jehanabad<lb/>
	
	Patna High Court CWJC No.9779 of 2021 dt.18-02-2022<lb/>
	</extra>
	
	<page>2/7<lb/>
	</page>
	
	
	<extra>21.</extra>
	
	<petitioner>Manoj Mandal</petitioner>
	
	<extra>, S/o-Shiv Dayal Yadav, Resident of Vill-Nudhariya P.O-<lb/>
	
	Bijuvigha, P.S-Buniyadganj, District-Gaya.<lb/>
	
	22.</extra>
	
	<petitioner>Shalendra Das</petitioner>
	
	<extra>, S/o-Gulcharan Das, Resident of Vill and P.O-Aefani, P.S-<lb/>
	
	Kasaar, District-Shekhpur.<lb/>
	
	23.</extra>
	
	<petitioner>Anup Rajak</petitioner>
	
	<extra>, S/o-Fagu Rajak, Resident of Vill-Raniganj, P.O-Raniganj, P.S-<lb/>
	
	Imamganj, District-Gaya.<lb/>
	
	24.</extra>
	
	<petitioner>Anup Kumar Chaudhari</petitioner>
	
	<extra>, S/o-Late Nand Kishor Pasi, resident of Vill-<lb/>
	
	Taswan p.o and p.s-Bakebazar District-Gaya.<lb/>
	
	25.</extra>
	
	<petitioner>Rajiv Ranjan</petitioner>
	
	<extra>, S/o-Baldev Chaudhary, Resident of Vill-Panditpur, P.O and<lb/> 
	P.S-Rajgir, District-Nalanda.<lb/>
	
	26.</extra>
	
	<petitioner>Neeraj Kumar</petitioner>
	
	<extra>, S/o-Dhaneshwar Prasad, Resident of Vill and P.O-New<lb/> 
	Godown, P.S-Kotwali Thana, District-Gaya.<lb/>
	
	27.</extra>
	
	<petitioner>Mukesh Kumar</petitioner>
	
	<extra>, S/o-Late Nageshwar Ravidas, Resident of Vill-Matihani,<lb/>
	
	P.O-Itwa, P.S-Mohanpur, District-Gaya.<lb/>
	
	28.</extra>
	
	<petitioner>Santosh Kumar</petitioner>
	
	<extra>, S/o-Late Baroh Choudhary, Resident of Vill-Godawari<lb/>
	
	Road, P.O-Chand Chura, P.S-Rampur, District-Gaya.<lb/>
	
	29.</extra>
	
	<petitioner>Vijay Choudhary</petitioner>
	
	<extra>, S/o-Butai Choudhary, Resident of Vill and P.O Chiraily,<lb/>
	
	P.S-Khijrasrai, District-Gaya.<lb/>
	
	30.</extra>
	
	<petitioner>Naveen Kumar</petitioner>
	
	<extra>S/o-Ganesh Paswan, Resident of Vill-Noni, P.O-Nimsar,<lb/>
	
	P.S-Tikari, District-Gaya.<lb/>
	
	31.</extra>
	
	<petitioner>Jagannath Mahto</petitioner>
	
	<extra>, S/o-Hanuman Mahto, Resident of Vill-Kothiya Rai, P.O-<lb/>
	
	Duarikali, District-Sitamarhi<lb/>
	
	32.</extra>
	
	<petitioner>Kashi Lal Prasad</petitioner>
	
	<extra>, S/o-Sanchit Sah, Resident of Vill-Barharwa, P.O-<lb/>
	
	Bankatwa, P.S-Jitna, District-East Champaran, Motihari<lb/>
	
	33.</extra>
	
	<petitioner>Surya Prakash Kumar</petitioner>
	
	<extra>, S/o-Suresh Prajapati, Resident of Vill and P.O and<lb/> 
	P.S-Obra, District-Aurangabad.<lb/>
	
	34.</extra>

	<petitioner>Sunil Kumar Paul</petitioner>
	
	<extra>, S/o-Dharm Raj Paul, Resident of Vill-Isadi, P.O and P.S-<lb/>
	Durgawati, District-Kaimur<lb/> 
	
	35.</extra>
	
	<petitioner>Mithlesh Sah</petitioner>
	
	<extra>, S/o-Marrikant Sah, Resident of Vill-Amarpur, P.S-<lb/>
	Sonebarsaky, District-Saharsa.<lb/> 
	36.</extra>
	
	<petitioner>Jairam Prasad</petitioner>
	
	<extra>, S/o-Ganouri Parsad, Resident of Vill-Srivanw, P.O-Dibiri<lb/> 
	(Mau) P.S-Konch, District-Gaya.<lb/>
	
	37.</extra>
	
	<petitioner>Umesh Prasad</petitioner>
	
	<extra>, S/o Late Lal Bahadur Paswan, Resident of Vill-Khangah P.O<lb/> 
	and P.S -Arwal District-Arwal<lb/> 
	38. Raghwendra Das, S/o-Sakaldip Das, Resident of Vill-Koni, P.O-Sonbadhra,<lb/> 
	P.S-Karpi, District-Arwal.<lb/> 
	39. Vinod Kumar Sharma, S/o-Surydev Sharma, Resident of Vill-Khajuri, P.O-<lb/>
	Banjari, District-Rohtas.<lb/> 
	40.</extra>

	<petitioner>Jai Shankar Prasad</petitioner>
	
	<extra>, S/o-Jyotish Narain Singh, Resident of Vill-Lalganj, P.O<lb/> 
	and P.S-Sasaram, District-Rohtas.<lb/>
	
	41.</extra>
	
	<petitioner>Chandani Kumari</petitioner>
	
	<extra>, D/o-Ashok Prasad Gupta, Resident of Vill. and P.O-<lb/>
	Hatta P.S-Chainpur, District-Kaimur, (Bhabhua).<lb/> 
	42.</extra>

	<petitioner>Md. Sabir Ali</petitioner>
	
	<extra>, S/o-Sohrab Ali, Resident of Vill and P.O-Sandalpur, District-<lb/>
	Katihar.<lb/>
	
	43.</extra>
	
	<petitioner>Anil Kumar Singh</petitioner>
	
	<extra>, S/o-Late Ram Chela Singh, Resident of Vill and P.O-<lb/>
	
	Amaon, P.S-Karmchat, District-Kaimur, (Bhabhua).<lb/>
	
	44.</extra>

	<petitioner>Bramh Dayal Ram</petitioner>
	
	<extra>, S/o-Ram Jee Ram, Resident of Vill-Noni, P.O-Nimsar,<lb/> 
	P.S-Tikari, and District-Kaimur (Bhabua).<lb/>
	
	45.</extra>

	<petitioner>Kamkhya Baitha</petitioner>
	
	<extra>, S/o-Late Indra Deo Baitha, Resident of Vill-Baswariya,<lb/>
	
	P.O-Patura, P.S-Motihar, District-East Champaran, Motihari.<lb/>
	
	46.</extra>

	<petitioner>Karan Kumar Paswan</petitioner>
	
	<extra>, S/o-Khairu Paswan, Resident of Vill-Fuluat, P.S-<lb/>
	
	Chausa, District-Saharsa.<lb/>
	
	47.</extra>
	
	<petitioner>Ajay Prasad</petitioner>
	
	<extra>, S/o-Shri Nandan Prasad, Resident of Vill-Alalpur, P.O and P.S-<lb/>
	
	Belaganj District-Gaya.<lb/>
	
	48.</extra>
	
	<petitioner>Suryadev Kumar</petitioner>
	
	<extra>, S/o-Ram Charitra Prasad, Resident of Vill-Berwa,P.O-<lb/>
	
	Khajhapur,P.S-Muffasil, District-Gaya.<lb/>
	
	49.</extra>
	
	<petitioner>Harendra Kumar</petitioner>
	
	<extra>, S/o-Dhruvapati Prasad, Resident of Vill-Barew, P.O-<lb/>
	
	Khajahapur P.S-Muffassil, District-Gaya.<lb/>
	
	50.</extra>
	
	<petitioner>Ranjana Kumari</petitioner>
	
	<extra>, W/o-Anil Kumar, Resident of Vill.-Maibi, P.O-<lb/>
	
	Kishanpur, P.S-Bathnaha, District-Sitamarhi.<lb/>
	
	51.</extra>
	
	<petitioner>Surendra Kumar Raut</petitioner>
	
	<extra>, S/o-Late Dev Narayan Raut, Resident of Vill-Domo,<lb/>
	
	P.O-Kumarpur, Via-Shambhuganj, District-Banka.<lb/>
	
	52.</extra>
	
	<petitioner>Pintu Kumar Sharma</petitioner>
	
	<extra>, S/o-Janardan Prasad Sharma, Resident of Vill-Bidan<lb/>
	
	Chak, P.O-Amarpur, District-Banka.<lb/>
	
	53.</extra>
	
	<petitioner>Sargun Das</petitioner>
	
	<extra>, S/o-Late Jitan Das, Resident of Vill-Uper Tola Lillbaran, P.S-<lb/>
	
	Auria, District-Banka.<lb/>
	
	54.</extra>
	
	<petitioner>Dhananjay Kumar</petitioner>
	
	<extra>, S/o-Ganauri Mahto, Resident of Vill-Punawa, P.O and<lb/>
	
	P.S-Bajirganj, District-Gaya.<lb/>
	
	55.</extra>
	
	<petitioner>Dharmendra Kumar</petitioner>
	
	<extra>, S/o-Naresh Chandra Pandey, Resident of Vill and P.O-<lb/>
	Parsawa, P.S-Pandarak District-Patna.<lb/>
	
	56.</extra>
	
	<petitioner>Vinod Kumar</petitioner>
	
	<extra>, S/o-Jawahar Bhagat, Resident of Vill-Parari, P.O-Rampur<lb/> 
	Bakhri, P.S-Sitamarhi District-Sitamarhi.<lb/>
	
	57.</extra>
	
	<petitioner>Arjun Mahto</petitioner>
	
	<extra>, S/o-Late Anandi Mahto, Resident of Vill-Birpur Sevi<lb/> 
	Inderpant, P.O-Hasanpur Sugarmil, District-Sitamarhi.<lb/>
	
	58.</extra>
	
	<petitioner>Suresh Mahto</petitioner>
	
	<extra>, S/o-Late Khageshwar Mahto, Resident of Vill and P.O-<lb/>
	
	Kudhwa, P.S-Chakmehasi, District-Samastipur.<lb/>
	
	59.</extra>

	<petitioner>Santosh Kumar Ray</petitioner>
	
	<extra>, S/o-Late Siyaram Ray, Resident of Vill-Gudar Ghat,<lb/>
	
	P.O-Shripur Gahar, P.S-Khanpur, District-Samstipur.<lb/>
	
	60.</extra>
	
	<petitioner>Md. Naushad</petitioner>
	
	<extra>, S/o-Md. Mahmood, Resident of Vill-Ballipur, P.S-Hathodi<lb/> 
	District-Samastipur.<lb/>
	
	61.</extra>
	
	<petitioner>Sanjay Kumar Ray</petitioner>
	
	<extra>, S/o-Surendra Ray, Resident of Vill and P.O-Kacha,<lb/> 
	District-Samastipur.<lb/>
	
	62.</extra>
	
	<petitioner>Khalid Husain</petitioner>
	
	<extra>, S/o-Md. Abul Hasan, Resident of Vill-Mokhtiyarpur<lb/> 
	Salkhani, P.S-Dalsing Saray, District-Samastipur.<lb/>
	
	63.</extra>
	
	<petitioner>Om Prakash Sharma</petitioner>
	
	<extra>, S/o-Ramjeet Thakur, Resident of Vill-Banwariya, P.O-<lb/>
	
	Anjua, P.S-Shikarpur, District-West Champaran, Betiah.<lb/>
	
	64.</extra>
	
	<petitioner>Jully Kumari</petitioner>
	
	<extra>, W/o-Raju Kumar, Resident of Vill and P.O-Poawan, P.S-<lb/>
	Masurhi, District-Patna.<lb/>
	
	65.</extra>

	<petitioner>Manoj Kumar Rajak</petitioner>
	
	<extra>, S/o-Ram Chandra Rajak, Resident of Vill-<lb/>
	
	Narayanpur, P.O-Daultpur, P.S-Khanpur, District-Begusrai.<lb/>
	
	66.</extra>
	
	<petitioner>Sashikant Sah</petitioner>
	
	<extra>, S/o-Mahesh Prasad Sah, Resident of Late Naresh Sah,<lb/> 
	Mahadev Singh College Road, Sarai, P.O-Naya Bazar, P.S-Tatarpur,<lb/> 
	District-Bhagalpur.<lb/> 
	67.</extra>
	
	<petitioner>Suraj Kumar</petitioner>
	
	<extra>, S/o-Sudarshan Ram, Resident of JKS/D-77 Shivajee Nagar,<lb/>
	
	P.S-Jakkanpur, P.O-G.P.O, District-Patna.<lb/>
	
	68.</extra>

	<petitioner>Ramakrit Pandit</petitioner>
	
	<extra>, S/o-Shir Shankar Pandit, R/o Vill and P.O-Vishuanpur.<lb/> 
	District-Gaya.<lb/>
	
	69.</extra>
	
	<petitioner>Shailendra Kumar</petitioner>
	
	<extra>, S/o-Late-Kedarnath singh, Resident of Vill-Tiwari<lb/>
	
	bigaha, P.O-sakri chauki, P.S-and ,District-Arwal.<lb/>
	
	70.</extra>
	
	<petitioner>Krishna Prasad kushwaha</petitioner>
	
	<extra>, S/o-Chotelal Prasad, Resident of Vill-Gahiri Tola<lb/> 
	gamhariya, P.O-Jhakhra, P.S-Noutan, District-West-Champaran,Betiah.<lb/>
	
	71.</extra>
	
	<petitioner>Dharmendra Kumar</petitioner>
	
	<extra>, S/o-Rajgir Paswan, Resident of Vill and P.O-Azampur,<lb/>
	
	P.S-Desari, District-Vaishali.<lb/>
	
	... ... Petitioner/s<lb/>
	
	Versus<lb/>
	
	1.</extra>

	<respondent>THE STATE OF BIHAR</respondent>
	
	<extra>THROUGH THE CHIEF SECRETARY, STATE<lb/> 
	OF BIHAR, PATNA<lb/>
	
	2.</extra>

	<respondent>THE PRINCIPAL
	SECRETARY DEPARTMENT OF LAND REFORMS<lb/> 
	AND REVENUE</respondent>
	
	<extra>GOVERMENT OF BIHAR<lb/>
	
	3.</extra>

	 <respondent>THE DIRECTOR DEPARTMENT OF LAND REFORMS AND REVNUE<lb/>
	 </respondent>
	 
	<extra>GOVERMENT OF BIHAR, PATNA<lb/>
	
	4.</extra>
	
	<respondent>THE ADDITIONAL SECRETARY DEPARTMENT OF LAND REFORMS<lb/> 
	AND REVENUE</respondent>
	
	<extra>GOVERMENT OF BIHAR, PATNA<lb/>
	
	5.</extra>
	
	<respondent>THE DEPUTY DIRECTOR DEPARTMENT OF LAND REFORMS AND<lb/> 
	REVENUE</respondent>
	
	<extra>GOVERNMENT OF BIHAR, PATNA<lb/>
	
	6.</extra>
	
	<respondent>THE DISTRICT MAGISTRATE
	 PATNA<lb/>
	 </respondent>
	
	<extra>
	7.</extra>
	
	<respondent>THE DISTRICT MAGISTRATE
	 SAHARSA<lb/>
	 </respondent>
	
	<extra>
	8.</extra>
	
	<respondent>THE DISTRICT MAGISTRATE
	 JEHANABAD<lb/>
	 </respondent>
	
	<extra>
	9.</extra>
	
	<respondent>THE DISTRICT MAGISTRATE
	 BEGUSARAI<lb/>
	 </respondent>
	
	<extra> 10.</extra>
	
	<respondent>THE DISTRICT MAGISTRATE
	 WEST CHAMAPRAN BETIAH<lb/>
	 </respondent>
	
	<extra>
	11.</extra>
	
	<respondent>THE DISTRICT MAGISTRATE
	 EAST CHAMAPRAN MOTIHARI<lb/>
	 </respondent>
	
	<extra>
	12.</extra>
	
	<respondent>THE DISTRICT MAGISTRATE
	 NAWADA<lb/>
	 </respondent>
	
	<extra>
	13.</extra>
	
	<respondent>THE DISTRICT MAGISTRATE
	 SHEIKHPURA<lb/>
	 </respondent>
	
	<extra>
	14.</extra>
	
	<respondent>THE DISTRICT MAGISTRATE
	 NALANDA<lb/>
	 </respondent>
	
	<extra>
	15.</extra>
	
	<respondent>THE DISTRICT MAGISTRATE
	 MADHEPURA<lb/>
	 </respondent>
	
	<extra>
	16.</extra>
	
	<respondent>THE DISTRICT MAGISTRATE
	 ARARIA<lb/>
	 </respondent>
	
	<extra>
	17.</extra>
	
	<respondent>THE DISTRICT MAGISTRATE
	 PURNIA<lb/>
	 </respondent>
	
	<extra>
	18.</extra>
	
	<respondent>THE DISTRICT MAGISTRATE
	 KATIHAR<lb/>
	 </respondent>
	
	<extra>
	19.</extra>
	
	<respondent>THE DISTRICT MAGISTRATE
	 SAMASTIPUR<lb/>
	 </respondent>
	
	<extra>
	20.</extra>
	
	<respondent>THE DISTRICT MAGISTRATE
	 GAYA<lb/>
	 </respondent>
	
	<extra>
	21.</extra>
	
	<respondent>THE DISTRICT MAGISTRATE
	 SITAMARHI<lb/>
	 </respondent>
	
	<extra>
	22.</extra>
	
	<respondent>THE DISTRICT MAGISTRATE
	 KAIMUR BHABUA<lb/>
	 </respondent>
	
	<extra>
	23.</extra>
	
	<respondent>THE DISTRICT MAGISTRATE
	 VAISHALI<lb/>
	 </respondent>
	
	<extra>
	24.</extra>
	
	<respondent>THE DISTRICT MAGISTRATE</respondent>
	
	<extra>ARWAL<lb/>
	
	25.</extra>
	
	<respondent>THE DISTRICT MAGISTRATE
	 ROHTAS<lb/>
	 </respondent>
	
	<extra>
	26.</extra>
	
	<respondent>THE DISTRICT MAGISTRATE
	 BANKA<lb/>
	 </respondent>
	
	<extra>

	... ... Respondent/s<lb/> 
	======================================================<lb/> 
	Appearance :<lb/>
	
	For the Petitioner/s :<lb/>
	</extra>

	<petitioner_lawyers>Mr. Rajkumar
	 Rajesh<lb/>
	 </petitioner_lawyers>
	
	<extra>:<lb/>
	</extra>

	<petitioner_lawyers>Mr. Girish Chandra<lb/>
	</petitioner_lawyers>
	
	<extra>For the Respondent/s :<lb/>
	</extra>

	<respondent_lawyers>Mr. Lalit Kishore</respondent_lawyers>
	
	<extra>( Ag )<lb/> 
	======================================================<lb/> 
	CORAM:</extra>

	<judges>HONOURABLE MR. JUSTICE P. B. BAJANTHRI<lb/>
	</judges>

	<extra>ORAL</extra>

	<document_type>JUDGMENT<lb/>
	</document_type>

		</front>
	</text>
</tei>
