<?xml version="1.0" ?>
<tei xml:space="preserve">
	<teiHeader>
		<fileDesc xml:id="13270078"/>
	</teiHeader>
	<text xml:lang="en">
		<front>
<lb/>
	<extra>Serial No. 07<lb/>
	Regular List<lb/></extra>

	<court>HIGH COURT OF MEGHALAYA<lb/>
	AT SHILLONG<lb/></court>

	<case_numbers>W.P(C) No. 40 of 2018<lb/></case_numbers>

	<extra>Date of Order:</extra>

	<judgement_date>02.12.2019<lb/></judgement_date>

	<petitioner>Gautam Gour<lb/></petitioner>
	
	<extra>Vs.<lb/></extra>

	<respondent>The Union of India &amp; Ors.<lb/></respondent>
	
	<extra>Coram:<lb/></extra>

	<judges>Hon&apos;ble Mr. Justice H. S. Thangkhiew</judges>

	<extra>, Judge<lb/>
	Appearance:<lb/>
	For the Petitioner/Appellant(s) :<lb/>None for the petitioner.<lb/>
	For the Respondent(s) :<lb/></extra>

	<respondent_lawyers>Mr. A. Dhar</respondent_lawyers>
	    
	    <extra>, Adv. vice<lb/></extra>
	    
	    <respondent_lawyers>Mr. K. Paul</respondent_lawyers>
	    
	<extra>, CGC.<lb/>
	
	None appears on behalf of the petitioner.<lb/>
	
	In the interest of justice, list this matter after winter vacation.<lb/>
	
	Judge<lb/>
	
	Meghalaya<lb/>
	02.12.2019<lb/></extra>

		</front>
	</text>
</tei>
