<?xml version="1.0" ?>
<tei xml:space="preserve">
	<teiHeader>
		<fileDesc xml:id="13270110"/>
	</teiHeader>
	<text xml:lang="en">
		<front>
<lb/>
	<extra>Serial No.07<lb/>
	Regular List<lb/></extra>

	<court>HIGH COURT OF MEGHALAYA<lb/>
	AT SHILLONG<lb/></court>

	<case_numbers>MC [WP (C)] No.44/2018<lb/></case_numbers>

	<extra>Date of Order:</extra>

	<judgement_date>28.08.2018<lb/></judgement_date>

	<petitioner>Altricia Majaw<lb/></petitioner>
	
	<extra>Vs.<lb/></extra>

	<respondent>State of Meghalaya &amp; ors<lb/></respondent>
	
	<extra>Coram:<lb/></extra>

	<judges>Hon&apos;ble Mr. Justice Mohammad Yaqoob Mir</judges>

	<extra>, Chief Justice<lb/>
	Appearance:<lb/>
	For the Petitioner/Appellant(s) :<lb/></extra>

	<petitioner_lawyers>Mr. N Mozika</petitioner_lawyers>
	
	<extra>, Adv with<lb/></extra>
	
	<petitioner_lawyers>Mr. W.S. Gayang</petitioner_lawyers>
	
	<extra>, Adv<lb/>
	For the Respondent(s)<lb/></extra>

	<respondent_lawyers>Mr. S Sen Gupta</respondent_lawyers>
	
	<extra>, Add.Sr.GA<lb/></extra>

	<respondent_lawyers>Mr. ND Chullai</respondent_lawyers>
	    
	    <extra>, Sr.Adv with<lb/></extra>
	    
	   <respondent_lawyers> Mr. B. Khyriem</respondent_lawyers>
	   
	<extra>, Adv for R2&amp;3<lb/></extra>

	<respondent_lawyers>Mr. K Paul</respondent_lawyers>
	    
	<extra>,Adv for R4<lb/>
	i)<lb/></extra>

	<notes> Whether approved for reporting in<lb/> Yes/No<lb/> Law journals etc.:<lb/></notes>
	
	<extra>ii)<lb/></extra>
	
	<notes>Whether approved for publication<lb/> in press:<lb/> Yes/No<lb/></notes>

		</front>
	</text>
</tei>
