<?xml version="1.0" ?>
<tei xml:space="preserve">
	<teiHeader>
		<fileDesc xml:id="13270099"/>
	</teiHeader>
	<text xml:lang="en">
		<front>
<lb/>
	<case_numbers>CRP. No.26 /2017<lb/></case_numbers>

	<extra>BEFORE<lb/>
	THE</extra>

	<judges>HON&apos;BLE MR. JUSTICE S.R.SEN<lb/></judges>

	<judgement_date>19-12-2017<lb/></judgement_date>

	<petitioner_lawyers>Ms. B.Ghosh</petitioner_lawyers>
	
	<extra>, learned counsel for the petitioner is<lb/> present.<lb/></extra>

	<respondent_lawyers>Mr. B.Bhattacharjee</respondent_lawyers>
	
	<extra>, learned counsel entered appearance<lb/>
	on behalf of the sole respondent.<lb/>
	
	List the matter for hearing after winter vacation.<lb/>
	
	JUDGE<lb/></extra>

		</front>
	</text>
</tei>
