<?xml version="1.0" ?>
<tei xml:space="preserve">
	<teiHeader>
		<fileDesc xml:id="13270077"/>
	</teiHeader>
	<text xml:lang="en">
		<front>
<lb/>
	<court>HIGH COURT OF MEGHALAYA<lb/>
	AT SHILLONG<lb/></court>

	<case_numbers>WP(C) No. 45 of 2018<lb/></case_numbers>

	<extra>Date of order:</extra>

	<judgement_date>24.07.2019<lb/></judgement_date>

	<petitioner>Smt. Lettish Nolla K. Marak<lb/></petitioner>
	
	<extra>Vs.<lb/></extra>

	<respondent>State of Meghalaya &amp; Ors.<lb/></respondent>
	
	<extra>Coram:<lb/></extra>

	<judges>Hon&apos;ble Mr. Justice Ajay Kumar Mittal</judges>

	<extra>, Chief Justice<lb/>
	
	Appearance:<lb/>
	
	For the Petitioner/Appellant(s) :</extra>

	<petitioner_lawyers>Mrs. S. Bhattacharjee</petitioner_lawyers>
	
	<extra>, Adv.<lb/>
	For the Respondent(s) :<lb/></extra>

	<respondent_lawyers>Mr. K.P. Bhattacharjee</respondent_lawyers>
	
	<extra>, GA (For R 1-3)<lb/></extra>

	<respondent_lawyers>Mr. R. Debnath</respondent_lawyers>
	
	<extra>, CGC (For R 4)<lb/>
	None for R 5-7<lb/>
	i)<lb/> </extra>

	<notes>Whether approved for reporting in<lb/> Yes/No<lb/> Law journals etc.:<lb/></notes>
	
	<extra>ii)<lb/></extra>
	
	<notes>Whether approved for publication<lb/> Yes/No<lb/> in press:<lb/> </notes>
	
	<extra>Oral:-<lb/></extra>

		</front>
	</text>
</tei>
