<?xml version="1.0" ?>
<tei xml:space="preserve">
	<teiHeader>
		<fileDesc xml:id="13270072"/>
	</teiHeader>
	<text xml:lang="en">
		<front>
<lb/>
	<extra>BEFORE<lb/></extra>

	<judges>HON&apos;BLE THE CHIEF JUSTICE<lb/></judges>

	<case_numbers>WP (C) No.248 of 2017<lb/></case_numbers>
	
	<judgement_date>30.11.2017<lb/></judgement_date>

	<respondent_lawyers>Mr. K Baruah</respondent_lawyers>
	
	<extra>, learned counsel appears for respondent No.1 and 2.<lb/></extra>

	<respondent_lawyers>Mr. A Goyal</respondent_lawyers>
	
	<extra>,learned counsel appears for respondent No.3.<lb/></extra>

	<respondent_lawyers>Mr. K Khan</respondent_lawyers>
	
	<extra>, learned counsel appears for respondent No.4.<lb/>
	Learned counsel appearing for the respondents No. 3 and 4 pray<lb/></extra>

		</front>
	</text>
</tei>
