<?xml version="1.0" ?>
<tei xml:space="preserve">
	<teiHeader>
		<fileDesc xml:id="13270081"/>
	</teiHeader>
	<text xml:lang="en">
		<front>
<lb/>
	<court>HIGH COURT OF MEGHALAYA<lb/>
	AT SHILLONG<lb/></court>

	<case_numbers>PIL No.12/2018<lb/></case_numbers>

	<extra>Date of Order:</extra>

	<judgement_date>20.05.2019<lb/></judgement_date>

	<petitioner>Shri Khroolamsalanki Pariat<lb/></petitioner>
	
	<extra>Vs.<lb/></extra>

	<respondent>State of Meghalaya<lb/></respondent>
	
	<extra>Coram:<lb/></extra>

	<judges>Hon&apos;ble Mr. Justice Mohammad Yaqoob Mir</judges>
	
	<extra>, Chief Justice<lb/> </extra>
	
	<judges>Hon&apos;ble Mr. Justice H.S. Thangkhiew</judges>

	<extra>, Judge<lb/>
	
	Appearance:<lb/>
	For the Petitioner/Appellant(s) :<lb/></extra>

	<petitioner_lawyers>Mrs. SK Nongrum</petitioner_lawyers>
	
	<extra>, Adv<lb/>
	For the Respondent(s) :<lb/></extra>

	<respondent_lawyers>Mr. S Sen Gupta</respondent_lawyers>
	
	<extra>, Add.Sr.GA<lb/>
	i) </extra>

	<notes>Whether approved for reporting in<lb/> Yes/No<lb/> Law journals etc.:<lb/></notes>
	
	<extra>ii)</extra>
	
	<notes>Whether approved for publication<lb/> in press:<lb/> Yes/No<lb/></notes>

	<extra>Per Mohammad Yaqoob Mir, &apos;CJ&apos;: (ORAL)<lb/></extra>

		</front>
	</text>
</tei>
