<?xml version="1.0" ?>
<tei xml:space="preserve">
	<teiHeader>
		<fileDesc xml:id="13270085"/>
	</teiHeader>
	<text xml:lang="en">
		<front>
<lb/>
	<extra>Serial No. 22<lb/>
	Regular List<lb/></extra>

	<court>HIGH COURT OF MEGHALAYA<lb/>
	AT SHILLONG<lb/></court>

	<case_numbers>CRP No. 14 of 2018<lb/></case_numbers>

	<extra>Date of Order:</extra>

	<judgement_date>10.12.2019<lb/></judgement_date>

	<petitioner>Smti Noorjahan Marwein<lb/></petitioner>
	
	<extra>Vs.<lb/></extra>

	<respondent>State of Meghalaya &amp; 3 Ors.<lb/></respondent>
	
	<extra>Coram:<lb/></extra>

	<judges>Hon&apos;ble Mr. Justice H. S. Thangkhiew</judges>

	<extra>, Judge<lb/>
	Appearance:<lb/>
	
	For the Petitioner(s) :<lb/>None<lb/>
	For the Respondent(s) :<lb/></extra>

	<respondent_lawyers>Mr. K. Barua</respondent_lawyers>
	
	<extra>,Adv. (For R 3 &amp; 4)<lb/>

	Mr. K. Barua, learned counsel for the respondents No. 3 &amp; 4 prays<lb/>
	that the matter be adjourned after winter vacation.<lb/>
	Prayer is allowed, accordingly list this matter after winter vacation.<lb/>
	JUDGE<lb/></extra>

		</front>
	</text>
</tei>
