<?xml version="1.0" ?>
<tei xml:space="preserve">
	<teiHeader>
		<fileDesc xml:id="13270104"/>
	</teiHeader>
	<text xml:lang="en">
		<front>
<lb/>
	<extra>Serial No. 16<lb/>
	Regular List<lb/></extra>

	<court>HIGH COURT OF MEGHALAYA<lb/>
	AT SHILLONG<lb/></court>

	<case_numbers>WP(C) No. 88 of 2018<lb/></case_numbers>

	<extra>Date of Decision:</extra>

	<judgement_date>17.05.2022<lb/></judgement_date>

	<petitioner>Smti Mentilla B. Marak &amp; Anr.<lb/></petitioner>
	
	<extra>Vs.<lb/></extra>

	<respondent>G.H.A.D.C. &amp; Ors.<lb/></respondent>
	
	<extra>Coram:<lb/></extra>

	<judges>Hon&apos;ble Mr. Justice W. Diengdoh</judges>

	<extra>, Judge<lb/>
	Appearance:<lb/>
	For the Petitioner/Appellant(s) :<lb/></extra>

	<petitioner_lawyers>Mr. A.S. Siddiqui</petitioner_lawyers>
	
	<extra>, Sr. Adv with<lb/></extra>
	
	<petitioner_lawyers>Ms. M.K. Sah</petitioner_lawyers>
	
	<extra>, Adv.<lb/>
	
	For the Respondent(s) :<lb/></extra>

	<respondent_lawyers>Mr. S. Dey</respondent_lawyers>
	
	<extra>, SC,GHADC. for R 1-3.<lb/></extra>

	<respondent_lawyers>Ms. Q.B. Lamare</respondent_lawyers>
	
	<extra>, Adv.for R 4 &amp; 5.<lb/>
	i)<lb/></extra>

	<notes> Whether approved for reporting in<lb/> Yes/No<lb/> Law journals etc.:<lb/></notes>
	
	<extra>ii)<lb/></extra>
	
	<notes>Whether approved for publication<lb/> in press:<lb/> Yes/No<lb/></notes>

	<document_type>JUDGMENT AND ORDER</document_type>

	<extra>(ORAL)<lb/></extra>

		</front>
	</text>
</tei>
