<?xml version="1.0" ?>
<tei xml:space="preserve">
	<teiHeader>
		<fileDesc xml:id="13270103"/>
	</teiHeader>
	<text xml:lang="en">
		<front>
<lb/>
	<extra>Serial No. 06<lb/>
	Regular List<lb/></extra>

	<court>HIGH COURT OF MEGHALAYA<lb/>
	AT SHILLONG<lb/></court>

	<case_numbers>WP(C) No. 85 of 2018<lb/></case_numbers>

	<extra>Date of Order:</extra>

	<judgement_date>22.11.2019<lb/></judgement_date>

	<petitioner>Smti. Emelinda Warjri<lb/></petitioner>
	
	<extra>Vs.<lb/></extra>

	<respondent>State of Meghalaya &amp; Ors.<lb/></respondent>
	
	<extra>Coram:<lb/></extra>

	<judges>Hon&apos;ble Mr. Justice H. S. Thangkhiew</judges>

	<extra>, Judge<lb/>
	Appearance:<lb/>
	For the Petitioner/Appellant(s) :<lb/></extra>

	<petitioner_lawyers>Mr. S.P. Mahanta</petitioner_lawyers>
	
	<extra>, Sr. Adv. with<lb/></extra>

	<petitioner_lawyers>Ms. M. War</petitioner_lawyers>
	
	<extra>, Adv.<lb/>
	For the Respondent(s) :<lb/></extra>

	<respondent_lawyers>Mr. K.P. Bhattacharjee</respondent_lawyers>
	
	<extra>, GA. for R 1-6.<lb/>

	Mr. K.P. Bhattacharjee, learned GA for the respondent No. 1 to 6 prays<lb/></extra>

		</front>
	</text>
</tei>
