<?xml version="1.0" ?>
<tei xml:space="preserve">
	<teiHeader>
		<fileDesc xml:id="13270108"/>
	</teiHeader>
	<text xml:lang="en">
		<front>
<lb/>
	<case_numbers>WP(C). No. 109/2017<lb/></case_numbers>

	<extra>BEFORE<lb/>
	THE</extra>

	<judges>HON&apos;BLE MR. JUSTICE S.R.SEN<lb/></judges>

	<judgement_date>14-12-2017<lb/></judgement_date>

	<petitioner_lawyers>Mr. K.Khan</petitioner_lawyers>
	
	<extra>, learned counsel for the petitioner is present.<lb/></extra>

		</front>
	</text>
</tei>
