<?xml version="1.0" ?>
<tei xml:space="preserve">
	<teiHeader>
		<fileDesc xml:id="13270100"/>
	</teiHeader>
	<text xml:lang="en">
		<front>
<lb/>
	<court>HIGH COURT OF MEGHALAYA<lb/>
	AT SHILLONG<lb/></court>

	<case_numbers>Cont. Cas (C) No. 7 of 2018<lb/>
	In WP(C) No. 116 of 2016<lb/></case_numbers>

	<extra>Date of order:</extra>

	<judgement_date>08.10.2018<lb/></judgement_date>

	<petitioner>Shri Abdul Zinnah Mondal<lb/></petitioner>
	
	<extra>Vs.<lb/></extra>

	<respondent>Shri H.A. Sangma<lb/></respondent>
	
	<extra>Coram:<lb/></extra>

	<judges>Hon&apos;ble Mr. Justice Mohammad Yaqoob Mir</judges>

	<extra>, Chief Justice<lb/>
	Appearance:<lb/>
	For the Petitioner/Appellant(s) :<lb/></extra>

	<petitioner_lawyers>Mr. A. Shiekh</petitioner_lawyers>
	
	<extra>, Adv.<lb/>
	For the Respondent(s) :<lb/></extra>

	<respondent_lawyers>Mr. S. Dey</respondent_lawyers>
	
	<extra>,Adv.<lb/>
	i)<lb/></extra>

	<notes> Whether approved for reporting in<lb/> Yes/No<lb/>
	Law journals etc.:<lb/></notes>
	
	<extra>ii)<lb/></extra>
	
<notes>	Whether approved for publication<lb/> Yes/No<lb/> in press:<lb/></notes>

	<extra> Learned counsel Mr. S. Dey appearing for the respondent<lb/></extra>

		</front>
	</text>
</tei>
