<?xml version="1.0" ?>
<tei xml:space="preserve">
	<teiHeader>
		<fileDesc xml:id="13270082"/>
	</teiHeader>
	<text xml:lang="en">
		<front>
<lb/>
	<extra>Serial No. 09 to 11<lb/>
	Regular List<lb/></extra>

	<court>HIGH COURT OF MEGHALAYA<lb/>
	AT SHILLONG<lb/></court>

	<case_numbers>Arb. A. No. 3 of 2018 with<lb/>
	Arb. A. No. 4 of 2018<lb/>
	Arb. A. No. 5 of 2018<lb/></case_numbers>

	<extra>Date of Decision:</extra>

	<judgement_date>26.02.2019<lb/></judgement_date>

	<petitioner>North Eastern Electric Power<lb/></petitioner>
	<extra>Vs</extra>

	<respondent>M/S Patel</respondent>
	
	<extra>Engineering Ltd.<lb/></extra>
	
	<petitioner>Corporation Ltd. (NEEPCO)<lb/></petitioner>
	
	<respondent>Unity Infra Projects (JV)<lb/></respondent>
	
	<petitioner>North Eastern Electric Power<lb/></petitioner>
	
	<extra>Vs</extra>

	<respondent>M/S Patel</respondent>
	
	<extra>Engineering<lb/></extra>
	
	<petitioner>Corporation Ltd. (NEEPCO)<lb/></petitioner>
	
	<extra>Limited<lb/></extra>
	
	<petitioner>North Eastern Electric Power<lb/></petitioner>
	
	<extra>Vs</extra>

	<respondent>M/S Patel</respondent>
	
	<extra>Engineering<lb/></extra>
	
	<petitioner>Corporation Ltd. (NEEPCO)<lb/></petitioner>
	
	<extra>Limited<lb/>
	
	Coram:<lb/></extra>

	<judges>Hon&apos;ble Mr. Justice Mohammad Yaqoob Mir</judges>
	
	<extra>, Chief Justice<lb/></extra>
	
	<judges>Hon&apos;ble Mr. Justice H.S. Thangkhiew</judges>

	<extra>, Judge<lb/>
	Appearance:<lb/>
	For the Petitioner(s)/Appellant(s):<lb/></extra>

	<petitioner_lawyers>Mr. H.A. Ahmadi</petitioner_lawyers>
	
	<extra>, Sr. Adv.<lb/></extra>
	
	<petitioner_lawyers>Mr. V.K. Jindal</petitioner_lawyers>
	
	<extra>, Sr. Adv. with<lb/></extra>

	<petitioner_lawyers>Mr. K. Laheri</petitioner_lawyers>
	
	<extra>, Adv.<lb/> </extra>
	
	<petitioner_lawyers>Ms. P. Biswakarma</petitioner_lawyers>
	
	<extra>, Adv.<lb/>
	For the Respondent(s) :<lb/></extra>

	<respondent_lawyers>Mr. A. Bhan</respondent_lawyers>
	
	<extra>, Sr. Adv. with<lb/></extra>

	<respondent_lawyers>Mr. A. Bhan</respondent_lawyers>
	
	<extra>, Adv.<lb/>
	i)<lb/></extra>
	
	<notes> Whether approved for reporting in<lb/> Yes/No<lb/> Law journals etc.:<lb/></notes>
	
	<extra>ii)<lb/></extra>
	
	<notes>Whether approved for publication<lb/> in press:<lb/> Yes/No<lb/></notes>

	<extra>1. These three Arbitration Appeals have been filed by the appellant North<lb/>
	Eastern Electric Power Corporation (for short &quot;NEEPCO&quot;) under Sec.<lb/>
	37 of the Arbitration and Conciliation Act, 1996, challenging the<lb/>
	common order dated 27.04.2018 passed by the Court of the learned<lb/>
	Additional Deputy Commissioner (Judicial), Shillong on applications<lb/>
	
	Additional excavation (in open<lb/>
	cuts, for foundation of<lb/>
	structures, in faults and seams<lb/>
	etc.)<lb/>
	M 3<lb/>
	55<lb/>
	320<lb/>
	17600<lb/>
	
	2.6<lb/>
	Loading,<lb/>
	transportation<lb/>
	including all lift and lead upto<lb/>
	3.0 km and unloading of<lb/>
	accepted geological overbreak<lb/>
	at disposal areas or stockpiles<lb/>
	M 3<lb/>
	110<lb/>
	495<lb/>
	54450<lb/>
	2.7<lb/>
	Handling excavated material<lb/>
	for extra lead beyond initial<lb/>
	lead of 3.0 km<lb/>
	M 3<lb/>
	/KM<lb/>

	3.1<lb/>
	Head Race Tunnel excluding<lb/>
	handling of excavated materials<lb/>
	upto 3.0 km from the nearest<lb/>
	portal<lb/>
	3.1.1<lb/>
	Excavation in Class I<lb/>
	M 3<lb/>
	62000<lb/>
	1000<lb/>
	62000000<lb/>
	3.1.2<lb/>
	Excavation in Class 2<lb/>
	M 3<lb/>
	82000<lb/>
	1030<lb/>
	84460000<lb/>
	3.1.3<lb/>
	Excavation in Class 3<lb/>
	M 3<lb/>
	46500<lb/>
	1330<lb/>
	61845000<lb/>
	3.1.4<lb/>
	Excavation in Class 4A &amp; 4B<lb/>
	M 3<lb/>
	24000<lb/>
	2050<lb/>
	49200000<lb/>
	3.2<lb/>
	Construction Adit including<lb/>
	handling of excavated materials<lb/>
	upto 3.0 km from the nearest<lb/>
	portal<lb/>
	3.2.1<lb/>
	Excavation in Class 3<lb/>
	M 3<lb/>
	4100<lb/>
	1330<lb/>
	5453000<lb/>
	3.2.2<lb/>
	Excavation in Class 4<lb/>
	M 3<lb/>
	4100<lb/>
	2050<lb/>
	8405000<lb/></extra>

		</front>
	</text>
</tei>
