<?xml version="1.0" ?>
<tei xml:space="preserve">
	<teiHeader>
		<fileDesc xml:id="13270086"/>
	</teiHeader>
	<text xml:lang="en">
		<front>
<lb/>
	<extra>Serial No. 1<lb/>
	Regular List<lb/></extra>

	<court>HIGH COURT OF MEGHALAYA<lb/>
	AT SHILLONG<lb/></court>

	<case_numbers>MC[WP(C)]. No. 208 of 2018 in<lb/>
	WP(C). No. 133 of 2018<lb/></case_numbers>

	<extra>Date of Order:</extra>

	<judgement_date>03.12.2018<lb/></judgement_date>

	<petitioner>Shri. Narayan Prasad Jhunjhunwala<lb/></petitioner>
	
	<extra>Vs.<lb/></extra>

	<respondent>Union of India &amp; Ors.<lb/></respondent>
	
	<extra>Coram:<lb/></extra>

	<judges>Hon&apos;ble Mr. Justice S.R.Sen</judges>

	<extra>, Judge<lb/>
	Appearance:<lb/>
	For the Petitioner/Appellant(s) :</extra>

	<petitioner_lawyers>Mr. V.K.Jindal</petitioner_lawyers>
	
	<extra>, Sr. Adv. with<lb/></extra>

	<petitioner_lawyers>Ms. P.Biswakarma</petitioner_lawyers>
	
	<extra>, Adv.<lb/>
	For the Respondent(s) :<lb/></extra>

	<respondent_lawyers>Ms. A.Paul</respondent_lawyers>
	
	<extra>, ASG for R 1-3.<lb/></extra>

	<respondent_lawyers>Mr. S.P.Mahanta</respondent_lawyers>
	
	<extra>, Sr. Adv. with<lb/></extra>

	<respondent_lawyers>Ms. A.Thungwa</respondent_lawyers>
	
	<extra>, Adv.for R 4 &amp; 5.<lb/>
	
	In the light of the order dated 03-12-2018, passed in WP(C). No.<lb/>
	133 of 2018, this order also stands disposed of.<lb/></extra>

		</front>
	</text>
</tei>
