<?xml version="1.0" ?>
<tei xml:space="preserve">
	<teiHeader>
		<fileDesc xml:id="13270080"/>
	</teiHeader>
	<text xml:lang="en">
		<front>
<lb/>
	<extra>Serial No. 07<lb/>
	Regular List<lb/></extra>

	<court>HIGH COURT OF MEGHALAYA<lb/>
	AT SHILLONG<lb/></court>

	<case_numbers>Crl.A. No. 1 of 2018<lb/></case_numbers>

	<extra>Date of Order:</extra>

	<judgement_date>28.11.2019<lb/></judgement_date>

	<petitioner>Shri. Alphon Khardewsaw<lb/></petitioner>
	
	<extra>Vs.<lb/></extra>

	<respondent>State of Meghalaya &amp; Anr.<lb/></respondent>
	
	<extra>Coram:<lb/></extra>

	<judges>Hon&apos;ble Mr. Justice Mohammad Rafiq</judges>

	<extra>, Chief Justice<lb/></extra>

	<judges>Hon&apos;ble Mr. Justice W. Diengdoh</judges>

	<extra>, Judge<lb/>
	
	Appearance:<lb/>
	
	For the Petitioner/Appellant(s) :<lb/></extra>

	<petitioner_lawyers>Mr. K.C. Gautam</petitioner_lawyers>
	
	<extra>, Adv.<lb/>
	For the Respondent(s) :<lb/></extra>

	<respondent_lawyers>Mr. K. Khan</respondent_lawyers>
	
	<extra>, P.P with<lb/></extra>

	<respondent_lawyers>Mr. A. Kharwanlang</respondent_lawyers>
	
	<extra>, Addl. P.P.<lb/>
	i)<lb/></extra>

	<notes> Whether approved for reporting in<lb/> No<lb/> Law journals etc.:<lb/></notes>
	
	<extra>ii)<lb/></extra>
	
	<notes>Whether approved for publication<lb/> in press: No<lb/></notes>

	<extra>List this matter on 24.02.2020.<lb/></extra>

		</front>
	</text>
</tei>
