<?xml version="1.0" ?>
<tei xml:space="preserve">
	<teiHeader>
		<fileDesc xml:id="13427157"/>
	</teiHeader>
	<text xml:lang="en">
		<front>
<lb/>
	<extra>IN THE</extra>

	<court>HIGH COURT OF JUDICATURE OF ANDHRA PRADESH<lb/>
	AT HYDERABAD<lb/></court>
	
	<judgement_date>WEDNESDAY, THE TWELFTH DAY OF FEBRUARY<lb/>
	TWO THOUSAND AND FOURTEEN<lb/></judgement_date>

	<extra>:PRESENT:<lb/>
	THE</extra>

	<judges>HON&apos;BLE SRI JUSTICE NOOTY RAMAMOHANA RAO<lb/></judges>

	<case_numbers>WP .NO:4003 of 2014<lb/></case_numbers>

	<extra>Between:<lb/>
	1</extra>
	
	<petitioner> G.Tirupathi Naidu</petitioner>
	
	<extra>, S/o. G.Venkat Naidu, Aged about 43 years, Occ:<lb/>
	Business, Licensee of M.S Naidu Wines, Ward No.5, Saluru Municipality,<lb/>
	Saluru, Vizianagaram District.<lb/>
	
	..... Petitioner(s)<lb/>
	
	AND<lb/>
	
	1</extra>

	<respondent>The Government of Andhra Pradesh</respondent>
	
	<extra>, (Prohibition and Excise<lb/>
	Department), Secretariat, Hyderabad. Rep. by its Secretary.<lb/>
	2</extra>

	<respondent>The Commissioner for Prohibition and Excise</respondent>
	
	<extra>, Government of Andhra<lb/>
	Pradesh, at Hyderabad.<lb/>
	3 </extra>

	<respondent>The
	    Prohibition and Excise Superintendent</respondent>
	    
	    <extra>, Parvathipuram, Srikakulam<lb/> District.<lb/></extra>
		</front>
	</text>
</tei>
