<?xml version="1.0" ?>
<tei xml:space="preserve">
	<teiHeader>
		<fileDesc xml:id="13427142"/>
	</teiHeader>
	<text xml:lang="en">
		<front>
<lb/>
	<extra>IN THE</extra>

	<court>HIGH COURT OF JUDICATURE OF ANDHRA PRADESH<lb/>
	AT HYDERABAD<lb/></court>
	
	<judgement_date>WEDNESDAY, THE TWENTY SECOND DAY OF MAY<lb/> TWO THOUSAND AND THIRTEEN<lb/></judgement_date>

	<extra>:PRESENT:<lb/>
	THE</extra>

	<judges>HON&apos;BLE SRI JUSTICE K.G.SHANKAR<lb/></judges>

	<case_numbers>WP .NO:15098 of 2013<lb/></case_numbers>

	<extra>Between:<lb/></extra>
	
	<petitioner>Pragati Maha Vidyalaya Junior College</petitioner>
	
	<extra>, Managed by Shri Gujarati<lb/>
	Pragati Samaj, 4-3-148, Hanuman Takdi, Kandaswamy Lane,<lb/>
	Hyderabad-500 095, rep. by its Secretary and Correspondent Sri<lb/>
	Rajesh C. Shah, S/o Chunilal M. Shah<lb/>
	
	..... Petitioner<lb/>
	
	AND<lb/>
	
	1.</extra>

	<respondent>The Govt. of A.P.</respondent>
	
	<extra>, rep. by its Principal Secretary, Intermediate<lb/>
	Education, AP, Secretariat, Hyderabad<lb/>
	2.</extra>

	<respondent>The Commissioner of Intermediate Education</respondent>
	
	<extra>, Nampally,<lb/>
	A.P., Hyderabad.<lb/>
	3.</extra>

	<respondent>The Board of Intermediate Education</respondent>
	
	<extra>, Nampally, A.P.,<lb/>
	Hyderabad, rep. by its Secretary<lb/>
	4.</extra>

	<respondent>The District Vocational Educational Officer</respondent>
	
	<extra>, Hyderabad<lb/>
	District, Hyderabad.<lb/>
	
	.....Respondents<lb/></extra>

	<case_numbers>WP. NO. 15098 OF 2013</case_numbers>

	<extra>:<lb/></extra>

		</front>
	</text>
</tei>
