<?xml version="1.0" ?>
<tei xml:space="preserve">
	<teiHeader>
		<fileDesc xml:id="13427141"/>
	</teiHeader>
	<text xml:lang="en">
		<front>
<lb/>
	<court>HIGH COURT OF JUDICATURE AT HYDERABAD<lb/></court>
	
	<extra>FOR THE STATE OF TELANGANA AND THE STATE OF ANDHRA PRADESH<lb/></extra>

	<judgement_date>FRIDAY , THE FIFTH DAY OF SEPTEMBER<lb/>
	TWO THOUSAND AND FOURTEEN<lb/></judgement_date>
	
	<extra>:PRESENT:<lb/>
	THE</extra>

	<judges>HON&apos;BLE SRI KALYAN JYOTHI SENGUPTA</judges>

	<extra>, THE CHIEF<lb/>
	JUSTICE<lb/>
	AND<lb/>
	THE</extra>

	<judges>HON&apos;BLE SRI JUSTICE SANJAY KUMAR<lb/></judges>

	<extra>ASSISTANT REGISTRAR<lb/>
	//TRUE COPY//<lb/>

	For ASSISTANT REGISTRAR<lb/>
	
	To<lb/>
	1 The Secretary Ministry of Defense, Union of India New Delhi.<lb/>
	2 The Chief executive Officer, Secunderabad Cantonment Board ,<lb/>
	Secunderabad, Cantonment Secunderabad.(1 &amp; 2 by RPAD)<lb/>
	3.One CC to SRI VIKRAM POOSERLA Advocate (OPUC)<lb/>
	4. One spare copy.<lb/>
	Tvr<lb/>

	HIGH COURT<lb/>
	
	HCJ &amp; SKJ<lb/>
	
	ORDER<lb/>

	DATED:</extra>

	<judgement_date>05-09-2014<lb/></judgement_date>

	<case_numbers>WP NO.22229 OF 2014<lb/></case_numbers>

	<extra>DIRECTION<lb/>
	
	POST AFTER TWO WEEKS<lb/>

	DRAFTED: TVR<lb/>
	
	DATED:10-09-2014<lb/>

	HIGH COURT<lb/>

	HCJ &amp; SKJ<lb/></extra>
	
	<document_type>ORDER<lb/></document_type>

		</front>
	</text>
</tei>
