<?xml version="1.0" ?>
<tei xml:space="preserve">
	<teiHeader>
		<fileDesc xml:id="13427078"/>
	</teiHeader>
	<text xml:lang="en">
		<front>
<lb/>
	<extra>THE</extra>

	<judges>HON&apos;BLE THE CHIEF JUSTICE UJJAL BHUYAN AND<lb/></judges>

	<extra>THE</extra>

	<judges>HON&apos;BLE SRI JUSTICE C.V.BHASKAR REDDY<lb/></judges>

	<case_numbers>WRIT PETITION Nos.15082, 15973, 17171 of 2018;<lb/>
	1622, 1638, 8772, 11515, 13882, 20325 &amp; 23250 of 2019;<lb/>
	3810, 6522, 11063 &amp; 14791 of 2020; and<lb/>
	34431 &amp; 34437 of 2021<lb/></case_numbers>

	<document_type>COMMON ORDER</document_type>
	
	<extra>:(Per the Hon&apos;ble the Chief Justice Ujjal Bhuyan)<lb/>
	
	This order will dispose of Writ Petition Nos.15082, 15973,<lb/>
	17171 of 2018; 1622, 1638, 8772, 11515, 13882, 20325 &amp;<lb/>
	23250 of 2019; 3810, 6522, 11063 &amp; 14791 of 2020; and<lb/>
	34431 &amp; 34437 of 2021.<lb/>
	
	2.

	We have heard </extra>
	
	<petitioner_lawyers>Mr. V.Raghuraman</petitioner_lawyers>
	
	<extra>, learned Senior<lb/>
	Counsel,</extra>

	<petitioner_lawyers>Mr. Bharath Raichandani, Mr. Karan Talwar</petitioner_lawyers>
	
	<extra> and<lb/></extra>
	
	<petitioner_lawyers>Mr. S.Suri Babu</petitioner_lawyers>
	
	<extra>, learned counsel for the petitioners. We have<lb/>
	also heard</extra>

	<respondent_lawyers>Mr. B.Mukherjee, Mr. B.Narasimha Sarma,<lb/> Mr. K.Raji Reddy </respondent_lawyers>
	    
	   	<extra>and 	</extra>
	    
	    <respondent_lawyers>Mr. Swaroop Oorilla</respondent_lawyers>
	    
	<extra>, learned counsel for<lb/>
	the respondents.<lb/>
	
	3. This bunch of writ petitions have been filed before<lb/>
	this Court seeking a direction to the respondents to grant<lb/></extra>

		</front>
	</text>
</tei>
