<?xml version="1.0" ?>
<tei xml:space="preserve">
	<teiHeader>
		<fileDesc xml:id="13427154"/>
	</teiHeader>
	<text xml:lang="en">
		<front>
<lb/>
	<court>HIGH COURT OF JUDICATURE AT HYDERABAD<lb/></court>
	
	<extra>FOR THE STATE OF TELANGANA AND THE STATE OF ANDHRA PRADESH<lb/></extra>
	
	<judgement_date>WEDNESDAY, THE SIXTEENTH DAY OF MARCH<lb/>
	TWO THOUSAND AND SIXTEEN<lb/></judgement_date>

	<extra>:PRESENT:<lb/>
	THE</extra>

	<judges>HON&apos;BLE SRI JUSTICE M.S.RAMACHANDRA RAO<lb/></judges>

	<case_numbers>WP .NO:6929 of 2016<lb/></case_numbers>

	<extra>Between:<lb/>
	1.</extra>

	<petitioner>Smt. Bondugula Sandya Rani</petitioner>
	
	<extra>, W/o. Bondugula Rambabu, Proprietor<lb/>
	of M/s. Vedasree Medical Corporation, Pharmaceutical Distributors,<lb/>
	D.No.3-5-98, Shutter No.1, Ground Floor, Sainadgar, Karimnagar-<lb/>
	505001.<lb/>
	2.</extra>

	<petitioner>M/s. VEDASREE MEDICAL CORPORATION</petitioner>
	
	<extra>, Pharmaceutical<lb/>
	Distributors, Rep. by its Managing Partner, Sint. Bondugula<lb/>
	Sandyarani, W/o. Bondugula Rambabu, D.No.3-5-98, Shutter No.1,<lb/>
	Ground Floor, Sainagar, Karimnagar-505001.<lb/>
	
	..... Petitioners<lb/>
	
	AND<lb/></extra>

		</front>
	</text>
</tei>
