<?xml version="1.0"?>
<tei xml:space="preserve">
	<teiHeader>
		<fileDesc xml:id="1464" />
	</teiHeader>
	<text xml:lang="en">
		<front>
			<extra>
				IN THE
			</extra>
			<court>
				HIGH COURT OF DELHI AT NEW DELHI
				<lb />
			</court>
			<extra>
				+
				<lb />
			</extra>
			<case_numbers>
				IA No.245/2004 in CS (OS) No.26/2004
				<lb />
			</case_numbers>
			<extra>
				%
				<lb />
			</extra>
			<document_type>
				Judgment
			</document_type>
			<extra>
				delivered on :
			</extra>
			<judgement_date>
				03.07.2007
				<lb />
			</judgement_date>
			<petitioner>
				M/S G.M.
				
				MODULAR PVT. LTD
				<lb />
			</petitioner>
			<extra>
				.... Plaintiff
			</extra>
			<extra>
				versus
				<lb />
			</extra>
			<respondent>
				M/S TM MARKETING (INDIA) &amp; OTHERS
				<lb />
			</respondent>
			<extra>
				.... Defendants
				<lb />
			</extra>
			<extra>
				Advocates who appeared in this case:-
				<lb />
				For the Plaintiff
				<lb />
				:
			</extra>
			<petitioner_lawyers>
				Mr S.K. Bansal with Mr Suwarn Rajan
				<lb />
			</petitioner_lawyers>
			<extra>
				For the Defendants
				<lb />
				:
			</extra>
			<respondent_lawyers>
				Mr Amarjit Singh
				<lb />
			</respondent_lawyers>
			<extra>
				CORAM:-
				<lb />
			</extra>
			<judges>
				HON&apos;BLE MR JUSTICE BADAR DURREZ AHMED
				<lb />
			</judges>
			<notes>
				1. Whether the Reporters of local papers may be allowed to
				<lb />
				see the judgment ? Yes
				<lb />
				2. To be referred to the Reporter or not ? Yes
				<lb />
				3. Whether the judgment should be reported in the Digest ? Yes
				<lb />
			</notes>
			<extra>
				BADAR DURREZ AHMED, J
			</extra>
		</front>
	</text>
</tei>
