<?xml version="1.0" ?>
<tei xml:space="preserve">
	<teiHeader>
		<fileDesc xml:id="1481950"/>
	</teiHeader>
	<text xml:lang="en">
		<front>
<lb/>
	<extra>IN THE</extra>

	<court>HIGH COURT OF GUJARAT AT AHMEDABAD<lb/></court>

	<case_numbers>CRIMINAL APPEAL No 11 of 1994<lb/></case_numbers>

	<extra>For Approval and Signature:<lb/></extra>

	<judges>Hon&apos;ble MR.JUSTICE A.K.TRIVEDI<lb/></judges>
	
	<extra>and<lb/></extra>
	
	<judges>Hon&apos;ble MR.JUSTICE J.R.VORA<lb/></judges>
	
	<extra>============================================================<lb/></extra>

	<notes>1. Whether Reporters of Local Papers may be allowed<lb/> : YES<lb/>
	to see the judgements?<lb/>
	2. To be referred to the Reporter or not?<lb/> : NO<lb/>
	3. Whether Their Lordships wish to see the fair copy<lb/> : NO<lb/>
	of the judgement?<lb/>
	4. Whether this case involves a substantial question<lb/> : NO<lb/>
	of law as to the interpretation of the Constitution<lb/>
	of India, 1950 of any Order made thereunder?<lb/>
	5. Whether it is to be circulated to the Civil Judge?<lb/> : NO<lb/></notes>
	
	<extra>--------------------------------------------------------------<lb/></extra>

	<petitioner>STATE OF GUJARAT<lb/></petitioner>
	
	<extra>Versus<lb/></extra>

	<respondent>MANZOORHUSSAIN RAMUBHAI<lb/></respondent>
	
	<extra>--------------------------------------------------------------<lb/>Appearance:<lb/></extra>

	<petitioner_lawyers>Mr. D.N. Patel, A.P.P.</petitioner_lawyers>
	
	<extra> for the appellant no.1.<lb/></extra>

	<respondent_lawyers>Mr. Amit J. Shah</respondent_lawyers>
	
	<extra>for the appellant no.2.<lb/></extra>

	<respondent_lawyers>MR ARUN H MEHTA</respondent_lawyers>
	
	<extra>for Respondent No. 1 to 4.<lb/> --------------------------------------------------------------<lb/>CORAM :MR.JUSTICE A.K.TRIVEDI and<lb/> MR.JUSTICE J.R.VORA<lb/>

	Date of decision:</extra>

	<judgement_date>04/04/2000<lb/></judgement_date>

	<extra>ORAL</extra>

	<document_type>JUDGEMENT</document_type>
	
	<extra>(A.K.Trivedi,J.)<lb/>
	Heard learned A.P.P. Mr. D. N. Patel
	for the<lb/> appellant no.1-State of Gujarat
	and learned Advocate
Mr.<lb/> Amit J. Shah
	for the appellant no.2-CBI, Gandhinagar<lb/>
	while Sr. Advocate Mr. Arun H. Mehta for the respondents<lb/>
	nos.1 to 4.</extra>

		</front>
	</text>
</tei>
