<?xml version="1.0" ?>
<tei xml:space="preserve">
	<teiHeader>
		<fileDesc xml:id="1481882"/>
	</teiHeader>
	<text xml:lang="en">
		<front>
<lb/>
	<extra>IN THE</extra>

	<court>HIGH COURT OF GUJARAT AT AHMEDABAD<lb/></court>

	<case_numbers>FIRST APPEAL No 23 of 1983<lb/></case_numbers>

	<extra>For Approval and Signature:<lb/></extra>
	<judges>Hon&apos;ble MR.JUSTICE D.C.SRIVASTAVA</judges>
	
	<extra>sd/-<lb/>
	============================================================<lb/></extra>
	<notes>1. Whether Reporters of Local Papers may be allowed<lb/> : NO<lb/>
	to see the judgements? No<lb/>
	2. To be referred to the Reporter or not?<lb/> No :<lb/>
	3. Whether Their Lordships wish to see the fair copy No :<lb/>
	of the judgement?<lb/>
	4. Whether this case involves a substantial question No :<lb/>
	of law as to the interpretation of the Constitution<lb/>
	of India, 1950 of any Order made thereunder?<lb/>
	5. Whether it is to be circulated to the Civil Judge? No :<lb/></notes> 
	
	<extra>--------------------------------------------------------------<lb/></extra>
	
	<petitioner>GANGABEN LAXMIDAS<lb/></petitioner>
	
	 <extra>Versus<lb/></extra>

	<respondent>BARDANWALA BROTHERS<lb/></respondent>
	
	<extra>--------------------------------------------------------------<lb/>Appearance:<lb/></extra>
	
	<petitioner_lawyers>MR IS SUPEHIA</petitioner_lawyers>
	
	<extra>for Petitioner<lb/></extra>
	
	<respondent_lawyers>MR BR SHAH</respondent_lawyers>
	
	<extra>for Respondent No. 1, 2, 3<lb/> --------------------------------------------------------------<lb/>
	
	CORAM : MR.JUSTICE D.C.SRIVASTAVA<lb/>
	Date of decision:<lb/></extra>

	<judgement_date>04/04/2000<lb/></judgement_date>

	<extra>ORAL</extra>

	<document_type>JUDGEMENT<lb/></document_type>

	<extra>1. This is an Appeal against the Award dated<lb/>
	9.3.1982 of the Commissioner of Workmen&apos;s Compensation,<lb/> Jamnagar, dismissing the application of the applicants,<lb/>
	who were dependents of the deceased Laxmidas alias<lb/>
	Babubhai Makanji claiming compensation under the<lb/>
	provisions of the Workmen&apos;s Compensation Act, 1925.<lb/>
	
	2.The deceased was the husband of the applicant<lb/></extra>
		</front>
	</text>
</tei>
