<?xml version="1.0" ?>
<tei xml:space="preserve">
	<teiHeader>
		<fileDesc xml:id="1482040"/>
	</teiHeader>
	<text xml:lang="en">
		<front>
<lb/>
	<extra>IN THE</extra>

	<court>HIGH COURT OF GUJARAT AT AHMEDABAD<lb/></court>

	<case_numbers>FIRST APPEAL No 4661 of 1999<lb/></case_numbers>
	
	<extra>to<lb/></extra>
	
	<case_numbers>FIRST APPEAL No 4689 of 1999<lb/></case_numbers>

	<extra>For Approval and Signature:<lb/></extra>

	<judges>Hon&apos;ble MR.JUSTICE M.H.KADRI<lb/></judges>
	
	<extra>and<lb/></extra>
	
	<judges>Hon&apos;ble MR.JUSTICE C.K.BUCH<lb/></judges>
	
	
	<extra>============================================================<lb/></extra>

	<notes>1. Whether Reporters of Local Papers may be allowed<lb/> : NO<lb/>
	to see the judgements?<lb/>
	2. To be referred to the Reporter or not?<lb/> : NO<lb/>
	3. Whether Their Lordships wish to see the fair copy<lb/> : NO<lb/>
	of the judgement?<lb/>
	4. Whether this case involves a substantial question<lb/> : NO<lb/>
	of law as to the interpretation of the Constitution<lb/>
	of India, 1950 of any Order made thereunder?<lb/>
	5. Whether it is to be circulated to the Civil Judge?<lb/> : NO<lb/></notes>
	
	<extra>--------------------------------------------------------------<lb/></extra>
	
	<petitioner>SPECIAL LAND ACQUISITION<lb/>
	OFFICER<lb/></petitioner>
	
	<extra>Versus<lb/></extra>

	<respondent>RAMJIBHAI DALSANGBHAI<lb/>
	RAGHJIBHAI CHAUDHARI<lb/></respondent>
	
	<extra>--------------------------------------------------------------<lb/>Appearance:</extra>
	
	<petitioner_lawyers>MR SJ DAVE, AGP</petitioner_lawyers>
	
	<extra>for Appellants<lb/></extra>
	
	<respondent>MR AMIT C NANAVATI</respondent>
	
	<extra>for Respondent No. 1<lb/> --------------------------------------------------------------<lb/>CORAM :MR.JUSTICE M.H.KADRI<lb/>
	and<lb/> MR.JUSTICE C.K.BUCH<lb/></extra>

		</front>
	</text>
</tei>
