<?xml version="1.0" ?>
<tei xml:space="preserve">
	<teiHeader>
		<fileDesc xml:id="1482085"/>
	</teiHeader>
	<text xml:lang="en">
		<front>
<lb/>
	<extra>IN THE</extra>

	<court>HIGH COURT OF GUJARAT AT AHMEDABAD<lb/></court>

	<case_numbers>CIVIL REVISION APPLICATION No 580 of 1983<lb/></case_numbers>

	<extra>For Approval and Signature:<lb/></extra>

	<judges>Hon&apos;ble MR.JUSTICE P.B.MAJMUDAR<lb/></judges>
	<extra>============================================================<lb/></extra>

	<notes>1. Whether Reporters of Local Papers may be allowed<lb/> : NO<lb/> 
	to see the judgements?<lb/>
	2. To be referred to the Reporter or not?<lb/> : NO<lb/>
	3. Whether Their Lordships wish to see the fair copy<lb/> : NO<lb/>
	of the judgement?<lb/>
	4. Whether this case involves a substantial question<lb/> : NO<lb/>
	of law as to the interpretation of the Constitution<lb/>
	of India, 1950 of any Order made thereunder?<lb/>
	5. Whether it is to be circulated to the Civil Judge?<lb/> : NO<lb/></notes>
	<extra>--------------------------------------------------------------<lb/></extra>
	
	<petitioner>KHATIJABIBI ABDUL H. KAGDI<lb/></petitioner>
	
	<extra>Versus<lb/></extra>

	<respondent>HAIDERALI DAUDBHAI MATARWALA<lb/></respondent>
	
	<extra>--------------------------------------------------------------<lb/>Appearance:<lb/></extra>
	
	<petitioner_lawyers>MR NS SHETH</petitioner_lawyers>
	
	<extra>for Petitioner<lb/></extra>
	
	<respondent_lawyers>MR MTM HAKIM</respondent_lawyers>
	
	<extra>for Respondent No. 1<lb/>
	NOTICE SERVED
	for Respondent No. 2, 3, 4, 5, 6<lb/> --------------------------------------------------------------<lb/>CORAM :MR.JUSTICE P.B.MAJMUDAR<lb/>
	Date of decision:</extra>

	<judgement_date>05/04/2000<lb/></judgement_date>

	<extra>ORAL</extra>

	<document_type>JUDGEMENT<lb/></document_type>

		</front>
	</text>
</tei>
