<?xml version="1.0" ?>
<tei xml:space="preserve">
	<teiHeader>
		<fileDesc xml:id="1482712"/>
	</teiHeader>
	<text xml:lang="en">
		<front>
<lb/>
	<extra>IN THE</extra>

	<court>HIGH COURT OF GUJARAT AT AHMEDABAD<lb/></court>

	<case_numbers>SPECIAL CIVIL APPLICATION No 1404 of 2000<lb/></case_numbers>

	<extra>with<lb/></extra>

	<case_numbers>SPECIAL CIVIL APPLICATION No 2328 of 2000<lb/></case_numbers>

	<extra>with<lb/></extra>
	
	<case_numbers>SPECIAL CIVIL APPLICATION Nos.2330 to 2351 of 2000<lb/></case_numbers>
	
	<extra>with<lb/></extra>

	<case_numbers>SPCIAL CIVIL APPLICATION No 1447 of 2000<lb/></case_numbers>

	<extra>with<lb/></extra>

	<case_numbers>SPECIAL CIVIL APPLICATION Nos.2352 &amp; 2353 of 2000<lb/></case_numbers>

	<extra>For Approval and Signature:<lb/></extra>

	<judges>Hon&apos;ble MR.JUSTICE J.N.BHATT<lb/></judges>
	
	<extra>============================================================<lb/></extra>

	<notes>1. Whether Reporters of Local Papers may be allowed<lb/> : NO<lb/>
	to see the judgements?<lb/>
	2. To be referred to the Reporter or not?<lb/> : NO<lb/>
	3. Whether Their Lordships wish to see the fair copy<lb/> : NO<lb/>
	of the judgement?<lb/>
	4. Whether this case involves a substantial question<lb/> : NO<lb/>
	of law as to the interpretation of the Constitution<lb/>
	of India, 1950 of any Order made thereunder?<lb/>
	5. Whether it is to be circulated to the Civil Judge?<lb/> : NO<lb/></notes>
	
	<extra>--------------------------------------------------------------<lb/></extra>
	
	<petitioner>VARASADA NO.1 SEVA SAHAKARI<lb/> MANDALI LTD</petitioner>
	<extra>Versus<lb/></extra>

	<respondent>DISTRICT REGISTRAR<lb/></respondent>
	<extra>--------------------------------------------------------------<lb/>Appearance:<lb/></extra>
	
	<petitioner_lawyers>MR JAYANT PATEL </petitioner_lawyers>
	
	<extra>for Petitioners<lb/></extra>
	
	<respondent_lawyers>MR U.A.TRIVEDI</respondent_lawyers>
	
	<extra>fpr Respondents<lb/> --------------------------------------------------------------<lb/>CORAM : MR.JUSTICE J.N.BHATT<lb/> Date of decision:</extra>

	<judgement_date>06/04/2000<lb/></judgement_date>

	<extra>ORAL</extra>

	<document_type>JUDGEMENT<lb/></document_type>

		</front>
	</text>
</tei>
