<?xml version="1.0" ?>
<tei xml:space="preserve">
	<teiHeader>
		<fileDesc xml:id="1482595"/>
	</teiHeader>
	<text xml:lang="en">
		<front>
<lb/>
	<extra>IN THE</extra>

	<court>HIGH COURT OF GUJARAT AT AHMEDABAD<lb/></court>

	<case_numbers>SPECIAL CIVIL APPLICATION No 10336 of 1999<lb/></case_numbers>

	<extra>For Approval and Signature:<lb/></extra>

	<judges>Hon&apos;ble MR.JUSTICE R.R.TRIPATHI<lb/></judges>
	
	<extra>============================================================<lb/></extra>

	<notes>1. Whether Reporters of Local Papers may be allowed<lb/> : NO<lb/>
	to see the judgements?<lb/>
	
	2. To be referred to the Reporter or not?<lb/> : NO<lb/>

	3. Whether Their Lordships wish to see the fair copy<lb/> : NO<lb/>
	of the judgement?<lb/>
	
	4. Whether this case involves a substantial question<lb/> : NO<lb/>
	of law as to the interpretation of the Constitution<lb/>
	of India, 1950 of any Order made thereunder?<lb/>
	
	5. Whether it is to be circulated to the Civil Judge?<lb/> : NO<lb/></notes>
	
	<extra>--------------------------------------------------------------<lb/></extra>
	
	<petitioner>SIYARAM MUNESHWAR MALI<lb/></petitioner>
	
	<extra>Versus<lb/></extra>

	<respondent>STATE OF GUJARAT<lb/></respondent>
	
	<extra>--------------------------------------------------------------<lb/>Appearance:<lb/></extra>
	
	<petitioner_lawyers>MR BIPIN P JASANI<lb/></petitioner_lawyers>
	
	<extra>for Petitioner<lb/> Respondent No.1 stands deleted by the Court&apos;s order<lb/> dated 24.1.2000.<lb/></extra>

	<respondent_lawyers>Mr.Digant P. Joshi</respondent_lawyers>
	
	<extra>, ASSTT. GOVERNMENT PLEADER
	for<lb/> Respondent No. 2<lb/></extra>

	<respondent_lawyers>MS MITA S PANCHAL</respondent_lawyers>
	
	<extra>for Respondent No. 3, 4<lb/> --------------------------------------------------------------<lb/>CORAM :</extra>

	<judges>MR.JUSTICE R.R.TRIPATHI<lb/></judges>

	<extra>Date of decision:</extra>

	<judgement_date>06/04/2000<lb/></judgement_date>

	<extra>ORAL</extra>
	
	<document_type>JUDGEMENT</document_type>
	
	<extra>:<lb/></extra>

	<extra>Rule. Ms.Panchal
	for respondents nos.3 and 4 and<lb/>

	Mr.Joshi for respondent no.2 waive service of the rule.<lb/> 2. With the consent of the parties, the matter is</extra>

		</front>
	</text>
</tei>
