<?xml version="1.0" ?>
<tei xml:space="preserve">
	<teiHeader>
		<fileDesc xml:id="1482308"/>
	</teiHeader>
	<text xml:lang="en">
		<front>
<lb/>
	<extra>IN THE</extra>

	<court>HIGH COURT OF GUJARAT AT AHMEDABAD<lb/></court>

	<case_numbers>SPECIAL CIVIL APPLICATION No 1257 of 1989<lb/></case_numbers>

	<extra>For Approval and Signature:<lb/></extra>

	<judges>Hon&apos;ble MR.JUSTICE C.K.THAKKAR<lb/></judges>

	<extra>============================================================<lb/></extra>
	
	<notes>1. Whether Reporters of Local Papers may be allowed<lb/> : NO<lb/>
	to see the judgement?<lb/>
	2. To be referred to the Reporter or not?<lb/> : NO<lb/>
	3. Whether Their Lordships wish to see the fair copy<lb/> : NO<lb/>
	of the judgement?<lb/>
	4. Whether this case involves a substantial question<lb/> : NO<lb/>
	of law as to the interpretation of the Constitution<lb/> of India, 1950 of any Order made thereunder?<lb/>
	5. Whether it is to be circulated to the Civil Judge?<lb/> : NO<lb/></notes>
	
	<extra>--------------------------------------------------------------<lb/></extra>
	
	<petitioner>PALLAVI JEYKISHAN FAMILY TRUST</petitioner>
	
	<extra>Versus<lb/></extra>

	<respondent>STATE OF GUJARAT<lb/></respondent>
	<extra>--------------------------------------------------------------<lb/>Appearance:<lb/></extra>
	
	<petitioner_lawyers>MR RN SHAH</petitioner_lawyers>
	
	<extra>for Petitioner<lb/></extra>

	<respondent_lawyers>Ms.Siddhi Talati</respondent_lawyers>
	
	<extra>,<lb/>,</extra>
	
	<respondent_lawyers>Assistant GOVERNMENT PLEADER</respondent_lawyers>
	
	<extra>for Respondent No. 1<lb/></extra>

	<respondent_lawyers>NOTICE SERVED</respondent_lawyers>
	
	<extra>BY DS
	for Respondent No. 3, 4<lb/> --------------------------------------------------------------<lb/>CORAM : MR.JUSTICE C.K.THAKKAR<lb/> Date of decision:</extra>

	<judgement_date>04/04/2000<lb/></judgement_date>

	<extra>ORAL</extra>

	<document_type>JUDGEMENT<lb/></document_type>

	<extra>1. This petition is filed by the petitioner for<lb/>
	quashing and setting aside an order dated December
	2,<lb/>
	1988, Exhibit `F&apos; to the petition passed by the<lb/>
	Additional Chief Secretary (Appeals) (Revenue<lb/>
	Department), State of Gujarat, and to restore the order<lb/>
	passed at Exhibit `A&apos; by the Taluka Development Officer<lb/>
	of Halol Taluka Panchayat dated March 5, 1982.<lb/></extra>

		</front>
	</text>
</tei>
