<?xml version="1.0" ?>
<tei xml:space="preserve">
	<teiHeader>
		<fileDesc xml:id="1482585"/>
	</teiHeader>
	<text xml:lang="en">
		<front>
<lb/>
	<extra>IN THE</extra>

	<court>HIGH COURT OF GUJARAT AT AHMEDABAD<lb/></court>

	<case_numbers>SPECIAL CIVIL APPLICATION No 10380 of 1999<lb/></case_numbers>

	<extra>For Approval and Signature:<lb/></extra>

	<judges>Hon&apos;ble MR.JUSTICE A.L.DAVE<lb/></judges>
	
	<extra>============================================================<lb/></extra>

	<notes>1. Whether Reporters of Local Papers may be allowed :<lb/> NO<lb/>
	to see the judgements?<lb/>
	
	2. To be referred to the Reporter or not? :<lb/> NO<lb/>

	3. Whether Their Lordships wish to see the fair copy :<lb/> NO<lb/>
	of the judgement?<lb/>
	
	4. Whether this case involves a substantial question :<lb/> NO<lb/>

	of law as to the interpretation of the Constitution<lb/> of India, 1950 of any Order made thereunder?<lb/>
	
	5. Whether it is to be circulated to the Civil Judge? :<lb/> NO<lb/></notes>
	
	<extra>--------------------------------------------------------------<lb/></extra>
	
	<petitioner>PRAVINCHANDRA @ BAKO NAGINDAS SHAH<lb/></petitioner>
	
	<extra>Versus<lb/></extra>

	<respondent>STATE OF GUJARAT<lb/></respondent>
	
	<extra>--------------------------------------------------------------<lb/>
	
	Appearance:<lb/></extra>
	
	<petitioner_lawyers>MR HR PRAJAPATI</petitioner_lawyers>
	
	<extra>for Petitioner<lb/></extra>
	
	<respondent_lawyers>MR KT DAVE</respondent_lawyers>
	
	<extra>, AGP for Respondent No. 1, 2, 3<lb/>
	--------------------------------------------------------------<lb/>
	
	CORAM : MR.JUSTICE A.L.DAVE<lb/>
	
	Date of decision:</extra>

	<judgement_date>06/04/2000<lb/></judgement_date>

	<extra>ORAL</extra>

	<document_type>JUDGEMENT<lb/></document_type>

	<extra>#. The petitioner has been detained under the provisions<lb/>
	of the Gujarat Prevention of Anti-Social Activities Act,<lb/>
	1985 (&quot;PASA Act&quot; for short) by virtue of an order passed<lb/>
	by Commissioner of Police, Ahmedabad City, Ahmedabad, in<lb/>
	exercise of powers under Section 3(1) of the PASA Act,<lb/>
	dated October 26, 1999.<lb/></extra>

		</front>
	</text>
</tei>
