<?xml version="1.0" ?>
<tei xml:space="preserve">
	<teiHeader>
		<fileDesc xml:id="1482338"/>
	</teiHeader>
	<text xml:lang="en">
		<front>
<lb/>
	<extra>IN THE</extra>

	<court>HIGH COURT OF GUJARAT AT AHMEDABAD<lb/></court>

	<case_numbers>SPECIAL CIVIL APPLICATION No 590 of 1999<lb/></case_numbers>

	<extra>For Approval and Signature:<lb/></extra>

	<judges>Hon&apos;ble MR.JUSTICE C.K.THAKKAR<lb/></judges>

	<extra>============================================================<lb/></extra>
	<notes>1. Whether Reporters of Local Papers may be allowed<lb/> : NO<lb/>
	to see the judgement?<lb/>
	2. To be referred to the Reporter or not?<lb/> : NO<lb/>
	3. Whether Their Lordships wish to see the fair copy<lb/> : NO<lb/> 
	of the judgement?<lb/>
	4. Whether this case involves a substantial question<lb/> : NO<lb/>
	of law as to the interpretation of the Constitution<lb/> 
	of India, 1950 of any Order made thereunder?<lb/>
	5. Whether it is to be circulated to the Civil Judge?<lb/> : NO<lb/></notes>
	
	<extra>--------------------------------------------------------------<lb/></extra>
	
	<petitioner>ONI ISMAIL BALUWALA<lb/></petitioner>
	
	<extra>Versus<lb/></extra>

	<respondent>GUJARAT ELECTRICITY BOARD<lb/></respondent>
	
	<extra>--------------------------------------------------------------<lb/>Appearance:<lb/></extra>
	
	<petitioner_lawyers>MR MUKESH R SHAH</petitioner_lawyers>
	
	<extra>for Petitioner<lb/></extra>
	
	<respondent_lawyers>MR AD OZA</respondent_lawyers>
	
	<extra>for Respondent No. 1<lb/> --------------------------------------------------------------<lb/>CORAM : MR.JUSTICE C.K.THAKKAR<lb/> Date of decision:</extra>

	<judgement_date>04/04/2000<lb/></judgement_date>

	<extra>ORAL</extra>
	
	<document_type>JUDGEMENT<lb/></document_type>
	
	<extra>This petition is filed by the petitioner against<lb/>
	issuance of notice dated 13th of January, 1999, Annexure<lb/>
	`F&apos; to the petition and by permanently restraining the<lb/>
	Gujarat Electricity Board and its Officers, servants and<lb/>
	nominees from taking any action pursuant to the said<lb/></extra>

		</front>
	</text>
</tei>
