<?xml version="1.0" ?>
<tei xml:space="preserve">
	<teiHeader>
		<fileDesc xml:id="1482425"/>
	</teiHeader>
	<text xml:lang="en">
		<front>
<lb/>
	<extra>IN THE</extra>

	<court>HIGH COURT OF GUJARAT AT AHMEDABAD<lb/></court>
	
	<case_numbers>FIRST APPEAL
No 5967 of 1999 to<lb/> FIRST APPEALNo 5969<lb/> of 1999<lb/></case_numbers>

<extra>For Approval and Signature:<lb/></extra>

	<judges>Hon&apos;ble MR.JUSTICE M.H.KADRI<lb/></judges>
	
	<extra>and<lb/></extra>
	
	<judges>Hon&apos;ble MR.JUSTICE C.K.BUCH<lb/></judges> 
	
	<extra>============================================================<lb/></extra>

	<notes>1. Whether Reporters of Local Papers may be allowed<lb/> : NO<lb/>
	to see the judgements?<lb/>
	2. To be referred to the Reporter or not?<lb/> : NO<lb/>
	3. Whether Their Lordships wish to see the fair copy<lb/> : NO<lb/>
	of the judgement?<lb/>
	4. Whether this case involves a substantial question<lb/> : NO<lb/>
	of law as to the interpretation of the Constitution<lb/>
	of India, 1950 of any Order made thereunder?<lb/>
	5. Whether it is to be circulated to the Civil Judge?<lb/> : NO<lb/></notes>
	
	<extra>--------------------------------------------------------------<lb/></extra>
	
	<petitioner>SPECIAL LAND ACQUISITION<lb/> OFFICER</petitioner>
	
	<extra>Versus<lb/></extra>

	<respondent>SHABHAIBHAI MANGALBHAI<lb/></respondent>
	
	<extra>--------------------------------------------------------------<lb/>Appearance:<lb/></extra>

	<petitioner_lawyers>Mr.K.G. Sheth,AGP</petitioner_lawyers>
	
	<extra>for appellants<lb/> --------------------------------------------------------------<lb/>CORAM : MR.JUSTICE M.H.KADRI<lb/>
	and<lb/>
	MR.JUSTICE C.K.BUCH<lb/>
	Date of decision:</extra>

	<judgement_date>05/04/2000<lb/></judgement_date>

	<extra>COMMON ORAL</extra>
	<document_type>JUDGEMENT</document_type>
	<extra>(Per: Kadri, J.)<lb/></extra>

		</front>
	</text>
</tei>
