<?xml version="1.0" ?>
<tei xml:space="preserve">
	<teiHeader>
		<fileDesc xml:id="1482892"/>
	</teiHeader>
	<text xml:lang="en">
		<front>
<lb/>
	<extra>IN THE</extra>

	<court>HIGH COURT OF GUJARAT AT AHMEDABAD<lb/></court>

	<case_numbers>SPECIAL CIVIL APPLICATION No 28 of 2000<lb/></case_numbers>

	<extra>For Approval and Signature:<lb/></extra>

	<judges>Hon&apos;ble MR.JUSTICE A.L.DAVE<lb/></judges>
	
	<extra>============================================================<lb/></extra>

	<notes>1. Whether Reporters of Local Papers may be allowed<lb/> : NO<lb/> to see the judgements?<lb/>
	
	2. To be referred to the Reporter or not?<lb/> : NO<lb/>

	3. Whether Their Lordships wish to see the fair copy<lb/> : NO<lb/> of the judgement?<lb/>
	
	4. Whether this case involves a substantial question<lb/> : NO<lb/>
	of law as to the interpretation of the Constitution<lb/> of India, 1950 of any Order made thereunder?<lb/>
	
	5. Whether it is to be circulated to the Civil Judge?<lb/> : NO<lb/></notes>
	
	<extra>--------------------------------------------------------------<lb/></extra>
	<petitioner>NISHAR ANWAR @ JANGLIA BADAM</petitioner>
	
	<extra>Versus<lb/></extra>

	<respondent>DISTRICT MAGISTRATE<lb/></respondent>
	
	<extra>--------------------------------------------------------------<lb/>Appearance:<lb/></extra>
	
	<petitioner_lawyers>MR JM BUDDHBHATTI</petitioner_lawyers>
	
	<extra>for Petitioner<lb/></extra>
	
	<respondent_lawyers>MR KT DAVE, AGP</respondent_lawyers>
	
	<extra>, for Respondent No. 1, 2, 3<lb/> --------------------------------------------------------------<lb/>CORAM : MR.JUSTICE A.L.DAVE<lb/> Date of decision:</extra>

	<judgement_date>06/04/2000<lb/></judgement_date>

	<extra>ORAL</extra>
	
	<document_type> JUDGEMENT<lb/></document_type>
	
	<extra>1.The District Magistrate, Panchmahals, at Godhra,<lb/>
	passed an order in exercise of powers under Section 3(1)<lb/>
	of the Gujarat Prevention of Anti-Social Activities Act,<lb/>
	1985 (&quot;PASA Act&quot; for short), detaining Nisar Anwar alias<lb/> Jangaliyo Badam of Godhra under the provisions of the<lb/>
	said Act.<lb/>
	
	2.The detenu, while under detention, made an<lb/>
	application to this Court for judicial scrutiny of the<lb/>
	order of detention.The application is treated as a writ<lb/>
	petition under Article 226 of the Constitution. Since<lb/>
	the petitioner was not represented by an advocate, this<lb/>
	Court directed the office to make necessary arrangements<lb/>
	for providing legal aid to the detenu and Mr. J.M.<lb/>
	Buddhbhatti appears for the detenu as a legal laid<lb/>
	advocate.<lb/>
	
	3.Learned Assistant Government Pleader has provided<lb/>
	a set of documents served on the detenu along with the<lb/>
	grounds of detention.<lb/> On scrutiny thereof, it appears<lb/>
	that the detaining authority took into consideration six<lb/>
	offences registered against the detenu under various<lb/>
	provisions of Indian Penal Code, which can be enumerated<lb/>
	as under :-<lb/>
	
	SNo. Name of Police<lb/> FIR No. Section of<lb/>
	Station<lb/> &amp; Date offence.<lb/> ---------------------------------------------------------<lb/>
	01 Godhra Town<lb/> 310/97 461 and 379<lb/>
	28.9.97 of I.P.C.<lb/> 
	02<lb/> -do-<lb/>192/98 380 of I.P.C.<lb/>
	24.5.98<lb/> 
	03<lb/> -do-<lb/>215/98 379 of I.P.C.<lb/>
	9.6.98<lb/>
	04<lb/> -do-<lb/>252/99 379 of I.P.C.<lb/>
	20.7.99<lb/>
	05<lb/> -do-<lb/>194/99 379 of I.P.C.<lb/>
	10.6.99<lb/>
	06<lb/> -do-<lb/>285/99 547 and 380 of<lb/>
	18.8.99 I.P.C.<lb/> ---------------------------------------------------------<lb/>
	The detaining authority also took into consideration<lb/>
	statements of two witnesses recorded by Police Inspector,<lb/>
	LCB, Godhra and exercised powers under Section 9(2) of<lb/>
	the PASA Act by not disclosing identity of these<lb/>
	witnesses in public interest.The authority exercised<lb/>
	these powers after recording a satisfaction about the<lb/></extra>
		</front>
	</text>
</tei>
