<?xml version="1.0" ?>
<tei xml:space="preserve">
	<teiHeader>
		<fileDesc xml:id="1482475"/>
	</teiHeader>
	<text xml:lang="en">
		<front>
<lb/>
	<extra>IN THE</extra>

	<court>HIGH COURT OF GUJARAT AT AHMEDABAD<lb/></court>

	<case_numbers>CIVIL REVISION APPLICATION No 608 of 1997<lb/></case_numbers>

	<extra>For Approval and Signature:<lb/></extra>

	<judges>Hon&apos;ble MR.JUSTICE D.P.BUCH<lb/></judges>
	
	<extra>============================================================<lb/></extra>

<notes>1. Whether Reporters of Local Papers may be allowed<lb/> : YES<lb/> to see the judgements?<lb/>

2. To be referred to the Reporter or not?<lb/> : NO<lb/>

	3. Whether Their Lordships wish to see the fair copy<lb/> : NO<lb/>
	of the judgement?<lb/>
	
	4. Whether this case involves a substantial question<lb/> : NO<lb/>
	of law as to the interpretation of the Constitution<lb/>
	of India, 1950 of any Order made thereunder?<lb/>
	
	5. Whether it is to be circulated to the Civil Judge?<lb/> : NO<lb/></notes>
	
	<extra>--------------------------------------------------------------<lb/></extra>
	
	<petitioner>RAJESHKUMAR JAMABHAI PATEL<lb/></petitioner>
	
	<extra>Versus<lb/></extra>

	<respondent>INDRAVADAN RATILAL PATEL<lb/></respondent>
	
	<extra>--------------------------------------------------------------<lb/>Appearance:<lb/></extra>
	
	<petitioner_lawyers>MR SANJAY M AMIN </petitioner_lawyers>
	
	<extra>for Petitioners<lb/></extra>
	
	<respondent_lawyers>MR AJ PATEL</respondent_lawyers>
	
	
	<extra>for Respondent No. 1, 2<lb/> --------------------------------------------------------------<lb/>
	
	CORAM :MR.JUSTICE D.P.BUCH<lb/>
	Date of decision:</extra>

	<judgement_date>06/04/2000<lb/></judgement_date>

	<extra>ORAL</extra>

	<document_type>JUDGEMENT<lb/></document_type>

		</front>
	</text>
</tei>
