<?xml version="1.0" ?>
<tei xml:space="preserve">
	<teiHeader>
		<fileDesc xml:id="1482394"/>
	</teiHeader>
	<text xml:lang="en">
		<front>
<lb/>
	<extra>IN THE</extra>

	<court>HIGH COURT OF GUJARAT AT AHMEDABAD<lb/></court>

	<case_numbers>FIRST APPEAL No 2351 of 1987<lb/></case_numbers>

	<extra>with<lb/></extra>
	
	<case_numbers>First Appeal No.2352 of 1987<lb/></case_numbers>
	
	<extra>For Approval and Signature:<lb/></extra>

	<judges>Hon&apos;ble MR.JUSTICE M.H.KADRI<lb/></judges>
	
	<extra>and<lb/></extra>
	
	<judges>Hon&apos;ble MR.JUSTICE C.K.BUCH<lb/></judges>
	
	<extra>============================================================<lb/></extra>

	<notes>1. Whether Reporters of Local Papers may be allowed<lb/> : NO<lb/> 
	to see the judgements?<lb/>
	2. To be referred to the Reporter or not?<lb/> : NO<lb/>
	3. Whether Their Lordships wish to see the fair copy<lb/> : NO<lb/>
	of the judgement?<lb/>
	4. Whether this case involves a substantial question<lb/> : NO<lb/>
	of law as to the interpretation of the Constitution<lb/>
	of India, 1950 of any Order made thereunder?<lb/>
	5. Whether it is to be circulated to the Civil Judge?<lb/> : NO<lb/></notes>
	<extra>--------------------------------------------------------------<lb/></extra>

	<petitioner>IBRAHIM MOHMAD MANSOOR<lb/></petitioner>
	
	<extra>Versus<lb/></extra>

	<respondent>ADDITIONAL SPECIAL LAND<lb/> ACQUISITION OFFICER<lb/></respondent>
	
	<extra>--------------------------------------------------------------<lb/>Appearance:<lb/></extra>
	
	<petitioner_lawyers>MR AJ PATEL</petitioner_lawyers>
	
	<extra>for Petitioner<lb/></extra>

	<respondent_lawyers>Mr.K.G. Sheth, AGP</respondent_lawyers>
	
	<extra>, for Respondent No. 1<lb/> --------------------------------------------------------------<lb/>CORAM : MR.JUSTICE M.H.KADRI and<lb/>
	MR.JUSTICE C.K.BUCH<lb/>
	Date of decision:</extra>

	<judgement_date>04/04/2000<lb/></judgement_date>

	<extra>C.A.V.</extra>
	<document_type>JUDGMENT</document_type>

	<extra>: (Per: Kadri, J.)<lb/></extra>

		</front>
	</text>
</tei>
