<?xml version="1.0" ?>
<tei xml:space="preserve">
	<teiHeader>
		<fileDesc xml:id="1483225"/>
	</teiHeader>
	<text xml:lang="en">
		<front>
<lb/>
	<extra>IN THE</extra>

	<court>HIGH COURT OF GUJARAT AT AHMEDABAD<lb/></court>

	<case_numbers>FIRST APPEAL No 1493 of 1984<lb/></case_numbers>

	<extra>For Approval and Signature:<lb/></extra>

	<judges>Hon&apos;ble MR.JUSTICE H.R.SHELAT<lb/></judges>

	<extra>and<lb/></extra> 
	
	<judges>Hon&apos;ble MR.JUSTICE H.H.MEHTA<lb/></judges>
	
	<extra>============================================================<lb/></extra>
	
	<notes>1. Whether Reporters of Local Papers may be allowed<lb/> : YES<lb/>
	to see the judgements?<lb/>
	
	2. To be referred to the Reporter or not?<lb/> : NO<lb/>

	3. Whether Their Lordships wish to see the fair copy<lb/> : NO<lb/>
	of the judgement?<lb/>
	
	4. Whether this case involves a substantial question<lb/> : NO<lb/> of law as to the interpretation of the Constitution<lb/> of India, 1950 of any Order made thereunder?<lb/>
	
	5. Whether it is to be circulated to the Civil Judge?<lb/> : NO<lb/></notes>
	
	<extra>--------------------------------------------------------------<lb/></extra>

	<petitioner>MAHENDRAKUMAR FULCHAND PRADHAN</petitioner>
	
	<extra>Versus<lb/></extra>

	<respondent>DINMAHMAD DIDARALI SHAIKH<lb/></respondent>
	
	<extra>--------------------------------------------------------------<lb/>Appearance:<lb/></extra>

	<petitioner_lawyers>MR Shailesh Parikh</petitioner_lawyers>
	
	<extra>for Mr HB SHAH for the appellant<lb/> NOTICE SERVED for Respondent No. 1<lb/></extra>

	<respondent_lawyers>MR YN RAVANI</respondent_lawyers>
	
	<extra>for Respondent No. 3<lb/> --------------------------------------------------------------<lb/>CORAM :</extra>
	
	<judges>MR.JUSTICE H.R.SHELAT and<lb/> MR.JUSTICE H.H.MEHTA<lb/></judges>
	
	<extra>Date of decision:</extra>

	<judgement_date>06/04/2000<lb/></judgement_date>

	<extra>ORAL <lb/></extra>
	
	<document_type>JUDGEMENT<lb/></document_type>
	
	<extra>Per, H.R. Shelat, J.<lb/>
The appellant who preferred Motor Accident Claim<lb/></extra>
	
		</front>
	</text>
</tei>
