<?xml version="1.0" ?>
<tei xml:space="preserve">
	<teiHeader>
		<fileDesc xml:id="1483275"/>
	</teiHeader>
	<text xml:lang="en">
		<front>
<lb/>
	<extra>IN THE</extra>

	<court>HIGH COURT OF GUJARAT AT AHMEDABAD<lb/></court>

	<case_numbers>FIRST APPEAL No 460 of 1980<lb/></case_numbers>

	<extra>For Approval and Signature:<lb/></extra>
	
	<judges>Hon&apos;ble MR.JUSTICE D.C.SRIVASTAVA</judges>
	
	<extra>sd/-<lb/>
	============================================================<lb/></extra>
	
	<notes>1. Whether Reporters of Local Papers may be allowed : NO<lb/>
	to see the judgements? No<lb/>
	2. To be referred to the Reporter or not?<lb/> No :<lb/>

	3. Whether Their Lordships wish to see the fair copy : NO<lb/>
	of the judgement?<lb/>
	No<lb/>
	4. Whether this case involves a substantial question : NO<lb/>
	of law as to the interpretation of the Constitution<lb/>
	of India, 1950 of any Order made thereunder? No<lb/>
	5. Whether it is to be circulated to the Civil Judge? No :<lb/></notes>
	
	<extra>--------------------------------------------------------------<lb/></extra>

	<petitioner>GUJARAT AGRICULTURAL<lb/>UNIVERSITY<lb/></petitioner>
	
	<extra>
	Versus<lb/></extra>

	<respondent>M/S. CONCRETE CONSTRUCTION<lb/></respondent>
	
	<extra>--------------------------------------------------------------<lb/>
	Appearance:<lb/></extra>
	
	<petitioner_lawyers>MR JR NANAVATI</petitioner_lawyers>
	
	<extra>for Petitioner<lb/> </extra>
	
	<respondent_lawyers>MR MAULIK BHATT</respondent_lawyers>
	
	<extra>for Respondent No. 1<lb/> --------------------------------------------------------------<lb/>CORAM :
	
	MR.JUSTICE D.C.SRIVASTAVA<lb/>
	
	Date of decision:</extra>

	<judgement_date>06/04/2000<lb/></judgement_date>

	<extra>ORAL</extra>

	<document_type>JUDGEMENT<lb/></document_type>

		</front>
	</text>
</tei>
