<?xml version="1.0" ?>
<tei xml:space="preserve">
	<teiHeader>
		<fileDesc xml:id="1483223"/>
	</teiHeader>
	<text xml:lang="en">
		<front>
<lb/>
	<extra>IN THE</extra>

	<court>HIGH COURT OF GUJARAT AT AHMEDABAD<lb/></court>

	<case_numbers>FIRST APPEAL No 1500 of 1997<lb/></case_numbers>

	<extra>For Approval and Signature:<lb/></extra>

	<judges>Hon&apos;ble MR.JUSTICE D.C.SRIVASTAVA<lb/></judges>

	<extra>and<lb/></extra>
	
	<judges>Hon&apos;ble MR.JUSTICE H.K.RATHOD<lb/></judges>
	
	<extra>============================================================<lb/></extra>
	
	<notes>1. Whether Reporters of Local Papers may be allowed<lb/> : NO<lb/>
	to see the judgements?<lb/>
	
	2. To be referred to the Reporter or not?<lb/> : NO<lb/>
	
	3. Whether Their Lordships wish to see the fair copy<lb/> : NO<lb/> of the judgement?<lb/>
	
	
	4. Whether this case involves a substantial question<lb/> : NO<lb/>
	of law as to the interpretation of the Constitution<lb/>
	of India, 1950 of any Order made thereunder?<lb/>
	
	5. Whether it is to be circulated to the Civil Judge?<lb/> : NO<lb/></notes>
	
	<extra>--------------------------------------------------------------<lb/></extra>

	<petitioner>STATE OF GUJARAT<lb/></petitioner>
	
	<extra>Versus<lb/></extra>

	<respondent>LAVJIBHAI MANDANBHAI PATEL<lb/></respondent>
	
	<extra>--------------------------------------------------------------<lb/>Appearance:<lb/></extra>
	<petitioner_lawyers>MR KC SHAH</petitioner_lawyers>
	
	<extra>ASSTT GOVERNMENT PLEADER for Petitioner<lb/></extra>
	
	<respondent_lawyers>MR HP RAWAL</respondent_lawyers>
	
	<extra>for Respondent No. 1<lb/></extra>

	<respondent_lawyers>MR BP TANNA</respondent_lawyers>
	
	<extra>for Respondent No. 2<lb/></extra>

	<respondent_lawyers>MR PRANAV DESAI</respondent_lawyers>
	
	<extra>for Respondent No. 4<lb/>
	None for respondents No.3 &amp; 5<lb/>,
	--------------------------------------------------------------<lb/>CORAM :</extra>
	
	<judges>MR.JUSTICE D.C.SRIVASTAVA<lb></lb></judges>
	
	<extra>and<lb/></extra>
	
	<judges>MR.JUSTICE H.K.RATHOD<lb/></judges>
	
	<extra>Date of decision:</extra>

	<judgement_date>06/04/2000<lb/></judgement_date>

		</front>
	</text>
</tei>
