<?xml version="1.0" ?>
<tei xml:space="preserve">
	<teiHeader>
		<fileDesc xml:id="1483252"/>
	</teiHeader>
	<text xml:lang="en">
		<front>
<lb/>
	<extra>IN THE</extra>

	<court>HIGH COURT OF GUJARAT AT AHMEDABAD<lb/></court>

	<case_numbers>FIRST APPEAL No 699 of 1979<lb/></case_numbers>

	<extra>For Approval and Signature:<lb/></extra>
	
	<judges>Hon&apos;ble MR.JUSTICE D.C.SRIVASTAVA</judges>
	
	<extra>
	    sd/-<lb/>
	    ============================================================<lb/></extra>
	    
	    <notes>1. Whether Reporters of Local Papers may be allowed<lb/> : NO<lb/>
	    to see the judgements?<lb/> No<lb/>
	    2. To be referred to the Reporter or not?<lb/> No :<lb/>

	3. Whether Their Lordships wish to see the fair copy<lb/> : NO<lb/>
	of the judgement?,lb/> No<lb/>
	4. Whether this case involves a substantial question<lb/> : NO<lb/>
of law as to the interpretation of the Constitution<lb/>
of India, 1950 of any Order made thereunder? No<lb/>
5. Whether it is to be circulated to the Civil Judge? No :<lb/></notes>

<extra>--------------------------------------------------------------<lb/></extra>

<petitioner>BAI CHAMPA</petitioner>

<extra> WD/O AMBALAL Versus<lb/></extra>

	<respondent>PRAMODCHANDRA R MODY<lb/></respondent>
	
	<extra>--------------------------------------------------------------<lb/>Appearance:<lb/></extra>
	
	<petitioner_lawyers>MR RN SHAH </petitioner_lawyers>
	
	<extra>for Petitioners<lb/></extra>
	
	<respondent_lawyers>MR MJ THAKORE</respondent_lawyers>
	
	<extra>for Respondent No. 1, 2, 3, 4<lb/> --------------------------------------------------------------<lb/>CORAM :</extra>
	
	<judges>MR.JUSTICE D.C.SRIVASTAVA<lb/></judges>
	
	<extra>Date of decision:</extra>

	<judgement_date>06/04/2000<lb/></judgement_date>

	<extra>ORAL</extra>

	<document_type>JUDGEMENT<lb/></document_type>

	<extra>1.This is plaintiffs&apos; Appeal against the Judgment<lb/>
	and Decree dated 20.3.1979 of City Civil Judge,<lb/>
	Ahmedabad, dismissing the Suit of the plintiffs -<lb/>
	Appellants.<lb/>
	2. Brief facts are that a Suit for</extra>

		</front>
	</text>
</tei>
