<?xml version="1.0"?>
<tei xml:space="preserve">
	<teiHeader>
		<fileDesc xml:id="1537" />
	</teiHeader>
	<text xml:lang="en">
		<front>
			<extra>
				THE
			</extra>
			<court>
				HIGH COURT OF DELHI AT NEW DELHI
				<lb />
			</court>
			<document_type>
				Judgment
			</document_type>
			<extra>
				delivered on :
			</extra>
			<judgement_date>
				03.07.2007
				<lb />
			</judgement_date>
			<case_numbers>
				CRL.REV.P.255/2000
				<lb />
			</case_numbers>
			<petitioner>
				SMT SARASWATI AND OTHERS
				<lb />
			</petitioner>
			<extra>
				Petitioners
			</extra>
			<extra>
				-versus -
				<lb />
			</extra>
			<respondent>
				SHRI SHIV SHANKAR AND OTHERS
				<lb />
			</respondent>
			<extra>
				...Respondent
				<lb />
			</extra>
			<extra>
				Advocates who appeared in this case:
				<lb />
			</extra>
			<extra>
				For the Petitioners
				<lb />
				:
			</extra>
			<petitioner_lawyers>
				Mr K.S. Bindra
			</petitioner_lawyers>
			<extra>
				, Sr Advocate with
				<lb />
			</extra>
			<petitioner_lawyers>
				Mr Manjeet Singh Ahluwalia.
				<lb />
			</petitioner_lawyers>
			<extra>
				For the Respondents :
			</extra>
			<respondent_lawyers>
				Mr Mohit Mathur.
				<lb />
			</respondent_lawyers>
			<extra>
				CORAM:-
				<lb />
			</extra>
			<judges>
				HON&apos;BLE MR JUSTICE BADAR DURREZ AHMED
				<lb />
			</judges>
			<notes>
				1.
				
				Whether Reporters of local papers may be allowed
				<lb />
				to see the judgment? Yes
				<lb />
				2. To be referred to the Reporter or not? Yes
				<lb />
				3. Whether the judgment should be reported in Digest? Yes
				<lb />
			</notes>
			<extra>
				BADAR DURREZ AHMED, J
			</extra>
		</front>
	</text>
</tei>
