<?xml version="1.0"?>
<tei xml:space="preserve">
	<teiHeader>
		<fileDesc xml:id="1590702" />
	</teiHeader>
	<text xml:lang="en">
		<front>
			<court>
				HIGH COURT OF JUDICATURE FOR RAJASTHAN
				<lb />
				BENCH AT JAIPUR
				<lb />
			</court>
			<case_numbers>
				S.B. Criminal Miscellaneous (Petition) No. 6990/2018
				<lb />
			</case_numbers>
			<petitioner>
				Hansram
			</petitioner>
			<extra>
				S/o Shri Aneksingh B/c Gurjar
				<lb />
				----Petitioner Versus
				<lb />
			</extra>
			<respondent>
				State Of Rajasthan Through Pp
				<lb />
			</respondent>
			<extra>
				----Respondent
				<lb />
				For Petitioner(s)
				<lb />
				:
			</extra>
			<petitioner_lawyers>
				Mr. Dushyant Jain
				<lb />
			</petitioner_lawyers>
			<extra>
				For Respondent(s)
				<lb />
				:
			</extra>
			<respondent_lawyers>
				Mr. V.S. Godara,
			</respondent_lawyers>
			<extra>
				PP
				<lb />
			</extra>
			<judges>
				HON&apos;BLE MR. JUSTICE KANWALJIT SINGH AHLUWALIA
			</judges>
			<document_type>
				Order
				<lb />
			</document_type>
			<judgement_date>
				31/01/2019
			</judgement_date>
		</front>
	</text>
</tei>
