<?xml version="1.0"?>
<tei xml:space="preserve">
	<teiHeader>
		<fileDesc xml:id="17521" />
	</teiHeader>
	<text xml:lang="en">
		<front>
			<extra>
				$~2
				<lb />
				* IN THE
			</extra>
			<court>
				HIGH COURT OF DELHI AT NEW DELHI
				<lb />
			</court>
			<extra>
				%
				<lb />
				Date of Decision:
			</extra>
			<judgement_date>
				24 th October, 2016
				<lb />
			</judgement_date>
			<extra>
				+
			</extra>
			<case_numbers>
				MAC.APP. 592/2016
				<lb />
			</case_numbers>
			<petitioner>
				MASTER AJEET KUMAR DAS
				<lb />
			</petitioner>
			<extra>
				..... Appellant
				<lb />
			</extra>
			<extra>
				Through:
				<lb />
			</extra>
			<petitioner_lawyers>
				Mr.S.N. Parashar,
				<lb />
			</petitioner_lawyers>
			<extra>
				Advocate Versus
				<lb />
			</extra>
			<respondent>
				BRAHM SINGH &amp; ORS.
				<lb />
				(UNITED INDIA INSURANCE CO. LTD.
				<lb />
			</respondent>
			<extra>
				..... Respondent
				<lb />
			</extra>
			<extra>
				Through:
				<lb />
			</extra>
			<respondent_lawyers>
				Mr.Sameer Nandwani,
				<lb />
			</respondent_lawyers>
			<extra>
				Advocate
				<lb />
				for Respondent no.3.
				<lb />
			</extra>
			<extra>
				CORAM:
				<lb />
			</extra>
			<judges>
				HON&apos;BLE MR. JUSTICE J.R. MIDHA
				<lb />
			</judges>
			<document_type>
				JUDGMENT
				<lb />
			</document_type>
			<extra>
				(ORAL)
			</extra>
		</front>
	</text>
</tei>
