<?xml version="1.0"?>
<tei xml:space="preserve">
	<teiHeader>
		<fileDesc xml:id="175283" />
	</teiHeader>
	<text xml:lang="en">
		<front>
			<lb />
			<court>
				HIGH COURT OF SIKKIM
				<lb />
			</court>
			<extra>
				Record of Proceedings through Video Conferencing
				<lb />
			</extra>
			<case_numbers>
				WP(PIL) No.02 of 2019
				<lb />
			</case_numbers>
			<petitioner>
				KALZANG DORJEE LEPCHA
			</petitioner>
			<extra>
				…PETITIONER
				<lb />
			</extra>
			<extra>
				VERSUS
				<lb />
			</extra>
			<respondent>
				STATE OF SIKKIM AND ORS
				<lb />
			</respondent>
			<extra>
				…RESPONDENTS
				<lb />
			</extra>
			<extra>
				Date:
			</extra>
			<judgement_date>
				14.09.2020
				<lb />
			</judgement_date>
			<extra>
				CORAM:
				<lb />
			</extra>
			<judges>
				HON&apos;BLE MR. JUSTICE ARUP KUMAR GOSWAMI
				<lb />
			</judges>
			<extra>
				, CHIEF JUSTICE
			</extra>
			<judges>
				HON&apos;BLE MRS. JUSTICE MEENAKSHI MADAN RAI
				<lb />
			</judges>
			<extra>
				, JUDGE
			</extra>
		</front>
	</text>
</tei>
