<?xml version="1.0"?>
<tei xml:space="preserve">
	<teiHeader>
		<fileDesc xml:id="175241" />
	</teiHeader>
	<text xml:lang="en">
		<front>
			<lb />
			<court>
				HIGH COURT OF SIKKIM
				<lb />
			</court>
			<extra>
				Record of Proceedings through Video Conferencing
				<lb />
			</extra>
			<case_numbers>
				WP(C) No.17 of 2019
				<lb />
			</case_numbers>
			<petitioner>
				HIMALAYA DISTILLERIES LIMITED
				<lb />
			</petitioner>
			<extra>
				…PETITIONER
				<lb />
			</extra>
			<extra>
				VERSUS
				<lb />
			</extra>
			<respondent>
				STATE OF SIKKIM AND ORS …RESPONDENTS
				<lb />
			</respondent>
			<extra>
				Date:
			</extra>
			<judgement_date>
				25.09.2020
				<lb />
			</judgement_date>
			<extra>
				CORAM:
				<lb />
				THE
			</extra>
			<judges>
				HON&apos;BLE MR. JUSTICE ARUP KUMAR GOSWAMI
			</judges>
			<extra>
				, CHIEF JUSTICE
				<lb />
			</extra>
			<extra>
				THE
			</extra>
			<judges>
				HON&apos;BLE MRS. JUSTICE MEENAKSHI MADAN RAI
			</judges>
		</front>
	</text>
</tei>
