<?xml version="1.0"?>
<tei xml:space="preserve">
	<teiHeader>
		<fileDesc xml:id="175347" />
	</teiHeader>
	<text xml:lang="en">
		<front>
			<lb />
			<court>
				HIGH COURT OF SIKKIM
				<lb />
			</court>
			<extra>
				Record of Proceedings through Video Conferencing
				<lb />
			</extra>
			<case_numbers>
				W.P. (PIL) No.07 of 2020
				<lb />
			</case_numbers>
			<petitioner>
				SIKKIM DRUG USERS FORUM
				<lb />
			</petitioner>
			<extra>
				…PETITIONER
				<lb />
			</extra>
			<extra>
				VERSUS
				<lb />
			</extra>
			<respondent>
				STATE OF SIKKIM AND ORS.
				<lb />
			</respondent>
			<extra>
				…RESPONDENTS
				<lb />
			</extra>
			<extra>
				Date:
			</extra>
			<judgement_date>
				15.10.2020
				<lb />
			</judgement_date>
			<extra>
				CORAM:
				<lb />
			</extra>
			<judges>
				HON&apos;BLE MR. JUSTICE ARUP KUMAR GOSWAMI
			</judges>
			<extra>
				, CHIEF JUSTICE
				<lb />
			</extra>
			<judges>
				HON&apos;BLE MR. JUSTICE BHASKAR RAJ PRADHAN
			</judges>
			<extra>
				, JUDGE
			</extra>
		</front>
	</text>
</tei>
