<?xml version="1.0"?>
<tei xml:space="preserve">
	<teiHeader>
		<fileDesc xml:id="175408" />
	</teiHeader>
	<text xml:lang="en">
		<front>
			<lb />
			<extra>
				Virtual Court No.2
				<lb />
			</extra>
			<court>
				HIGH COURT OF SIKKIM
			</court>
			<extra>
				Record of Proceedings
				<lb />
			</extra>
			<case_numbers>
				Bail Appln. No.09 of 2021
				<lb />
			</case_numbers>
			<petitioner>
				BIKASH RAI @ KALAY BIKASH
				<lb />
			</petitioner>
			<extra>
				APPLICANT
				<lb />
			</extra>
			<extra>
				VERSUS
				<lb />
			</extra>
			<respondent>
				STATE OF SIKKIM
				<lb />
			</respondent>
			<extra>
				RESPONDENT
				<lb />
			</extra>
			<extra>
				Date:
			</extra>
			<judgement_date>
				10.05.2021
				<lb />
			</judgement_date>
			<extra>
				CORAM :
				<lb />
				THE
			</extra>
			<judges>
				HON&apos;BLE MRS. JUSTICE MEENAKSHI MADAN RAI
				<lb />
			</judges>
			<extra>
				, JUDGE
			</extra>
			<extra>
				For Applicant
				<lb />
			</extra>
			<extra>
				For Respondent
				<lb />
			</extra>
			<petitioner_lawyers>
				Mr.
				<lb />
				Tashi
				<lb />
				Wongdi
				<lb />
				Bhutia,
				<lb />
			</petitioner_lawyers>
			<extra>
				Advocate.
				<lb />
			</extra>
			<petitioner_lawyers>
				Mr. Shakil Karki
				<lb />
			</petitioner_lawyers>
			<extra>
				, Advocate.
			</extra>
			<respondent_lawyers>
				Mr.
				<lb />
				Sudesh
				<lb />
				Joshi,
				<lb />
			</respondent_lawyers>
			<extra>
				Public
				<lb />
				Prosecutor.
				<lb />
			</extra>
			<document_type>
				O R D E R
				<lb />
			</document_type>
		</front>
	</text>
</tei>
