<?xml version="1.0"?>
<tei xml:space="preserve">
	<teiHeader>
		<fileDesc xml:id="1950a29c5bfebfd9ed6ae36299c70efb" />
	</teiHeader>
	<text xml:lang="en">
		<front>
			<case_numbers>
				O.P. No.176 of 2015
				<lb />
			</case_numbers>
			<extra>
				IN THE
			</extra>
			<court>
				HIGH COURT OF JUDICATURE AT MADRAS
				<lb />
			</court>
			<extra>
				DATED :
			</extra>
			<judgement_date>
				02.03.2020
				<lb />
			</judgement_date>
			<extra>
				CORAM
				<lb />
				THE
			</extra>
			<judges>
				HONOURABLE MR.JUSTICE M.SUNDAR
			</judges>
			<lb />
			<case_numbers>
				O.P. No.176 of 2015
				THE
			</case_numbers>
			<petitioner>
				Union of India,
				<lb />
				represented by Chief Engineer,
				<lb />
				MTP (Railways)
				<lb />
			</petitioner>
			<extra>
				,
				Egmore,
				<lb />
				Chennai -600 088.
				<lb />
			</extra>
			<extra>
				... Petitioner
				<lb />
			</extra>
			<extra>
				Vs
				<lb />
			</extra>
			<extra>
				1.
			</extra>
			<respondent>
				B.Engineers &amp; Builders Limited,
				<lb />
			</respondent>
			<extra>
				72-A, Maheswar Industrial Estate,
				<lb />
				Bhubaneswar, 751 101.
				<lb />
			</extra>
			<extra>
				2.
			</extra>
			<respondent>
				T. Jayam
				<lb />
			</respondent>
			<extra>
				3.
			</extra>
			<respondent>
				B.Srinivasan
				<lb />
			</respondent>
			<extra>
				4.
			</extra>
			<respondent>
				B.N.S.Chalam,
				<lb />
			</respondent>
			<extra>
				Senior Divisional Engineer / South,
				<lb />
				Southern Railway,
				<lb />
				Madurai
				<lb />
				(Arbitrator)
				<lb />
			</extra>
			<extra>
				....
				<lb />
				Respondents
				<lb />
				(R2 to R4 deleted vide this order)
			</extra>
			<lb />
			<extra>
				Original Petition filed under Section 34 of the Arbitration
				<lb />
				and Conciliation Act to set aside the award dated 07.04.2011 as
				<lb />
				confirmed by the order in the application under Section 33 of the Act,
				<lb />
				dated 18.05.2011 made in relation to disputes arising out of
				<lb />
				Agreement dated 20.06.2000 bearing No.MTP/Civil/357/2000 in so far
				<lb />
			</extra>
			<case_numbers>
				O.P. No.176 of 2015
				<lb />
			</case_numbers>
			<extra>
				as that portion of the award disallowing the claims of the petitioner
				<lb />
				and the award in relation to claims 3 and 8 are concerned.
				<lb />
				For petitioner
				<lb />
				:
			</extra>
			<petitioner_lawyers>
				Mr.P.T. Ramkumar
				<lb />
			</petitioner_lawyers>
			<extra>
				Standing Counsel
			</extra>
			<lb />
			<extra>
				For respondents
				<lb />
				:
			</extra>
			<respondent_lawyers>
				Mr. A. Manoj Kumar
				<lb />
				Mr.M.Balaji
			</respondent_lawyers>
			<extra>
				for R1
				<lb />
				R2 to R4 -deleted
				<lb />
			</extra>
			<document_type>
				ORDER
			</document_type>
		</front>
	</text>
</tei>
