<?xml version="1.0"?>
<tei xml:space="preserve">
	<teiHeader>
		<fileDesc xml:id="227904917d138c1c933df9454af7a4fe" />
	</teiHeader>
	<text xml:lang="en">
		<front>
			<case_numbers>
				W.P(MD)No.24012 of 2019
				<lb />
			</case_numbers>
			<extra>
				BEFORE THE
			</extra>
			<court>
				MADURAI BENCH OF MADRAS HIGH COURT
				<lb />
			</court>
			<extra>
				DATED:
			</extra>
			<judgement_date>
				27.11.2019
			</judgement_date>
			<lb />
			<extra>
				CORAM:
				<lb />
				THE
			</extra>
			<judges>
				HONOURABLE MR.JUSTICE M.SUNDAR
				<lb />
			</judges>
			<case_numbers>
				W.P(MD)No.24012 of 2019
				<lb />
			</case_numbers>
			<extra>
				and
				<lb />
			</extra>
			<case_numbers>
				W.M.P.(MD)No.20613 of 2019
				<lb />
			</case_numbers>
			<petitioner>
				V.Marimuthu
				<lb />
			</petitioner>
			<extra>
				... Petitioner
				<lb />
			</extra>
			<extra>
				Vs.
				<lb />
			</extra>
			<extra>
				1.
			</extra>
			<respondent>
				The District Collector,
				<lb />
				Ramanathapuram District,
				<lb />
				Ramanathapuram.
				<lb />
			</respondent>
			<extra>
				2.
			</extra>
			<respondent>
				The Revenue Divisional Officer,
				<lb />
				Paramakudi Revenue Division,
				<lb />
				Paramakudi,
				<lb />
				Ramanathapuram District.
				<lb />
			</respondent>
			<extra>
				3.
			</extra>
			<respondent>
				The Joint Registrar of Co-operative Societies/
				<lb />
				Managing Director,
				<lb />
				Ramanathapuram District Central Co-operative Bank,
				<lb />
				Ramanathapuram,
				<lb />
				Ramanathapuram District.
				<lb />
			</respondent>
			<extra>
				4.
			</extra>
			<respondent>
				The Tahsildar,
				<lb />
				Kadaladi Taluk,
				<lb />
				Kadaladi,
				<lb />
				Ramanathapuram District.
			</respondent>
			<extra>
				5.
			</extra>
			<respondent>
				The Village Administrative Officer,
				<lb />
				Vagaikulam Group - Office at Sayalkudi,
				<lb />
				Kadaladi Taluk,
				<lb />
				Ramanathapuram District.
				<lb />
			</respondent>
			<extra>
				6.
			</extra>
			<respondent>
				<lb />
				The Secretary,
				<lb />
				Pillaiyarkulam Primary Agricultural Co-operative Credit Society,
				<lb />
				Pillaiyarkulam (Post),
				<lb />
				Kadaladi Taluk,
				<lb />
				Ramanathapuram District.
				<lb />
				7.S.Amutha
				<lb />
			</respondent>
			<extra>
				... Respondents
				<lb />
			</extra>
			<extra>
				PRAYER: Writ Petition filed under Article 226 of the Constitution of India for issuance of
				<lb />
				a Writ of Mandamus, to direct the fifth respondent to issue Adangal form under the
				<lb />
				Prime Minister crop insurance Scheme to the petitioner and direct the fifth respondent
				<lb />
				to register the petitioner's   crop  insurance application  for the  year 2019-2020  within
				<lb />
				time frame in accordance with the rules and procedures framed under the scheme.
				<lb />
				For Petitioner :
			</extra>
			<petitioner_lawyers>
				Mr.Raja Karthikeyan
				<lb />
			</petitioner_lawyers>
			<extra>
				For Respondents :
			</extra>
			<respondent_lawyers>
				Mr.K.MU.Muthu
				<lb />
			</respondent_lawyers>
			<extra>
				Additional Government Pleader
				<lb />
				for R.1 to R.5
				<lb />
				:
			</extra>
			<respondent_lawyers>
				Mr.K.Rajkumar
				<lb />
			</respondent_lawyers>
			<extra>
				for Mr.C.Ramar
				<lb />
				Additional Government Pleader
				<lb />
				for R.6
				<lb />
			</extra>
			<extra>
				:
			</extra>
			<respondent_lawyers>
				Mr.S.Krishnan
			</respondent_lawyers>
			<lb />
			<extra>
				for Mr.K.Kumaravel
				<lb />
				for R.7
				<lb />
			</extra>
			<document_type>
				ORDER
			</document_type>
		</front>
	</text>
</tei>
