<?xml version="1.0"?>
<tei xml:space="preserve">
	<teiHeader>
		<fileDesc xml:id="230593" />
	</teiHeader>
	<text xml:lang="en">
		<front>
			<extra>
				IN THE
			</extra>
			<court>
				HIGH COURT OF JUDICATURE AT MADRAS
				<lb />
			</court>
			<extra>
				DATE :
			</extra>
			<judgement_date>
				26.11.2013
			</judgement_date>
			<extra>
				CORAM
				<lb />
				THE
			</extra>
			<judges>
				HONOURABLE MR. JUSTICE R.SUDHAKAR
				<lb />
			</judges>
			<extra>
				AND
				<lb />
				THE
			</extra>
			<judges>
				HONOURABLE MRS. JUSTICE PUSHPA SATHYANARAYANA
			</judges>
			<lb />
			<case_numbers>
				W.P. NO. 28702 OF 2013
				<lb />
				AND
				<lb />
				M.P. NO. 1 OF 2013
				<lb />
			</case_numbers>
			<petitioner>
				Lalitha Bharani
				<lb />
			</petitioner>
			<extra>
				.. Petitioner
				<lb />
			</extra>
			<extra>
				-Vs -
				<lb />
			</extra>
			<extra>
				1.
			</extra>
			<respondent>
				The Government of Tamil Nadu
				<lb />
			</respondent>
			<extra>
				rep. By Secretary to Government
				<lb />
				Adi Dravidar &amp; Tribal Welfare Dept.
				<lb />
				Fort St. George, Chennai -600 009.
				<lb />
			</extra>
			<extra>
				2.
			</extra>
			<respondent>
				The Chairman
				<lb />
				State Level Scrutiny Committee
				<lb />
				Adi Dravidar &amp; Tribal Welfare Dept.
				<lb />
			</respondent>
			<extra>
				Fort St. George, Chennai -600 009.
				<lb />
			</extra>
			<extra>
				3.
			</extra>
			<respondent>
				The Director of Tribal Welfare
				<lb />
			</respondent>
			<extra>
				Chepauk, Chennai - 600 005.
				<lb />
			</extra>
			<extra>
				4.
			</extra>
			<respondent>
				The Collector
				<lb />
				Kancheepuram District.
				<lb />
			</respondent>
			<extra>
				5.
			</extra>
			<respondent>
				The Revenue Divisional Officer
				<lb />
				Chengalpattu Taluk.
				<lb />
			</respondent>
			<extra>
				6.
			</extra>
			<respondent>
				The District Adi Dravidar &amp;
				<lb />
				Tribal Welfare Officer
				<lb />
				Kancheepuram, Kancheepuram Dt.
				<lb />
			</respondent>
			<extra>
				7.
			</extra>
			<respondent>
				The Tamil Nadu Public Service Commission
				<lb />
				Chennai 600 006.
				<lb />
			</respondent>
			<extra>
				.. Respondents
			</extra>
			<extra>
				Writ petition filed for the issuance of a writ of certiorari calling for the records of the 2 nd
				<lb />
				respondent pertaining to his proceedings No.13887/ADWS/2009-13 dated 25.9.2013 and
				<lb />
				quash the same.
				<lb />
				For Petitioner
				<lb />
				:
			</extra>
			<petitioner_lawyers>
				Mr.S.Doraisamy
			</petitioner_lawyers>
			<extra>
				for Mr. A.Selvam
				<lb />
				For Respondents
				<lb />
				:
			</extra>
			<respondent_lawyers>
				Mr.S.P.Prabhakaran,
			</respondent_lawyers>
			<extra>
				AGP for RR-1 to 6
				<lb />
				Ms. C.N.G.Niraimathi for F-7
			</extra>
			<document_type>
				ORDER
				<lb />
			</document_type>
			<lb />
		</front>
	</text>
</tei>
