<?xml version="1.0"?>
<tei xml:space="preserve">
	<teiHeader>
		<fileDesc xml:id="246459" />
	</teiHeader>
	<text xml:lang="en">
		<front>
			<extra>
				IN THE
			</extra>
			<court>
				HIGH COURT OF JUDICATURE AT MADRAS
				<lb />
			</court>
			<extra>
				DATED :
			</extra>
			<judgement_date>
				13.10.2015
			</judgement_date>
			<extra>
				CORAM
				<lb />
				THE
			</extra>
			<judges>
				HONOURABLE MR.JUSTICE S.MANIKUMAR
				<lb />
				AND
				<lb />
				THE HONOURABLE MR. JUSTICE M.VENUGOPAL
				<lb />
			</judges>
			<case_numbers>
				C.M.A. No.3273 of 2014
				<lb />
			</case_numbers>
			<case_numbers>
				M.P.Nos.1 of 2014 and 1 of 2015
				<lb />
				of 2015
				<lb />
			</case_numbers>
			<case_numbers>
				M.P.Nos.1 and 2 of 2015
				<lb />
			</case_numbers>
			<case_numbers>
				C.M.A. No.2386 of 2015
				<lb />
				and 2 of 2015
				<lb />
			</case_numbers>
			<case_numbers>
				(C.M.A. No.3273 of 2014)
				<lb />
			</case_numbers>
			<petitioner>
				M/s.Royal Sundaram Alliance Insurance Co. Ltd.,
				<lb />
			</petitioner>
			<extra>
				No.8/H-1, Mangalam Building 4 Road,
				<lb />
				Salem 636 009.
				<lb />
			</extra>
			<extra>
				... Appellant
				<lb />
			</extra>
			<extra>
				vs.
				lb />
			</extra>
			<extra>
				1.
			</extra>
			<respondent>
				Tmt.Vennila
				<lb />
			</respondent>
			<extra>
				2.
			</extra>
			<respondent>
				Govindammal
				<lb />
			</respondent>
			<extra>
				3.
			</extra>
			<respondent>
				Perumal
				<lb />
			</respondent>
			<extra>
				4.
			</extra>
			<respondent>
				Alamelu
				<lb />
			</respondent>
			<extra>
				5.
			</extra>
			<respondent>
				Muniyammal
				<lb />
			</respondent>
			<extra>
				6.
			</extra>
			<respondent>
				Madheswaran
				<lb />
			</respondent>
			<extra>
				...
				
				Respondents
				<lb />
			</extra>
			<extra>
				Civil Miscellaneous Appeal filed under Section 173 Motor Vehicles
				<lb />
				Act, 1988 against the award and decree, dated 31.10.2013 made in
				<lb />
				M.C.O.P.No.549 of 2012, on the file of the Motor Accidents Claims
				<lb />
				Tribunal, (Additional District Court), Dharmapuri.
				<lb />
			</extra>
			<extra>
				For Appellant
				<lb />
				:
			</extra>
			<petitioner_lawyers>
				Mr.M.B.Gopalan
			</petitioner_lawyers>
			<lb />
			<extra>
				For Respondents 1 to 3
				<lb />
				:
			</extra>
			<respondent_lawyers>
				Mr.G.K.Sekar
				<lb />
			</respondent_lawyers>
			<case_numbers>
				(C.M.A.
				No.723 of 2015)
				<lb />
			</case_numbers>
			<petitioner>
				M/s.Royal Sundaram Alliance Insurance Co. Ltd.,
				<lb />
			</petitioner>
			<extra>
				No.8/H-1, Mangalam Building 4 Road,
				<lb />
				Salem 636 009.
				<lb />
			</extra>
			<extra>
				... Appellant
				<lb />
			</extra>
			<extra>
				vs.
				<lb />
			</extra>
			<extra>
				1.
			</extra>
			<respondent>
				Ambiga
				<lb />
			</respondent>
			<extra>
				2.
			</extra>
			<respondent>
				Poovarasan (Minor)
				<lb />
			</respondent>
			<extra>
				3.
			</extra>
			<respondent>
				Sandhiya (Minor)
				<lb />
			</respondent>
			<extra>
				4.
			</extra>
			<respondent>
				Palaniammal
				<lb />
			</respondent>
			<extra>
				5.
			</extra>
			<respondent>
				Govindan
				<lb />
			</respondent>
			<extra>
				6.
			</extra>
			<respondent>
				M.M.Contractor
				<lb />
			</respondent>
			<extra>
				,
				No.245, South Metha Street,
				<lb />
				Thiruvagoundanoor,
				<lb />
				Salem, Tamil Nadu.
				<lb />
			</extra>
			<extra>
				... Respondents
				<lb />
			</extra>
			<extra>
				(Respondents 2 and 3 (Minors),
				<lb />
				rep., by the 1 st respondent)
				<lb />
				Civil Miscellaneous Appeal filed under Section 173 Motor Vehicles
				<lb />
				Act, 1988 against the award and decree, dated 10.09.2014, made in
				<lb />
				M.C.O.P.No.253 of 2014, on the file of the Motor Accidents Claims
				<lb />
				Tribunal, (Special District Court), Dharmapuri.
				<lb />
			</extra>
			<extra>
				For Appellant
				<lb />
				:
			</extra>
			<petitioner_lawyers>
				Mr.M.B.Gopalan
			</petitioner_lawyers>
			<lb />
			<extra>
				For Respondents 1 to 5
				<lb />
				:
			</extra>
			<respondent_lawyers>
				Mr.S.Sathieseelan
				<lb />
			</respondent_lawyers>
			<case_numbers>
				(C.M.A
				
				.No.2386 of 2015)
				<lb />
			</case_numbers>
			<petitioner>
				The
				
				Managing Director,
				<lb />
				Metropolitan Transport Corporation (Chennai) Ltd.,
				<lb />
			</petitioner>
			<extra>
				Pallavan House, Anna Salai, Chennai-2.
				<lb />
			</extra>
			<extra>
				... Appellant
				<lb />
			</extra>
			<extra>
				vs.
				<lb />
			</extra>
			<extra>
				1.
			</extra>
			<respondent>
				B.Thaniga
				<lb />
			</respondent>
			<extra>
				2.
			</extra>
			<respondent>
				S.Dhanalakshmi
				<lb />
			</respondent>
			<extra>
				3.
			</extra>
			<respondent>
				B.Sathya
				<lb />
			</respondent>
			<extra>
				4.
			</extra>
			<respondent>
				K.Ali
				<lb />
			</respondent>
			<extra>
				5.
			</extra>
			<respondent>
				B.Anandan
				<lb />
			</respondent>
			<extra>
				...
				Respondents
				<lb />
			</extra>
			<extra>
				Civil Miscellaneous Appeal filed under Section 173 Motor Vehicles
				<lb />
				Act, 1988 against the award and decree, dated 22.08.2014 made in
				<lb />
				M.C.O.P.No.4193 of 2011, on the file of the Motor Accidents Claims
				<lb />
				Tribunal, (2 nd Court of Small Causes), Chennai.
				<lb />
			</extra>
			<extra>
				For Appellant
				<lb />
				:
			</extra>
			<petitioner_lawyers>
				Mr.S.Sivakumar
			</petitioner_lawyers>
			<lb />
			<extra>
				For Respondents 1 to 3
				<lb />
				:
			</extra>
			<respondent_lawyers>
				Mr.D.Velu
				<lb />
			</respondent_lawyers>
			<extra>
				COMMON
			</extra>
			<document_type>
				JUDGMENT
			</document_type>
			<lb />
		</front>
	</text>
</tei>
