<?xml version="1.0"?>
<tei xml:space="preserve">
	<teiHeader>
		<fileDesc xml:id="256029eb2a3ce55adf8ecc3bf86d3b10" />
	</teiHeader>
	<text xml:lang="en">
		<front>
			<extra>
				IN THE
			</extra>
			<court>
				HIGH COURT OF JUDICATURE AT MADRAS
				<lb />
			</court>
			<extra>
				DATED:
			</extra>
			<judgement_date>
				19/09/2013
			</judgement_date>
			<extra>
				CORAM
				<lb />
				THE
			</extra>
			<judges>
				HON&apos;BLE MR.JUSTICE S.MANIKUMAR
				<lb />
			</judges>
			<case_numbers>
				MP.1 of 2013
				<lb />
				in
				<lb />
				WP.12454 of 2013
				<lb />
			</case_numbers>
			<petitioner>
				POONAMALLEE CIRCLE, RIVER &amp; LORRY OWNERS ASSN TIRUVALLUR
				<lb />
				CENTRAL DISTRICT REG. NO.609/1997 BANGALORE HIGH ROAD,
				<lb />
				NASARATH PETTAI, CHENNAI-123, REP. BY ITS PRESIDENT
				<lb />
			</petitioner>
			<extra>
				... PETITIONER
				<lb />
			</extra>
			<extra>
				VS
				<lb />
			</extra>
			<respondent>
				R-1 THE SECRETARY TO GOVERNMENT, INDUSTRIES DEPARTMENT,
				<lb />
				STATE OF TAMIL NADU, CHENNAI-9.
				<lb />
				R-2 THE SECRETARY TO GOVERNMENT, PUBLIC WORKS DEPARTMENT,
				<lb />
				FORT ST. GEORGE, CHENNAI-9.
				<lb />
				R-3 THE DISTRICT COLLECTOR KANCHEEPURAM DISTRICT,
				<lb />
				KANCHEEPURAM.
				<lb />
				R-4 THE DISTRICT COLLECTOR TIRUVALLUR DISTRICT, TIRUVALLUR.
				<lb />
				R-5 M.PALANISAMY, 107-A, SENGUPTHA STREET, RAM NAGAR,
				<lb />
				COIMBATORE-9.
				<lb />
			</respondent>
			<extra>
				...
				RESPONDENTS
				<lb />
			</extra>
			<extra>
				FOR PETITIONER :
			</extra>
			<petitioner_lawyers>
				MUTHAPPAN
				<lb />
			</petitioner_lawyers>
			<case_numbers>
				M.P.No.1 of 2013 in
				<lb />
				W.P.No.12454 of 2013
			</case_numbers>
			<lb />
		</front>
	</text>
</tei>
