<?xml version="1.0"?>
<tei xml:space="preserve">
	<teiHeader>
		<fileDesc xml:id="366649" />
	</teiHeader>
	<text xml:lang="en">
		<front>
			<extra>
				IN THE
			</extra>
			<court>
				HIGH COURT OF JUDICATURE AT MADRAS
				<lb />
			</court>
			<extra>
				DATED:
			</extra>
			<judgement_date>
				18.10.2016
				<lb />
			</judgement_date>
			<extra>
				CORAM :
				<lb />
				The
			</extra>
			<judges>
				Hon&apos;ble MR.SANJAY KISHAN KAUL
			</judges>
			<extra>
				, CHIEF JUSTICE
			</extra>
			<extra>
				AND
				<lb />
				The
			</extra>
			<judges>
				Hon&apos;ble MR.JUSTICE R.MAHADEVAN
				<lb />
			</judges>
			<case_numbers>
				W.P. No.14976 of 2015
				<lb />
			</case_numbers>
			<petitioner>
				V.Kittu,
				<lb />
				District Deputy Secretary,
				<lb />
			</petitioner>
			<extra>
				Viduthalai Chiruthaikal Katchi,
				<lb />
				No.80, Annal Ambedkar Street,
				<lb />
				Mamallapuram Town,
				<lb />
				Thirukazhukundram Taluk,
				<lb />
				Kancheepuram District.
				<lb />
			</extra>
			<extra>
				.. Petitioner
				<lb />
			</extra>
			<extra>
				-vs-
				<lb />
			</extra>
			<extra>
				1
			</extra>
			<respondent>
				.India Tourism Development Corporation Limited,
			</respondent>
			<extra>
				<lb />
				rep. by its Managing Director,
				<lb />
				Scope Complex, Core 8,
				<lb />
				6 th Floor, No.7, Lodi Road,
				<lb />
				New Delhi-3.
				<lb />
			</extra>
			<extra>
				2.
			</extra>
			<respondent>
				The Secretary to Government,
				<lb />
				Government of Tamil Nadu
			</respondent>
			<extra>
				,
				<lb />
				Revenue Department,
				<lb />
				Fort St. George,
				<lb />
				Chennai-9.
				<lb />
			</extra>
			<extra>
				3.
			</extra>
			<respondent>
				The District Collector,
				<lb />
				Kancheepuram District.
				<lb />
			</respondent>
			<extra>
				4.
			</extra>
			<respondent>
				The Revenue Divisional Officer,
				<lb />
				Chengalpattu,
				<lb />
				Kancheepuram District.
				<lb />
			</respondent>
			<extra>
				5.
			</extra>
			<respondent>
				The Tahsildar,
				<lb />
				Thirukazhukundram Taluk,
				<lb />
				Kancheepuram District.
				<lb />
			</respondent>
			<extra>
				6.
			</extra>
			<respondent>
				The Executive Officer,
				<lb />
				Mamallapuram Town Panchayat (Spl. Grade),
				<lb />
				Mamallapuram,
				<lb />
				Thirukazhukundram Taluk,
				<lb />
				Kancheepuram District.
				<lb />
			</respondent>
			<extra>
				7.
			</extra>
			<respondent>
				The Member/Secretary,
				<lb />
				Mamallapuram Pudhu Nagar Development Committee,
				<lb />
				Mamallapuram,
				<lb />
				Thirukazhukundram Taluk,
				<lb />
				Kancheepuram District.
				<lb />
			</respondent>
			<extra>
				8.
			</extra>
			<respondent>
				GRT Hotels and Resorts (P) Ltd.,
				<lb />
				No.136, Usman Road,
				<lb />
				T.Nagar, Chennai-17.
				<lb />
			</respondent>
			<extra>
				.. Respondents
				<lb />
			</extra>
			<extra>
				Petition filed under Article 226 of the Constitution of India
				<lb />
				praying for issue of Writ of Mandamus directing the respondents 3 to
				<lb />
				5, to conduct a thorough enquiry in pursuance of enquiry notices of
				<lb />
				the third respondent in Na.Ka.2529/2012, Aa, dated 14.08.2012 and
				<lb />
				dated –10.2012, within a reasonable time limit fixed by this Hon'ble
				<lb />
				Court and to take appropriate legal action against the 8
				<lb />
				th
				<lb />
				respondent
				<lb />
				to remove encroachment from the land comprised in S.Nos.94, 95,
				<lb />
				96/1, 102, 103, 99/2, 99/1, 99/4, 99/5, 97, 106/1 and 105/2, in all
				<lb />
				measuring about Acre 9.99 Cents, situated in Mamallapuram village,
				<lb />
				Thirukzhukundram Taluk, Kancheepuram District.
				<lb />
			</extra>
			<extra>
				For Petitioner :
				<lb />
			</extra>
			<petitioner_lawyers>
				Mr.A.Ramalingam
				<lb />
			</petitioner_lawyers>
			<extra>
				For Respondents
				<lb />
				:
				<lb />
			</extra>
			<respondent_lawyers>
				Mr.Su.Srinivasan
				<lb />
			</respondent_lawyers>
			<extra>
				Asst. Solicitor General for R1
				<lb />
			</extra>
			<respondent_lawyers>
				Mr.T.N.Rajagopalan
				<lb />
			</respondent_lawyers>
			<extra>
				Spl. G.P. for R2 to R5
				<lb />
			</extra>
			<respondent_lawyers>
				Mr.R.Ravichandran
				<lb />
			</respondent_lawyers>
			<extra>
				for R6
				<lb />
			</extra>
			<respondent_lawyers>
				Mr.Sathish Parasaran
				<lb />
			</respondent_lawyers>
			<extra>
				Senior Counsel for
				<lb />
			</extra>
			<respondent_lawyers>
				Mr.S.Parthasarathy
				<lb />
			</respondent_lawyers>
			<extra>
				for R8
				<lb />
				No Appearance for R7
				<lb />
			</extra>
			<extra>
				* * * * *
				<lb />
			</extra>
			<document_type>
				O R D E R
				<lb />
			</document_type>
		</front>
	</text>
</tei>
