<?xml version="1.0"?>
<tei xml:space="preserve">
	<teiHeader>
		<fileDesc xml:id="3872319" />
	</teiHeader>
	<text xml:lang="en">
		<front>
			<court>
				HIGH COURT OF JUDICATURE FOR RAJASTHAN AT JODHPUR
				<lb />
			</court>
			<case_numbers>
				S.B. Civil Writ Petition No. 11424/2019
				<lb />
			</case_numbers>
			<extra>
				1.
				<lb />
			</extra>
			<petitioner>
				LRs Of Sohan Lal Paliwal
			</petitioner>
			<extra>
				, Through
				<lb />
				Dilip Paliwal S/o Late Sohan Lal Paliwal, Aged About 35
				<lb />
				Years, Chandra Vilas Bhojnalaya, Udaipur Hotel Building,
				<lb />
				Suraj Pole Choraha, Udaipur (Raj.)
				<lb />
			</extra>
			<extra>
				----Petitioners
				<lb />
			</extra>
			<extra>
				Versus
				<lb />
			</extra>
			<respondent>
				Amba Lal
			</respondent>
			<extra>
				S/o Moti Lal Bohara, Proprietor -Udaipur Hotel. Out
				<lb />
				Side Suraj Pole R/o 162, Bhatyani Chohatta, Udaipur (Raj.)
				<lb />
			</extra>
			<extra>
				----Respondent
				<lb />
			</extra>
			<extra>
				For Petitioner(s)
				<lb />
				:
			</extra>
			<petitioner_lawyers>
				Mr.Tribhuvan Gupta
				<lb />
			</petitioner_lawyers>
			<extra>
				For Respondent(s)
				<lb />
				:
			</extra>
			<respondent_lawyers>
				Mr. Dileep Kawadia
				<lb />
			</respondent_lawyers>
			<judges>
				JUSTICE DINESH MEHTA
			</judges>
			<document_type>
				Judgment
				<lb />
			</document_type>
			<extra>
				Reserved on
				<lb />
				29/08/2019
				<lb />
			</extra>
			<extra>
				Pronounced on
				<lb />
			</extra>
			<judgement_date>
				<lb />
				12/09/2019
			</judgement_date>
			<extra>
				Reportable
				<lb />
			</extra>
		</front>
	</text>
</tei>
