<?xml version="1.0"?>
<tei xml:space="preserve">
	<teiHeader>
		<fileDesc xml:id="41448" />
	</teiHeader>
	<text xml:lang="en">
		<front>
			<extra>
				*
				<lb />
				IN THE
			</extra>
			<court>
				HIGH COURT OF DELHI AT NEW DELHI
				<lb />
			</court>
			<extra>
				+
				<lb />
			</extra>
			<case_numbers>
				W.P (C)No.8094/2019 and 33533/2019 and 35202/2019
				<lb />
			</case_numbers>
			<extra>
				Judgment reserved on :
				
				14.08.2019
				<lb />
			</extra>
			<extra>
				Date of decision :
			</extra>
			<judgement_date>
				21.08.2019
				<lb />
			</judgement_date>
			<petitioner>
				KATYAN SHIKSHAN SAMITI
				<lb />
			</petitioner>
			<extra>
				..... Petitioner
				<lb />
			</extra>
			<extra>
				Through:
				<lb />
			</extra>
			<petitioner_lawyers>
				Mr.Arjun Garg, Ms.Sana
				<lb />
				Kamra and Mr.Rahul Gupta,
				<lb />
			</petitioner_lawyers>
			<extra>
				Advocates
				<lb />
			</extra>
			<extra>
				versus
				<lb />
			</extra>
			<respondent>
				UNION OF INDIA &amp; ORS.
				<lb />
			</respondent>
			<extra>
				..... Respondents
				<lb />
			</extra>
			<extra>
				Through:
				<lb />
			</extra>
			<respondent_lawyers>
				Mr. NikhilGoel, Standing
				<lb />
				Counsel, Ms.Ridhima Gaur,
				<lb />
			</respondent_lawyers>
			<extra>
				Adv for Union of India.
				<lb />
			</extra>
			<respondent_lawyers>
				Ms.Archana Pathak Dave
				<lb />
			</respondent_lawyers>
			<extra>
				, Adv
				<lb />
				for R-2
				<lb />
			</extra>
			<respondent_lawyers>
				Mr.Aditya Ranjan
				<lb />
			</respondent_lawyers>
			<extra>
				, Standing
				<lb />
				Counsel for R-3
				<lb />
			</extra>
			<extra>
				CORAM:
				<lb />
			</extra>
			<judges>
				HON&apos;BLE MS. JUSTICE ANU MALHOTRA
				<lb />
			</judges>
			<document_type>
				JUDGMENT
				<lb />
			</document_type>
		</front>
	</text>
</tei>
