<?xml version="1.0"?>
<tei xml:space="preserve">
	<teiHeader>
		<fileDesc xml:id="429580" />
	</teiHeader>
	<text xml:lang="en">
		<front>
			<extra>
				In the
			</extra>
			<court>
				High Court of Judicature at Madras
				<lb />
			</court>
			<extra>
				Reserved on :
				
				04.8.2017 &amp;
				<lb />
			</extra>
			<extra>
				Pronounced on :
			</extra>
			<judgement_date>
				11/8/2017
				<lb />
			</judgement_date>
			<extra>
				Coram :
				<lb />
			</extra>
			<judges>
				The Honourable Mr.Justice NOOTY.RAMAMOHANA RAO And
				<lb />
				The Honourable Mr.Justice S.M.SUBRAMANIAM
				<lb />
			</judges>
			<case_numbers>
				Writ Appeal No.1451 of 2015 &amp; MP.No.1 of 2015
				<lb />
			</case_numbers>
			<extra>
				1.
			</extra>
			<petitioner>
				State of Tamil Nadu, rep.
				<lb />
				by
				<lb />
				its Secretary to Government,
				<lb />
				Revenue Department
			</petitioner>
			<extra>
				,
				
				
				Fort.St.
				<lb />
				George, Chennai-9.
				<lb />
			</extra>
			<extra>
				2.
			</extra>
			<petitioner>
				The Special Commissioner &amp;
				<lb />
				Commissioner of Land
				<lb />
				Administration, Chepauk,
				<lb />
				Chennai-5.
				<lb />
			</petitioner>
			<extra>
				3.
			</extra>
			<petitioner>
				The District Revenue Officer,
				<lb />
				Thanjavur.
				<lb />
			</petitioner>
			<extra>
				4.
			</extra>
			<petitioner>
				The Revenue Divisional Officer,
				<lb />
				Thanjavur.
				<lb />
			</petitioner>
			<extra>
				5.
			</extra>
			<petitioner>
				The Tahsildar, Thanjavur.
				<lb />
			</petitioner>
			<extra>
				6.
			</extra>
			<petitioner>
				The State of Tamil Nadu, rep.by its
				<lb />
				Principal Secretary to Government,
				<lb />
				Home (Prisons) Department,
				<lb />
				Chennai-9.
				<lb />
			</petitioner>
			<extra>
				7.
			</extra>
			<petitioner>
				The Additional Director General of Police/
				<lb />
				Inspector General of Prisons, CMDA Tower-II,
				<lb />
				Egmore, Chennai-8.
				<lb />
			</petitioner>
			<extra>
				7.
			</extra>
			<extra>
				<lb />
				...Appellants
				<lb />
			</extra>
			<extra>
				Vs
				<lb />
			</extra>
			<extra>
				1.
			</extra>
			<respondent>
				Shanmugha Arts, Science, Technology
				<lb />
				&amp; Research Academy (SASTRA)
			</respondent>
			<extra>
				,
				<lb />
				Deemed to be University, having its
				<lb />
				main campus at &apos;Shanmugha
				<lb />
				Campus&apos;, Thirumalaisamudram,
				<lb />
				Thanjavur-613402. HQ at Madras,
				<lb />
				rep.by its Registrar Prof.R.Kandaswamy
				<lb />
			</extra>
			<extra>
				2.
			</extra>
			<respondent>
				VEE SEE BEE Trust administering
				<lb />
				Shanmugha Polytechnic
			</respondent>
			<extra>
				, having its
				<lb />
				main campus at &apos;Shanmugha Campus&apos;
				<lb />
				Thirumalaisamudram, Thanjavur-
				<lb />
				613402, rep.by its Managing Trustee
				<lb />
				Prof.R.Sethuraman
				<lb />
			</extra>
			<extra>
				…Respondents
			</extra>
			<extra>
				APPEAL under Clause 15 of the Letters Patent against the order dated
				<lb />
				04.9.2014 made in WP.No.9037 of 2004 &amp; WPMP.No. 10545 of 2004.
				<lb />
			</extra>
			<extra>
				For Appellants :
				<lb />
			</extra>
			<petitioner_lawyers>
				Mr.K.Muthukumarasamy, AG
				<lb />
				for Mrs.Sri Jayanthi, GP
				<lb />
			</petitioner_lawyers>
			<extra>
				For Respondents :
				<lb />
			</extra>
			<respondent_lawyers>
				Mr.G.Rajagopalan, SC for
				<lb />
				M/s.G.R.Associates &amp;
				<lb />
				Mr.N.Venkataraman, SC
			</respondent_lawyers>
			<document_type>
				JUDGMENT
				<lb />
			</document_type>
		</front>
	</text>
</tei>
