<?xml version="1.0"?>
<tei xml:space="preserve">
	<teiHeader>
		<fileDesc xml:id="448f99268f2beed09b06022b1a3ff998" />
	</teiHeader>
	<text xml:lang="en">
		<front>
			<extra>
				PA Nitin Jagtap -PA -Dhuri
				<lb />
			</extra>
			<extra>
				WPL-3011-2020-Final.doc
				<lb />
			</extra>
			<extra>
				IN THE
			</extra>
			<court>
				HIGH COURT OF JUDICATURE AT BOMBAY
				<lb />
			</court>
			<extra>
				ORDINARY ORIGINAL CIVIL URISDICTION
				<lb />
			</extra>
			<case_numbers>
				WRIT PETITION (ST.) NO. 3011 OF 2020
				<lb />
			</case_numbers>
			<petitioner>
				Ms. Kangana Ranaut
			</petitioner>
			<extra>
				, )
				<lb />
				An Adult, Indian Inhabitant, )
				<lb />
				having her address as Bungalow No. 5, )
				<lb />
				Chetak Row House No. 41, )
				<lb />
				Nargis Dutt Road, Pali Hill, )
				<lb />
				Bandra, West, Mumbai -400 050
				<lb />
				)
			</extra>
			<extra>
				<lb />
				… Petitioner
			</extra>
			<extra>
				Versus
				<lb />
			</extra>
			<extra>
				1.
			</extra>
			<respondent>
				Municipal Corporation of Greater )
				<lb />
				Mumbai, )
				<lb />
			</respondent>
			<extra>
				a local statutory body having its ofce at )
				<lb />
				Mahapalika Building, Mahapalika Marg, )
				<lb />
				Mumbai -400 001 )
				<lb />
			</extra>
			<extra>
				2.
			</extra>
			<respondent>
				The Executive Engineer ( B &amp; F ), )
				<lb />
			</respondent>
			<extra>
				having his ofce at H/West Ward, H/W Ward )
				<lb />
				Office Building, iaint Martin Road, Behind )
				<lb />
				Bandra Police itation, Bandra, West, )
				<lb />
				Mumbai -400 050 )
				<lb />
			</extra>
			<extra>
				3.
			</extra>
			<respondent>
				Government of Maharashtra, )
				<lb />
			</respondent>
			<extra>
				Through its iecretary, )
				<lb />
				Ministry of Home Afairs, Mantralaya, )
				<lb />
				Mumbai -400 032 )
				<lb />
			</extra>
			<extra>
				4.
			</extra>
			<respondent>
				Bhagyavant Late, )
				<lb />
			</respondent>
			<extra>
				An adult, Indian Inhabitant, )
				<lb />
				Having ofce at H/West Ward, )
				<lb />
				H/W Ward Ofce Building, )
				<lb />
				Saint Martin Road, Behind Bandra Police )
				<lb />
				Station, Bandra, West, Mumbai -400 050 )
				<lb />
			</extra>
			<extra>
				5.
			</extra>
			<respondent>
				Sanjay Raut
				<lb />
			</respondent>
			<extra>
				, )
			</extra>
			<extra>
				An adult, Indian Inhabitant, )
				<lb />
				&quot;Maitri&quot; Friends Colony, Bhandup, East, )
				<lb />
				Mumbai -400 042
				<lb />
				)
				<lb />
			</extra>
			<extra>
				… Respondents
				<lb />
			</extra>
			<petitioner_lawyers>
				Dr.Birendra Saraf, Sr. Adv. a/w. Mr.Prasanna Bhangale, Ms. Monisha Mane Bhangale,
				<lb />
				Mr.Rizwan Siddiquee i/b. Siddiquee
			</petitioner_lawyers>
			<extra>
				and Associates for the Petitioner.
			</extra>
			<lb />
			<respondent_lawyers>
				Mr.Aspi Chinoy, Sr. Adv. a/w. Mr.Joel Carlos, Ms.Rupali Adhate
			</respondent_lawyers>
			<extra>
				for Respondent Nos.
				<lb />
				1 and 2.
			</extra>
			<lb />
			<respondent_lawyers>
				Ms.P.H.Kantharia, Government Pleader a/w. Ms.Jyoti Chavan,
			</respondent_lawyers>
			<extra>
				AGP for Respondent
				<lb />
				No.3.
			</extra>
			<respondent_lawyers>
				Mr. Anil Y. Sakhare, Sr. Adv. a/w. Ms.Rupali Adhate, Mr.Rohan Mirpurey i/b. Ms.
				<lb />
				Aruna Savla
			</respondent_lawyers>
			<extra>
				for Respondent No. 4.
			</extra>
			<lb />
			<respondent_lawyers>
				Mr.Pradeep J. Thorat a/w. Ms.Aditi i. Naikare, Mr. Aniesh i. Jadhav
			</respondent_lawyers>
			<extra>
				for Respondent
				<lb />
				No.5.
			</extra>
			<lb />
			<extra>
				CORAM
				<lb />
				:
			</extra>
			<judges>
				<lb />
				S.J.KATHAWALLA, &amp;
				<lb />
				R.I. CHAGLA, JJ.
			</judges>
			<lb />
			<extra>
				RESERVED ON :
				<lb />
				5TH OCTOBER, 2020
				<lb />
			</extra>
			<extra>
				PRONOUNCED ON :
			</extra>
			<judgement_date>
				27TH NOVEMBER, 2020
				<lb />
			</judgement_date>
			<extra>
				(THROUGH VIDEO CONFERENCING)
				<lb />
			</extra>
			<document_type>
				JUDGMENT
			</document_type>
		</front>
	</text>
</tei>
