<?xml version="1.0"?>
<tei xml:space="preserve">
	<teiHeader>
		<fileDesc xml:id="46774" />
	</teiHeader>
	<text xml:lang="en">
		<front>
			<case_numbers>
				W.P.(C) 4114/2008 and W.P.(C) 482/2021
				<lb />
			</case_numbers>
			<extra>
				$~J-1 &amp; 2
				<lb />
				*
				<lb />
				IN THE
			</extra>
			<court>
				HIGH COURT OF DELHI AT NEW DELHI
				<lb />
			</court>
			<extra>
				Judgement reserved on
				<lb />
				25.03.2021
				<lb />
			</extra>
			<document_type>
				Judgement
				<lb />
			</document_type>
			<extra>
				pronounced on
			</extra>
			<judgement_date>
				17.05.2021
				<lb />
			</judgement_date>
			<extra>
				+
				<lb />
			</extra>
			<case_numbers>
				CM APPL. No.742/2021 in
				<lb />
			</case_numbers>
			<case_numbers>
				W.P.(C) 4114/2008
				<lb />
			</case_numbers>
			<petitioner>
				CENTRAL WAREHOUSING CORPORATION
				<lb />
			</petitioner>
			<extra>
				.....Petitioner
				<lb />
			</extra>
			<extra>
				Through:
			</extra>
			<petitioner_lawyers>
				Mr. Vikas Singh
			</petitioner_lawyers>
			<extra>
				, Sr. Advocate with
			</extra>
			<petitioner_lawyers>
				Mr.
				<lb />
				K.K. Tyagi and Mr. Iftekhar Ahmad
				<lb />
			</petitioner_lawyers>
			<extra>
				,
				Advocates.
				<lb />
			</extra>
			<extra>
				versus
			</extra>
			<respondent>
				GOVT. OF INDIA AND ORS.
				<lb />
			</respondent>
			<extra>
				.....Respondents
				<lb />
			</extra>
			<extra>
				Through:
			</extra>
			<respondent_lawyers>
				Mr.
				<lb />
				R.V.
				<lb />
				Singha
				<lb />
			</respondent_lawyers>
			<extra>
				,
				Sr.
				<lb />
				Central
				<lb />
				Government Counsel with
			</extra>
			<respondent_lawyers>
				Mr. Amit
				<lb />
				Sinha and Ms. Sharanya Sinha
				<lb />
			</respondent_lawyers>
			<extra>
				,
				Advocates for Government of India/R-1.
				<lb />
			</extra>
			<respondent_lawyers>
				Mr. S.B. Upadhyay
			</respondent_lawyers>
			<extra>
				, Sr. Advocate with
				<lb />
			</extra>
			<respondent_lawyers>
				Mr. Neeraj Shekhar and Mr. Rohit K.
				<lb />
				Singh
			</respondent_lawyers>
			<extra>
				, Advocates for M/s. Rahul
				<lb />
				Roadways/R-227.
				<lb />
			</extra>
			<respondent_lawyers>
				Ms. Asha Jain Madan
			</respondent_lawyers>
			<extra>
				, Adv. for R-2 to
				<lb />
				225.
				<lb />
			</extra>
			<respondent_lawyers>
				Mr. Tungesh for SFPL/R-226.
				<lb />
			</respondent_lawyers>
			<case_numbers>
				CM APPL. No.2812/2021 and CM APPL. No.1291/2021 in
				<lb />
				W.P.(C) 482/2021
				<lb />
			</case_numbers>
			<petitioner>
				VIJAY BAHADUR PAL AND ORS.
				<lb />
			</petitioner>
			<extra>
				.....Petitioners
				<lb />
				Through:
			</extra>
			<petitioner_lawyers>
				Mr. Ashok Agarwal with Mr. Anuj
				<lb />
				Aggarwal
			</petitioner_lawyers>
			<extra>
				, Advocates
			</extra>
			<extra>
				versus
				<lb />
			</extra>
			<respondent>
				CENTRAL WAREHOUSING CORPORATION &amp; ORS.
				<lb />
			</respondent>
			<extra>
				.....Respondents
				<lb />
			</extra>
			<extra>
				Through:
			</extra>
			<respondent_lawyers>
				Mr. Vikas Singh
			</respondent_lawyers>
			<extra>
				, Sr. Advocate with
			</extra>
			<respondent_lawyers>
				Mr.
				<lb />
				K.K. Tyagi and Mr. Iftekhar Ahmad,
				<lb />
			</respondent_lawyers>
			<extra>
				Advocates for R-1.
				<lb />
			</extra>
			<respondent_lawyers>
				Mr. S.B. Upadhyay, Sr. Advocate with
				<lb />
				Mr. Neeraj Shekhar and Mr. Rohit K.
				<lb />
				Singh
			</respondent_lawyers>
			<extra>
				, Advocates for R-3.
				<lb />
				Mr. Tungesh for R-2.
				<lb />
			</extra>
			<extra>
				CORAM:
				<lb />
			</extra>
			<judges>
				HON&apos;BLE MR. JUSTICE RAJIV SHAKDHER
			</judges>
		</front>
	</text>
</tei>
