<?xml version="1.0"?>
<tei xml:space="preserve">
	<teiHeader>
		<fileDesc xml:id="4697521" />
	</teiHeader>
	<text xml:lang="en">
		<front>
			<extra>
				IN THE
			</extra>
			<court>
				HIGH COURT OF JUDICATURE FOR RAJASTHAN
				<lb />
				AT JODHPUR
				<lb />
			</court>
			<case_numbers>
				CIVIL WRIT (PIL) No.1554 of 2004
			</case_numbers>
			<extra>
				PETITIONER
				<lb />
			</extra>
			<petitioner>
				Gulab Kothari, Editor, Rajasthan Patrika, Jaipur Gulab Kothari, Editor, Rajasthan Patrika, Jaipur Versu
				<lb />
			</petitioner>
			<extra>
				Versus
				<lb />
			</extra>
			<respondent>
				RESPONDENTS
				<lb />
			</respondent>
			<extra>
				1.
				<lb />
			</extra>
			<respondent>
				State of Rajasthan
				<lb />
			</respondent>
			<extra>
				2.
				<lb />
			</extra>
			<petitioner>
				Jaipur Development Authority, Jaipur
				<lb />
			</petitioner>
			<extra>
				3.
				<lb />
			</extra>
			<respondent>
				Jodhpur Development Authority, Jodhpur
				<lb />
			</respondent>
			<extra>
				4.
				<lb />
			</extra>
			<respondent>
				Urban Improvement Trust,Kota
				<lb />
			</respondent>
			<extra>
				5.
				<lb />
			</extra>
			<respondent>
				Urban Improvement Trust, Ajmer.
				<lb />
			</respondent>
			<extra>
				6.
				<lb />
			</extra>
			<respondent>
				Urban Improvement Trust, Udaipur.
				<lb />
			</respondent>
			<extra>
				7.
				<lb />
			</extra>
			<respondent>
				Urban Improvement Trust,Bikaner.
				<lb />
			</respondent>
			<extra>
				connected with
				<lb />
			</extra>
			<case_numbers>
				CIVIL WRIT (PIL) No.5642 of 2008
				<lb />
			</case_numbers>
			<extra>
				PETITIONER
			</extra>
			<petitioner>
				Poonam Chand Bhandari
			</petitioner>
			<extra>
				son of Late Shri Rikhab Raj
				<lb />
				Bhandari, Resident of B-211, Malviya Nagar, Jaipur.
			</extra>
			<extra>
				Versus
			</extra>
			<respondent>
				RESPONDENTS
				<lb />
			</respondent>
			<extra>
				1.
				<lb />
			</extra>
			<respondent>
				The State of Rajasthan through Chief Secretary,
				<lb />
				Secretariate, Jaipur.
				<lb />
			</respondent>
			<extra>
				2.
				<lb />
			</extra>
			<respondent>
				The Principal Secretary, UDH, Secretariate, Jaipur.
				<lb />
			</respondent>
			<extra>
				3.
				<lb />
			</extra>
			<respondent>
				The Jaipur Development Authority, Jawahar Lal
				<lb />
				Nehru Marg, Jaipur, through its Commissioner.
				<lb />
			</respondent>
			<extra>
				4.
				<lb />
			</extra>
			<respondent>
				The Chief Town Planner, Jawahar Lal Nehru Marg, Jaipur.
				<lb />
			</respondent>
			<extra>
				5.
				<lb />
			</extra>
			<respondent>
				The Additional Commissioner (East), JDA, Jawahar
				<lb />
				Lal Nehru Marg, Jaipur.
				<lb />
			</respondent>
			<extra>
				6.
				<lb />
			</extra>
			<respondent>
				The Municipal Council, Lal Kothi, Jaipur through
				<lb />
				its Administrator.
				<lb />
			</respondent>
			<extra>
				7.
				<lb />
			</extra>
			<respondent>
				M/s. Jai Drinks Private Limited
			</respondent>
			<extra>
				(Capstan Meter
				<lb />
				Private Limited), Tonk road, Jaipur through its
				<lb />
				Chairman Mr. Mahavir Prasad Jaipuria.
				<lb />
			</extra>
			<extra>
				8.
				<lb />
			</extra>
			<respondent>
				The Pollution Control Board Rajasthan
			</respondent>
			<extra>
				, Jaipur.
				<lb />
			</extra>
			<case_numbers>
				CIVIL WRIT (PIL) No.5645 of 2008
				<lb />
			</case_numbers>
			<extra>
				PETITIONER
			</extra>
			<petitioner>
				Smt. Kamlesh
			</petitioner>
			<extra>
				Wife of Shri Mahadev Meena,
				<lb />
				aged about 31 years, resident of village Mundari,
				<lb />
				Tehsil Hindaun, District Karauli. Versus
			</extra>
			<respondent>
				RESPONDENTS
				<lb />
			</respondent>
			<extra>
				1.
				<lb />
			</extra>
			<respondent>
				State of Rajasthan through its Secretary
				
				,
				<lb />
				Urban Development &amp; Housing Department,
				<lb />
				Secretariat, Jaipur.
				<lb />
			</respondent>
			<extra>
				2.
				<lb />
			</extra>
			<respondent>
				Jaipur Development Authority
			</respondent>
			<extra>
				through its
				<lb />
				Commissioner, Jawahar Lal Nehru Marg, Jaipur.
				<lb />
			</extra>
			<case_numbers>
				CIVIL WRIT (PIL) No.5646 of 2008
				<lb />
			</case_numbers>
			<extra>
				PETITIONER
			</extra>
			<petitioner>
				Poonam Chand Bhandari
			</petitioner>
			<extra>
				son of Late Shri Rikhab Raj
				<lb />
				Bhandari, Resident of B-211, Malviya Nagar, Jaipur.
			</extra>
			<extra>
				Versus
			</extra>
			<respondent>
				RESPONDENTS
				<lb />
			</respondent>
			<extra>
				1.
				<lb />
			</extra>
			<respondent>
				The State of Rajasthan through Chief Secretary,
				<lb />
				Secretariate, Jaipur
				<lb />
			</respondent>
			<extra>
				2.
				<lb />
			</extra>
			<respondent>
				The Jaipur Development Authority
				<lb />
			</respondent>
			<extra>
				, Jawahar Lal
				<lb />
				Nehru Marg, Jaipur, through its Commissioner.
			</extra>
			<extra>
				3.
				<lb />
			</extra>
			<respondent>
				The Pollution Control Board Rajasthan
			</respondent>
			<extra>
				, Jaipur.
				<lb />
			</extra>
			<case_numbers>
				CIVIL WRIT (PIL) No.5907 of 2008
				<lb />
			</case_numbers>
			<extra>
				PETITIONER
			</extra>
			<petitioner>
				Lok Sampatti Sanrakshan Samiti through its Secretary,
				<lb />
				P.N.Mendola
			</petitioner>
			<extra>
				, S/o late Sh. Ravi Dutta ji, age-58 years,
				<lb />
				office at G-144, Shyam Nagar, Ajmer Road, Sodala,
				<lb />
				Jaipur.
			</extra>
			<extra>
				Versus
			</extra>
			<respondent>
				RESPONDENTS
				<lb />
			</respondent>
			<extra>
				1.
				<lb />
			</extra>
			<respondent>
				The State of Rajasthan through Chief Secretary,
				<lb />
				Government of Rajasthan, Jaipur.
				<lb />
			</respondent>
			<extra>
				2.
				<lb />
			</extra>
			<petitioner>
				Jaipur Development Authority
			</petitioner>
			<extra>
				through its
				<lb />
				Commissioner, J.
				<lb />
				L.N.Marg, Jaipur.
				<lb />
				3.
				<lb />
			</extra>
			<respondent>
				Genpact Infrastructure (Jaipur) Private Limited,
				<lb />
			</respondent>
			<extra>
				J.L.N. Marg, Malviya Nagar, Jaipur.
				<lb />
			</extra>
			<case_numbers>
				CIVIL WRIT (PIL) No.5908 of 2008
				<lb />
			</case_numbers>
			<extra>
				PETITIONER
			</extra>
			<petitioner>
				V.N.Sharma
			</petitioner>
			<extra>
				S/o late Pt. Govind Prasad Sharma aged 71
				<lb />
				yrs R/o Jailal-Munshi-Ka-Rasta 1 st crossing, Chandpole
				<lb />
				Bazar, Jaipur. Versus
			</extra>
			<respondent>
				RESPONDENTS
				<lb />
			</respondent>
			<extra>
				1.
				<lb />
			</extra>
			<respondent>
				State of Rajasthan through the Secretary,
				<lb />
				Local Self Government under Ministry of Urban
				<lb />
				Development and Housing, Government of
				<lb />
				Rajasthan, Jaipur.
				<lb />
			</respondent>
			<extra>
				2.
				<lb />
			</extra>
			<respondent>
				Jaipur Development Authority
			</respondent>
			<extra>
				, through
				<lb />
				Secretary, having its Office at Indira Circle, JLN
				<lb />
				Marg, Jaipur, Rajasthan.
				<lb />
			</extra>
			<extra>
				Dated:-
				<lb />
			</extra>
			<judgement_date>
				12 th January, 2017
				<lb />
			</judgement_date>
			<judges>
				HON&apos;BLE MR.JUSTICE SANGEET LODHA
				<lb />
				HON&apos;BLE MR.JUSTICE ARUN BHANSALI
				<lb />
			</judges>
			<respondent_lawyers>
				Mr.M.S.Singhvi
			</respondent_lawyers>
			<extra>
				, Senior Advocate, assisted by Mr.Vineet
				<lb />
				Dave, Amicus Curiae )
				<lb />
			</extra>
			<respondent_lawyers>
				Mr.Abhinav Bhandari
			</respondent_lawyers>
			<extra>
				, Advocate
				<lb />
				on behalf of petitioners in Writ Petition No.5642/08,
				<lb />
				5645/08 and 5907/08.
				<lb />
			</extra>
			<extra>
				Mr.Poonam Chand Bhandari-petitioner, present
			</extra>
			<extra>
				-in-
				<lb />
				person.
				<lb />
			</extra>
			<respondent_lawyers>
				Mr.N.M.Lodha
			</respondent_lawyers>
			<extra>
				, Advocate General alongwith
				<lb />
			</extra>
			<respondent_lawyers>
				Mr.V.D.Dadhich
				<lb />
				)
				<lb />
				Dr. P.S.Bhati
			</respondent_lawyers>
			<extra>
				, Additional Advocate General alongwith
				<lb />
			</extra>
			<respondent_lawyers>
				Mr.S.S.Rathore )
				<lb />
				Mr.Manoj Bhandari
				<lb />
			</respondent_lawyers>
			<extra>
				), for the respondents.
				<lb />
			</extra>
			<petitioner_lawyers>
				Mr.P.P.Choudhary
			</petitioner_lawyers>
			<extra>
				, Senior Advocate with
				<lb />
			</extra>
			<petitioner_lawyers>
				Mr.Ankur Mathur
			</petitioner_lawyers>
			<extra>
				)
				<lb />
			</extra>
			<petitioner_lawyers>
				Mr. Ashok Chhangani
			</petitioner_lawyers>
			<extra>
				)
				<lb />
			</extra>
			<petitioner_lawyers>
				Mr.Sanjeev Johari )
				<lb />
				Dr.Sachin Acharya
				<lb />
				)
				<lb />
				Mr.Deelip Kawadia )
				<lb />
				Mr.Muktesh Maheshwari )
				<lb />
				Dr.Aklavya Bhansali
				<lb />
			</petitioner_lawyers>
			<extra>
				), for the applicants.
				<lb />
			</extra>
			<extra>
				BY THE COURT:(PER HON&apos;BLE SANGEET LODHA,J)
				<lb />
			</extra>
			<extra>
				Reportable
			</extra>
			<document_type>
				ORDER
				<lb />
			</document_type>
		</front>
	</text>
</tei>
