<?xml version="1.0"?>
<tei xml:space="preserve">
	<teiHeader>
		<fileDesc xml:id="47bd91dcf950c14728f1ab438a5ba640" />
	</teiHeader>
	<text xml:lang="en">
		<front>
			<extra>
				IN THE
			</extra>
			<court>
				HIGH COURT OF JUDICATURE AT BOMBAY
				<lb />
				ORDINARY ORIGINAL CIVIL JURISDICTION
				<lb />
			</court>
			<case_numbers>
				NOTICE OF MOTION
				<lb />
				(L) NO. 690 OF 2017
			</case_numbers>
			<extra>
				IN
				<lb />
			</extra>
			<case_numbers>
				SUIT(L) NO. 204 OF 2017.
				<lb />
			</case_numbers>
			<petitioner>
				Hindustan Unilever Limited
				<lb />
			</petitioner>
			<extra>
				)
				<lb />
				a Company incorporated under the Companies Act,1913, )
				<lb />
				having its Registered office at Unilever House, B.D. Sawant )
				<lb />
				Marg, Chakala, Andheri (East), Mumbai-400 099
				<lb />
				)
			</extra>
			<extra>
				...Applicant
				<lb />
				(Orig. Plaintiff )
				<lb />
			</extra>
			<extra>
				In the matter between:
				<lb />
			</extra>
			<petitioner>
				Hindustan Unilever Limited )
				<lb />
			</petitioner>
			<extra>
				a Company incorporated under the Companies Act,1913, )
				<lb />
				having its Registered office at Unilever House, B.D. Sawant )
				<lb />
				Marg, Chakala, Andheri (East), Mumbai-400 099
				<lb />
			</extra>
			<extra>
				)...Plaintiff
				<lb />
			</extra>
			<extra>
				vs.
				<lb />
			</extra>
			<extra>
				1.
			</extra>
			<respondent>
				Gujarat Co-operative Milk Marketing Federation )
				<lb />
				Ltd.
			</respondent>
			<extra>
				, a co-operative society registered under the )
				<lb />
				Gujarat Co-operative Society Act, 1961, having its )
				<lb />
				Registered Office at Amul Dairy Road, Anand-388001 )
				<lb />
				and having its Zonal Office and carrying on business )
				<lb />
				at Rampart House, 4th floor, 22A-26A, K. Dubhash )
				<lb />
				Marg, Fort, Mumbai-400 023 )
			</extra>
			<extra>
				2.
			</extra>
			<respondent>
				FCB Ulka Advertising Pvt. Ltd.
				<lb />
			</respondent>
			<extra>
				)
			</extra>
			<extra>
				a Company incorporated under the Companies Act, )
				<lb />
				1956 and having its office /place of business at )
				<lb />
				4th floor, Nirmal Building, Barrister Rajni Patel Marg, )
				<lb />
				Nariman Point, Mumbai-400 021 )
			</extra>
			<extra>
				3.
			</extra>
			<respondent>
				Vadilal Industries Ltd. )
				<lb />
			</respondent>
			<extra>
				a Company incorporated under the Companies Act, )
				<lb />
				1956 and having its office/place of business at )
				<lb />
				Vadilal House, Near Navrangpura Rly. Crossing, )
				<lb />
				Navrangpura, Ahmedabad-9, Gujarat )
			</extra>
			<extra>
				4.
			</extra>
			<respondent>
				Vadilal Dairy International Limited
				<lb />
			</respondent>
			<extra>
				, )
			</extra>
			<extra>
				a Company incorporated under the Companies Act, )
				<lb />
				1956 and having its office/place of business at )
				<lb />
				Plot No. M-13, MIDC Industrial Area, Tarapur, )
				<lb />
				Boisar, Maharashtra-401 506
			</extra>
			<extra>
				<lb />
				)...Defendants
				<lb />
			</extra>
			<petitioner_lawyers>
				Mr. Virag Tulzapurkar
			</petitioner_lawyers>
			<extra>
				, Senior Advocate, along with
			</extra>
			<petitioner_lawyers>
				Dr. Birendra
				<lb />
				Saraf, Mr. Nishad Nadkarni, Mr. Vivek Ayyagari, Ms. Nupur
				<lb />
				Pandit, instructed by M/s. Khaitan &amp;
				<lb />
			</petitioner_lawyers>
			<extra>
				Co., for the Plaintiff.
				<lb />
			</extra>
			<respondent_lawyers>
				Mr. Ravi Kadam, Senior Advocate
			</respondent_lawyers>
			<extra>
				, along with
			</extra>
			<respondent_lawyers>
				Mr. Ashish Kamat,
				<lb />
				Mr. Pranit Nanavati, Mr. Vishal Maheshwari, Ms. Surabhi Singh
				<lb />
				and Mr. Bankim Gangar
			</respondent_lawyers>
			<extra>
				, instructed by
			</extra>
			<respondent_lawyers>
				M/s. Khaitan Legal
				<lb />
			</respondent_lawyers>
			<extra>
				Associates, for Defendant No.1.
				<lb />
			</extra>
			<respondent_lawyers>
				Mr. Hiren Kamod
			</respondent_lawyers>
			<extra>
				, instructed by
			</extra>
			<respondent_lawyers>
				Mr. Ashwin V. Sakalkar
				<lb />
			</respondent_lawyers>
			<extra>
				, for
				<lb />
				Defendant Nos. 3 and 4.
			</extra>
			<extra>
				CORAM:
			</extra>
			<judges>
				S. J. K ATHAWALLA, J.
				<lb />
			</judges>
			<extra>
				Judgment reserved on :
				<lb />
				28th April, 2017
				<lb />
			</extra>
			<extra>
				Judgment pronounced on :
			</extra>
			<judgement_date>
				16th June, 2017
			</judgement_date>
			<document_type>
				JUDGMENT
			</document_type>
		</front>
	</text>
</tei>
