<?xml version="1.0"?>
<tei xml:space="preserve">
	<teiHeader>
		<fileDesc xml:id="48717" />
	</teiHeader>
	<text xml:lang="en">
		<front>
			<lb />
			<extra>
				IN THE
			</extra>
			<court>
				HIGH COURT OF DELHI AT NEW DELHI
				<lb />
			</court>
			<extra>
				%
				<lb />
				Judgment delivered on:
			</extra>
			<judgement_date>
				16.05.2019
				<lb />
			</judgement_date>
			<extra>
				+
				<lb />
			</extra>
			<case_numbers>
				W.P.
				(C) 1163/2017 and CM APPL. 38867/2017
				<lb />
			</case_numbers>
			<petitioner>
				THE REGENTS OF THE UNIVERSITY
				<lb />
				OF CALIFORNIA
				<lb />
			</petitioner>
			<extra>
				..... Petitioner
				<lb />
			</extra>
			<extra>
				versus
				<lb />
			</extra>
			<respondent>
				UNION OF INDIA &amp; ORS.
				<lb />
			</respondent>
			<extra>
				..... Respondents
				<lb />
			</extra>
			<extra>
				Advocates who appeared in this case:
				<lb />
			</extra>
			<extra>
				For the Petitioner :
				<lb />
			</extra>
			<petitioner_lawyers>
				Mr Amit Sibal
				<lb />
			</petitioner_lawyers>
			<extra>
				, Senior Advocate with
				<lb />
			</extra>
			<petitioner_lawyers>
				Ms Archana Shanker, Mr Shrawan
				<lb />
				Chopra, Ms Prachi Agarwal, Mr Devinder
				<lb />
				Rawat, Mr Pundreek Dwivedi and
				<lb />
				Ms Ridhie Bajaj.
				<lb />
			</petitioner_lawyers>
			<extra>
				For the Respondents
				<lb />
				:
				<lb />
			</extra>
			<respondent_lawyers>
				Mr Kirtiman Singh
				<lb />
			</respondent_lawyers>
			<extra>
				, CGSC with Mr Waize
				<lb />
			</extra>
			<respondent_lawyers>
				Ali Noor and Ms Shruti
				<lb />
			</respondent_lawyers>
			<extra>
				Dutt for UOI.
				<lb />
			</extra>
			<respondent_lawyers>
				Mr Vishal Sudan and Ms Prachi Tiwari
				<lb />
			</respondent_lawyers>
			<extra>
				for R-3.
				<lb />
			</extra>
			<respondent_lawyers>
				Mr J. Sai Deepak, Mr Guru Narang and
				<lb />
				Mr Avinash K. Sharma
				<lb />
			</respondent_lawyers>
			<extra>
				, Advocates for R-5.
			</extra>
			<respondent_lawyers>
				Ms Bitika Sharma, Ms Mansee Teotia and
				<lb />
				Ms Lakshay Kaushik,
			</respondent_lawyers>
			<extra>
				Advocates for R-7.
				<lb />
			</extra>
			<extra>
				CORAM
				<lb />
			</extra>
			<judges>
				HON&apos;BLE MR JUSTICE VIBHU BAKHRU
				<lb />
			</judges>
			<document_type>
				JUDGMENT
			</document_type>
			<document_type>
				JUDGMENT
				<lb />
			</document_type>
		</front>
	</text>
</tei>
