<?xml version="1.0"?>
<tei xml:space="preserve">
	<teiHeader>
		<fileDesc xml:id="49874" />
	</teiHeader>
	<text xml:lang="en">
		<front>
			<extra>
				$~
				<lb />
				*
				<lb />
				IN THE
			</extra>
			<court>
				HIGH COURT OF DELHI AT NEW DELHI
				<lb />
			</court>
			<extra>
				Reserved on :
				
				30 th May, 2019
				<lb />
			</extra>
			<extra>
				Date of decision :
			</extra>
			<judgement_date>
				8 th July, 2019
				<lb />
			</judgement_date>
			<extra>
				+
				<lb />
			</extra>
			<case_numbers>
				CS (OS) 410/2018
				<lb />
			</case_numbers>
			<petitioner>
				AMWAY INDIA ENTERPRISES PVT. LTD.
				<lb />
			</petitioner>
			<extra>
				…...Plaintiff
				<lb />
			</extra>
			<extra>
				Through:
				<lb />
			</extra>
			<petitioner_lawyers>
				Mr. Sudhir Chandra
			</petitioner_lawyers>
			<extra>
				, Senior Advocate
				<lb />
				with
			</extra>
			<petitioner_lawyers>
				Mr. Sohan Singh Rana, Mrs.
				<lb />
				Bindra Rana, Ms. Priya Adlakha, Ms.
				<lb />
				Tulip De &amp; Mr. Ashish Sharma, Ms.
				<lb />
				Ruhee
				<lb />
				Passi
				<lb />
			</petitioner_lawyers>
			<extra>
				,
				Advocates.
				<lb />
				(M:9818202368)
				<lb />
			</extra>
			<extra>
				versus
				<lb />
			</extra>
			<respondent>
				1MG TECHNOLOGIES PVT. LTD. &amp; ANR.
				<lb />
			</respondent>
			<extra>
				.....Defendants
				<lb />
			</extra>
			<extra>
				Through:
				<lb />
			</extra>
			<respondent_lawyers>
				Mr. Sagar Chandra, Ms. Ishani
				<lb />
				Chandra and Ms. Shubhie Wahi
				<lb />
			</respondent_lawyers>
			<extra>
				,
				Advocates for D-1 (M:8130910708)
				<lb />
			</extra>
			<respondent_lawyers>
				Mr. Sudarshan Rajan and Mr. Ramesh
				<lb />
				Rawat
				<lb />
			</respondent_lawyers>
			<extra>
				,
				Advocates
				<lb />
				for
				<lb />
				D-2.
				<lb />
				(M:9990865829) WITH
				<lb />
			</extra>
			<case_numbers>
				+
				<lb />
				CS (OS) 453/2018
				<lb />
			</case_numbers>
			<petitioner>
				AMWAY INDIA ENTERPRISES PVT. LTD.
				<lb />
			</petitioner>
			<extra>
				…...Plaintiff
				<lb />
			</extra>
			<extra>
				Through:
				<lb />
			</extra>
			<petitioner_lawyers>
				Mr. Sudhir Chandra
			</petitioner_lawyers>
			<extra>
				, Senior Advocate
				<lb />
				with
			</extra>
			<petitioner_lawyers>
				Mr. Sohan Singh Rana, Mrs.
				<lb />
				Bindra Rana, Ms. Priya Adlakha, Ms.
				<lb />
				Tulip De &amp; Mr. Ashish Sharma, Ms.
				<lb />
				Ruhee
				<lb />
				Passi
				<lb />
			</petitioner_lawyers>
			<extra>
				,
				Advocates.
				<lb />
				(M:9818202368)
			</extra>
			<extra>
				versus
				<lb />
			</extra>
			<respondent>
				ADINATH ENTERPRISES &amp; ORS.
				<lb />
			</respondent>
			<extra>
				.....Defendants
				<lb />
			</extra>
			<extra>
				Through:
				<lb />
			</extra>
			<respondent_lawyers>
				Mr. Siddharth Batra, Ms. Garima
				<lb />
				Sehgal and Mr. Vishwajeet Arora
				<lb />
			</respondent_lawyers>
			<extra>
				,
				Advocates for D-2 &amp; 3.
				<lb />
			</extra>
			<respondent_lawyers>
				Mr. Prateek Tewari
				<lb />
			</respondent_lawyers>
			<extra>
				, Advocate for D-8
				<lb />
				(M-8800576518)
				<lb />
			</extra>
			<respondent_lawyers>
				Mr.
				<lb />
				Dayan
				<lb />
				Krishnan,
				<lb />
				Senior
				<lb />
				Advocate, with Mr. Nitin Sharma,
				<lb />
				Mr. Sanjeev Seshadri &amp; Ms. Disha
				<lb />
				Sharma
				<lb />
			</respondent_lawyers>
			<extra>
				,
				Advocates
				<lb />
				for
				<lb />
				D-9.
				<lb />
				(M:9810621272) WITH
				<lb />
			</extra>
			<extra>
				+
				<lb />
			</extra>
			<case_numbers>
				CS (OS) 480/2018
				<lb />
			</case_numbers>
			<petitioner>
				AMWAY INDIA ENTERPRISES PVT. LTD.
				<lb />
			</petitioner>
			<extra>
				…...Plaintiff
				<lb />
			</extra>
			<extra>
				Through:
				<lb />
			</extra>
			<petitioner_lawyers>
				Mr. Rajiv Nayar
			</petitioner_lawyers>
			<extra>
				, Senior Advocate,
				<lb />
				with
			</extra>
			<petitioner_lawyers>
				Ms. Priya Kumar, Mr. C.D.
				<lb />
				Mulherkar, Mr. Shailabh Tiwari, Mr.
				<lb />
				Tejas Chhabra and Mr. Chanakya
				<lb />
				Diwedi
			</petitioner_lawyers>
			<extra>
				,
				Advocates (M:9716989180)
				<lb />
			</extra>
			<extra>
				versus
				<lb />
			</extra>
			<respondent>
				PIONEERING PRODUCTS AND ORS.
				<lb />
			</respondent>
			<extra>
				.....Defendants
				<lb />
			</extra>
			<extra>
				Through:
			</extra>
			<respondent_lawyers>
				Mr. Sandeep Sethi
			</respondent_lawyers>
			<extra>
				, Senior Advocate,
				<lb />
				with
			</extra>
			<respondent_lawyers>
				Mr. Prince Pawaiya, Ms. Prema
				<lb />
				Arora, Ms. Peri Surya Yashodhara
				<lb />
				and Mr. Karan Chopra
			</respondent_lawyers>
			<extra>
				,
				Advocates,
				<lb />
				GNP Legal, for Defendant no.3
				<lb />
				(9549124005)
				<lb />
			</extra>
			<respondent_lawyers>
				Mr. Saikrishna Rajagopal, Ms. Sneha
				<lb />
				Jain, Ms. Savni Dutt, Mr. Devvrat
				<lb />
				Joshi, Ms. Nilofar Absar and Ms.
				<lb />
				Abhiti Vachher
			</respondent_lawyers>
			<extra>
				, Advocates, for
				<lb />
				Defendant no.4. (9810621272)
				<lb />
			</extra>
			<respondent_lawyers>
				Ms. Amita Gupta
				<lb />
			</respondent_lawyers>
			<extra>
				, Advocate, for
				<lb />
				Defendant No.1 (9900064366) WITH
				<lb />
			</extra>
			<extra>
				+
				<lb />
			</extra>
			<case_numbers>
				CS (OS) 531/2018
				<lb />
			</case_numbers>
			<petitioner>
				AMWAY INDIA ENTERPRISES PVT. LTD.
				<lb />
			</petitioner>
			<extra>
				…...Plaintiff
				<lb />
			</extra>
			<extra>
				Through:
				<lb />
			</extra>
			<petitioner_lawyers>
				Ms. Priya Kumar, Mr. Shailabh
				<lb />
				Tiwari, Mr. C.D. Mulherkar, Mr.
				<lb />
				Tejas Chhabra, Mr. Chanakya
				<lb />
				Diwedi,
				<lb />
				Mr.
				<lb />
				Anand
				<lb />
				Chichra
				<lb />
			</petitioner_lawyers>
			<extra>
				Advocates.
				<lb />
			</extra>
			<extra>
				versus
				<lb />
			</extra>
			<respondent>
				FLIPKART INTERNET PVT. LTD AND ORS.
				<lb />
			</respondent>
			<extra>
				.....Defendants
				<lb />
			</extra>
			<extra>
				Through:
			</extra>
			<respondent_lawyers>
				Mr.
				<lb />
				Darpan
				<lb />
				Wadhwa,
				<lb />
			</respondent_lawyers>
			<extra>
				Senior
				<lb />
				Advocate with Mr. Ankur Sangal,
				<lb />
			</extra>
			<respondent_lawyers>
				Ms. Sucheta Roy
				<lb />
			</respondent_lawyers>
			<extra>
				, Advocates for D-1
				<lb />
			</extra>
			<extra>
				(M:9654592881) WITH
				<lb />
			</extra>
			<extra>
				+
				<lb />
			</extra>
			<case_numbers>
				CS (OS) 550/2018
				<lb />
			</case_numbers>
			<petitioner_lawyers>
				AMWAY INDIA ENTERPRISES PVT. LTD.
				<lb />
			</petitioner_lawyers>
			<extra>
				…...Plaintiff
				<lb />
			</extra>
			<extra>
				Through:
				<lb />
			</extra>
			<petitioner_lawyers>
				Mr. Sudhir Chandra, Senior Advocate
				<lb />
				with Mr. Sohan Singh Rana, Mrs.
				<lb />
				Bindra Rana, Ms. Priya Adlaka, Ms.
				<lb />
				Tulip De &amp; Mr. Ashish Sharma, Ms.
				<lb />
				Ruhee
				<lb />
				Passi
				<lb />
			</petitioner_lawyers>
			<extra>
				,
				Advocates.
				<lb />
				(M:9818202368)
				<lb />
			</extra>
			<extra>
				versus
				<lb />
			</extra>
			<respondent>
				BRIGHT LIFECARE PVT. LTD. &amp; ANR.
				<lb />
			</respondent>
			<extra>
				.....Defendants
				<lb />
			</extra>
			<extra>
				Through:
				<lb />
			</extra>
			<respondent_lawyers>
				Mr. Sagar Chandra, Ms. Ishani
				<lb />
				Chandra and Ms. Shubhie Wahi,
				<lb />
			</respondent_lawyers>
			<extra>
				Advocates for D-1 (M:8130910708)
				<lb />
			</extra>
			<respondent_lawyers>
				Mr. Sudarshan Rajan and Mr. Ramesh
				<lb />
				Rawat,
				<lb />
			</respondent_lawyers>
			<extra>
				Advocates
				<lb />
				for
				<lb />
				D-2.
				<lb />
				(M:9990865829)
				<lb />
			</extra>
			<extra>
				WITH
				<lb />
			</extra>
			<extra>
				+
				<lb />
			</extra>
			<case_numbers>
				CS (OS) 75/2019
				<lb />
			</case_numbers>
			<petitioner>
				MODICARE LTD.
				<lb />
			</petitioner>
			<extra>
				…...Plaintiff
				<lb />
			</extra>
			<extra>
				Through:
				<lb />
			</extra>
			<petitioner_lawyers>
				Mr. Amit Sibal
				<lb />
			</petitioner_lawyers>
			<extra>
				, Senior Advocate with
				<lb />
			</extra>
			<petitioner_lawyers>
				Ms. Pooja Dodd, Mr. Saksham
				<lb />
				Dhingra, Mr. Vinay Tripathi, Ms.
				<lb />
				Aditi Menon and Mr. Aman Singhal,
				<lb />
			</petitioner_lawyers>
			<extra>
				Advocates (M:9811045646)
				<lb />
			</extra>
			<extra>
				versus
				<lb />
			</extra>
			<respondent>
				AMAZON SELLER SERVICES PRIVATE
				<lb />
				LIMITED &amp; ORS.
				<lb />
			</respondent>
			<extra>
				.....Defendants
				<lb />
			</extra>
			<extra>
				Through:
				<lb />
			</extra>
			<respondent_lawyers>
				Mr. Saikrishna Rajagopal, Mr.
				<lb />
				Sidharth Chopra, Ms. Sneha Jain, Ms.
				<lb />
				Savni Dutt, Mr. Devvrat Joshi, Ms.
				<lb />
				Nilofar Absar and Mr. Abhijit
				<lb />
				Vachher,
			</respondent_lawyers>
			<extra>
				Advocates for Defendant
				<lb />
				No.1 (M:9810621272) AND
				<lb />
			</extra>
			<extra>
				+
				<lb />
			</extra>
			<case_numbers>
				CS (OS) 91/2019
				<lb />
			</case_numbers>
			<petitioner>
				ORIFLAME INDIA PVT. LTD.
				<lb />
			</petitioner>
			<extra>
				…...Plaintiff
				<lb />
			</extra>
			<extra>
				Through:
				<lb />
			</extra>
			<petitioner_lawyers>
				Mr. Balbir Singh
			</petitioner_lawyers>
			<extra>
				, Senior Advocate,
				<lb />
				with
			</extra>
			<petitioner_lawyers>
				Mr. Mahesh B. Chhibber, Mr.
				<lb />
				Karan Chopra, Ms. Mehak Khanna &amp;
				<lb />
				Mr. S.N. Thyagrajan, Advocates
				<lb />
			</petitioner_lawyers>
			<extra>
				(M:9818430581)
				<lb />
			</extra>
			<extra>
				versus
				<lb />
			</extra>
			<respondent>
				DINENDER JAIN &amp; ORS.
				<lb />
			</respondent>
			<extra>
				.....Defendants
				<lb />
			</extra>
			<extra>
				Through:
				<lb />
			</extra>
			<respondent_lawyers>
				Mr. Jayant Mehta, Mr. Manav Kumar,
				<lb />
				Ms. Nupur &amp; Mr. Sajal Jain
			</respondent_lawyers>
			<extra>
				Advocate
				<lb />
				for D-2 (M:9810233743)
				<lb />
			</extra>
			<respondent_lawyers>
				Mr. Saikrishna Rajagopal, Mr.
				<lb />
				Sidharth Chopra, Ms. Sneha Jain, Ms.
				<lb />
				Savni Dutt, Mr. Devvrat Joshi, Ms.
				<lb />
				Nilofar Absar and Mr. Abhijit
				<lb />
				Vachher,
			</respondent_lawyers>
			<extra>
				Advocates for Defendant
				<lb />
				No.6 (M:9810621272)
				<lb />
			</extra>
			<respondent_lawyers>
				Mr. Waize Ali Noor (Central Govt.
				<lb />
				Pleader)
			</respondent_lawyers>
			<extra>
				for UOI (M:8527837602)
				<lb />
			</extra>
			<extra>
				CORAM:
				<lb />
			</extra>
			<judges>
				JUSTICE PRATHIBA M. SINGH
			</judges>
			<document_type>
				JUDGMENT
				<lb />
			</document_type>
		</front>
	</text>
</tei>
