<?xml version="1.0"?>
<tei xml:space="preserve">
	<teiHeader>
		<fileDesc xml:id="4991270" />
	</teiHeader>
	<text xml:lang="en">
		<front>
			<court>
				HIGH COURT OF JUDICATURE FOR RAJASTHAN AT JODHPUR
				<lb />
			</court>
			<case_numbers>
				S.B. Civil Writ Petition No. 17450/2018
				<lb />
			</case_numbers>
			<petitioner>
				M/s. Sri Ram Marble Company
			</petitioner>
			<extra>
				, Through Its Proprietor Vijay
				<lb />
				Ladha Son Of Late Shri Satya Narayan Ladha, Aged 48 Years, By
				<lb />
				Caste Maheshwari, Resident Of Ramdeora Mohalla, Tehsil
				<lb />
				Makrana, Dist.-Nagaur (Raj.).
				<lb />
				----Petitioner Versus
				<lb />
				1.
				<lb />
			</extra>
			<respondent>
				Ajmer Vidhyut Vitran Nigam Limited
			</respondent>
			<extra>
				, Through Its
				<lb />
				Chairman And Managing Director, Avvnl, Ajmer (Raj.).
				<lb />
				2.
				<lb />
			</extra>
			<respondent>
				Corporate Level Grievance Redressal Cum Settlement
				<lb />
				Forum
			</respondent>
			<extra>
				, Through Its Chairman And Managing Director,
				<lb />
				Ajmer Vidhyut Vitran Nigam Limited.
				<lb />
				3.
				<lb />
			</extra>
			<respondent>
				Superintending Engineer, Ajmer Vidhyut Vitran Nigam
				<lb />
				Limited, Nagaur.
				<lb />
			</respondent>
			<extra>
				4.
				<lb />
			</extra>
			<respondent>
				Executive Engineer, (O And M), Ajmer Vidhyut Vitran
				<lb />
				Nigam Limited Makrana, Dist.-Nagaur.
				<lb />
			</respondent>
			<extra>
				5.
				<lb />
			</extra>
			<respondent>
				Assistant Engineer (City), Ajmer Vidhyut Vitran Nigam
				<lb />
				Limited, Makrana, Dist.-Nagaur (Raj.).
				<lb />
			</respondent>
			<extra>
				----Respondents
				<lb />
				For Petitioner(s)
				<lb />
				:
			</extra>
			<petitioner_lawyers>
				Mr. Piyush Bhandari
				<lb />
			</petitioner_lawyers>
			<extra>
				For Respondent(s)
				<lb />
				:
			</extra>
			<respondent_lawyers>
				Mr. Dhanesh Sarswat
				<lb />
			</respondent_lawyers>
			<judges>
				HON&apos;BLE DR. JUSTICE PUSHPENDRA SINGH BHATI
			</judges>
			<document_type>
				Order
				<lb />
			</document_type>
			<judgement_date>
				02/05/2019
			</judgement_date>
		</front>
	</text>
</tei>
