<?xml version="1.0"?>
<tei xml:space="preserve">
	<teiHeader>
		<fileDesc xml:id="5156048" />
	</teiHeader>
	<text xml:lang="en">
		<front>
			<lb />
			<court>
				HIGH COURT OF JUDICATURE FOR RAJASTHAN AT JODHPUR
				<lb />
			</court>
			<case_numbers>
				S.B.Writ Review No. 97 / 2013
				<lb />
			</case_numbers>
			<extra>
				1.
				<lb />
			</extra>
			<petitioner>
				State of Rajasthan through the Secretary, Ground Water
				<lb />
				Department, Government of Rajasthan, Jaipur.
				<lb />
			</petitioner>
			<petitioner>
				2.
				<lb />
			</petitioner>
			<petitioner>
				The Chief Engineer, Ground Water Department, Jodhpur.
				<lb />
			</petitioner>
			<extra>
				3.
				<lb />
			</extra>
			<petitioner>
				The
				<lb />
				Superintendent
				<lb />
				(Hydrogeology),
				<lb />
				Ground
				<lb />
				Water
				<lb />
				Department, Udaipur.
				<lb />
			</petitioner>
			<extra>
				4.
				<lb />
			</extra>
			<petitioner>
				The
				<lb />
				Senior
				<lb />
				Hydrogeologist
				<lb />
				(Survery
				<lb />
				&amp;
				<lb />
				Research),
				<lb />
				Chittorgarh.
				<lb />
			</petitioner>
			<extra>
				----Petitioner Versus
				<lb />
			</extra>
			<respondent>
				Ashok Kumar Bhandari
			</respondent>
			<extra>
				S/o Late Shri Nand Lal Bhandari, R/o 3-C-
				<lb />
				04, RC Vyas Colony, Bhilwara, Working as Technical Assistant
				<lb />
				(Hydrogeology), Ground Water Department,
				<lb />
				----Respondent _____________________________________________________
				<lb />
				For Petitioner(s) :
			</extra>
			<petitioner_lawyers>
				Mr. K.L. Thakur, AAG with
				<lb />
				Mr. K.L. Bishnoi, Asst to AAG
				<lb />
			</petitioner_lawyers>
			<extra>
				For Respondent(s) :
			</extra>
			<respondent_lawyers>
				Mr. Ashok Choudhary
			</respondent_lawyers>
			<extra>
				,. _____________________________________________________
				<lb />
			</extra>
			<judges>
				HON&apos;BLE MR. JUSTICE GOPAL KRISHAN VYAS
			</judges>
			<document_type>
				Order
				<lb />
			</document_type>
			<judgement_date>
				27/01/2017
			</judgement_date>
		</front>
	</text>
</tei>
