<?xml version="1.0"?>
<tei xml:space="preserve">
	<teiHeader>
		<fileDesc xml:id="5284897" />
	</teiHeader>
	<text xml:lang="en">
		<front>
			<extra>
				IN THE
			</extra>
			<court>
				HIGH COURT OF JUDICATURE FOR
				<lb />
				RAJASTHAN AT JODHPUR
				<lb />
			</court>
			<extra>
				:
			</extra>
			<document_type>
				ORDER
				<lb />
			</document_type>
			<extra>
				:
			</extra>
			<case_numbers>
				S.B. CIVIL MISC. APPLICATION NO.78/2016 IN
				<lb />
				S.B. CIVIL MISC. APPEAL NO.672/2002
				<lb />
			</case_numbers>
			<extra>
				APPELLANT:-
				<lb />
			</extra>
			<extra>
				1.
				<lb />
			</extra>
			<petitioner>
				Mohni
			</petitioner>
			<extra>
				W/o Shivji Ram, Age-Major.
				<lb />
			</extra>
			<extra>
				2.
				<lb />
			</extra>
			<petitioner>
				Shivji Ram
			</petitioner>
			<extra>
				S/o Harsukh Ram, Age-Major.
				<lb />
			</extra>
			<extra>
				3.
				<lb />
			</extra>
			<petitioner>
				Mewa Ram
			</petitioner>
			<extra>
				S/o Shivji Ram, Age-14 years.
				<lb />
			</extra>
			<extra>
				4.
				<lb />
			</extra>
			<petitioner>
				Chhotu
			</petitioner>
			<extra>
				D/o Shivji Ram, Age-16 years.
				<lb />
				All By Caste-Jat, Resident of Village Meghadand,
				<lb />
				Tehsil-Merta, District-Nagaur.
				<lb />
				Appellants no. 3&amp;4 minors through their natural
				<lb />
				guardian-father Shivji Ram, Jat (Appellant No.2).
				<lb />
			</extra>
			<extra>
				(Claimants)
				<lb />
			</extra>
			<extra>
				VERSUS
			</extra>
			<extra>
				RESPONDENTS:-
				<lb />
			</extra>
			<extra>
				1.
				<lb />
			</extra>
			<respondent>
				Rajendra Praasad
			</respondent>
			<extra>
				@ Raju S/o Tulsi Ram, By
				<lb />
				Caste-Bavri,
				<lb />
				Residence
				<lb />
				of Bidiyad,
				<lb />
				Tehsil-
				<lb />
				Parbatsar, District-Nagaur.
				<lb />
			</extra>
			<extra>
				2.
				<lb />
			</extra>
			<respondent>
				Sugan Chand
			</respondent>
			<extra>
				S/o Heeralal, By Caste-Saini,
				<lb />
				Residence of Bidiyad, Tehsil-Parbatsar, District-
				<lb />
				Nagaur.
				<lb />
			</extra>
			<extra>
				3.
			</extra>
			<respondent>
				Radhey Shyam
			</respondent>
			<extra>
				S/o Prem Raj, By Caste-Saini,
				<lb />
				Residence of Bidiyad, Tehsil-Parbatsar, DistrictNagaur.
				<lb />
			</extra>
			<extra>
				4.
			</extra>
			<respondent>
				The New India Insurance Company Ltd.
			</respondent>
			<extra>
				through
				<lb />
				Manager, Naya Darwaja Road, Nagaur.
				<lb />
			</extra>
			<extra>
				Date of
			</extra>
			<document_type>
				Order
				<lb />
			</document_type>
			<extra>
				::
			</extra>
			<judgement_date>
				02.09.2016
				<lb />
			</judgement_date>
			<extra>
				PRESENT
				<lb />
			</extra>
			<judges>
				HON'BLE MR. JUSTICE ARUN BHANSALI
				<lb />
			</judges>
			<petitioner_lawyers>
				Mr. Anil Bachhawat
				<lb />
			</petitioner_lawyers>
			<extra>
				, for the applicant-Insurer.
				<lb />
			</extra>
			<respondent_lawyers>
				Mr. J.R. Choudhary
			</respondent_lawyers>
			<extra>
				, for the claimants.
				<lb />
			</extra>
		</front>
	</text>
</tei>
