<?xml version="1.0"?>
<tei xml:space="preserve">
	<teiHeader>
		<fileDesc xml:id="53118" />
	</teiHeader>
	<text xml:lang="en">
		<front>
			<extra>
				*
				<lb />
				IN THE
			</extra>
			<court>
				HIGH COURT OF DELHI AT NEW DELHI
				<lb />
			</court>
			<extra>
				Reserved on:
				<lb />
				21.10.2020
				<lb />
			</extra>
			<extra>
				Pronounced on:
			</extra>
			<judgement_date>
				17.11.2020
				<lb />
			</judgement_date>
			<case_numbers>
				<lb />
				W.P. (C) 4114/2020 &amp; CM No. 14769/2020
				<lb />
			</case_numbers>
			<petitioner>
				DR. PRADEEP SHINDE &amp; ORS.
				<lb />
			</petitioner>
			<extra>
				..... Petitioners
				<lb />
			</extra>
			<extra>
				Through:
				<lb />
			</extra>
			<petitioner_lawyers>
				Mr. Akhil Sibal
			</petitioner_lawyers>
			<extra>
				, Sr. Advocate
				<lb />
				with
			</extra>
			<petitioner_lawyers>
				Mr. Maanav Kumar, Ms.
				<lb />
				Roshni Namboodiry, Ms. Nitya
				<lb />
				Gupta, Ms. Sonali Malik and Ms.
				<lb />
				Nupur,
			</petitioner_lawyers>
			<extra>
				Advocates.
				<lb />
			</extra>
			<extra>
				versus
				<lb />
			</extra>
			<respondent>
				JAWAHARLAL NEHRU UNIVERSITY THROUGH:
				<lb />
				ITS VICE CHANCELLOR &amp; ANR.
				<lb />
			</respondent>
			<extra>
				..... Respondents
				<lb />
			</extra>
			<extra>
				Through:
				<lb />
			</extra>
			<respondent_lawyers>
				Ms. Monika Arora
			</respondent_lawyers>
			<extra>
				, Standing
				<lb />
				Counsel with
			</extra>
			<respondent_lawyers>
				Ms. Ankita Shah,
				<lb />
			</respondent_lawyers>
			<extra>
				Advocate for R-1.
				<lb />
			</extra>
			<respondent_lawyers>
				Mr. Ajay Digpaul, CGSC and Mr.
				<lb />
				Kamal R. Digpaul
			</respondent_lawyers>
			<extra>
				Advocate for
				<lb />
				UOI.
				<lb />
			</extra>
			<judges>
				CORAM:
				<lb />
			</judges>
			<document_type>
				JUDGEMENT
				<lb />
			</document_type>
		</front>
	</text>
</tei>
