<?xml version="1.0"?>
<tei xml:space="preserve">
	<teiHeader>
		<fileDesc xml:id="540883" />
	</teiHeader>
	<text xml:lang="en">
		<front>
			<extra>
				IN THE
			</extra>
			<court>
				HIGH COURT OF JUDICATURE AT MADRAS
				<lb />
			</court>
			<extra>
				Dated:
			</extra>
			<judgement_date>
				13.11.2018
				<lb />
			</judgement_date>
			<extra>
				CORAM
				<lb />
				THE
			</extra>
			<judges>
				HON&apos;BLE MR.JUSTICE M.SUNDAR
				<lb />
			</judges>
			<case_numbers>
				C.S.No.445 of 2016
				<lb />
			</case_numbers>
			<petitioner>
				B.Kishore Jain,
				<lb />
				Trading as
				<lb />
				Khazana Jewellery,
				252A, TTK Road, Alwarpet,
				<lb />
				Chennai-600 018.
				<lb />
			</petitioner>
			<extra>
				..Plaintiff
				<lb />
			</extra>
			<extra>
				Vs.
				<lb />
			</extra>
			<respondent>
				Mr Waseem Jawaid
				<lb />
				The KHAZANA Imitation JEWELLERY and Bags
				<lb />
			</respondent>
			<extra>
				2 nd Floor, Dasapalla,
				<lb />
				Chitralaya Cine Mall
				<lb />
				Surya Bagh
				<lb />
				Visakhapatnam-20
				<lb />
			</extra>
			<extra>
				.. Defendant
				<lb />
			</extra>
			<extra>
				This Civil Suit is preferred, under Order IV Rule 1 of Madras High
				<lb />
				Court O.S. Rules read with Order VII Rule 1 of Civil Procedure Code, read
				<lb />
				with Sections 27, 28, 29, 134 and 135 of the Trademarks Act, 1999 and
				<lb />
				praying to
				<lb />
				a) A permanent injunction restraining the Defendant, his partners,
				<lb />
				men, agents, servants, assigns, successor-in-business, legal representatives
				<lb />
				or anyone claiming through or under him from in any manner infringing the
				<lb />
				plaintiff&apos;s Register Trade KHAZANA Jewellery bearing under No.544884
				<lb />
				registered trade mark in class 14 by use of the KHAZANA Imitation
				<lb />
				JEWELLERY and Bags as a trademark and/or as part of trade name/trading
				<lb />
				style or by use of any other trade mark/ trade name containing the word 3
				<lb />
			</extra>
			<extra>
				For Plaintiff
				<lb />
				:
			</extra>
			<petitioner_lawyers>
				Mr.D.Nagesh Babu
				<lb />
			</petitioner_lawyers>
			<extra>
				for
				<lb />
				Mr.R.Subramanian
				<lb />
			</extra>
			<extra>
				For Defendant :
			</extra>
			<respondent_lawyers>
				Set ex-parte
				<lb />
			</respondent_lawyers>
			<document_type>
				JUDGMENT
				<lb />
			</document_type>
		</front>
	</text>
</tei>
