<?xml version="1.0"?>
<tei xml:space="preserve">
	<teiHeader>
		<fileDesc xml:id="562351" />
	</teiHeader>
	<text xml:lang="en">
		<front>
			<extra>
				IN THE
			</extra>
			<court>
				HIGH COURT OF JUDICATURE AT MADRAS
				<lb />
			</court>
			<extra>
				Dated:
			</extra>
			<judgement_date>
				21.12.2018
				<lb />
			</judgement_date>
			<extra>
				CORAM
				<lb />
				THE
			</extra>
			<judges>
				HON&apos;BLE MR.JUSTICE M.SUNDAR
				<lb />
			</judges>
			<case_numbers>
				C.S.No.414 of 2017
				<lb />
				and O.A.Nos.564 to 566 of 2017
				<lb />
			</case_numbers>
			<petitioner>
				M/s.Apex Laboratories Pvt. Ltd.
			</petitioner>
			<extra>
				,
				<lb />
				29, IIIrd Floor, SIDCO Garment Complex,
				<lb />
				Guindy, Chennai -600 032.
				<lb />
			</extra>
			<extra>
				.. Plaintiff
				<lb />
			</extra>
			<extra>
				Vs.
				<lb />
			</extra>
			<respondent>
				Dr.Ajaat Shatru
			</respondent>
			<extra>
				,
				<lb />
				trading as Sidpha Laboratories,
				<lb />
				Rameshwari Pariser,
				<lb />
				Rampur Road,
				<lb />
				Patna -800 006
			</extra>
			<lb />
			<extra>
				.. Defendant
				<lb />
				This Civil Suit is preferred, under Order VII Rule -1 of Civil Procedure
				<lb />
				Code, 1908 and Order IV Rule 1 of O.S Rules of the Madras High Court, read
				<lb />
				with Sections 27, 28, 29, 134, 135 of the Trademarks Act, 1999 and Sections
				<lb />
				51, 55, 62 of the Copyrights Act, 1957, praying to;
				<lb />
				a) For a permanent injunction restraining the Defendants, by itself,
				<lb />
				its partners, men, servants, agents, distributors, stockiest, representatives
				<lb />
				or any one claiming through or under them from in any manner infringing
				<lb />
				the plaintiff&apos;s registered trademarks ZINCOVIT by using an identical
				<lb />
				trademark ZINCOVIT as part of their trademark or any other trademark
				<lb />
				deceptively similar to the plaintiff&apos;s registered trademarks with the 7 colour
			</extra>
			<extra>
				strips label or in any other manner whatsoever;
				<lb />
				b) For a permanent injunction restraining the Defendant, by itself, its
				<lb />
				partners, men, servants, agents, distributors, stockiest, representatives or
				<lb />
				any one claiming through or under them from in any manner committing
				<lb />
				acts of copyright infringement by using, in the course of trade,
				<lb />
				labels/artistic works which are a substantial reproduction of plaintiffs'
				<lb />
				registered copyright Under Nos. A-112788/2014 and A-112789/2014 or such
				<lb />
				other registered copyrights in colour scheme, get up and layout for their
				<lb />
				ZINCOVIT syrup, drops tablets etc., or in any other manner whatsoever;
				<lb />
				c) For a permanent injunction restraining the Defendants, by itself,
				<lb />
				its partners, men, servants, agents, distributors, stockiest, representatives
				<lb />
				or any one claiming through or under them from in any manner passing off
				<lb />
				and/or enabling others to pass off the Defendants' products under the
				<lb />
				trademark ZINCOVIT as and for the plaintiffs' products by manufacturing,
				<lb />
				selling, or offering to sell, distributing, displaying, printing, stocking, using,
				<lb />
				advertising their products with a trademark and/or label or artistic work
				<lb />
				that is identical in colour scheme, get up and layout with that of the
				<lb />
				plaintiff's ZINCOVIT trademark or artistic work or in any manner
				<lb />
				whatsoever;
				<lb />
				d) To the defendants be ordered to surrender to plaintiffs for
				<lb />
				destruction of all products, labels, cartons, dyes, blocks, moulds, screen
				<lb />
				prints, packing materials and other materials bearing the trademark
				<lb />
				ZINCOVIT label or any mark deceptively similar to plaintiffs' trademark and
				<lb />
				artistic work ZINCOVIT label.
				<lb />
				e) For a preliminary decree be passed in favour of the plaintiffs
				<lb />
				directing the Defendants to render account of profits made by use of
				<lb />
				trademark and copyright in the artistic work ZINCOVIT label and a final
				<lb />
				decree be passed in favour of the Plaintiffs for the amount of profits thus
				<lb />
				found to have been made by the Defendants after the latter have rendered
			</extra>
			<extra>
				accounts;
				<lb />
				f) for damages of Rs.25,00,000/-.
				<lb />
				g) for costs of the suit; and
				<lb />
				h) pass such further or other reliefs as this Court may deem fit and
				<lb />
				necessary in the circumstances of the case and thereby render justice.
				<lb />
				For Plaintiff :
			</extra>
			<petitioner_lawyers>
				Mr.R.Sathish Kumar
			</petitioner_lawyers>
			<lb />
			<extra>
				For Defendants :
			</extra>
			<respondent_lawyers>
				No appearance
			</respondent_lawyers>
			<lb />
			<document_type>
				JUDGMENT
			</document_type>
			<lb />
		</front>
	</text>
</tei>
