<?xml version="1.0"?>
<tei xml:space="preserve">
	<teiHeader>
		<fileDesc xml:id="5691690" />
	</teiHeader>
	<text xml:lang="en">
		<front>
			<court>
				HIGH COURT OF JUDICATURE FOR RAJASTHAN BENCH AT JAIPUR
				<lb />
			</court>
			<case_numbers>
				S.B. Civil Writ Petition No. 5863 / 2017
				<lb />
			</case_numbers>
			<petitioner>
				Om Prakash Bairwa
			</petitioner>
			<extra>
				S/o Late Shri Nanag Ram Bairwa, by Caste
				<lb />
				Bairwa,, Aged About 43 Years, Plot No. 247, Raghunathpuri IInd,
				<lb />
				Near Airport, Sanganer, Jaipur, Rajasthan
				<lb />
				----Petitioner Versus
				<lb />
				1.
			</extra>
			<respondent>
				State of Rajasthan
				<lb />
			</respondent>
			<extra>
				Through Its Principal Secretary &amp;
				<lb />
				Commissioner, Panchayat Raj Department, Government of
				<lb />
				Rajasthan,, Secretariat, Jaipur
				<lb />
			</extra>
			<extra>
				2.
			</extra>
			<respondent>
				Director, Primary Education Rajasthan,, Bikaner (Rajasthan)
				<lb />
			</respondent>
			<extra>
				3.
			</extra>
			<respondent>
				Additional Exam Controller &amp; Chief Executive Officer, Zila
				<lb />
				Parishad,, Karauli (Rajasthan)
				<lb />
			</respondent>
			<extra>
				4.
			</extra>
			<respondent>
				District Education Officer (Primary), Department of Education,,
				<lb />
				District Karauli, (Rajasthan)
				<lb />
			</respondent>
			<extra>
				----Respondents _____________________________________________________
				<lb />
				For Petitioner(s) :
			</extra>
			<petitioner_lawyers>
				Mr. Sudhindra Kumawat
				<lb />
			</petitioner_lawyers>
			<extra>
				For Respondent(s) :
			</extra>
			<respondent_lawyers>
				Mr. S.K. Gupta
			</respondent_lawyers>
			<extra>
				, AAG _____________________________________________________
				<lb />
			</extra>
			<judges>
				HON&apos;BLE MR. JUSTICE KANWALJIT SINGH AHLUWALIA
			</judges>
			<document_type>
				Judgment
				<lb />
			</document_type>
			<extra>
				21/04/2017
				<lb />
			</extra>
		</front>
	</text>
</tei>
