<?xml version="1.0"?>
<tei xml:space="preserve">
	<teiHeader>
		<fileDesc xml:id="57339" />
	</teiHeader>
	<text xml:lang="en">
		<front>
			<extra>
				$~
				<lb />
				*
				IN THE
			</extra>
			<lb />
			<court>
				HIGH COURT OF DELHI AT NEW DELHI
			</court>
			<extra>
				Reserved on:
				<lb />
				24 th March, 2021
				<lb />
			</extra>
			<extra>
				Decided on:
			</extra>
			<judgement_date>
				5 th April, 2021
				<lb />
			</judgement_date>
			<case_numbers>
				I.A. 12115/2020 in
				<lb />
			</case_numbers>
			<extra>
				+
				<lb />
			</extra>
			<case_numbers>
				CS(COMM) 553/2020
			</case_numbers>
			<lb />
			<petitioner>
				BRITANNIA INDUSTRIES LTD
				<lb />
			</petitioner>
			<extra>
				..... Plaintiff
				<lb />
			</extra>
			<extra>
				Through:
			</extra>
			<petitioner_lawyers>
				Mr. Sudhir Chandra
			</petitioner_lawyers>
			<extra>
				and
			</extra>
			<petitioner_lawyers>
				Mr.
				<lb />
				Sandeep Sethi
			</petitioner_lawyers>
			<extra>
				,
				Sr. Advs. assisted by
			</extra>
			<petitioner_lawyers>
				Mr.
				<lb />
				Sagar Chandra,
			</petitioner_lawyers>
			<petitioner_lawyers>
				Ms. Ishani Chandra
			</petitioner_lawyers>
			<extra>
				and
			</extra>
			<petitioner_lawyers>
				Ms.
				<lb />
				Shubhie Wahi,
			</petitioner_lawyers>
			<extra>
				Advs.
				<lb />
				versus
				<lb />
			</extra>
			<respondent>
				ITC LTD &amp; ORS.
				<lb />
			</respondent>
			<extra>
				..... Defendants
				<lb />
			</extra>
			<extra>
				Through:
			</extra>
			<respondent_lawyers>
				Mr. Sajan Poovayya
			</respondent_lawyers>
			<extra>
				,
				Sr. Adv.
				<lb />
				with
			</extra>
			<respondent_lawyers>
				Mr. Saikrishna Rajagopala,
				<lb />
				Mr. Sudeep
				<lb />
				Chatterjee,
			</respondent_lawyers>
			<respondent_lawyers>
				Ms. Nupur Lamba,
			</respondent_lawyers>
			<respondent_lawyers>
				Mr.
				<lb />
				Pratibhanu Singh
			</respondent_lawyers>
			<extra>
				and
			</extra>
			<respondent_lawyers>
				Mr.Kiratraj Sadana,
			</respondent_lawyers>
			<lb />
			<extra>
				Advs. for D-1
			</extra>
			<lb />
			<case_numbers>
				I.A. 12125/2020 in
				<lb />
			</case_numbers>
			<extra>
				+
				<lb />
			</extra>
			<case_numbers>
				CS(COMM) 554/2020
			</case_numbers>
			<lb />
			<petitioner>
				BRITANNIA INDUSTRIES LTD
			</petitioner>
			<lb />
			<extra>
				..... Plaintiff
				<lb />
			</extra>
			<extra>
				Through:
			</extra>
			<petitioner_lawyers>
				Mr. Jayant Mehta,
			</petitioner_lawyers>
			<extra>
				Sr. Adv. with
			</extra>
			<lb />
			<petitioner_lawyers>
				Mr. Sagar Chandra,
			</petitioner_lawyers>
			<petitioner_lawyers>
				Ms. Ishani Chandra
			</petitioner_lawyers>
			<extra>
				and
				<lb />
			</extra>
			<petitioner_lawyers>
				Ms. Shubhie Wahi,
			</petitioner_lawyers>
			<extra>
				Advs.
				<lb />
			</extra>
			<extra>
				versus
				<lb />
			</extra>
			<respondent>
				ITC LTD &amp; ORS.
				<lb />
			</respondent>
			<extra>
				..... Defendants
				<lb />
				Through:
			</extra>
			<respondent_lawyers>
				Mr. Sajan Poovayya
			</respondent_lawyers>
			<extra>
				Sr. Adv.
				<lb />
				with
			</extra>
			<respondent_lawyers>
				Mr. Sudeep Chatterjee
			</respondent_lawyers>
			<respondent_lawyers>
				Ms. Nupur
				<lb />
				Lamba,
			</respondent_lawyers>
			<respondent_lawyers>
				Mr. Pratibhanu Singh
			</respondent_lawyers>
			<extra>
				and
			</extra>
			<case_numbers>
				I.A. 12115/2020 in CS(COMM) 553/2020 &amp;
				<lb />
				I.A. 12125/2020 in CS(COMM) 554/2020
			</case_numbers>
			<respondent_lawyers>
				Mr. Kiratraj Sadana,
			</respondent_lawyers>
			<extra>
				Advs. for D-1
			</extra>
			<lb />
			<extra>
				CORAM:
				<lb />
			</extra>
			<judges>
				HON&apos;BLE MR. JUSTICE C.HARI SHANKAR
				<lb />
			</judges>
			<extra>
				%
			</extra>
			<lb />
			<document_type>
				J U D G M E N T
				<lb />
			</document_type>
			<lb />
		</front>
	</text>
</tei>
