<?xml version="1.0"?>
<tei xml:space="preserve">
	<teiHeader>
		<fileDesc xml:id="5932913" />
	</teiHeader>
	<text xml:lang="en">
		<front>
			<court>
				HIGH COURT OF JUDICATURE FOR RAJASTHAN AT JODHPUR
				<lb />
			</court>
			<case_numbers>
				D.B. Review Application No.59/2022
				<lb />
			</case_numbers>
			<extra>
				in
			</extra>
			<case_numbers>
				D.B. Criminal Reference No.2/2020
				<lb />
			</case_numbers>
			<petitioner>
				Sumit Singhal
			</petitioner>
			<extra>
				S/o Sh. Rajkumar Singhal, Aged About 29 Years,
				<lb />
				99, Kalali Mohalla, Chhotisadri, Dist. Pratapgarh At Presently
				<lb />
				Section-12, D-Block, Kudi Bhagtasni, Jodhpur.
				<lb />
			</extra>
			<extra>
				----Petitioner
			</extra>
			<extra>
				Versus
				<lb />
			</extra>
			<extra>
				1.
				<lb />
			</extra>
			<respondent>
				State
			</respondent>
			<extra>
				, Through Advocate General, Govt. Of Rajasthan,
				<lb />
				Jodhpur.
				<lb />
			</extra>
			<extra>
				2.
				<lb />
			</extra>
			<respondent>
				The Ragistrar General, Rajasthan High Court, Jodhpur.
				<lb />
			</respondent>
			<extra>
				3.
				<lb />
			</extra>
			<respondent>
				State Of Rajasthan
			</respondent>
			<extra>
				, Through Law Secretary, Dept. Of Law
				<lb />
				And Justice, Govt. Of Rajasthan, Sceretriate, Jaipur.
				<lb />
			</extra>
			<extra>
				4.
				<lb />
			</extra>
			<respondent>
				Union Of India
			</respondent>
			<extra>
				, Through Secretary, Ministry Of Law And
				<lb />
				Justice, New Delhi110001
				<lb />
			</extra>
			<extra>
				----Respondents
				<lb />
				For Petitioner(s)
				<lb />
				:
				<lb />
			</extra>
			<petitioner_lawyers>
				Mr. Sumit Singhal
			</petitioner_lawyers>
			<extra>
				, petitioner in person
				<lb />
				For Respondent(s) :
			</extra>
			<respondent_lawyers>
				Mr. R.R. Chhaparwal
			</respondent_lawyers>
			<extra>
				, P.P.
			</extra>
			<judges>
				<lb />
				HON&apos;BLE MR. JUSTICE SANDEEP MEHTA
				<lb />
				HON&apos;BLE MR. JUSTICE MANOJ KUMAR GARG
				<lb />
			</judges>
			<document_type>
				Order
			</document_type>
			<extra>
				Order pronounced on :
			</extra>
			<judgement_date>
				29/06/2022
				<lb />
			</judgement_date>
			<extra>
				Order Reserved on :
				26/05/2022
				<lb />
			</extra>
		</front>
	</text>
</tei>
