<?xml version="1.0" ?>
<tei xml:space="preserve">
	<teiHeader>
		<fileDesc xml:id="5978386"/>
	</teiHeader>
	<text xml:lang="en">
		<front>
<lb/>
	<court>HIGH COURT OF JUDICATURE FOR RAJASTHAN<lb/> BENCH AT JAIPUR<lb/></court>

	<case_numbers>S.B. Arbitration Application No. 95/2020<lb/></case_numbers>

	<petitioner>M/s Avvas Infotech Pvt. Ltd<lb/></petitioner>
	
	<extra>----Petitioner<lb/>
	Versus<lb/></extra>

	<respondent>Uidai<lb/></respondent>
	
	<extra>----Respondent<lb/>
	Connected With<lb/></extra>

	<case_numbers>S.B. Arbitration Application No. 96/2020<lb/></case_numbers>

	<petitioner>M/s Avvas Infotech Pvt. Ltd<lb/></petitioner>
	
	<extra>----Petitioner<lb/>
	Versus<lb/></extra>

	<respondent>Uidai<lb/></respondent>
	
	<extra>----Respondent<lb/></extra>

	<case_numbers>S.B. Arbitration Application No. 97/2020<lb/></case_numbers>

	<petitioner>M/s Avvas Infotech Pvt. Ltd<lb/></petitioner>
	
	<extra>----Petitioner<lb/>
	Versus<lb/></extra>

	<respondent>Uidai<lb/></respondent>
	
	<extra>----Respondent<lb/></extra>

	<case_numbers>S.B. Arbitration Application No. 98/2020<lb/></case_numbers>

	<petitioner>M/s Avvas Infotech Pvt. Ltd<lb/></petitioner>
	
	<extra>----Petitioner<lb/>
	Versus<lb/></extra>

	<respondent>Uidai<lb/></respondent>
	
	<extra>----Respondent<lb/></extra>

	<case_numbers>S.B. Arbitration Application No. 99/2020<lb/></case_numbers>

	<petitioner>M/s Avvas Infotech Pvt. Ltd<lb/></petitioner>
	
	<extra>----Petitioner<lb/>
	Versus<lb/></extra>

	<respondent>Uidai<lb/></respondent>
	
	<extra>----Respondent<lb/> For Petitioner(s) :</extra>

	<petitioner_lawyers>Mr. Ayush Singh<lb/> 
	Mr. Swapnil S.Sharma</petitioner_lawyers>
	
	<extra>for
	
	Mr. Punit Singhvi<lb/> 
		For Respondent(s) :</extra>

	<respondent_lawyers>Mr. Yashodhar Pandey</respondent_lawyers>
	
	<extra>for
	Mr. Anil<lb/> Mehta,AAG 
	for Respondent No.3<lb/></extra>

	<respondent_lawyers>Dr. Ganesh Parihar</respondent_lawyers>
	
	<extra>,AAG 
	with </extra>
	
	<respondent_lawyers>Mr.<lb/> Sameer Sharma</respondent_lawyers>
	
	<extra>for Respondent No.2<lb/></extra>

	<respondent_lawyers>Mr. Tahir Ashraf Siddiqui</respondent_lawyers>
	<extra>, for<lb/>
	Respondent No.1 (UIDAI)<lb/></extra>

		</front>
	</text>
</tei>
