<?xml version="1.0" ?>
<tei xml:space="preserve">
	<teiHeader>
		<fileDesc xml:id="5978408"/>
	</teiHeader>
	<text xml:lang="en">
		<front>
<lb/>
	<court>HIGH COURT OF JUDICATURE FOR RAJASTHAN<lb/> BENCH AT JAIPUR<lb/></court>

	<case_numbers>D.B. Civil Contempt Petition No. 562/2022<lb/></case_numbers>

	<petitioner>Dr. Madhulika Saxena</petitioner>
	<extra>D/o Late Shri Surendra Prasad Saxena<lb/> ----Petitioner<lb/>
	Versus<lb/></extra>

	<respondent>Shri Bhawani Singh Detha<lb/></respondent>
	<extra>----Respondent<lb/> 
	For Petitioner(s)<lb/> :</extra>

	<petitioner_lawyers>Mr. Ishwar Lal Jain<lb/></petitioner_lawyers>
	<extra>For Respondent(s) :<lb/></extra>

	<judges>HON&apos;BLE MR. JUSTICE PANKAJ BHANDARI<lb/> HON&apos;BLE MR. JUSTICE SAMEER JAIN<lb/></judges>

	<document_type>Judgment / Order<lb/></document_type>

	<judgement_date>05/08/2022<lb/></judgement_date>

		</front>
	</text>
</tei>
