<?xml version="1.0" ?>
<tei xml:space="preserve">
	<teiHeader>
		<fileDesc xml:id="5978403"/>
	</teiHeader>
	<text xml:lang="en">
		<front>
<lb/>
	<court>HIGH COURT OF JUDICATURE FOR RAJASTHAN<lb/> BENCH AT JAIPUR<lb/></court>

	<case_numbers>S.B. Civil First Appeal No.341/2016<lb/></case_numbers>

	<petitioner>Smt. Prem</petitioner>
	
	<extra>W/o Shri Sharwan, aged about 36 years, R/o Near<lb/> Poultry Farm, Khatipura, Jaipur<lb/>
	----Appellant/plaintiff<lb/> 
	Versus<lb/>
	1.</extra>

	<respondent>State Of Rajasthan</respondent>
	
	<extra>Through Secretary, Medical And<lb/> 
	Health Department, Govt. Secretariat, Jaipur<lb/>
	2.</extra>

	<respondent>Dr. Prabha Luhadiya</respondent>
	
	<extra>Through Janana Hospital, Chandpole<lb/> 
	Bazar, Jaipur<lb/>
	3.</extra>

	<respondent>Dr. Nupur</respondent>
	
	<extra>, Assistant Professor, Through Janana Hospital,<lb/> Chandpole Bazar, Jaipur<lb/> 
	4.</extra>

	<respondent>Dr. Shasha</respondent>
	
	<extra>, D.g.o. Resident, Through Janana Hospital,<lb/>
	Chandpole Bazar, Jaipur<lb/>
	----Respondents/defendants<lb/> 
	For Petitioner(s) :</extra>

	<petitioner_lawyers>Mr. R K Daga<lb/>
	Mr. Prashant Daga<lb/></petitioner_lawyers>
	
	<extra>For Respondent(s) :<lb/></extra>

	<judges>HON&apos;BLE MR. JUSTICE SUDESH BANSAL<lb/></judges>

	<document_type>Order<lb/></document_type>

	<judgement_date>05/08/2022<lb/></judgement_date>

		</front>
	</text>
</tei>
