<?xml version="1.0" ?>
<tei xml:space="preserve">
	<teiHeader>
		<fileDesc xml:id="5978391"/>
	</teiHeader>
	<text xml:lang="en">
		<front>
<lb/>
	<court>HIGH COURT OF JUDICATURE FOR RAJASTHAN<lb/> BENCH AT JAIPUR<lb/></court>

	<case_numbers>S.B. Criminal Appeal No. 165/1985<lb/></case_numbers>

	<petitioner>Abdul Rashid Khan</petitioner>
	
	<extra>Son of Hafij Abdul Khan, aged about 60<lb/>
	years, Musalman, resident of Tonk, (Died) Now Represented By<lb/> Miss. Shafiquinissa daughter of Abdul Rashid Khan, resident of<lb/>
	Tonk, Rajasthan.<lb/>
	----Appellant<lb/>
	Versus<lb/></extra>

	<respondent>The State of Rajasthan<lb/></respondent>
	
	<extra>----Respondent<lb/>
	For Appellant(s) :</extra>

	<petitioner_lawyers>Mr. Nitin Jain</petitioner_lawyers>
	
	<extra>, Adv.<lb/>
	For Respondent(s) :</extra>

	<respondent_lawyers>Mr. Sanjeev Kumar Mahala</respondent_lawyers>
	
	<extra>,PP<lb/></extra>

	<judges>HON&apos;BLE MR. JUSTICE NARENDRA SINGH DHADDHA<lb/></judges>

	<document_type>Order<lb/></document_type>

	<extra> ORDER RESERVED ON :: 25.07.2022<lb/>
	ORDER
	PRONOUNCED ON<lb/> ::<lb/></extra>

	<judgement_date>05.08.2022<lb/></judgement_date>

	<extra>Appellant has filed the appeal challenging the judgment &amp;<lb/>
	order dated 15.03.1985 passed by Special Judge, ACD Cases,<lb/>
	Jaipur in Special Criminal Case No.60/1977, whereby appellant<lb/> 
	was convicted and sentenced for the offence(s) punishable under<lb/>
	Sections 465, 120-B IPC and Section 5 (1)(d)(2) Prevention of<lb/>
	Corruption Act, 1947 as follows:-<lb/>
	u/s 465 IPC -Six months rigorous imprisonment.<lb/>
	U/s 120B IPC -Six months rigorous imprisonment.<lb/>
	U/s 5 (1)(d)(2) Prevention of Corruption Act -Sentenced to one<lb/>
	year rigorous imprisonment and fine of Rs.200/-;<lb/>
	in default of payment thereof, to further undergo<lb/> 
	one month rigorous imprisonment.<lb/>
	Both the sentences were ordered to run concurrently.<lb/></extra>

		</front>
	</text>
</tei>
