<?xml version="1.0" ?>
<tei xml:space="preserve">
	<teiHeader>
		<fileDesc xml:id="5978401"/>
	</teiHeader>
	<text xml:lang="en">
		<front>
<lb/>
	<court>HIGH COURT OF JUDICATURE FOR RAJASTHAN<lb/> BENCH AT JAIPUR<lb/></court>

	<case_numbers>S.B. Arbitration Application No. 4/2022<lb/></case_numbers>

	<petitioner>M/s Arpan Seva Sansthan</petitioner>
	
	<extra>, A Society Registered Under The<lb/>
	Societies Registration Act, 1958 having address at 7, Meera<lb/> Nagar, Sobhapura Sukher, Udaipur through its Treasurer, Shri<lb/> 
	Rajesh Jain (duly authorised).<lb/>
	----Petitioner<lb/>
	Versus<lb/></extra>

	<respondent>Rajasthan Agricultural Cmpetitiveness Project Management<lb/> Implementation Society</respondent>
	
	<extra>, II Floor, SIAM Building, Durgapura,<lb/>
	Jaipur<lb/>
	----Respondent<lb/> 
	For Petitioner(s) :</extra>

	<petitioner_lawyers>Mr. Swadeep Singh Hora<lb/></petitioner_lawyers>
	
	<extra>For Respondent(s) : None present<lb/></extra>

	<judges>HON&apos;BLE MR. JUSTICE PANKAJ BHANDARI<lb/></judges>

	<document_type>Judgment / Order<lb/></document_type>

	<judgement_date>04/08/2022<lb/></judgement_date>

		</front>
	</text>
</tei>
