<?xml version="1.0" ?>
<tei xml:space="preserve">
	<teiHeader>
		<fileDesc xml:id="5978369"/>
	</teiHeader>
	<text xml:lang="en">
		<front>
<lb/>
	<court>HIGH COURT OF JUDICATURE FOR RAJASTHAN<lb/> BENCH AT JAIPUR<lb/></court>

	<case_numbers>S.B. Civil First Appeal No. 50/2020<lb/></case_numbers>

	<extra>1.</extra>

	<petitioner>Udai Lal</petitioner>
	
	<extra>S/o Shri Mangi Lal Meghwal, R/o Gram Samarba<lb/> Presently Residing At Opposite Rajatgarh Gate No. 06, Marwaro<lb/>
	Ka Mohalla, Indra Colony, Bundi Tehsil And District Bundi<lb/> (Rajasthan). Since deceased through LRs.<lb/>
	1/1.</extra>

	<petitioner>Rajesh Kumar Verma</petitioner>
	
	<extra>S/o Late Shri Udai Lal, aged about 32<lb/>
	years<lb/> 1/2.</extra>
	
	<petitioner>Ganesh Lal Meghwal</petitioner>
	
	<extra>S/o Late Udai Lal aged about 29 years<lb/> 1/3.</extra>
	
	<petitioner>Unkari Bai</petitioner>
	
	<extra>W/o Late Shri Udai Lal, aged about 57 years<lb/>
	All residents of Opposite Rajatagarh Gate No.06, Marwaro<lb/> 
	Ka Mohalla, Indra Colony, bundi Teshil and District Bundi (Raj.)<lb/> 1/4.</extra>

	<petitioner>Sugna Bai </petitioner>
	
	<extra>D/o Late Shri Udai Lal, W/o Shri Babu Lal, aged<lb/>
	about 39 years R/o 48, Dagilwada Bazar, Bundi, Rajasthan<lb/>
	1/5.</extra>
	
	<petitioner>Geeta Devi Verma </petitioner>
	
	<extra>D/o Late Shri Udai Lal, W/o Shri Rakesh<lb/>
	Verma, aged about 36 years, R/o 258, Kunchalwada Road,<lb/> Hanumannagar Uncha, Jahazpur, District Bhilwara, Rajasthan<lb/>
	----Appellants<lb/>
	Versus<lb/> 1.<lb/></extra>

	<respondent>Smt. Kanwari Ram Kanwari Bai Alias Ramkanwari</respondent>
	
	<extra>D/o Shri<lb/>
	Mangilal W/o Shri Ramdev, Aged About 65 Years, B/c<lb/>
	Meghwal, R/o Gram Samarba, Presently Residing At Gram<lb/> Aukarpura, Tehsil And District Bundi (Rajasthan).<lb/> 2.</extra>

	<respondent>Deputy Registrar, Bundi (Rajasthan)<lb/></respondent>
	
	<extra>3.</extra>

	<respondent>The State Of Rajasthan</respondent>
	
	<extra>, Through Tehsildaar, Bundi<lb/> (Rajasthan)<lb/> ----Respondents<lb/>
	Connected With<lb/></extra>

	<case_numbers>S.B. Civil First Appeal No. 57/2020<lb/></case_numbers>

	<petitioner>Udai Lal</petitioner>
	
	<extra>S/o Shri Mangi Lal Meghwal, R/o Gram Samarba<lb/> Presently Residing At Opposite Rajatgarh Gate No. 06, Marwaro<lb/>
	Ka Mohalla, Indra Colony, Bundi Tehsil And District Bundi<lb/> (Rajasthan)<lb/>
	----Appellant<lb/>
	Versus<lb/> 1.</extra>

	<respondent>Smt. Kanwari Ram Kanwari Bai Alias Ramkanwari</respondent>
	
	<extra>D/o<lb/> Shri Mangilal W/o Shri Ramdev, Aged About 65 Years,<lb/>
	B/c Meghwal, R/o Gram Samarba, Presently Residing At<lb/>
	Gram Aunkarpura, Tehsil And District Bundi (Rajasthan)<lb/>
	2.</extra>

	<respondent>Deputy Registrar, Bundi (Rajasthan)<lb/></respondent>
	
	<extra>3.</extra>

	<respondent>The State Of Rajasthan</respondent>
	
	<extra>, Through Tehsildar, Bundi<lb/> (Rajasthan)<lb/> ----Respondents<lb/>
	For Appellant(s) :</extra>

	<petitioner_lawyers>Mr. Sudhir Kumar Tiwari<lb/></petitioner_lawyers>
	
	<extra>For Respondent(s) :<lb/></extra>

	<judges>HON&apos;BLE MR. JUSTICE SUDESH BANSAL<lb/></judges>

	<document_type>Order<lb/></document_type>

	<judgement_date>04/08/2022<lb/></judgement_date>

		</front>
	</text>
</tei>
