<?xml version="1.0" ?>
<tei xml:space="preserve">
	<teiHeader>
		<fileDesc xml:id="5978383"/>
	</teiHeader>
	<text xml:lang="en">
		<front>
<lb/>
	<court>HIGH COURT OF JUDICATURE FOR RAJASTHAN<lb/> BENCH AT JAIPUR<lb/></court>

	<case_numbers>D.B. Criminal Appeal No. 319/2010<lb/></case_numbers>

	<petitioner>Samsu And Anr.<lb/></petitioner>
	
	<extra>----Appellantd<lb/>
	Versus<lb/></extra>

	<respondent>State Of Rajasthan</respondent>
	
	<extra>Through P.P.<lb/>
	----Respondent<lb/>
	For Appellant(s) :</extra>

	<petitioner_lawyers>Mr. Azad Ahmed</petitioner_lawyers>
	
	<extra>, Adv.<lb/>
	For Respondent(s) :</extra>

	<respondent_lawyers>Ms. Rekha Madnani</respondent_lawyers>
	
	<extra>, Additional<lb/>
	Government Advocate<lb/></extra>

	<judges>HON&apos;BLE MR. JUSTICE PANKAJ BHANDARI<lb/>
	HON&apos;BLE MR. JUSTICE SAMEER JAIN<lb/></judges>

	<document_type>Order<lb/></document_type>

	<judgement_date>05/08/2022<lb/></judgement_date>

		</front>
	</text>
</tei>
