<?xml version="1.0" ?>
<tei xml:space="preserve">
	<teiHeader>
		<fileDesc xml:id="5978307"/>
	</teiHeader>
	<text xml:lang="en">
		<front>
<lb/>
	<court>HIGH COURT OF JUDICATURE FOR RAJASTHAN<lb/> BENCH AT JAIPUR<lb/></court>

	<case_numbers>S.B. Criminal Appeal No. 1467/2022<lb/></case_numbers>

	<petitioner>Basu @ Basudev</petitioner>
	
	<extra>Son Of Shri Rajesh Kumar<lb/>
	----Appellant<lb/>
	Versus<lb/></extra>

	<respondent>State Of Rajasthan<lb/></respondent>
	
	<extra>----Respondent<lb/>
	For Appellant(s) :</extra>

	<petitioner_lawyers>Mr. Dushyant Singh Naruka</petitioner_lawyers>
	<extra>, Adv.<lb/>
	For Respondent(s) :</extra>

	<respondent_lawyers>Mr. B.S. Sharma</respondent_lawyers>
	
	<extra>, P.P.<lb/></extra>

	<judges>HON&apos;BLE MR. JUSTICE UMA SHANKER VYAS<lb/></judges>

	<document_type>Order<lb/></document_type>

	<judgement_date>05/08/2022<lb/></judgement_date>

		</front>
	</text>
</tei>
