<?xml version="1.0" ?>
<tei xml:space="preserve">
	<teiHeader>
		<fileDesc xml:id="5978400"/>
	</teiHeader>
	<text xml:lang="en">
		<front>
<lb/>
	<court>HIGH COURT OF JUDICATURE FOR RAJASTHAN<lb/> BENCH AT JAIPUR<lb/></court>

	<case_numbers>S.B. Arbitration Application No. 17/2022<lb/></case_numbers>

	<petitioner>M/s Onkar</petitioner>
	
	<extra>Plaster Decorations Works<lb/></extra>
	<extra>----Petitioner Versus<lb/></extra>

	<respondent>Urban Improvement Trust<lb/></respondent>
	
	<extra>----Respondent<lb/> For Petitioner(s) :</extra>

	<petitioner_lawyers>Mr. Anang Pal Singh<lb/></petitioner_lawyers>
	
	<extra>For Respondent(s)<lb/> : None present<lb/></extra>

	<judges>HON&apos;BLE MR. JUSTICE PANKAJ BHANDARI<lb/></judges>

	<document_type>Judgment / Order<lb/></document_type>

	<judgement_date>04/08/2022<lb/></judgement_date>

		</front>
	</text>
</tei>
