<?xml version="1.0" ?>
<tei xml:space="preserve">
	<teiHeader>
		<fileDesc xml:id="5978394"/>
	</teiHeader>
	<text xml:lang="en">
		<front>
<lb/>
	<court>HIGH COURT OF JUDICATURE FOR RAJASTHAN<lb/> BENCH AT JAIPUR<lb/></court>

	<extra>D.B. Criminal Miscellaneous 3 rd Suspension of Sentence<lb/> Application No.194/2022 In<lb/></extra>

	<case_numbers>D.B. Criminal Appeal No. 127/2017<lb/></case_numbers>

	<petitioner>Shakeel @ Bakra</petitioner>
	
	<extra>S/o Shri Abdul Khalil B/c Musalman, R/o House<lb/>
	No. 17, Banjara Colony P.s. Kishorepura, Kota, Presently R/o<lb/> Narain Panwale Ki Gali, Bajaj Khana, Kota Presently Confined In<lb/>
	High Security Jail Ajmer<lb/> 
	----Appellant<lb/>
	Versus<lb/></extra>

	<respondent>State Of Rajasthan</respondent>
	
	<extra>Through Pp<lb/>
		----Respondent<lb/> 
	For Appellant(s) :</extra>

	<petitioner_lawyers>Mr. M. I. Beg<lb/></petitioner_lawyers>
	
	<extra>For Respondent(s)<lb/> :</extra>

	<respondent_lawyers>Mr. Suresh Kumar</respondent_lawyers>
	
	<extra>, PP.<lb/></extra>

	<judges>HON&apos;BLE MR. JUSTICE NARENDRA SINGH DHADDHA<lb/> HON&apos;BLE MR. JUSTICE UMA SHANKER VYAS<lb/></judges>

	<document_type>Order<lb/></document_type>

	<judgement_date>05/08/2022<lb/></judgement_date>

		</front>
	</text>
</tei>
