<?xml version="1.0" ?>
<tei xml:space="preserve">
	<teiHeader>
		<fileDesc xml:id="5978388"/>
	</teiHeader>
	<text xml:lang="en">
		<front>
<lb/>
	<court>HIGH COURT OF JUDICATURE FOR RAJASTHAN<lb/> BENCH AT JAIPUR<lb/></court>

	<case_numbers>S.B. Arbitration Application No. 89/2020<lb/></case_numbers>

	<extra>1.</extra>

	<petitioner>Abhay Kumar Ghosh</petitioner>
	
	<extra>, S/o Late Shri Amiya Kumar Ghosh,<lb/>
	Aged About 52 Years, R/o C-29, New Light Colony, Tonk<lb/>
	Road, Jaipur -302017<lb/>
	2.</extra>

	<petitioner>Meeka Mukherjee</petitioner>
	
	<extra>, W/o Shri Abhay Kumar Ghosh, Aged<lb/>
	About 45 Years, R/o C-29, New Light Colony, Tonk Road,<lb/> Jaipur 302017<lb/>
	----Petitioners<lb/>
	Versus<lb/></extra>

	<respondent>Triveni Kripa Build Homes (P) Ltd.</respondent>
	
	<extra>, 5Th Floor, Plot No. C 212-<lb/>
	213, The Solitaire, Gautam Marg, Hanuman Nagar, Vaishali,<lb/> Jaipur, Rajasthan 302021 Through Director Yogesh Dhanuka,<lb/>
	----Respondent<lb/>
	For Petitioner(s) :</extra>

	<petitioner_lawyers>Mr. Dileep Sinvpuri<lb/>
	Ms. Surabhi Singh Bhadhoria<lb/></petitioner_lawyers>
	
	<extra>For Respondent(s) :</extra>

	<respondent_lawyers>Mr. Sandesh Khandelwal<lb/>
	Mr. Neeraj Sharma<lb/></respondent_lawyers>
	
	<judges>HON&apos;BLE MR. JUSTICE PANKAJ BHANDARI<lb/></judges>

	<document_type>Judgment / Order<lb/></document_type>

	<judgement_date>04/08/2022<lb/></judgement_date>

		</front>
	</text>
</tei>
