<?xml version="1.0" ?>
<tei xml:space="preserve">
	<teiHeader>
		<fileDesc xml:id="5978404"/>
	</teiHeader>
	<text xml:lang="en">
		<front>
<lb/>
	<court>HIGH COURT OF JUDICATURE FOR RAJASTHAN<lb/> BENCH AT JAIPUR<lb/></court>

	<case_numbers>S.B. Civil First Appeal No. 323/2020<lb/></case_numbers>

	<petitioner>Ramesh Chand</petitioner>
	
	<extra>S/o Prabhudayal, Aged About 45 Years, R/o<lb/> Village Bad Bhav Singh, Tehsil Bansur, District Alwar<lb/>
	----Appellant/defendant<lb/>
	Versus<lb/> 1.</extra>
	
	<respondent>Jagdish</respondent>
	
	<extra>S/o Shri Mangal Alias Mangya, Aged About 65<lb/> 
	Years, R/o Bad Bhav Singh, Dhani Kuwan Wali, Tehsil<lb/>
	Bansur, District Alwar<lb/>
	----Respondent/plaintiff<lb/> 
	2.</extra>
	
	<respondent>Yadram</respondent>
	
	<extra>S/o Mohan Lal, Aged About 49 Years, R/o Village<lb/>
	Bad Bhav Singh, Tehsil Bansur, District Alwar<lb/>
	3.</extra>
	
	<respondent>Dataram</respondent> 
	
	<extra>S/o Mohan Lal, Aged About 44 Years, R/o Village<lb/>
	Bad Bhav Singh, Tehsil Bansur, District Alwar<lb/>
	4.</extra>
	
	<respondent>Giraj</respondent>
	
	<extra>S/o Mohan Lal, Aged About 42 Years, R/o Village<lb/>
	Bad Bhav Singh, Tehsil Bansur, District Alwar<lb/>
	5.</extra>
	
	<respondent>Chotelal</respondent>
	
	<extra>S/o Puran, Aged About 84 Years, R/o Village Bad<lb/>
	Bhav Singh, Tehsil Bansur, District Alwar<lb/>
	6.</extra>
	
	<respondent>Prabhu</respondent>
	
	<extra>S/o Shri Mangal Alias Mangya, Aged About 72<lb/>
	Years, R/o Bad Bhav Singh, Dhani Kuwan Wali, Tehsil<lb/>
	Bansur, District Alwar<lb/> 
	7.</extra>
	
	<respondent>Todaram</respondent>
	
	<extra>S/o Shri Mangal Alias Mangya, Aged About 67<lb/> 
	Years, R/o Bad Bhav Singh, Dhani Kuwan Wali, Tehsil<lb/> 
	Bansur, District Alwar<lb/>
	----Respondents/defendants<lb/>
	
	8. District Collector, Alwar-(Deleted Dated 02.12.2016)<lb/>
	9. Tehsildar, Bansur, District Alwar-(Delete Dated<lb/>
	31.05.2015)<lb/>
	10. Sub Tehsildar, Bansur Tehsil, District Alwar-(Delete Dated<lb/> 31.05.2015)<lb/>
	----Deleted Respondents/Defendants<lb/>
	For Appellant(s) :</extra>

	<petitioner_lawyers>Mr. Vimal Chand Chaudhary<lb/>
	Mr. Yogesh Kumar Tailor<lb/></petitioner_lawyers>
	
	<extra>For Respondent(s) :</extra>

	<respondent_lawyers>Mr. Anirudh Tyagi</respondent_lawyers>
	
	<extra>for<lb/></extra>
	
	<respondent_lawyers>Mr. Kapil Prakash Mathur<lb/></respondent_lawyers>
	
	<judges>HON&apos;BLE MR. JUSTICE SUDESH BANSAL<lb/></judges>

	<document_type>Order<lb/></document_type>

	<judgement_date>05/08/2022<lb/></judgement_date>

		</front>
	</text>
</tei>
