<?xml version="1.0" ?>
<tei xml:space="preserve">
	<teiHeader>
		<fileDesc xml:id="5978334"/>
	</teiHeader>
	<text xml:lang="en">
		<front>
<lb/>
	<court>HIGH COURT OF JUDICATURE FOR RAJASTHAN<lb/> BENCH AT JAIPUR<lb/></court>

	<case_numbers>S.B. Criminal Appeal No. 725/2022<lb/></case_numbers>

	<petitioner>Kamod Devi</petitioner>
	
	<extra>Wife Of Shri Roshan Lal<lb/>
	----Appellant<lb/>
	Versus<lb/></extra>

	<respondent>State Of Rajasthan &amp; Anr.<lb/></respondent>
	
	<extra>----Respondents<lb/> For Appellant(s) :</extra>

	<petitioner_lawyers>Mr. Najeeb Anwar Khan</petitioner_lawyers>
	
	<extra>, Advocate<lb/> For Respondent(s) :</extra>

	<respondent_lawyers>Mr. Babu Lal Nasuna</respondent_lawyers>
	
	<extra>,Public<lb/> Prosecutor<lb/> None for respondent No.2<lb/></extra>

	<judges>HON&apos;BLE MR. JUSTICE CHANDRA KUMAR SONGARA<lb/></judges>

	<document_type>Order<lb/></document_type>

	<judgement_date>05/08/2022<lb/></judgement_date>

		</front>
	</text>
</tei>
