<?xml version="1.0" ?>
<tei xml:space="preserve">
	<teiHeader>
		<fileDesc xml:id="5978402"/>
	</teiHeader>
	<text xml:lang="en">
		<front>
<lb/>
	<court>HIGH COURT OF JUDICATURE FOR RAJASTHAN<lb/> BENCH AT JAIPUR<lb/></court>

	<case_numbers>S.B. Arbitration Application No. 1/2022<lb/></case_numbers>

	<petitioner>Shri Balaji (Ksk)</petitioner>
	
	<extra>Through Its Proprietor-</extra>
	
	<petitioner>Banwari Lal Sharma,<lb/></petitioner>
	
	<extra>----Petitioner<lb/>
	Versus<lb/></extra>

	<respondent>Indian Oil Corporation Limited,<lb/></respondent>
	
	<extra>----Respondent<lb/>
	For Petitioner(s) :</extra>

	<petitioner_lawyers>Mr. Rohit Solanki </petitioner_lawyers>
	
	<extra>for 
	Mr. Anuroop Singh<lb/>
	For Respondent(s)<lb/> :</extra>

	<respondent_lawyers>Mr. Sandeep Pathak<lb/></respondent_lawyers>
	

	<judges>HON&apos;BLE MR. JUSTICE PANKAJ BHANDARI<lb/></judges>

	<document_type>Judgment / Order<lb/></document_type>

	<judgement_date>04/08/2022<lb/></judgement_date>

		</front>
	</text>
</tei>
