<?xml version="1.0" ?>
<tei xml:space="preserve">
	<teiHeader>
		<fileDesc xml:id="5978407"/>
	</teiHeader>
	<text xml:lang="en">
		<front>
<lb/>
	<court>HIGH COURT OF JUDICATURE FOR RAJASTHAN<lb/> BENCH AT JAIPUR<lb/></court>

	<case_numbers>S.B. Civil Contempt Petition No. 1161/2019</case_numbers>

	<extra>In<lb/></extra>
	<case_numbers>S.B. Civil Writ Petition No. 8706/2006<lb/></case_numbers>

	<petitioner>Jhunni Lal</petitioner>
	
	<extra>S/o Shri Niranjan Lal, Aged About 69 Years, Presently<lb/> Working As Booking Clerk, Rajasthan Road Transport Corporation<lb/> 
	Bharatpur Depot, Resident Of Dheema Mohalla, Veer Narayan<lb/> Darwaja, Bharatpur Rajasthan. At Present residing at B-21-A,<lb/>
	Shiv Path Gas Godown Gali Sanjay Colony (Neharu Nagar) R.P.A.<lb/>
	Road, Jaipur Rajasthan<lb/> ----Petitioner<lb/>
	Versus<lb/> 1.</extra>

	<respondent>Mr. Sandeep Verma</respondent>
	
	<extra>, Managing Director, Rajasthan State<lb/>
	Road Transport Corporation, Head Office, Parivahan Marg,<lb/> Chomu House, C-Scheme, Jaipur Rajasthan<lb/> 2.<lb/></extra>

	<respondent>Mr. Bahadur Singh</respondent>
	
	<extra>, Chief Manager, Rajasthan State Road<lb/>
	Transport Corporation Bharatpur Depot Bharatpur<lb/>
	(Rajasthan)<lb/> ----Respondents<lb/> 
	For Petitioner(s) :</extra>

	<petitioner_lawyers>Mr. Ankul Gupta</petitioner_lawyers>
	
	<extra>, Advocate<lb/> For Respondent(s) :</extra>

	<respondent_lawyers>Mr. Vinayak Kumar Joshi</respondent_lawyers>
	
	<extra>,Advocate<lb/></extra>

	<judges>HON&apos;BLE MR. JUSTICE PRAKASH GUPTA</judges>

	<document_type>Order<lb/></document_type>

	<extra>Date of Order
	::</extra>

	<judgement_date>5th August, 2022<lb/></judgement_date>

	<extra>This contempt petition has been filed by the petitioner<lb/> 
	under Section 12 of the Contempt of Courts Act, 1971 alleging<lb/>
	willful disobedience of the order dated 2.4.2019 passed by a<lb/> Coordinate Bench of this Court in S.B. Civil Writ Petition No.<lb/>
	8706/2006 titled Jhunni Lal Versus Rajasthan State Road<lb/> Transport Corporation &amp; Anr.<lb/></extra>
		</front>
	</text>
</tei>
