<?xml version="1.0" ?>
<tei xml:space="preserve">
	<teiHeader>
		<fileDesc xml:id="5978398"/>
	</teiHeader>
	<text xml:lang="en">
		<front>
<lb/>
	<court>HIGH COURT OF JUDICATURE FOR RAJASTHAN<lb/> BENCH AT JAIPUR<lb/></court>

	<case_numbers>S.B. Arbitration Application No. 26/2022<lb/></case_numbers>

	<petitioner>M/s Prl Projects And Infrastruture Ltd.<lb/></petitioner>
	
	<extra>----Petitioner<lb/>
	Versus<lb/></extra>

	<respondent>State Of Rajasthan Through Chief Engineer, (Nh) &amp; Ors.<lb/></respondent>
	
	<extra>----Respondents<lb/> 
	For Petitioner(s) :</extra>

	<petitioner_lawyers>Mr. Suchir Bhardwaj &amp;<lb/> 
	Mr. Parth Sharma for<lb/>
	Mr. Amit Lubhaya<lb/></petitioner_lawyers>
	
	<extra>For Respondent(s) :</extra>

	<respondent_lawyers>Mr. Akshay Dutt Sharma</respondent_lawyers>
	<extra>for<lb/></extra> 
	<respondent_lawyers>Mr. Rohit Choudhary</respondent_lawyers>
	
	<extra>,Dy. GC<lb/></extra>
	
	<judges>HON&apos;BLE MR. JUSTICE PANKAJ BHANDARI<lb/></judges>

	<document_type>Order<lb/></document_type>

	<judgement_date>04/08/2022<lb/></judgement_date>

		</front>
	</text>
</tei>
