<?xml version="1.0" ?>
<tei xml:space="preserve">
	<teiHeader>
		<fileDesc xml:id="5978405"/>
	</teiHeader>
	<text xml:lang="en">
		<front>
<lb/>
	<court>HIGH COURT OF JUDICATURE FOR RAJASTHAN<lb/> BENCH AT JAIPUR<lb/></court>

	<case_numbers>D.B. Civil First Appeal No. 154/2021<lb/></case_numbers>

	<petitioner>Chambal Motors Private Limited<lb/></petitioner>
	
	<extra>----Appellant<lb/>
	Versus<lb/></extra>

	<respondent>National Insurance Company Limited</respondent>
	
	<extra> &amp; Ors.<lb/>
	----Respondents<lb/> For Appellant(s) :</extra>

	<petitioner_lawyers>Mr. Amrit Kumar Surollia</petitioner_lawyers>
	<extra>, Advocate<lb/>
	For Respondent(s) :</extra>

	<respondent_lawyers>Mr. Rajesh Kumar Mutha</respondent_lawyers>
	
	<extra>, Advocate<lb/></extra>
	
	<respondent_lawyers>Mr. Yogendra Singh</respondent_lawyers>
	
	<extra>, Advocate for<lb/></extra>

	<respondent_lawyers>Mr. Pankaj Gupta</respondent_lawyers>
		<extra>,Advocate<lb/></extra>

	<judges>HON&apos;BLE MR. JUSTICE PRAKASH GUPTA<lb/>
	HON&apos;BLE MR. JUSTICE PANKAJ BHANDARI<lb/></judges>

	<document_type>Order<lb/></document_type>

	<judgement_date>05/08/2022</judgement_date>

		</front>
	</text>
</tei>
