<?xml version="1.0" ?>
<tei xml:space="preserve">
	<teiHeader>
		<fileDesc xml:id="5978291"/>
	</teiHeader>
	<text xml:lang="en">
		<front>
<lb/>
	<court>HIGH COURT OF JUDICATURE FOR RAJASTHAN<lb/> BENCH AT JAIPUR<lb/></court>

	<case_numbers>S.B. Criminal Bail Cancellation Application No. 96/2022<lb/></case_numbers>

	<petitioner>Shyam Suthar</petitioner>
	
	<extra>S/o Shri Tulsa Ram, Aged About 45 Years, R/o<lb/>
	69, Jai Bhawani Nagar, Khatipura, Jhotwara, Jaipur Presently R/o<lb/>
	K-14, 6Th Floor, International Business Center, Ashok Marg, C-<lb/>
	Scheme, Jaipur City ( South)<lb/>
	----Petitioner<lb/>
	Versus<lb/> 1.</extra>

	<respondent>State Of Rajasthan</respondent>
	
	<extra>, Through P.p.<lb/> 2.</extra>
	
	<respondent>Dharmendra Singh @ Dharma</respondent>
	
	<extra>S/o Sheeshram, Aged<lb/>
	About 22 Years, R/o Village Manota Khurd, Ward No. 6,<lb/>
	Tehsil Khetri, Police Station Khetri, District Jhunjhunu Raj.<lb/>
	----Respondents<lb/>
	For Petitioner(s) :</extra>

	<petitioner_lawyers>Mr. Mahendra Kumar<lb/></petitioner_lawyers>
	
	<extra>For Respondent(s) :</extra>

	<respondent_lawyers>Mr. Mangal Singh Saini</respondent_lawyers>
	
	<extra>, PP.<lb/></extra>

	<judges>HON&apos;BLE MR. JUSTICE NARENDRA SINGH DHADDHA<lb/></judges>

	<document_type>Order<lb/></document_type>

	<judgement_date>05/08/2022<lb/></judgement_date>

		</front>
	</text>
</tei>
