<?xml version="1.0"?>
<tei xml:space="preserve">
	<teiHeader>
		<fileDesc xml:id="614226" />
	</teiHeader>
	<text xml:lang="en">
		<front>
			<extra>
				IN THE
			</extra>
			<court>
				HIGH COURT OF JUDICATURE AT MADRAS
				<lb />
			</court>
			<extra>
				RESERVED ON:
				
				25.06.2019
				<lb />
			</extra>
			<extra>
				DATED:
				<lb />
			</extra>
			<judgement_date>
				01.07.2019
				<lb />
			</judgement_date>
			<extra>
				CORAM
				<lb />
				THE
			</extra>
			<judges>
				HON&apos;BLE DR.JUSTICE VINEET KOTHARI
				<lb />
			</judges>
			<extra>
				AND
				<lb />
			</extra>
			<extra>
				THE
			</extra>
			<judges>
				HON&apos;BLE MR.JUSTICE C.V.KARTHIKEYAN
				<lb />
			</judges>
			<case_numbers>
				W.A.No. 861 of 2019
				<lb />
			</case_numbers>
			<petitioner>
				Minor Miss. Monica Rajendran
				<lb />
			</petitioner>
			<extra>
				aged 17 years, DOB: 30.05.2001
				<lb />
				Rep. by Father and Natural Guardian
				<lb />
				Mr.Rajendran Chingaravelu
				<lb />
				H.No.6, Laliltha Bloomfield,
				<lb />
				Khajaguda, Hyderabad.
				<lb />
			</extra>
			<extra>
				... Appellant/Petitioner
				<lb />
			</extra>
			<extra>
				Vs.
				<lb />
			</extra>
			<extra>
				1.
				<lb />
			</extra>
			<respondent>
				State of Tamil Nadu
				<lb />
				Rep. by its Secretary
				<lb />
				Health and Family Welfare Department,
				<lb />
			</respondent>
			<extra>
				Fort St. George, Chennai -600 009.
				<lb />
			</extra>
			<extra>
				2.
				<lb />
			</extra>
			<respondent>
				The Secretary
				<lb />
				Selection Committee
				<lb />
				Directorate of Medical Education
				<lb />
			</respondent>
			<extra>
				#162, Periyar E.V.R. High Road,
				<lb />
				Kilpauk,
				<lb />
				Chennai -600 010.
				<lb />
			</extra>
			<extra>
				3.
				<lb />
			</extra>
			<respondent>
				The Dean
				<lb />
				PSG Institute of Medical Sciences &amp; Research
				<lb />
				Off Avanashi Road
				<lb />
			</respondent>
			<extra>
				,
				
				Peelamedu
				<lb />
				Coimbatore -641 004.
			</extra>
			<extra>
				4.
				<lb />
			</extra>
			<respondent>
				The Dean
				<lb />
				Trichy SRM Medical College
				<lb />
				Hospital and Research Centre
			</respondent>
			<extra>
				,
				<lb />
				Irugalur, Trichy -621 105.
				<lb />
			</extra>
			<extra>
				5.
				<lb />
			</extra>
			<respondent>
				Korla Dhanushya Subrahmanya Shasank
				<lb />
			</respondent>
			<extra>
				NEET Management Rank No. 2665
				<lb />
				(Through: The Secretary, Selection Committee,
				<lb />
				Directorate of Medical Education
				<lb />
				162, Periyar EVR. High Road, Kilpuak,
				<lb />
				Chennai -10.
				<lb />
			</extra>
			<extra>
				6.
				<lb />
			</extra>
			<respondent>
				The Dean
				<lb />
				Velammal Medical College Hospital and Research Institute
				<lb />
				Velammal
			</respondent>
			<extra>
				Village,
				
				Madurai-Tuticorin Ring Road
				<lb />
				Anuppanadi, Madurai -625 009.
				<lb />
			</extra>
			<extra>
				7.
				<lb />
			</extra>
			<respondent>
				Medical Council of India
				<lb />
			</respondent>
			<extra>
				Pocket -14, Sector -8
				<lb />
				Dwarka, New Delhi 110 077.
				<lb />
			</extra>
			<extra>
				(R7 as a necessary party as per Order impleaded made in
				<lb />
				W.A.No. 861 of 2019 and C.M.P.No. 6630 of 2019 dated 12.06.2019.
				)
				<lb />
			</extra>
			<extra>
				... Respondents/Respondents
				<lb />
			</extra>
			<extra>
				Writ Appeal filed under Clause 15 of Letters Patent against the
				<lb />
				Order passed by the learned Single Judge dated 21.01.2019 in
				<lb />
				W.P.No. 22112 of 2018.
				<lb />
			</extra>
			<extra>
				***
				<lb />
			</extra>
			<extra>
				For Appellant
				<lb />
				:
			</extra>
			<petitioner_lawyers>
				Mr. Giridhar and Sai
				<lb />
			</petitioner_lawyers>
			<extra>
				For R1
				<lb />
			</extra>
			<respondent_lawyers>
				: Mr. V.Kathirvelu
				<lb />
			</respondent_lawyers>
			<extra>
				For R2
				<lb />
			</extra>
			<respondent_lawyers>
				: Mr. Abdul Saleem
				<lb />
			</respondent_lawyers>
			<extra>
				For R3
				<lb />
			</extra>
			<respondent_lawyers>
				: Mr.Abishek Jenasenan
				<lb />
			</respondent_lawyers>
			<extra>
				For R4
				<lb />
			</extra>
			<respondent_lawyers>
				Mrs. B.Saraswathi
				<lb />
			</respondent_lawyers>
			:
			<extra>
				For R5
				<lb />
			</extra>
			<respondent_lawyers>
				: Mr.Venkataseshan
				<lb />
			</respondent_lawyers>
			<extra>
				For R6
				<lb />
				:
			</extra>
			<respondent_lawyers>
				Mr.R.Nepoliyan
				<lb />
			</respondent_lawyers>
			<extra>
				For R7
				<lb />
				:
			</extra>
			<respondent_lawyers>
				Mr.V.P.Raman
				<lb />
			</respondent_lawyers>
			<document_type>
				J U D G M E N T
				<lb />
			</document_type>
		</front>
	</text>
</tei>
