<?xml version="1.0"?>
<tei xml:space="preserve">
	<teiHeader>
		<fileDesc xml:id="6243cadadc1641f5b2167a6a874e5e28" />
	</teiHeader>
	<text xml:lang="en">
		<front>
			<extra>
				Reportable
				<lb />
			</extra>
			<extra>
				IN THE
			</extra>
			<court>
				SUPREME COURT OF INDIA
				<lb />
			</court>
			<extra>
				CIVIL APPELLATE JURISDICTION
				<lb />
			</extra>
			<case_numbers>
				CIVIL APPEAL NOS.2285-2330 OF 2019
				<lb />
			</case_numbers>
			<extra>
				(Arising out of Special Leave Petition
			</extra>
			<case_numbers>
				(Civil) Nos.928-930, 932 TO 938, 940
				<lb />
				TO 967 AND 969 TO 976 of 2019)
				<lb />
			</case_numbers>
			<petitioner>
				DLF HOMES PANCHKULA (P) LTD. THROUGH
				<lb />
				ITS AUTHORISED SIGNATORY MR. SHIV KUMAR
				<lb />
			</petitioner>
			<extra>
				…Appellant
				<lb />
			</extra>
			<extra>
				VERSUS
				<lb />
			</extra>
			<respondent>
				SUSHILA DEVI AND ANR. ETC.
			</respondent>
			<extra>
				…Respondents
			</extra>
			<extra>
				WITH
				<lb />
			</extra>
			<case_numbers>
				SPECIAL LEAVE PETITION (CIVIL) NOS.931, 939 AND 968 OF 2019
				<lb />
			</case_numbers>
			<petitioner>
				DLF HOMES PANCHKULA (P) LTD. THROUGH ITS AUTHORISED SIGNATORY MR. SHIV KUMAR
				<lb />
			</petitioner>
			<extra>
				VERSUS
			</extra>
			<respondent>
				MRIDULA SOOD ETC.
			</respondent>
			<extra>
				. …Respondent
				<lb />
			</extra>
			<extra>
				WITH
				<lb />
			</extra>
			<case_numbers>
				CIVIL APPEAL NO.2354 OF 2019
				<lb />
			</case_numbers>
			<extra>
				(Arising out of
				Special Leave Petition
			</extra>
			<case_numbers>
				(Civil) No.26519 of 2018)
				<lb />
			</case_numbers>
			<petitioner>
				RAVI DATT AGGARWAL AND ORS.
			</petitioner>
			<extra>
				… Appellants
			</extra>
			<extra>
				VERSUS
			</extra>
			<lb />
			<respondent>
				DLF HOMES PANCHKULA PVT. LTD. AND ORS.
			</respondent>
			<extra>
				…Respondents
				<lb />
			</extra>
			<lb />
			<extra>
				CIVIL APPEAL NOS. 2285-2330 OF 2019 (@ SLP(C) NOS.928-930, 932-938, 940-967 and 969-976 OF 2019)
				<lb />
				DLF HOMES PANCHKULA (P) LTD. THROUGH ITS AUTHORISED SIGNATORY MR. SHIV KUMAR VS. SUSHILA DEVI AND ANR.
				<lb />
			</extra>
			<document_type>
				J U D G M E N T
			</document_type>
		</front>
	</text>
</tei>
