<?xml version="1.0"?>
<tei xml:space="preserve">
	<teiHeader>
		<fileDesc xml:id="64e6f8117e6521cd5007c3609e3ef45e" />
	</teiHeader>
	<text xml:lang="en">
		<front>
			<case_numbers>
				W.P.Nos.22535 of 2019
				<lb />
			</case_numbers>
			<extra>
				&amp; batch
				<lb />
			</extra>
			<extra>
				IN THE
			</extra>
			<court>
				HIGH COURT OF JUDICATURE AT MADRAS
				<lb />
			</court>
			<extra>
				Reserved on
				<lb />
				21.01.2020
				<lb />
			</extra>
			<extra>
				Delivered on
				<lb />
			</extra>
			<judgement_date>
				24.01.2020
				<lb />
			</judgement_date>
			<extra>
				CORAM:
				<lb />
				THE
			</extra>
			<judges>
				HONOURABLE MR. JUSTICE N. ANAND VENKATESH
			</judges>
			<lb />
			<extra>
				WRIT PETITION NOS.
				<lb />
			</extra>
			<case_numbers>
				22535, 22542, 17784, 18476, 18669, 18671, 21727, 21694, 21806, 21807, 21949, 22010,
				<lb />
				22040, 22047, 22153, 21986, 22264, 22267, 22286, 22313, 22337, 22342, 22357, 22364,
				<lb />
				22368, 22373, 22377, 22380, 22372, 22393, 22405, 22411, 22416, 22421, 22424, 22429,
				<lb />
				22410, 22431, 22435, 22455, 22462, 22468, 22472, 22475, 22479, 22487, 22490, 22496,
				<lb />
				22505, 22511, 22485, 22488, 22479, 22557, 22563, 22569, 22575, 22579, 22586, 22589,
				<lb />
				22596, 22602, 22592, 22603, 22613, 22605, 22619, 22642, 22648, 22651, 22649, 22663,
				<lb />
				22653, 22655, 22672, 22674, 22677, 22680, 22684, 22681, 22690, 22693, 22699, 22702,
				<lb />
				22705, 22698, 22704, 22706, 22707, 22709, 22710, 22713, 22715, 22724, 22725, 22726,
				<lb />
				22727, 22729, 22728, 22730, 22749, 22757, 22759, 22758, 22776, 22783, 22789, 22793,
				<lb />
				22784, 22797, 22804, 22807, 22808, 22811, 22812, 22814, 22815, 22831, 22823, 22828,
				<lb />
				22834, 22836, 22841, 22842, 22847, 22844, 22867, 22868, 22875, 22878, 22890, 22930,
				<lb />
				22934, 22941, 22980, 22988, 22998, 22995, 23000, 23002, 23003, 23004, 23013, 23029,
				<lb />
				23058, 23062, 23060, 23066, 23071, 23075, 23095, 23012, 23119, 23157, 23178, 23213,
				<lb />
				23215, 23220, 23225, 23246, 23265, 23288, 23308, 23313, 23320, 23322, 23327, 23316,
				<lb />
				23356, 23364, 23367, 23369, 23399, 23418, 23422, 23420, 23421, 23439, 23469, 23477,
				<lb />
				23481, 23484, 23478, 23479, 23518, 23522, 22537, 23602, 23654, 23656, 23663, 23696,
				<lb />
				23699, 23701, 23719, 23668, 23671, 23672, 23675, 23680, 23670, 23677, 23683, 23687,
				<lb />
				23689, 23747, 23792, 23819, 23822, 23833, 23844, 23892, 23914, 23915, 23919, 23921,
				<lb />
				23927, 23930, 23932, 23944, 23947, 23962, 24037, 24046, 24056, 24059, 24067, 24110,
				<lb />
				24118, 24119, 24135, 24212, 24331, 24391, 24401, 24403, 24460, 24504, 24512, 25000,
				<lb />
				25104, 25169, 26444, 29396, 35380, 35846 of 2019, 21919, 21981, 22839, 22845, 22849,
				<lb />
				22853, 22855, 22859, 22862, 22861, 22879, 22880, 22881, 23480, 27373, 13896, 29905,
				<lb />
				30967, 32569, 32670, 32673, 34944 of 2019  &amp; Cont.P.No.1662/2019
				<lb />
			</case_numbers>
			<extra>
				and WMP Nos.
				<lb />
			</extra>
			<case_numbers>
				W.P.No.22535 of 2019
				<lb />
			</case_numbers>
			<petitioner>
				T.Senthilnathan
				<lb />
			</petitioner>
			<extra>
				..Petitioner
				<lb />
			</extra>
			<extra>
				.Vs.
				<lb />
			</extra>
			<extra>
				1.
			</extra>
			<respondent>
				The Secretary,
				<lb />
				Tamil Nadu Public Service commission,
				<lb />
			</respondent>
			<extra>
				Park Town Road, V.O.C.Nagar,
				<lb />
				Park Town, Chennai-600 003.
			</extra>
			<extra>
				2.
			</extra>
			<respondent>
				The Transport Commissioner,
			</respondent>
			<respondent>
				Transport Department,
				<lb />
				Ezhilagam, Chepauk,
				<lb />
				Chennai-600 005.
			</respondent>
			<extra>
				3.
			</extra>
			<respondent>
				The Controller of Examinations,
				<lb />
				Tamil Nadu Public Service Commission,
				<lb />
			</respondent>
			<extra>
				Park Town Road, V.O.C.Nagar,
				<lb />
				Park Town, Chennai-600 003.
				<lb />
			</extra>
			<extra>
				.. Respondents
				<lb />
			</extra>
			<extra>
				PRAYER in W.P.No.22535 of 2019:
				<lb />
				Writ petition filed under Article 226 of the Constitution of
				<lb />
				India, to issue a Writ of  Certiorarified Mandamus, to call for the records
				<lb />
				of   the   Tamil   Nadu   Public   Service   Commission   (TNPSC),   the   3rd
				<lb />
				Respondent in LIST-OT (Oral Test), containing the list of registration
				<lb />
				numbers of 33 candidates prepared by the 2nd  Respondent dated
				<lb />
				15.07.2019 who have been provisionally admitted to the oral test for
				<lb />
				appointment   by   direct   recruitment   to   the   post   of   Motor   Vehicle
				<lb />
				Inspector Grade-II in the Tamil Nadu Transport Subordinate Service,
				<lb />
				2013-2018   pursuant   to   Notification   No.03/2018,   dated   14.02.2018
				<lb />
				issued by the 3rd Respondent and quash the same and consequently
				<lb />
				direct the 3rd Respondent to call 226 candidates for oral test based on
				<lb />
				the marks obtained by the candidates in the Written   Examination
				<lb />
				conducted on 10.06.2018 and thereafter conduct certificate verification
				<lb />
				for direct recruitment of 113 candidates to the post of Motor Vehicle
				<lb />
				Inspector Grade-II in the Tamil Nadu Transport Subordinate Service,
				<lb />
				pursuant to Notification No.03/2018 issued by the 3rd Respondent.
				<lb />
			</extra>
			<case_numbers>
				W.P.Nos.22535 of 2019 &amp; batch
				<lb />
			</case_numbers>
			<extra>
				For Petitioner in W.P.No.22535 of 2019
				<lb />
				For Petitioner
				<lb />
				:
			</extra>
			<petitioner_lawyers>
				Mr.U.Karunakaran
				<lb />
			</petitioner_lawyers>
			<extra>
				For Respondents in All WPs
				<lb />
				For R 1 &amp; R 3
				<lb />
				:
			</extra>
			<respondent_lawyers>
				Mr.V.T.Gopalan
			</respondent_lawyers>
			<extra>
				Standing Counsel
				<lb />
				for Ms.C.N.G.Niraimathi (TNPSC)
				<lb />
				Standing Counsel
				<lb />
				For R 2
				<lb />
				:
			</extra>
			<respondent_lawyers>
				Mr.Vijay Narayanan
				<lb />
			</respondent_lawyers>
			<extra>
				Advocate General
				<lb />
				Asstd by:
				<lb />
				Mr.J.Pothiraj
				<lb />
				Special Government Pleader
			</extra>
			<extra>
				COMMON
			</extra>
			<document_type>
				ORDER
			</document_type>
			<lb />
		</front>
	</text>
</tei>
