<?xml version="1.0"?>
<tei xml:space="preserve">
	<teiHeader>
		<fileDesc xml:id="650747" />
	</teiHeader>
	<text xml:lang="en">
		<front>
			<lb />
			<case_numbers>
				W.P(MD)No.20642 of 2019
				<lb />
			</case_numbers>
			<extra>
				BEFORE THE
			</extra>
			<court>
				MADURAI BENCH OF MADRAS HIGH COURT
				<lb />
			</court>
			<extra>
				DATED:
			</extra>
			<judgement_date>
				25.09.2019
				<lb />
			</judgement_date>
			<extra>
				CORAM:
				<lb />
				THE
			</extra>
			<judges>
				HONOURABLE MR.JUSTICE M.SUNDAR
			</judges>
			<lb />
			<case_numbers>
				W.P(MD)No.20642 of 2019
				<lb />
			</case_numbers>
			<extra>
				1.
			</extra>
			<petitioner>
				S.Ganesan
			</petitioner>
			<lb />
			<extra>
				2.
			</extra>
			<petitioner>
				Selvaraj
				<lb />
			</petitioner>
			<extra>
				3.
			</extra>
			<petitioner>
				Marudhaiya
				<lb />
			</petitioner>
			<extra>
				4.
			</extra>
			<petitioner>
				Velmurugan
				<lb />
			</petitioner>
			<extra>
				5.
			</extra>
			<petitioner>
				Pitchaiya
				<lb />
			</petitioner>
			<extra>
				6.
			</extra>
			<petitioner>
				Senthilkumaran
			</petitioner>
			<extra>
				7.
			</extra>
			<petitioner>
				Kasamuthu
				<lb />
			</petitioner>
			<extra>
				8.
			</extra>
			<petitioner>
				Subbulakshmi
				<lb />
			</petitioner>
			<extra>
				9.
			</extra>
			<petitioner>
				Sudalai
				<lb />
			</petitioner>
			<extra>
				10.
			</extra>
			<petitioner>
				Navaneethakrishnan
				<lb />
			</petitioner>
			<extra>
				11.
			</extra>
			<petitioner>
				Murugan
				<lb />
			</petitioner>
			<extra>
				12.
			</extra>
			<petitioner>
				Mariyappan
				<lb />
			</petitioner>
			<extra>
				13.
			</extra>
			<petitioner>
				Ayyakutti
				<lb />
			</petitioner>
			<extra>
				14.
			</extra>
			<petitioner>
				Chellappa
				<lb />
			</petitioner>
			<extra>
				... Petitioners
				<lb />
				Vs.
				<lb />
			</extra>
			<extra>
				1.
			</extra>
			<respondent_lawyers>
				The District Collector,
				<lb />
				Thoothukudi District,
				<lb />
				Thoothukudi.
			</respondent_lawyers>
			<extra>
				2.
			</extra>
			<respondent_lawyers>
				The Revenue Divisional Officer,
				<lb />
				Kovilpatti,
				<lb />
				Thoothukudi District.
				<lb />
			</respondent_lawyers>
			<extra>
				3.
			</extra>
			<respondent_lawyers>
				The Tahsildar,
				<lb />
				Kovilpatti Taluk,
				<lb />
				Thoothukudi District.
				<lb />
			</respondent_lawyers>
			<extra>
				... Respondents
				<lb />
				PRAYER: Writ Petition filed under Article 226 of the Constitution of India for issuance of
				<lb />
				a Writ of Mandamus directing the third respondent to provide Patta in Survey No.187,
				<lb />
				situated at Nalattin Pudhur, Kovilpatti Taluk, Thoothukudi District based on the
				<lb />
				petitioners&apos; representation dated 22.07.2019.
				<lb />
				For Petitioner
				<lb />
				:
			</extra>
			<petitioner_lawyers>
				Mr.J.Sivaram
			</petitioner_lawyers>
			<lb />
			<extra>
				For Respondents
				<lb />
				:
			</extra>
			<respondent_lawyers>
				Mr.M.Pandiarajan
			</respondent_lawyers>
			<lb />
			<extra>
				Additional Government Pleader
			</extra>
			<document_type>
				ORDER
			</document_type>
		</front>
	</text>
</tei>
