<?xml version="1.0"?>
<tei xml:space="preserve">
	<teiHeader>
		<fileDesc xml:id="653990" />
	</teiHeader>
	<text xml:lang="en">
		<front>
			<lb />
			<extra>
				IN THE
			</extra>
			<court>
				HIGH COURT OF JUDICATURE AT MADRAS
				<lb />
			</court>
			<extra>
				RESERVED ON :
			</extra>
			<judgement_date>
				05.11.2019
				<lb />
			</judgement_date>
			<extra>
				DELIVERED ON :
			</extra>
			<judgement_date>
				20.12.2019
				<lb />
			</judgement_date>
			<extra>
				CORAM:
				<lb />
				THE
			</extra>
			<judges>
				HON&apos;BLE MR. JUSTICE M.SATHYANARAYANAN
				<lb />
			</judges>
			<extra>
				AND
				<lb />
			</extra>
			<extra>
				THE
			</extra>
			<judges>
				HON&apos;BLE MR.JUSTICE N.SESHASAYEE
				<lb />
			</judges>
			<case_numbers>
				W.P.No.27289 of 2019
				<lb />
			</case_numbers>
			<extra>
				and
				<lb />
			</extra>
			<case_numbers>
				WMP.No.26718 of 2019
				<lb />
			</case_numbers>
			<petitioner>
				Mr.S.Muralidharan
				<lb />
			</petitioner>
			<extra>
				..
				<lb />
				Petitioner
				<lb />
			</extra>
			<extra>
				Vs.
				<lb />
			</extra>
			<extra>
				1.
			</extra>
			<respondent>
				Principal Chief Conservator of Forests &amp;
				<lb />
				Chief Wildlife Warden,
				<lb />
				Department of Forests,
				<lb />
				Government of Tamil Nadu
			</respondent>
			<extra>
				,
				<lb />
				No.1, Jeenis Road, Panagal Buildings,
				<lb />
				Saidapet, Chennai-600 015.
				<lb />
			</extra>
			<extra>
				2.
			</extra>
			<respondent>
				Central Leather Research Institute,
				<lb />
				Represented by its Director,
				<lb />
				Adyar
				<lb />
			</respondent>
			<extra>
				, Chennai-600 020.
			</extra>
			<extra>
				.. Respondents
				<lb />
			</extra>
			<extra>
				Prayer: Writ Petition filed under Article 226 of the Constitution of India
				<lb />
				praying for issuance of a Writ of Mandamus forbearing the 1 st respondent
				<lb />
				from catching deer from the campus of the 2 nd respondent or in any other
				<lb />
				places in and around Chennai.
				<lb />
			</extra>
			<extra>
				For Petitioner
				<lb />
				:
				<lb />
			</extra>
			<petitioner_lawyers>
				Mr.S.P.Chockalingam
				<lb />
			</petitioner_lawyers>
			<extra>
				For Respondents
				<lb />
				:
				<lb />
			</extra>
			<respondent_lawyers>
				Mr.S.V.Vijay Prasanth,
				<lb />
			</respondent_lawyers>
			<extra>
				Addl. Govt. Pleader (Forest) for R1
				<lb />
			</extra>
			<respondent_lawyers>
				Mr.T.Ravikumar,
				<lb />
			</respondent_lawyers>
			<extra>
				Standing Counsel for CLRI (R2) 1
				<lb />
			</extra>
			<document_type>
				O R D E R
			</document_type>
		</front>
	</text>
</tei>
