<?xml version="1.0"?>
<tei xml:space="preserve">
	<teiHeader>
		<fileDesc xml:id="660543" />
	</teiHeader>
	<text xml:lang="en">
		<front>
			<lb />
			<extra>
				BEFORE THE
			</extra>
			<court>
				MADURAI BENCH OF MADRAS HIGH COURT
				<lb />
			</court>
			<extra>
				DATED:
			</extra>
			<judgement_date>
				30.10.2019
				<lb />
			</judgement_date>
			<extra>
				CORAM:
				<lb />
				THE
			</extra>
			<judges>
				HONOURABLE MR.JUSTICE M.SUNDAR
				<lb />
			</judges>
			<case_numbers>
				W.P(MD)No.10431 of 2019
				<lb />
			</case_numbers>
			<petitioner>
				K.Siva
				<lb />
			</petitioner>
			<extra>
				... Petitioner
				<lb />
			</extra>
			<extra>
				/Vs./
				<lb />
			</extra>
			<respondent>
				<lb />
				State Bank of India (SME)
			</respondent>
			<extra>
				,
				<lb />
				Nagercoil Branch,
				<lb />
				14 -B, Disllery Road,
				<lb />
				Nagercoil &amp; Post,
				<lb />
				Kanyakumari District,
				<lb />
				Pin: 629001.
				<lb />
				Chief Manager,
				<lb />
			</extra>
			<extra>
				... Respondent
				<lb />
			</extra>
			<extra>
				PRAYER: Writ Petition -filed under Article 226 of the Constitution of India
				<lb />
				for issuance of a Writ of Mandamus, directing the respondents to release the
				<lb />
				original sale deeds vide 1.Document No.2768/2008 dated on 20.03.2008 of
				<lb />
				Malapalayam Sub Registrar Office, 2.Original general power of attorney
				<lb />
				document No.604/2007 dated 16.04.2007 of Malapalayam Sub Registrar
				<lb />
				Office, 3.Original general power of attorney document no.566/2007 dated
				<lb />
				09.04.2007 of Malapalayam Sub Registrar Office, 4. Original general power
				<lb />
				of attorney document no.1183/2007 dated 18.04.2007 of Malapalayam Sub
				<lb />
				Registrar Office, 5. Original sale deed no. 3542/2004 of Eadalakudi Sub
				<lb />
				Registrar Office dated on 15/12/2004 standing in the name of guarantor
				<lb />
				Rajappa.P, 6. Original partition deed no.240/1982 of Eadalakudi Sub
				<lb />
				Registrar Office dated on 10.02.1982 standing in the name of Guarantor
				<lb />
				P.Muthusamy Nadar and 7.Original Sale deed No.1833/1977 of
				<lb />
				Rajakkamangalam Sub Registrar Office dated on 17.11.1977 stands in the
				<lb />
				name of Guarantor Ganga bai Pursuant to the loak adalath settlement dated
				<lb />
				25.11.2016 on the file of the Debt Recovery Tribunal in Loak Adalath
				<lb />
				settlement Number Drt/MDU/Loak-31/2016 in O.A.No.109 of 2016 and on
				<lb />
				the basis of the closure report of the respondent dated 23.03.2017 and
				<lb />
				consequently directing the respondents to execute cancellation of
				<lb />
				Memorandum of Deposit of Title Deeds within a fixed time frame stipulated
				<lb />
				by this Court.
				<lb />
			</extra>
			<extra>
				For Petitioner
				<lb />
				:
			</extra>
			<petitioner_lawyers>
				Mr.T.Arul
				<lb />
			</petitioner_lawyers>
			<extra>
				For Respondent :
				<lb />
			</extra>
			<respondent_lawyers>
				Mr.V.P.Rajan
				<lb />
			</respondent_lawyers>
			<extra>
				Standing Counsel
				<lb />
			</extra>
			<document_type>
				ORDER
				<lb />
			</document_type>
		</front>
	</text>
</tei>
