<?xml version="1.0"?>
<tei xml:space="preserve">
	<teiHeader>
		<fileDesc xml:id="660914" />
	</teiHeader>
	<text xml:lang="en">
		<front>
			<case_numbers>
				W.P(MD)No.19739 of 2019
			</case_numbers>
			<lb />
			<extra>
				BEFORE THE
			</extra>
			<court>
				MADURAI BENCH OF MADRAS HIGH COURT
				<lb />
			</court>
			<extra>
				DATED:
			</extra>
			<judgement_date>
				15.11.2019
				<lb />
			</judgement_date>
			<extra>
				CORAM:
				<lb />
				THE
			</extra>
			<judges>
				HONOURABLE MR.JUSTICE M.SUNDAR
			</judges>
			<lb />
			<case_numbers>
				W.P(MD)No.19739 of 2019
			</case_numbers>
			<lb />
			<extra>
				and
			</extra>
			<lb />
			<case_numbers>
				W.M.P.(MD)No.16227 of 2019
			</case_numbers>
			<lb />
			<petitioner>
				G.Kasiviswanathan
			</petitioner>
			<lb />
			<extra>
				... Petitioner
				<lb />
				Vs.
			</extra>
			<lb />
			<extra>
				1.
			</extra>
			<respondent>
				The Government of India,
				<lb />
				represented by its Secretary to Government,
				<lb />
				Ministry of Communications and IT Department of Posts,
				<lb />
				Dak Bhawan, Sansad Marg,
				<lb />
				New Delhi-110 001.
				<lb />
			</respondent>
			<extra>
				2.
			</extra>
			<respondent>
				The Senior Superintendent of Post Officers,
				<lb />
				Virudhunagar Division,
				<lb />
				Virudhunagar-626 001.
				<lb />
			</respondent>
			<extra>
				3.
			</extra>
			<respondent>
				The Postmaster Grade-I,
				<lb />
				Virudhunagar Town,
				<lb />
				Virudhunagar-626 001,
				<lb />
				Virudhunagar District.
			</respondent>
			<extra>
				... Respondents
				<lb />
			</extra>
			<extra>
				PRAYER: Writ Petition filed under Article 226 of the Constitution of India for issuance of
				<lb />
				a Writ of Certiorarified Mandamus calling for the records relating to impugned
				<lb />
				proceedings in impugned order dated 27.02.2018 and the consequential impugned
				<lb />
				proceedings in N.O.L5/SCSS VGR town digs dated at Virudhunagar 626 001,
				<lb />
				01.08.2019 of the second respondent herein and quash the same and consequently
				<lb />
				direct the respondents 1 to 3 herein to give quarterly interest under senior citizen
				<lb />
				savings scheme to petitioner's fixed deposit accounts in the third respondent office
				<lb />
			</extra>
			<case_numbers>
				W.P(MD)No.19739 of 2019
				<lb />
			</case_numbers>
			<extra>
				bearing fixed deposit accounts numbers 379 196 0539, 379 197 0309, 379 197 3454,
				<lb />
				379 197 5502 and 379 201 3104 regularly to the petitioner.
				<lb />
				For Petitioner
				<lb />
				:
			</extra>
			<petitioner_lawyers>
				Mr.T.Pon Ramkumar
			</petitioner_lawyers>
			<lb />
			<extra>
				For Respondents
				<lb />
				:
			</extra>
			<respondent_lawyers>
				Mr.J.Alaguram Jothi
				<lb />
			</respondent_lawyers>
			<extra>
				Standing Counsel
				<lb />
			</extra>
			<document_type>
				ORDER
			</document_type>
			<lb />
		</front>
	</text>
</tei>
