<?xml version="1.0"?>
<tei xml:space="preserve">
	<teiHeader>
		<fileDesc xml:id="661044" />
	</teiHeader>
	<text xml:lang="en">
		<front>
			<lb />
			<case_numbers>
				W.P(MD)No.22863 of 2019
				<lb />
			</case_numbers>
			<extra>
				BEFORE THE
			</extra>
			<court>
				MADURAI BENCH OF MADRAS HIGH COURT
				<lb />
			</court>
			<extra>
				DATED:
			</extra>
			<judgement_date>
				30.10.2019
				<lb />
			</judgement_date>
			<extra>
				CORAM:
				<lb />
				THE
			</extra>
			<judges>
				HONOURABLE MR.JUSTICE M.SUNDAR
			</judges>
			<lb />
			<case_numbers>
				W.P(MD)No.22863 of 2019
			</case_numbers>
			<lb />
			<petitioner>
				C.Sivakumar
			</petitioner>
			<lb />
			<extra>
				... Petitioner
				<lb />
			</extra>
			<extra>
				/Vs./
				<lb />
			</extra>
			<extra>
				1.
			</extra>
			<respondent>
				The District Revenue Officer,
				<lb />
				Theni, Theni District.
				<lb />
			</respondent>
			<extra>
				2.
			</extra>
			<respondent>
				The Revenue Divisional Officer,
				<lb />
				Theni, Theni District.
				<lb />
			</respondent>
			<extra>
				3.
			</extra>
			<respondent>
				The Zonal Deputy Tahsildar,
				<lb />
				Uthamapalayam Taluk,
				<lb />
				Theni District.
				<lb />
			</respondent>
			<extra>
				... Respondents
				<lb />
				PRAYER:
				
				Writ Petition filed under Article 226 of the Constitution of India for
				<lb />
				issuance of a Writ of Certiorarified Mandamus, calling for the records
				<lb />
				pertaining to the impugned order made in Koppu No. 2019/0103/25/033649
				<lb />
				passed by the 3 rd respondent dated 18.07.2019 and impugned order made
				<lb />
				in Koppu No.2019/0103/25/033648 passed by the 3 rd respondent dated
				<lb />
				22.07.2019 and quash the same and consequently direct the respondent
				<lb />
				No.3 to transfer the patta bearing Nos. 398, 2414 and 1437 in favour of the
				<lb />
				petitioner and his younger brother namely Ravichandran within the time
				<lb />
				stipulated by this Court.
				<lb />
				For Petitioner
				<lb />
				:
			</extra>
			<petitioner_lawyers>
				Mr.D.Sadiq Raja
				<lb />
			</petitioner_lawyers>
			<case_numbers>
				W.P(MD)No.22863 of 2019
			</case_numbers>
			<lb />
			<extra>
				For Respondents :
			</extra>
			<respondent_lawyers>
				Mr.B.Bhagawathi
				<lb />
			</respondent_lawyers>
			<extra>
				Government Advocate
				<lb />
			</extra>
			<document_type>
				ORDER
			</document_type>
			<lb />
		</front>
	</text>
</tei>
