<?xml version="1.0"?>
<tei xml:space="preserve">
	<teiHeader>
		<fileDesc xml:id="69612" />
	</teiHeader>
	<text xml:lang="en">
		<front>
			<extra>
				IN THE
			</extra>
			<court>
				HIGH COURT OF DELHI AT NEW DELHI
				<lb />
			</court>
			<extra>
				%
				<lb />
				Date of decision:
			</extra>
			<judgement_date>
				15 th November, 2018.
				<lb />
			</judgement_date>
			<extra>
				+
			</extra>
			<case_numbers>
				<lb />
				CS(COMM) 1512/2016 &amp; IAs No.14230/2016
			</case_numbers>
			<extra>
				(of the plaintiff u/O
				<lb />
				XXXIX R-1&amp;2 CPC) &amp; 13699/2018 (of the plaintiff u/O XXXIX
				<lb />
				R-2A CPC)
				<lb />
			</extra>
			<petitioner>
				ITC LIMITED
				<lb />
			</petitioner>
			<extra>
				..... Plaintiff
				<lb />
			</extra>
			<extra>
				Through:
				<lb />
			</extra>
			<petitioner_lawyers>
				Mr. Sandeep Sethi
			</petitioner_lawyers>
			<extra>
				, Sr. Adv. with
			</extra>
			<petitioner_lawyers>
				Mr.
				<lb />
				Sudeep Chatterjee, Ms. Nupur Lamba,
				<lb />
				Ms. Drishti Chatterjee and Ms.
				<lb />
				Aishwarya Chaturvedi
				<lb />
			</petitioner_lawyers>
			<extra>
				, Advs.
			</extra>
			<extra>
				Versus
				<lb />
			</extra>
			<respondent>
				ARORA OFFSET PRINTERS &amp; ORS
				<lb />
			</respondent>
			<extra>
				..... Defendants
				<lb />
			</extra>
			<extra>
				Through:
				<lb />
			</extra>
			<respondent_lawyers>
				Ms. Dimple Vivek
				<lb />
			</respondent_lawyers>
			<extra>
				, Adv. for
				<lb />
				D-1,5,6&amp;7.
				<lb />
			</extra>
			<respondent_lawyers>
				Mr. Akhilesh Dixit and Ms. Karuna
				<lb />
				Sharma,
				<lb />
			</respondent_lawyers>
			<extra>
				Advs. for D-2,3,4&amp;8.
				<lb />
			</extra>
			<extra>
				CORAM:
				<lb />
			</extra>
			<judges>
				<lb />
				HON&apos;BLE MR. JUSTICE RAJIV SAHAI ENDLAW
			</judges>
		</front>
	</text>
</tei>
