<?xml version="1.0"?>
<tei xml:space="preserve">
	<teiHeader>
		<fileDesc xml:id="70939" />
	</teiHeader>
	<text xml:lang="en">
		<front>
			<case_numbers>
				ITA 319/2010,1185/2010,1448/2010,1822/2010,2091/2010
				<lb />
				Page 1 of 18
				<lb />
			</case_numbers>
			<extra>
				IN THE
			</extra>
			<court>
				HIGH COURT OF DELHI AT NEW DELHI
				<lb />
			</court>
			<extra>
				+
				<lb />
			</extra>
			<case_numbers>
				ITA 319 OF 2010
				<lb />
				ITA 1185 OF 2010
				<lb />
				ITA 1448 OF 2010
				<lb />
				ITA 1822 OF 2010
				<lb />
				ITA 2091 OF 2010
				<lb />
			</case_numbers>
			<extra>
				%
				<lb />
			</extra>
			<document_type>
				JUDGMENT
			</document_type>
			<extra>
				RESERVED ON:22.03.2011
				<lb />
			</extra>
			<document_type>
				JUDGMENT
			</document_type>
			<extra>
				DELIVERED ON:
			</extra>
			<judgement_date>
				30.03.2011
				<lb />
			</judgement_date>
			<case_numbers>
				ITA 319/2010
				<lb />
			</case_numbers>
			<petitioner>
				THE COMMISSIONER OF INCOME TAX-V
				<lb />
			</petitioner>
			<extra>
				….APPELLANT
				<lb />
			</extra>
			<extra>
				Through:
			</extra>
			<petitioner_lawyers>
				Ms.Prem Lata Bansal
			</petitioner_lawyers>
			<extra>
				, Sr.
				<lb />
				Advocate,
			</extra>
			<petitioner_lawyers>
				Mr. Anupam
				<lb />
				Tripathi,Sr.
				<lb />
				Standing
				<lb />
				Counse,
				<lb />
				Ms.Rashmi
				<lb />
				Chopra
			</petitioner_lawyers>
			<extra>
				, Advocate.
			</extra>
			<extra>
				VERSUS
				<lb />
			</extra>
			<respondent>
				M/S PEPSICO INDIA HOLDINGS (P) LTD.
				<lb />
			</respondent>
			<extra>
				.…RESPONDENT
				<lb />
			</extra>
			<extra>
				Through:
			</extra>
			<respondent_lawyers>
				Mr. C.S. Aggarwal
			</respondent_lawyers>
			<extra>
				, Sr.
				<lb />
				Advocate with
			</extra>
			<respondent_lawyers>
				Mr. Vishal
				<lb />
				Kalra and Mr. Prakash
				<lb />
				Kumar
			</respondent_lawyers>
			<extra>
				, Advocates.
				<lb />
			</extra>
			<case_numbers>
				ITA 1185/2010
				<lb />
			</case_numbers>
			<petitioner>
				THE COMMISSIONER OF INCOME TAX-V
				<lb />
			</petitioner>
			<extra>
				….APPELLANT
				<lb />
				Through:
			</extra>
			<petitioner_lawyers>
				Ms.Prem Lata Bansal
			</petitioner_lawyers>
			<extra>
				, Sr.
				<lb />
				Advocate,
			</extra>
			<petitioner_lawyers>
				Mr. Anupam
				<lb />
				Tripathi,Sr.
				<lb />
				Standing
				<lb />
				Counse,
				<lb />
				Ms.
				<lb />
				Rashmi
				<lb />
				Chopra
			</petitioner_lawyers>
			<extra>
				, Advocate..
			</extra>
			<extra>
				VERSUS
				<lb />
			</extra>
			<respondent>
				M/S PEPSICO INDIA HOLDINGS (P) LTD.
				<lb />
			</respondent>
			<extra>
				.…RESPONDENT
			</extra>
			<extra>
				Through:
			</extra>
			<respondent_lawyers>
				Mr. C.S. Aggarwal
			</respondent_lawyers>
			<extra>
				, Sr.
				<lb />
				Advocate with
			</extra>
			<respondent_lawyers>
				Mr. Vishal
				<lb />
				Kalra and Mr. Prakash
				<lb />
				Kumar
			</respondent_lawyers>
			<extra>
				, Advocates.
				<lb />
			</extra>
			<case_numbers>
				ITA 1448/2010
				<lb />
			</case_numbers>
			<petitioner>
				THE COMMISSIONER OF INCOME TAX-V
				<lb />
			</petitioner>
			<extra>
				….APPELLANT
				<lb />
			</extra>
			<extra>
				Through:
			</extra>
			<respondent_lawyers>
				Ms.Prem Lata Bansal
			</respondent_lawyers>
			<extra>
				, Sr.
				<lb />
				Advocate,
			</extra>
			<respondent_lawyers>
				Mr. Anupam
				<lb />
				Tripathi,
				<lb />
				Sr.
				<lb />
				Standing
				<lb />
				Counse,
				<lb />
				Ms.Rashmi
				<lb />
				Chopra
			</respondent_lawyers>
			<extra>
				, Advocate..
			</extra>
			<extra>
				VERSUS
				<lb />
			</extra>
			<respondent>
				M/S PEPSICO INDIA HOLDINGS (P) LTD.
				<lb />
			</respondent>
			<extra>
				.…RESPONDENT
				<lb />
			</extra>
			<extra>
				Through:
			</extra>
			<respondent_lawyers>
				Mr. C.S. Aggarwal
			</respondent_lawyers>
			<extra>
				, Sr.
				<lb />
				Advocate with
			</extra>
			<respondent_lawyers>
				Mr. Vishal
				<lb />
				Kalra and Mr. Prakash
				<lb />
				Kumar
			</respondent_lawyers>
			<extra>
				, Advocates
			</extra>
			<case_numbers>
				.
				<lb />
				ITA 1822/2010
				<lb />
			</case_numbers>
			<petitioner>
				THE COMMISSIONER OF INCOME TAX-V
				<lb />
			</petitioner>
			<extra>
				….APPELLANT
				<lb />
			</extra>
			<extra>
				Through:
			</extra>
			<petitioner_lawyers>
				Ms.Prem Lata Bansal
			</petitioner_lawyers>
			<extra>
				, Sr.
				<lb />
				Advocate,
			</extra>
			<petitioner_lawyers>
				Mr. Anupam
				<lb />
				Tripathi,Sr.
				<lb />
				Standing
				<lb />
				Counse,
				<lb />
				Ms.Rashmi
				<lb />
				Chopra
			</petitioner_lawyers>
			<extra>
				, Advocate.
			</extra>
			<extra>
				VERSUS
				<lb />
			</extra>
			<respondent>
				M/S PEPSICO INDIA HOLDINGS (P) LTD.
				<lb />
			</respondent>
			<extra>
				.…RESPONDENT
				<lb />
			</extra>
			<extra>
				Through:
			</extra>
			<respondent_lawyers>
				Mr. C.S. Aggarwal
			</respondent_lawyers>
			<extra>
				, Sr.
				<lb />
				Advocate with
			</extra>
			<respondent_lawyers>
				Mr. Vishal
				<lb />
				Kalra and Mr. Prakash
				<lb />
				Kumar
			</respondent_lawyers>
			<extra>
				, Advocates.
				<lb />
			</extra>
			<case_numbers>
				ITA 2091/2010
				<lb />
			</case_numbers>
			<petitioner>
				THE COMMISSIONER OF INCOME TAX-V
				<lb />
			</petitioner>
			<extra>
				….APPELLANT
				<lb />
			</extra>
			<extra>
				Through:
			</extra>
			<petitioner_lawyers>
				Ms.Prem Lata Bansal
			</petitioner_lawyers>
			<extra>
				, Sr.
				<lb />
				Advocate,
			</extra>
			<petitioner_lawyers>
				Mr. Anupam
				<lb />
				Tripathi,Sr.
				<lb />
				Standing
				<lb />
				Counse,
				<lb />
				Ms.Rashmi
				<lb />
				Chopra
			</petitioner_lawyers>
			<extra>
				, Advocate.
			</extra>
			<extra>
				VERSUS
				<lb />
			</extra>
			<respondent>
				M/S PEPSICO INDIA HOLDINGS (P) LTD. .
			</respondent>
			<extra>
				…RESPONDENT
				<lb />
			</extra>
			<extra>
				Through:
			</extra>
			<respondent_lawyers>
				Mr. C.S. Aggarwal
			</respondent_lawyers>
			<extra>
				, Sr.
				<lb />
				Advocate with
			</extra>
			<respondent_lawyers>
				Mr. Vishal
				<lb />
				Kalra and Mr. Prakash
				<lb />
				Kumar
			</respondent_lawyers>
			<extra>
				, Advocates.
				<lb />
			</extra>
			<extra>
				CORAM:
				<lb />
			</extra>
			<judges>
				HON&apos;BLE MR. JUSTICE A.K. SIKRI
				<lb />
				HON&apos;BLE MR. JUSTICE M.L. MEHTA
				<lb />
			</judges>
			<notes>
				1.
				<lb />
				Whether Reporters of Local newspapers may be
				<lb />
				allowed to see the Judgment?
				<lb />
				2.
				<lb />
				To be referred to the Reporter or not?
				<lb />
				3.
				<lb />
				Whether the Judgment should be reported in the
				<lb />
				Digest?
				<lb />
			</notes>
			<extra>
				A.K. SIKRI, J.
			</extra>
		</front>
	</text>
</tei>
