<?xml version="1.0"?>
<tei xml:space="preserve">
	<teiHeader>
		<fileDesc xml:id="74372" />
	</teiHeader>
	<text xml:lang="en">
		<front>
			<extra>
				$~
				<lb />
				*
				<lb />
				IN THE
			</extra>
			<court>
				HIGH COURT OF DELHI AT NEW DELHI
				<lb />
			</court>
			<extra>
				Judgment reserved on:
				<lb />
				20.02.2017
				<lb />
			</extra>
			<extra>
				%
				<lb />
			</extra>
			<extra>
				Judgment delivered on:
			</extra>
			<judgement_date>
				02.05.2017
				<lb />
			</judgement_date>
			<extra>
				+
				<lb />
			</extra>
			<case_numbers>
				I.A. No.10972/2015 in C.S. (OS) No.1485/2015
				<lb />
			</case_numbers>
			<petitioner>
				CARLSBERG BREWERIES A/S
				<lb />
			</petitioner>
			<extra>
				..... Plaintiff
				<lb />
			</extra>
			<extra>
				Through:
			</extra>
			<petitioner_lawyers>
				Mr. Sudhir Chandra
				<lb />
			</petitioner_lawyers>
			<extra>
				, Sr. Adv. with
				<lb />
			</extra>
			<petitioner_lawyers>
				Mr. C.A. Brijesh, Ms. V. Mohini and
				<lb />
				Ms. Rosalyn Malik,
			</petitioner_lawyers>
			<extra>
				Advocates
				<lb />
			</extra>
			<extra>
				versus
				<lb />
			</extra>
			<respondent>
				SOM DISTILLERIES AND BREWERIES LIMITED
				<lb />
			</respondent>
			<extra>
				..... Defendant
				<lb />
			</extra>
			<extra>
				Through:
				<lb />
			</extra>
			<respondent_lawyers>
				Ms. Prathiba M. Singh
			</respondent_lawyers>
			<extra>
				, Sr. Adv. with
				<lb />
			</extra>
			<respondent_lawyers>
				Mr. Kapil Wadhwa, Mr. Sumeer
				<lb />
				Sodhi, Mr. Aman Nandrajog, Mr.
				<lb />
				Arjun Nanda and Ms. Tanya Sharma,
			</respondent_lawyers>
			<extra>
				Advocates
				<lb />
			</extra>
			<extra>
				CORAM:
				<lb />
			</extra>
			<judges>
				HON&apos;BLE MR. JUSTICE VIPIN SANGHI
				<lb />
			</judges>
			<document_type>
				J U D G M E N T
				<lb />
			</document_type>
		</front>
	</text>
</tei>
