<?xml version="1.0"?>
<tei xml:space="preserve">
	<teiHeader>
		<fileDesc xml:id="784831" />
	</teiHeader>
	<text xml:lang="en">
		<front>
			<lb />
			<extra>
				IN THE
			</extra>
			<court>
				HIGH COURT OF JUDICATURE AT MADRAS
				<lb />
			</court>
			<extra>
				DATED:
			</extra>
			<judgement_date>
				04.10.2021
				<lb />
			</judgement_date>
			<extra>
				CORAM
				<lb />
				THE
			</extra>
			<judges>
				HONOURABLE MR.JUSTICE M.SUNDAR
				<lb />
			</judges>
			<case_numbers>
				W.P.No.1046 of 2015
				<lb />
				and M.P.No.1 of 2015
				<lb />
			</case_numbers>
			<petitioner>
				R.Eswaran
				<lb />
			</petitioner>
			<extra>
				... Petitioner
				<lb />
			</extra>
			<extra>
				Vs.
				<lb />
			</extra>
			<extra>
				1.
			</extra>
			<respondent>
				The Deputy Secretary to the Government,
				<lb />
				Commercial Taxes and Registration (M1)
				<lb />
				Department,
				<lb />
				Fort St. George, Chennai-600 009.
				<lb />
			</respondent>
			<extra>
				2.
			</extra>
			<respondent>
				The Inspector General of Registration,
				<lb />
				Raja Annamalaipuram, Chennai-600 028.
				<lb />
			</respondent>
			<extra>
				3.
			</extra>
			<respondent>
				The District Registrar,
				<lb />
				at Karungalpalayam, Erode-3.
				<lb />
			</respondent>
			<extra>
				4.
			</extra>
			<respondent>
				The Joint Commissioner,
				<lb />
				Hindu Religious &amp; Charitable Endowment,
				<lb />
				Coimbatore-18.
				<lb />
			</respondent>
			<extra>
				5.
			</extra>
			<respondent>
				The Assistant Commissioner,
				<lb />
				Hindu Religious &amp; Charitable Endowment,
				<lb />
				Erode.
				<lb />
			</respondent>
			<extra>
				6.
			</extra>
			<respondent>
				Arulmighu Athanooraman Podarayaswamy
				<lb />
				Arakkattalai, rep., by its President Anbarasu
				<lb />
				at Kurukalpalayam, Marudurai Village,
				<lb />
				Nandikadaiyur, Kangayam Taluk,
				<lb />
				Tiruppur District.
				<lb />
			</respondent>
			<extra>
				... Respondents
				<lb />
			</extra>
			<extra>
				Writ petition filed under Article 226 of the Constitution of
				<lb />
				India for issuance of Writ of Certiorarified Mandamus to call for entire
				<lb />
				records relating to G.O.Rt.No.889 dated 20.09.2013 on the file of the
				<lb />
				first respondent, quash the same and consequently direct the third
				<lb />
				respondent to conduct enquiry afresh as contemplated under the
				<lb />
				provisions of Tamil Nadu Societies Registration Act, 1975 by affording
				<lb />
				opportunity to the petitioner and all interested persons in the enquiry
				<lb />
				in accordance with law.
				<lb />
			</extra>
			<extra>
				For Petitioner :
				<lb />
			</extra>
			<petitioner_lawyers>
				Mr.N.S.Sivakumar
				<lb />
			</petitioner_lawyers>
			<extra>
				For Respondents :
				<lb />
			</extra>
			<respondent_lawyers>
				Mr.N.R.R.Arun Natarajan,
				<lb />
			</respondent_lawyers>
			<extra>
				Government Advocate for R1 to R5
				<lb />
				Mr.G.Sugumaran for R6
				<lb />
			</extra>
			<document_type>
				ORDER
				<lb />
			</document_type>
		</front>
	</text>
</tei>
