<?xml version="1.0"?>
<tei xml:space="preserve">
	<teiHeader>
		<fileDesc xml:id="788492" />
	</teiHeader>
	<text xml:lang="en">
		<front>
			<lb />
			<extra>
				IN THE
			</extra>
			<court>
				HIGH COURT OF JUDICATURE AT MADRAS
				<lb />
			</court>
			<extra>
				DATE:
			</extra>
			<judgement_date>
				07.10.2021
				<lb />
			</judgement_date>
			<extra>
				CORAM
				<lb />
				THE
			</extra>
			<judges>
				HONOURABLE MR.JUSTICE M.SUNDAR
				<lb />
			</judges>
			<case_numbers>
				W.P.No.19714 of 2021
				<lb />
				and
				<lb />
				W.M.P.No.20983 of 2021
				<lb />
			</case_numbers>
			<petitioner>
				Manish B Shah
				<lb />
			</petitioner>
			<extra>
				.. Petitioner
				<lb />
			</extra>
			<extra>
				Vs.
				<lb />
			</extra>
			<extra>
				1.
			</extra>
			<respondent>
				The Executive Officer,
				<lb />
				Arulmigu Sri Muthukumaraswamy
				<lb />
				Devasthanam,
				<lb />
				attached with Samundeswari Ammal Trust,
				<lb />
				No.44, Rasappa Chetty Street,
				<lb />
				Flower Bazaar, Chennai-600 003.
				<lb />
			</respondent>
			<extra>
				2.
			</extra>
			<respondent>
				The Assistant Commissioner,
				<lb />
				Hindu Religious and Charitable Endowments Board,
				<lb />
				Chennai-600 050.
				<lb />
			</respondent>
			<extra>
				3.
			</extra>
			<respondent>
				The Joint Commissioner,
				<lb />
				Hindu Religious and Charitable Endowments Board,
				<lb />
				Division-I, Chennai.
				<lb />
			</respondent>
			<extra>
				.. Respondents
				<lb />
			</extra>
			<extra>
				This writ petition filed under Article 226 of the Constitution of India for
				<lb />
				issuance of Writ of Certiorarified Mandamus or any other appropriate
				<lb />
				writ, direction or order, directing the third respondent to call for records
				<lb />
				in M.P.1/2021/A3, dated 19.07.2021 on the file of third respondent and
				<lb />
			</extra>
			<extra>
				quash the same as illegal, incompetent and wholly without jurisdiction
				<lb />
				and to further direct the respondents not to interfere with the petitioner&apos;s
				<lb />
				peaceful possession of the property and thereby render justice.
				<lb />
			</extra>
			<extra>
				For Petitioner
				<lb />
				:
			</extra>
			<petitioner_lawyers>
				Mr.V.Raghavachari
				<lb />
			</petitioner_lawyers>
			<extra>
				For Respondents :
				<lb />
			</extra>
			<respondent_lawyers>
				Mr.R.Shanmugasundaram,
				<lb />
			</respondent_lawyers>
			<extra>
				Advocate General
				<lb />
				assisted by
				<lb />
			</extra>
			<respondent_lawyers>
				Mr.NRR.Arun Natarajan
				<lb />
			</respondent_lawyers>
			<extra>
				Government Advocate
				<lb />
				for respondents
				<lb />
			</extra>
			<extra>
				----
			</extra>
			<document_type>
				ORDER
				<lb />
			</document_type>
		</front>
	</text>
</tei>
