<?xml version="1.0"?>
<tei xml:space="preserve">
	<teiHeader>
		<fileDesc xml:id="794744" />
	</teiHeader>
	<text xml:lang="en">
		<front>
			<extra>
				BEFORE THE
			</extra>
			<court>
				MADURAI BENCH OF MADRAS HIGH COURT
				<lb />
			</court>
			<extra>
				DATED :
			</extra>
			<judgement_date>
				12.11.2021
				<lb />
			</judgement_date>
			<extra>
				CORAM
				<lb />
				THE
			</extra>
			<judges>
				HON&apos;BLE MR. JUSTICE M.SUNDAR
				<lb />
			</judges>
			<case_numbers>
				W.P(MD) No.20323 of 2021
				<lb />
				and W.M.P.(MD)No.16975 of 2021
				<lb />
			</case_numbers>
			<petitioner>
				M.Lingaraj
				<lb />
			</petitioner>
			<extra>
				... Petitioner
				<lb />
			</extra>
			<extra>
				Vs.
				<lb />
			</extra>
			<extra>
				1.
			</extra>
			<respondent>
				The Commissioner,
				<lb />
				Hindu Religious and Charitable
				<lb />
				Endowment Department,
				<lb />
				119, Uthamar Gandhi Road,
				<lb />
				Thousand Lights West, Nungambakkam,
				<lb />
				Chennai -34.
				<lb />
			</respondent>
			<extra>
				2.
			</extra>
			<respondent>
				The District Collector,
				<lb />
				Tuticorin District,
				<lb />
				Tutocorin.
				<lb />
			</respondent>
			<extra>
				3.
			</extra>
			<respondent>
				The Assistant Commissioner,
				<lb />
				Hindu Religious and Charitable
				<lb />
				Endowment Department,
				<lb />
				Tuticorin,
				<lb />
				Tuticorin District.
				<lb />
			</respondent>
			<extra>
				4.
			</extra>
			<respondent>
				The Tahsildar,
				<lb />
				O/o.The Tahsildar,
				<lb />
				Vilathikulam,
				<lb />
				Tuticorin District.
				<lb />
			</respondent>
			<extra>
				5.
			</extra>
			<respondent>
				The Executive Officer,
				<lb />
				Arulmigu Kulanthai Vinayagar Temple,
				<lb />
				Kulathur,
				<lb />
				Vilathikulam Taluk,
				<lb />
				Tuticorin District.
				<lb />
			</respondent>
			<extra>
				... Respondents
				<lb />
			</extra>
			<extra>
				PRAYER:
				<lb />
				Petition filed under Article 226 of the Constitution of India, for
				<lb />
				the issuance of a Writ of Certiorarified Mandamus, call for the records
				<lb />
				pertaining to the impugned order in Moo.Mu.No.58586/2019/V3 dated
				<lb />
				19.02.2020 on the file of the respondent No.1 and consequential impugned
				<lb />
				tender notification dated 26.10.2021 on the file of the respondent No.5 and
				<lb />
				quash the same as illegal and consequently direct the respondents to restore
				<lb />
				the land in Survey No.221 in an extent of 49Acres 60 as agricultural land
				<lb />
				situated at Kulathur Village, Villathikulam Taluk, Tuticorin District within a
				<lb />
				time stipulated by this Court.
				<lb />
			</extra>
			<extra>
				For Petitioner
				<lb />
				:
				<lb />
			</extra>
			<petitioner_lawyers>
				Mr.T.Thiurmurugan
				<lb />
			</petitioner_lawyers>
			<extra>
				For Respondents
				<lb />
				:
				<lb />
			</extra>
			<respondent_lawyers>
				Mr.M.Lingadurai,
				<lb />
			</respondent_lawyers>
			<extra>
				Special Govt. Pleader for R1 to R4
				<lb />
			</extra>
			<respondent_lawyers>
				Ms.K.Mahalakshmi
				<lb />
			</respondent_lawyers>
			<extra>
				for
				<lb />
				Mr.S.Muthumanikandan for R5
				<lb />
			</extra>
			<document_type>
				O R D E R
				<lb />
			</document_type>
		</front>
	</text>
</tei>
