<?xml version="1.0"?>
<tei xml:space="preserve">
	<teiHeader>
		<fileDesc xml:id="799167" />
	</teiHeader>
	<text xml:lang="en">
		<front>
			<lb />
			<extra>
				BEFORE THE
			</extra>
			<court>
				MADURAI BENCH OF MADRAS HIGH COURT
				<lb />
			</court>
			<extra>
				DATED :
			</extra>
			<judgement_date>
				18.11.2021
				<lb />
			</judgement_date>
			<extra>
				CORAM
				<lb />
				THE
			</extra>
			<judges>
				HON&apos;BLE MR. JUSTICE M.SUNDAR
				<lb />
			</judges>
			<case_numbers>
				W.P(MD)No.20632 of 2021
				<lb />
			</case_numbers>
			<petitioner>
				S.Mampatti Panchayat
				<lb />
			</petitioner>
			<extra>
				Represented by its President,
				<lb />
				Thamaraiselvam.
				<lb />
			</extra>
			<extra>
				... Petitioner
				<lb />
			</extra>
			<extra>
				Vs.
				<lb />
			</extra>
			<extra>
				1.
			</extra>
			<respondent>
				The Secretary,
				<lb />
				Rural Development and Panchayatraj
				<lb />
				Department,
				<lb />
			</respondent>
			<extra>
				St. George Fort,
				<lb />
				Chennai -600 009.
				<lb />
			</extra>
			<extra>
				2.
			</extra>
			<respondent>
				The Director of Rural Development
				<lb />
				and Panchayatraj
			</respondent>
			<extra>
				,
				<lb />
				Directorate of Rural Development,
				Panagal Maligai,
				<lb />
				Chennai -600 015.
				<lb />
			</extra>
			<extra>
				3.
			</extra>
			<respondent>
				The District Collector,
				<lb />
				Sivagangai District,
				<lb />
				Sivagangai.
				<lb />
			</respondent>
			<extra>
				4.
			</extra>
			<respondent>
				The Block Development Officer,
				<lb />
				Singampunari,
				<lb />
				Sivagangai District.
				<lb />
			</respondent>
			<extra>
				... Respondents
				<lb />
			</extra>
			<extra>
				PRAYER: Petition filed under Article 226 of the Constitution of India, for
				<lb />
				the issuance of a Writ of Mandamus, directing the respondents to pass on
				<lb />
				order to collect professional tax from the staffs and teachers of the Eriyur
				<lb />
				Government Higher Secondary School, by the petitioner&apos;s panchayat based
				<lb />
				on his representation dated 09.10.2021.
				<lb />
			</extra>
			<extra>
				For Petitioner
				<lb />
				:
				<lb />
			</extra>
			<petitioner_lawyers>
				Mr.M.Subash Babu
				<lb />
			</petitioner_lawyers>
			<extra>
				For Respondents
				<lb />
				:
				<lb />
			</extra>
			<respondent_lawyers>
				Mr.C.Satheesh,
				<lb />
			</respondent_lawyers>
			<extra>
				Government Advocate for R1 to R3
				<lb />
			</extra>
			<respondent_lawyers>
				Mr.N.Muthuviyajan,
				<lb />
			</respondent_lawyers>
			<extra>
				Special Government Pleader for R4
				<lb />
			</extra>
			<document_type>
				O R D E R
				<lb />
			</document_type>
		</front>
	</text>
</tei>
