<?xml version="1.0" ?>
<tei xml:space="preserve">
	<teiHeader>
		<fileDesc xml:id="8108110"/>
	</teiHeader>
	<text xml:lang="en">
		<front>
<lb/>
	<court>HIGH COURT OF ANDHRA PRADESH:: AMARAVATI<lb/></court>

	<case_numbers>MAIN CASE NO.: C.C.No.1 of 2022<lb/></case_numbers>

	<extra>PROCEEDING SHEET<lb/>
	Sl.<lb/>
	No.<lb/>
	Date<lb/></extra>

	<document_type>ORDER<lb/></document_type>
	
	<extra>OFFICE<lb/>
	NOTE<lb/></extra>

	<judgement_date>08. 10.08.2022<lb/></judgement_date>
	
	<judges>KVL,J<lb/></judges>
	
	<extra>Registry is directed to place the reply affidavit filed<lb/>
	by the petitioner on record.<lb/>
	At the request of the learned counsel for the<lb/>
	petitioner, list the matter on 08.09.2022.<lb/></extra>

		</front>
	</text>
</tei>
