<?xml version="1.0" ?>
<tei xml:space="preserve">
	<teiHeader>
		<fileDesc xml:id="8108022"/>
	</teiHeader>
	<text xml:lang="en">
		<front>
<lb/>
	<court>HIGH COURT OF ANDHRA PRADESH AT AMARAVATI<lb/></court>

	<case_numbers>MAIN CASE No.: Crl.A.No.340 of 2022<lb/></case_numbers>

	<extra>PROCEEDING SHEET<lb/>
	Sl.<lb/>
	No<lb/>
	DATE<lb/>
	ORDER<lb/>
	Office<lb/>
	Note<lb/>
	1.<lb/></extra>

	<judgement_date>10.08.2022<lb/></judgement_date>
	
	<judges>RC, J<lb/></judges>
	
	<case_numbers>Crl.A.No.340 of 2022<lb/></case_numbers>

	<extra>Admit.<lb/>
	Notice.<lb/>
	________<lb/>

	RC, J<lb/>
	I.A.No.1 of 2022<lb/>

	Heard learned counsel for the petitioners<lb/></extra>

		</front>
	</text>
</tei>
