<?xml version="1.0" ?>
<tei xml:space="preserve">
	<teiHeader>
		<fileDesc xml:id="8108105"/>
	</teiHeader>
	<text xml:lang="en">
		<front>
<lb/>
	<court>HIGH COURT OF ANDHRA PRADESH AT AMARAVATI<lb/></court>

	<case_numbers>MAIN CASE No. C.C.No.191 of 2022<lb/></case_numbers>

	<extra>PROCEEDING SHEET<lb/>
	Sl.<lb/>
	No<lb/>
	DATE<lb/></extra>

	<document_type>ORDER<lb/></document_type>
	
	<extra>OFFICE<lb/>
	NOTE<lb/>
	(9)<lb/></extra>
	
	<judgement_date>10.08.2022<lb/></judgement_date>
	
	<judges>UDPR,J<lb/></judges>
	
	<extra>No representation for petitioner.<lb/>
	Learned counsel for respondents Sri I.Koti<lb/>
	Reddy is present and ready.<lb/>
	In that view, List on 11.08.2022.<lb/>
	________<lb/>
	UDPR, J<lb/>
	mva<lb/></extra>

		</front>
	</text>
</tei>
