<?xml version="1.0" ?>
<tei xml:space="preserve">
	<teiHeader>
		<fileDesc xml:id="8108036"/>
	</teiHeader>
	<text xml:lang="en">
		<front>
<lb/>
	<court>HIGH COURT OF ANDHRA PRADESH AT AMARAVATHI<lb/></court>

	<case_numbers>MAIN CASE NO.: C.M.A.No.300 of 2021<lb/></case_numbers>

	<extra>PROCEEDING SHEET<lb/>
	Sl.<lb/>
	No.<lb/>
	Date<lb/></extra>

	<document_type>ORDER<lb/></document_type>
	
	<extra>OFFICE<lb/>
	NOTE 10<lb/></extra>

	<judgement_date>10.08.2022<lb/></judgement_date>
	
	<judges>SRS,J<lb/></judges>

		</front>
	</text>
</tei>
