<?xml version="1.0" ?>
<tei xml:space="preserve">
	<teiHeader>
		<fileDesc xml:id="8108102"/>
	</teiHeader>
	<text xml:lang="en">
		<front>
<lb/>
	<extra>IN THE</extra>

	<court>HIGH COURT OF ANDHRA PRADESH:: AMARAVATI<lb/></court>
	
	<judges>THE
	HON&apos;BLE SRI JUSTICE NINALA JAYASURYA<lb/></judges>

	<case_numbers>CONTEMPT CASE No.591 of 2022<lb/></case_numbers>
	
	<extra>Between:<lb/></extra>

	<petitioner>Parvathaneni Malleswari<lb/></petitioner>
	
	<extra>…. Petitioner<lb/>
	And<lb/></extra>

	<respondent>Vivek Yadav<lb/></respondent>
	
	<extra>…. Respondent<lb/>
	(R.2 in Writ Petition)<lb/>
	Counsel for the Petitioner :<lb/></extra>

	<petitioner_lawyers>Mr.V.Surya Kiran Kumar<lb/></petitioner_lawyers>
	
	<extra>Counsel for the Respondent :<lb/></extra>

	<respondent_lawyers>Mr.G.L.Nageswara Rao<lb/></respondent_lawyers>
	
	<document_type>ORDER</document_type>

	<extra>:<lb/></extra>

		</front>
	</text>
</tei>
