<?xml version="1.0" ?>
<tei xml:space="preserve">
	<teiHeader>
		<fileDesc xml:id="8108061"/>
	</teiHeader>
	<text xml:lang="en">
		<front>
<lb/>
	<court>HIGH COURT OF ANDHRA PRADESH AT AMARAVATI<lb/></court>

	<case_numbers>MAIN CASE No. C.C.No.2387 of 2022<lb/></case_numbers>

	<extra>PROCEEDING SHEET<lb/>
	Sl.<lb/>
	No.<lb/>
	DATE<lb/></extra>

	<document_type>ORDER<lb/></document_type>

	<extra>OFFICE<lb/>
	NOTE<lb/>
	01.<lb/></extra>
	
	
	<judgement_date>10.08.2022<lb/></judgement_date>
	
	<judges>MGR, J<lb/></judges>
	
	<extra>Notice before admission.<lb/>
	Post on 14.09.2022.<lb/>
	________<lb/>
	MGR, J<lb/>
	CSR<lb/></extra>
	
		</front>
	</text>
</tei>
