<?xml version="1.0"?>
<tei xml:space="preserve">
	<teiHeader>
		<fileDesc xml:id="817225" />
	</teiHeader>
	<text xml:lang="en">
		<front>
			<lb />
			<extra>
				BEFORE THE
			</extra>
			<court>
				MADURAI BENCH OF MADRAS HIGH COURT
				<lb />
			</court>
			<extra>
				DATE:
			</extra>
			<judgement_date>
				21.01.2022
			</judgement_date>
			<extra>
				CORAM
				<lb />
				THE
			</extra>
			<judges>
				HON&apos;BLE MRS.JUSTICE V.BHAVANI SUBBAROYAN
				<lb />
			</judges>
			<extra>
				For Appellants
				<lb />
			</extra>
			<petitioner_lawyers>
				: Mr.J.Barathan
				<lb />
			</petitioner_lawyers>
			<extra>
				For Respondents :
			</extra>
			<respondent_lawyers>
				Mr.M.Rajaraman
				<lb />
			</respondent_lawyers>
			<document_type>
				J U D G M E N T
				<lb />
			</document_type>
		</front>
	</text>
</tei>
