<?xml version="1.0"?>
<tei xml:space="preserve">
	<teiHeader>
		<fileDesc xml:id="823610" />
	</teiHeader>
	<text xml:lang="en">
		<front>
			<lb />
			<extra>
				BEFORE THE
			</extra>
			<court>
				MADURAI BENCH OF MADRAS HIGH COURT
				<lb />
			</court>
			<extra>
				DATED:
			</extra>
			<judgement_date>
				02.02.2022
				<lb />
			</judgement_date>
			<extra>
				CORAM:
				<lb />
				THE
			</extra>
			<judges>
				HONOURABLE MR.JUSTICE M.SUNDAR
				<lb />
			</judges>
			<petitioner>
				S.M.Seeni Mohamed
				<lb />
			</petitioner>
			<extra>
				... Petitioner
				<lb />
			</extra>
			<extra>
				Vs.
				<lb />
			</extra>
			<extra>
				1.
			</extra>
			<respondent>
				The Chief Secretary,
				Government of Tamil Nadu,
				<lb />
			</respondent>
			<extra>
				St. George Fort,
				<lb />
				Secretariat,
				<lb />
				Chennai -9.
				<lb />
			</extra>
			<extra>
				2.
			</extra>
			<respondent>
				The Chief Secretary,
				<lb />
				Tamil Nadu Waqf Board,
				<lb />
			</respondent>
			<extra>
				Vallal Seethakathi Nagar,
				<lb />
				Chennai.
			</extra>
			<extra>
				3.
			</extra>
			<respondent>
				The District Collector,
				<lb />
				Ramnad District,
				<lb />
				Ramnad.
				<lb />
			</respondent>
			<extra>
				4.
			</extra>
			<respondent>
				The Deputy Superintendent of Police,
				<lb />
				Rameshwaram,
				<lb />
				Ramnad.
				<lb />
			</respondent>
			<extra>
				5.
			</extra>
			<respondent>
				Abdul Hameed
				<lb />
			</respondent>
			<extra>
				6.
			</extra>
			<respondent>
				Abdul Kalam
				<lb />
			</respondent>
			<extra>
				7.
			</extra>
			<respondent>
				Avul Meera
				<lb />
			</respondent>
			<extra>
				8.
			</extra>
			<respondent>
				Uthuman Ali
				<lb />
			</respondent>
			<extra>
				9.
			</extra>
			<respondent>
				Habeeb Rahmathullah
				<lb />
			</respondent>
			<extra>
				... Respondents
				<lb />
			</extra>
			<extra>
				P RAYER: Writ Petition filed under Article 226 of the Constitution
				<lb />
				of India for issuance of Writ of Mandamus, directing the
				<lb />
				respondents 1 to 4 to take appropriate action against the
				<lb />
				respondents 5 to 9 on the basis of the petitioner&apos;s representation
				<lb />
				dated 26.06.2014.
				<lb />
			</extra>
			<extra>
				For Petitioner
				<lb />
				:
				<lb />
			</extra>
			<petitioner_lawyers>
				Mr.Naresh Prabhu
				<lb />
			</petitioner_lawyers>
			<extra>
				for Mr.S.M.A.Jinnah
				<lb />
			</extra>
			<extra>
				For Respondents 1, 3&amp;4 :
			</extra>
			<respondent_lawyers>
				Mr.M.Lingadurai
				<lb />
			</respondent_lawyers>
			<extra>
				Special Government Pleader
				<lb />
			</extra>
			<extra>
				For Respondent No.2
				<lb />
				:
			</extra>
			<respondent_lawyers>
				Mr.Mohamed Hashim
				<lb />
			</respondent_lawyers>
			<extra>
				for Mr.N.Mohideen Basha
				<lb />
			</extra>
			<extra>
				Standing Counsel
				<lb />
			</extra>
			<extra>
				For Respondents 5 to 9 :
				<lb />
			</extra>
			<respondent_lawyers>
				Mr.Nawaz
				<lb />
			</respondent_lawyers>
			<extra>
				for M/s. Ajmal Associates
				<lb />
			</extra>
			<document_type>
				O R D E R
				<lb />
			</document_type>
		</front>
	</text>
</tei>
