<?xml version="1.0"?>
<tei xml:space="preserve">
	<teiHeader>
		<fileDesc xml:id="825890" />
	</teiHeader>
	<text xml:lang="en">
		<front>
			<lb />
			<case_numbers>
				W.P.(MD)No.25122 of 2019
				<lb />
			</case_numbers>
			<extra>
				BEFORE THE
			</extra>
			<court>
				MADURAI BENCH OF MADRAS HIGH COURT
				<lb />
			</court>
			<extra>
				DATED:
			</extra>
			<judgement_date>
				14.02.2022
				<lb />
			</judgement_date>
			<case_numbers>
				W.P.(MD)No.25122 of 2019
			</case_numbers>
			<lb />
			<extra>
				and
			</extra>
			<lb />
			<case_numbers>
				W.M.P.(MD)Nos.21723 of 2019 and 9589 of 2020
			</case_numbers>
			<lb />
			<petitioner>
				T.P.Vanamamalai
			</petitioner>
			<lb />
			<extra>
				... Petitioner
				<lb />
			</extra>
			<extra>
				-Vs
				<lb />
			</extra>
			<extra>
				1.
			</extra>
			<respondent>
				The Principal Secretary / Commissioner of
				<lb />
				Treasuries and Accounts Department,
				<lb />
				Integrated Finance Complex 3rd Floor,
				<lb />
				No.571, Anna Salai, Nandanam, Chennai.
				<lb />
			</respondent>
			<extra>
				2.
			</extra>
			<respondent>
				The Inspection Cell,
				<lb />
				Commissioner of Treasuries and Accounts Department,
				<lb />
				Integrated Finance Complex 3rd Floor,
				<lb />
				No.571, Anna Salai, Nandanam, Chennai.
				<lb />
			</respondent>
			<extra>
				3.
			</extra>
			<respondent>
				The Additional Sub Treasury Officer,
				<lb />
				Sub Treasury, Srirangam, Trichy District.
			</respondent>
			<lb />
			<extra>
				... Respondents
			</extra>
			<extra>
				PRAYER:
				<lb />
				Writ Petition filed under Article 226 of the Constitution of India
				<lb />
				for issuance of Writ of Certiorari, calling for the records pertaining to the
				<lb />
				impugned order passed by the 1 st respondent in R.C.No.32348/ICI/2019, dated
				<lb />
				30.09.2019 insofar as the petitioner is concerned and the consequential
				<lb />
				impugned recovery order passed by the 3 rd respondent in R.C.No.758/A/2019,
				<lb />
				dated 17.10.2019 and quash the same.
				<lb />
				For Petitioner
				<lb />
				:
			</extra>
			<petitioner_lawyers>
				Mr.R.Subramanian
			</petitioner_lawyers>
			<lb />
			<extra>
				For Respondents
				<lb />
				:
			</extra>
			<respondent_lawyers>
				Mr.D.Sadiq Raja
			</respondent_lawyers>
			<lb />
			<extra>
				Additional Government Pleader.
			</extra>
			<document_type>
				ORDER
			</document_type>
		</front>
	</text>
</tei>
