<?xml version="1.0"?>
<tei xml:space="preserve">
	<teiHeader>
		<fileDesc xml:id="83912" />
	</teiHeader>
	<text xml:lang="en">
		<front>
			<extra>
				BEFORE
			</extra>
			<court>
				THE SPECIAL COURT CONSTITUTED UNDER THE
				<lb />
				SPECIAL COURT (TRIAL OF OF FENCES RELATING TO
				<lb />
				TRANSACTIONS IN SECURITIES) ACT, 1992 AT BOMBAY
				<lb />
			</court>
			<case_numbers>
				SUIT NO. 6 OF 1994
				<lb />
			</case_numbers>
			<petitioner>
				Standard Chartered Bank,
				<lb />
				a Company incorporated under
				<lb />
				the provisions of the laws of
				<lb />
				England and Wales and havi ng
				<lb />
				its Registered Office at 1,
				<lb />
				Aldermanbury Square, London
				<lb />
				EC2V 7SB, carrying on banking
				<lb />
				business in India and having
				<lb />
				one of its branches at 23-25,
				<lb />
				Mahatma Gandhi Road, Fort,
				<lb />
				Bombay -400 023.
			</petitioner>
			<lb />
			<extra>
				)
				<lb />
				)
				<lb />
				)
				<lb />
				)
				<lb />
				)
				<lb />
				)
				<lb />
				)
				<lb />
				)
				<lb />
				)
				<lb />
				)
				<lb />
				)
				<lb />
				..... Plaintiffs.
				<lb />
			</extra>
			<extra>
				Versus
				<lb />
			</extra>
			<extra>
				(1)
			</extra>
			<respondent>
				Andhra Bank Financial Services )
				<lb />
				Limited, a Company incorporated )
				<lb />
				under the provisions of the
				<lb />
				)
				<lb />
				Companies Act, 1956, having its
				<lb />
				)
				<lb />
				Registered Office at Andhra Bank )
				<lb />
				Buildings, Sultan Bazar, Hyderabad)
				<lb />
				-500 195 and one of its branch )
				<lb />
				offices at 11 Homi Mody Street,
				<lb />
				)
				<lb />
				Bansilal Building, 3rd Floor, Fort,
				<lb />
				)
				<lb />
				Bombay -400 023. )
				<lb />
			</respondent>
			<extra>
				(2)
			</extra>
			<respondent>
				Hiten P. Dalal, Bombay
				<lb />
				Indian Inhabitant, residing at
				<lb />
				201, Shanti Towers, Military Road,
				<lb />
				Maro!, Andheri (West), Bombay -
				<lb />
				400 059.
				<lb />
			</respondent>
			<extra>
				)
				<lb />
				)
				<lb />
				)
				<lb />
				)
				<lb />
				)
				<lb />
				)
				<lb />
				)
				<lb />
			</extra>
			<extra>
				(3)
			</extra>
			<respondent>
				Canara Bank, a nationalised
				<lb />
				)
				<lb />
				bank, constituted under the )
				<lb />
			</respondent>
			<extra>
				This Order is modified/corrected by Speaking to Minutes Order dated 14/10/2010
			</extra>
			<respondent>
				provisions of the Banking
				<lb />
				)
				<lb />
				Companies (Acquisition &amp; Transfer )
				<lb />
				of Undertakings) Act, 1970,
				<lb />
				)
				<lb />
				having its head office at 112, J.C. )
				<lb />
				Road, Banga lore 560 002, as the )
				<lb />
				Principal Trustee of Ca nbank
				<lb />
				)
				<lb />
				Mutual Fund, a Trust having its
				<lb />
				)
				<lb />
				office at Orient House, 3rd
				<lb />
				)
				<lb />
				Floor, Adi Marzban Path, Ballard
				<lb />
				)
				<lb />
				Estate, Bombay -400038
				<lb />
				)
				<lb />
				)
				<lb />
			</respondent>
			<extra>
				(4)
			</extra>
			<respondent>
				V.R. Gupte
				<lb />
			</respondent>
			<extra>
				)
				<lb />
			</extra>
			<extra>
				(5)
			</extra>
			<respondent>
				Mrs. lshar Judge Ahluwalia
				<lb />
			</respondent>
			<extra>
				)
				<lb />
			</extra>
			<extra>
				(6)
			</extra>
			<respondent>
				M.N. Karnath
				<lb />
			</respondent>
			<extra>
				)
				<lb />
			</extra>
			<extra>
				(7)
			</extra>
			<respondent>
				N.V. Karnath
				<lb />
			</respondent>
			<extra>
				)
				<lb />
			</extra>
			<extra>
				(8)
			</extra>
			<respondent>
				P.R. Nayak
				<lb />
			</respondent>
			<extra>
				)
				<lb />
			</extra>
			<extra>
				(9)
			</extra>
			<respondent>
				D.M. Nanjundeppa
				<lb />
			</respondent>
			<extra>
				)
				<lb />
			</extra>
			<extra>
				(10)
			</extra>
			<respondent>
				M.M. Kh anna
				<lb />
				)
				<lb />
				)
				<lb />
				all being Trustees at the relevant )
				<lb />
				time/presently of the Can bank
				<lb />
				)
				<lb />
				Mutual Fund, a registered Trust,
				<lb />
				)
				<lb />
				having its office at Oriental House )
				<lb />
				2nd Floor, Adi Marzban Path,
				<lb />
				)
				<lb />
				Ballard Estate, Bombay -400 038 )
				<lb />
			</respondent>
			<extra>
				)
			</extra>
			<extra>
				(11)
				<lb />
			</extra>
			<respondent>
				The Custodian appointed
				<lb />
				)
				<lb />
				under the Special Court Act, 1992 )
				<lb />
				having office at 10 t h floor, Nari man )
				<lb />
				Bhavan, Nariman Point, Vinay K.
				<lb />
				)
				<lb />
				Shah Marg, Mumbai 400 021
				<lb />
				)
			</respondent>
			<extra>
				.... Defendants.
				<lb />
			</extra>
			<petitioner_lawyers>
				Mr. Ram jeth malani,
			</petitioner_lawyers>
			<extra>
				Senior Counsel with
			</extra>
			<petitioner_lawyers>
				Mr. T.K, .Cooper,
			</petitioner_lawyers>
			<lb />
			<petitioner_lawyers>
				Ms. Mehernaaz Sam Wadia i/b Hariani &amp; Co.
			</petitioner_lawyers>
			<extra>
				for the Plaintiffs.
			</extra>
			<lb />
			<respondent_lawyers>
				Mr. A.L. Pandya
			</respondent_lawyers>
			<extra>
				with
			</extra>
			<respondent_lawyers>
				Ms. Nina Kapadia
			</respondent_lawyers>
			<lb />
			<extra>
				i.b
			</extra>
			<respondent_lawyers>
				M/s Pandya
			</respondent_lawyers>
			<lb />
			<extra>
				Gandhy &amp; Co for Defendant No. l.
			</extra>
			<lb />
			<respondent_lawyers>
				Mr. M.P.S.Rao,
			</respondent_lawyers>
			<extra>
				Senior Advocate with
			</extra>
			<respondent_lawyers>
				Mr. Sunil Kale
			</respondent_lawyers>
			<lb />
			<extra>
				for
				<lb />
				Defendant No.2.
			</extra>
			<lb />
			<extra>
				This Order is modified/corrected by Speaking to Minutes Order dated 14/10/2010
			</extra>
			<respondent_lawyers>
				Mr. Rohit Kapadia
			</respondent_lawyers>
			<extra>
				,
				Senior Counsel with
			</extra>
			<respondent_lawyers>
				Mr. Shaunak Thakker
				<lb />
			</respondent_lawyers>
			<extra>
				with
			</extra>
			<lb />
			<respondent_lawyers>
				Mr Pradeep Sancheti
			</respondent_lawyers>
			<extra>
				,
				Senior Advocate with
			</extra>
			<respondent_lawyers>
				Mr.
				<lb />
				Shreeniwas Deshmukh,
				<lb />
				Mr. Nilesh Parekh, Mr. Gandhar
				<lb />
				Raikar &amp; Ms. M. Sophia
			</respondent_lawyers>
			<extra>
				i/b
			</extra>
			<respondent_lawyers>
				M/s Mulla &amp; Mulla &amp;
			</respondent_lawyers>
			<extra>
				CBC for
				<lb />
				Defendant Nos. 3 to 10.
				<lb />
			</extra>
			<respondent_lawyers>
				Mr. J.Chandran
			</respondent_lawyers>
			<extra>
				with
			</extra>
			<respondent_lawyers>
				Ms. Shilpa Bhate
			</respondent_lawyers>
			<extra>
				i/b
			</extra>
			<respondent_lawyers>
				P.M. &amp; Mithi &amp; Co.
				<lb />
			</respondent_lawyers>
			<extra>
				for Defendant No.11/Custodian.
				<lb />
			</extra>
			<extra>
				Coram:
			</extra>
			<judges>
				V.M. KANADE, J.
				<lb />
			</judges>
			<extra>
				Judge, Special Court.
				<lb />
			</extra>
			<extra>
				Date :
			</extra>
			<judgement_date>
				13 th July, 2010.
				<lb />
			</judgement_date>
			<document_type>
				JUDGMENT
			</document_type>
			<extra>
				:-
			</extra>
			<lb />
		</front>
	</text>
</tei>
