<?xml version="1.0"?>
<tei xml:space="preserve">
	<teiHeader>
		<fileDesc xml:id="839673" />
	</teiHeader>
	<text xml:lang="en">
		<front>
			<lb />
			<extra>
				IN THE
			</extra>
			<court>
				HIGH COURT OF JUDICATURE AT MADRAS
			</court>
			<lb />
			<extra>
				DATED:
			</extra>
			<judgement_date>
				14.03.2022
				<lb />
			</judgement_date>
			<extra>
				CORAM
				<lb />
				THE
			</extra>
			<judges>
				HON&apos;BLE Mr.JUSTICE M.SUNDAR
			</judges>
			<lb />
			<case_numbers>
				W.P.No.5761 of 2022
			</case_numbers>
			<lb />
			<petitioner>
				K.V.Sankara Subramanian
				<lb />
			</petitioner>
			<extra>
				Managing Trustee
				<lb />
				Annadhanam Chatram at Kadayanallur
				<lb />
				belongs to Chozhia Brahmins of Kadayanallur Village
				<lb />
				D.No.6 Karimanickaperumal Koil East Street
				<lb />
				Kadayanallur -627 751.
				<lb />
				Kadayanallur Taluk, Tirunelveli District.
				<lb />
			</extra>
			<extra>
				... Petitioner
				<lb />
			</extra>
			<extra>
				-Vs.-
				<lb />
			</extra>
			<extra>
				1.
			</extra>
			<respondent>
				The Secretary to Government
				<lb />
				Hindu Religious and Charitable Endowment Department
				<lb />
				Fort St.George, Chennai-600 009.
				<lb />
			</respondent>
			<lb />
			<extra>
				2.
			</extra>
			<respondent>
				The Commissioner
				<lb />
				Hindu Religious and Charitable Endowment
				<lb />
				Nungambakkam
				<lb />
				Chennai-600 034.
				<lb />
			</respondent>
			<extra>
				3.
			</extra>
			<respondent>
				The Executive Officer
				<lb />
				Chozhia Brahmins Annadhanam Trust at Kadayanallur/
				<lb />
				Arulmigu Gopalakrishnaswamy Temple
				<lb />
				Krishnapuram, Tenkasi Taluk
				<lb />
				Tirunelveli District.
				<lb />
			</respondent>
			<lb />
			<extra>
				.. Respondents
			</extra>
			<extra>
				Prayer:-
				<lb />
				Writ Petition filed under Article 226 of the Constitution of India
				<lb />
				praying to issue a Writ of Mandamus, directing the 1st respondent herein
				<lb />
				to consider and dispose of the revision petition dated 27.07.2017 filed by
				<lb />
				the petitioner and followed by the reminder dated 03.02.2020 within the
				<lb />
				time frame.
				<lb />
				For Petitioner
				<lb />
				:
				<lb />
			</extra>
			<petitioner_lawyers>
				Mr.G.Nagarajan
				<lb />
			</petitioner_lawyers>
			<extra>
				For Respondents :
			</extra>
			<respondent_lawyers>
				Mr.N.R.R.Arun Natarajan
				<lb />
			</respondent_lawyers>
			<extra>
				Special Government Pleader
				<lb />
				for R1 &amp; R2
				<lb />
				Mr.R.Bharanidharan, for R3
				<lb />
				**
				<lb />
			</extra>
			<document_type>
				O R D E R
			</document_type>
		</front>
	</text>
</tei>
