<?xml version="1.0"?>
<tei xml:space="preserve">
	<teiHeader>
		<fileDesc xml:id="852010" />
	</teiHeader>
	<text xml:lang="en">
		<front>
			<extra>
				IN THE
			</extra>
			<court>
				HIGH COURT OF JUDICATURE AT MADRAS
				<lb />
			</court>
			<extra>
				DATED
			</extra>
			<judgement_date>
				09.01.2020
				<lb />
			</judgement_date>
			<extra>
				CORAM
				<lb />
				THE
			</extra>
			<judges>
				HONOURABLE MR. JUSTICE M. SATHYANARAYANAN
			</judges>
			<extra>
				AND
				<lb />
				THE
			</extra>
			<judges>
				HONOURABLE MRS. JUSTICE R.HEMALATHA
				<lb />
			</judges>
			<case_numbers>
				Cont.P.No.2115/2019
				<lb />
			</case_numbers>
			<petitioner>
				V.Balachandran
				<lb />
			</petitioner>
			<extra>
				.. Petitioner
				<lb />
			</extra>
			<extra>
				Versus
				<lb />
			</extra>
			<extra>
				1.
			</extra>
			<respondent>
				Mr.Atulya Misra,
				
				
				IAS
				<lb />
				Secretary, Land Administration
				<lb />
				Department,
				
				Fort St George
				<lb />
				Chennai 600 009.
				<lb />
			</respondent>
			<extra>
				2.
			</extra>
			<respondent>
				The Secretary
				<lb />
				The Evangelical Church of India
				<lb />
				No.1, 2 nd Street, Ormes Road,
				<lb />
				Kilpauk, Chennai 600 010.
				<lb />
			</respondent>
			<extra>
				.. Respondents
				<lb />
			</extra>
			<extra>
				**R2 suo motu impleaded as 2 nd respondent as permission
				<lb />
				the order of the Court dated 12.12.2019 in Cont.P.No.2115/2019
				<lb />
			</extra>
			<extra>
				PRAYER:-Contempt Petition filed under section 11 of the Contempt of
				<lb />
				Courts Act, to punish the respondents for having committed willful
				<lb />
				disobedience of the order of this Court dated 19.06.2019 in
				<lb />
				WP.No.18168/2018.
				<lb />
			</extra>
			<extra>
				For Petitioner
				<lb />
				:
				<lb />
			</extra>
			<petitioner_lawyers>
				Mr.M.Sriram
				<lb />
			</petitioner_lawyers>
			<extra>
				For R1
				<lb />
				:
				<lb />
			</extra>
			<respondent>
				Mr.A.N.Thambidurai, Spl.GP
				<lb />
			</respondent>
			<extra>
				For R2
				
				:
				<lb />
				<lb />
			</extra>
			<respondent_lawyers>
				Mr.Thangasivan
				<lb />
			</respondent_lawyers>
			<document_type>
				ORDER
				<lb />
			</document_type>
		</front>
	</text>
</tei>
