<?xml version="1.0"?>
<tei xml:space="preserve">
	<teiHeader>
		<fileDesc xml:id="86bb3fd158f11c6d76d7c0a9199ccf27" />
	</teiHeader>
	<text xml:lang="en">
		<front>
			<extra>
				BEFORE THE
			</extra>
			<court>
				MADURAI BENCH OF MADRAS HIGH COURT
				<lb />
			</court>
			<extra>
				DATED :
				<lb />
			</extra>
			<judgement_date>
				05.04.2016
				<lb />
			</judgement_date>
			<extra>
				CORAM :
				<lb />
				THE
			</extra>
			<judges>
				HONOURABLE MR.JUSTICE S.MANIKUMAR
				<lb />
			</judges>
			<extra>
				and
				<lb />
			</extra>
			<judges>
				THE HONOURABLE MR.JUSTICE C.T.SELVAM
			</judges>
			<lb />
			<case_numbers>
				Writ Petition(MD)No.5898 of 2016
				<lb />
			</case_numbers>
			<extra>
				and
				<lb />
			</extra>
			<case_numbers>
				W.M.P(MD)No.5231 of 2016
				<lb />
			</case_numbers>
			<petitioner>
				Senthil Kumar
				<lb />
			</petitioner>
			<extra>
				.... Petitioner
				<lb />
			</extra>
			<extra>
				vs.
				<lb />
			</extra>
			<extra>
				1)
			</extra>
			<respondent>
				The District Collector,
				<lb />
				Virudhunagar,
			</respondent>
			<extra>
				<lb />
				Virudhunagar District.
				<lb />
			</extra>
			<extra>
				2)
			</extra>
			<respondent>
				The Superintendent of Police,
				<lb />
				Virudhunagar,
				<lb />
				Virudhunagar District.
				<lb />
			</respondent>
			<extra>
				3)
			</extra>
			<respondent>
				The Tahsildar,
				<lb />
				Rajapalayam Taluk,
				<lb />
				Virudhunagar District.
				<lb />
			</respondent>
			<extra>
				.... Respondents
				<lb />
			</extra>
			<extra>
				Petition filed under Article 226 of the Constitution of India, for issuance of
				<lb />
				a Writ of Mandamus, forbearing the respondents from undertaking any
			</extra>
			<extra>
				construction activity at Survey No.50/2, Chettiyarpatti Village, Thalavaipuram,
				<lb />
				which has been earmarked as Kalam Poromboke.
				<lb />
				For Petitioner
				<lb />
				:
			</extra>
			<petitioner_lawyers>
				Mr.R.Anand
			</petitioner_lawyers>
			<extra>
				for Mr.L.Bhagath Singh
				<lb />
				For Respondents
				<lb />
				:
			</extra>
			<respondent_lawyers>
				Mr.M.Alagadevan
				<lb />
			</respondent_lawyers>
			<extra>
				Special Government Pleader
				,
				<lb />
			</extra>
			<document_type>
				ORDER
			</document_type>
		</front>
	</text>
</tei>
