<?xml version="1.0"?>
<tei xml:space="preserve">
	<teiHeader>
		<fileDesc xml:id="875788" />
	</teiHeader>
	<text xml:lang="en">
		<front>
			<lb />
			<extra>
				BEFORE THE
			</extra>
			<court>
				MADURAI BENCH OF MADRAS HIGH COURT
				<lb />
			</court>
			<extra>
				DATED:
			</extra>
			<judgement_date>
				27.11.2019
				<lb />
			</judgement_date>
			<extra>
				CORAM:
				<lb />
				THE
			</extra>
			<judges>
				HONOURABLE MR.JUSTICE M.SUNDAR
				<lb />
			</judges>
			<case_numbers>
				W.P.(MD)No.24546 of 2019
				<lb />
			</case_numbers>
			<extra>
				and
			</extra>
			<extra>
				W.M.P.(MD)No.21167 of 2019
				<lb />
			</extra>
			<petitioner>
				A.P.K.Harini
				<lb />
				through her father and next friend
				<lb />
				A.P.Krishnan
				<lb />
			</petitioner>
			<extra>
				... Petitioner
				<lb />
			</extra>
			<extra>
				Vs
			</extra>
			<extra>
				1.
			</extra>
			<respondent>
				The State represented by
				<lb />
				The Madurai District Collector,
				<lb />
				Collector Office Compound, Madurai-20.
				<lb />
			</respondent>
			<extra>
				2.
			</extra>
			<respondent>
				The Chief Educational Officer,
				<lb />
				Chief Educational Office,
				<lb />
				Tallakulam, Madurai-2.
				<lb />
			</respondent>
			<extra>
				3.
			</extra>
			<respondent>
				The District Education Officer,
				<lb />
				Thirumangalam, Madurai District.
				<lb />
			</respondent>
			<extra>
				4.
			</extra>
			<respondent>
				The Head Master,
				<lb />
				Amirtha Vidyalayam Matric School,
				<lb />
				Balasubramaniya Nagar,
				<lb />
				Thirupparankundram, Madurai-5.
				<lb />
			</respondent>
			<extra>
				... Respondents
				<lb />
			</extra>
			<extra>
				PRAYER:- Writ Petition filed under Article 226 of the Constitution of India,
				<lb />
				praying for the issuance of a Writ of Mandamus directing the fourth
				<lb />
				respondent herein to give the transfer certificate of the petitioner daughter
				<lb />
				namely A.P.K.Harini to the petitioner without demanding school fees.
				<lb />
			</extra>
			<extra>
				For Petitioner :
				<lb />
			</extra>
			<petitioner_lawyers>
				Mr.R.Ganesan
				<lb />
			</petitioner_lawyers>
			<extra>
				For Respondents
				<lb />
				:
				<lb />
			</extra>
			<respondent_lawyers>
				Mr.M.Karuppasamy
				<lb />
			</respondent_lawyers>
			<extra>
				Government Advocate
				<lb />
				for R.1 to R.3
				<lb />
				:
				<lb>
				</lb>
			</extra>
			<respondent_lawyers>
				Mr.H.Arumugam
				<lb />
			</respondent_lawyers>
			<extra>
				for R.4
				<lb />
			</extra>
			<document_type>
				ORDER
				<lb />
			</document_type>
		</front>
	</text>
</tei>
