<?xml version="1.0" ?>
<tei xml:space="preserve">
	<teiHeader>
		<fileDesc xml:id="876046"/>
	</teiHeader>
	<text xml:lang="en">
		<front>
<lb/>
	<extra>BEFORE THE</extra>

	<court>MADURAI BENCH OF MADRAS HIGH COURT<lb/></court>

	<extra>DATED:</extra>

	<judgement_date>14.02.2020<lb/></judgement_date>

	<extra>CORAM:<lb/>
	THE</extra>

	<judges>HONOURABLE MR.JUSTICE M.S.RAMESH<lb/></judges>

	<case_numbers>W.P.(MD) No.2977 of 2020<lb/></case_numbers>

	<petitioner>D.Julliet<lb/></petitioner>
	
	<extra>... Petitioner<lb/>
	/vs./<lb/>
	1.</extra>

	<respondent>The State of Tamilnadu</respondent>
	
	<extra>,<lb/>
	represented by its Secretary to Government,<lb/>
	School Education Department,<lb/>
	St.George Fort,<lb/>
	Chennai -9.<lb/>
	2.</extra>

	<respondent>The Director of School Education</respondent>
	
	<extra>,<lb/>
	DPI Campus,<lb/>
	College Road,<lb/>
	Chennai.<lb/>
	... Respondents<lb/>
	
	PRAYER: Writ Petition filed under Article 226 of the Constitution of India for<lb/>
	issuance of Writ of Mandamus, directing the 1st respondent to regularize the<lb/>
	service of the petitioner from the date of initial appointment i.e. from the date<lb/>
	of entry into service in the light of judgment made in WP.No.4991 of 2015<lb/>
	dated 30.07.2019 and in the light of Judgment made in WP.No. 27923 of 2019<lb/>
	dated 27.11.2019 and by considering the petitioner&apos;s representation dated<lb/>
	25.01.2020, within the period that may be stipulated by this Court.<lb/> For Petitioner :<lb/></extra>

	<petitioner_lawyers>Mr.C.Venkatesh Kumar for<lb/>
	M/S.Ajmal Associates<lb/></petitioner_lawyers>
	
	<extra>For Respondents :<lb/></extra>

	<respondent_lawyers>Mr.M.Karuppasamy<lb/></respondent_lawyers>
	
	<extra>Government
	Advocate<lb/></extra>

	<document_type>ORDER<lb/></document_type>

		</front>
	</text>
</tei>
