<?xml version="1.0" ?>
<tei xml:space="preserve">
	<teiHeader>
		<fileDesc xml:id="876085"/>
	</teiHeader>
	<text xml:lang="en">
		<front>
<lb/>
	<extra>BEFORE THE</extra>

	<court>MADURAI BENCH OF MADRAS HIGH COURT<lb/></court>

	<extra>DATED:</extra>

	<judgement_date>14.02.2020<lb/></judgement_date>

	<extra>CORAM:<lb/>
	THE</extra>

	<judges>HONOURABLE MR.JUSTICE M.S.RAMESH<lb/></judges>

	<case_numbers>W.P.(MD) No.9131 of 2019<lb/></case_numbers>

	<extra>and<lb/></extra>

	<case_numbers>W.M.P.(MD) No.7116 of 2019<lb/></case_numbers>

	<petitioner>Dr.R.Mohan Raj<lb/></petitioner>
	
	<extra>... Petitioner<lb/>
	Vs.<lb/>
	1.</extra>

	<respondent>The Registrar,<lb/> Anna University,<lb/></respondent>
	
	<extra>Sardar Patel Road,<lb/> Chennai 600 025.<lb/>
	2.</extra>

	<respondent>The Director,<lb/>
	Centre for Constituent Colleges,<lb/>
	Anna University,<lb/></respondent> 
	
	<extra>Sardar Patel Road,<lb/>
	Chennai 600 025.<lb/>
	3.</extra>

	<respondent>The Dean,<lb/>
	University VOC College of Engineering,<lb/></respondent>
	
	<extra>Thoothukudi,<lb/>
	Anna University Thoothukudi Campus,<lb/>
	Thoothukudi District 628 008.<lb/>
	... Respondents<lb/>
	
	PRAYER:Writ Petition is filed under Article 226 of the Constitution of India,<lb/>
	praying for the issuance of a Writ of Certiorarified Mandamus, to call for the<lb/>
	records pertaining to the impugned order in Procs.No.051/PR20/2017-CAS,<lb/>
	dated 23.11.2017 on the file of the 1 st respondent and quash the same as<lb/>
	illegal to the extent of providing movement from Stage-1 and Stage -2 with<lb/>
	effect from 01.02.2015 and consequently to direct the 1 st respondent to<lb/>
	provide movement from Stage-1 to Stage-2 under Career Advancement<lb/>
	M.S.RAMESH, J.<lb/>
	mm<lb/>
	Scheme from the date of eligibility (Completion of 4 years of Service with<lb/>
	Ph.D. qualification) ie., within a time stipulated by this Court.<lb/> For Petitioner :</extra>

	<petitioner_lawyers>Mr.S.Louis<lb/></petitioner_lawyers>
	
	<extra>For R1 &amp; R2<lb/> :</extra>

	<respondent_lawyers>Mr.M.Rajarajan<lb/></respondent_lawyers>
	
	<extra>Standing Counsel<lb/></extra>

	<document_type>ORDER<lb/></document_type>

		</front>
	</text>
</tei>
