<?xml version="1.0" ?>
<tei xml:space="preserve">
	<teiHeader>
		<fileDesc xml:id="876081"/>
	</teiHeader>
	<text xml:lang="en">
		<front>
<lb/>
	<extra>BEFORE THE</extra>

	<court>MADURAI BENCH OF MADRAS HIGH COURT<lb/></court>

	<extra>DATED:</extra>

	<judgement_date>14.02.2020<lb/></judgement_date>

	<extra>CORAM:<lb/>
	THE</extra>

	<judges>HONOURABLE MR.JUSTICE M.S.RAMESH<lb/></judges>

	<case_numbers>W.P.(MD) No.3047 of 2020<lb/></case_numbers>
	
	<extra>and<lb/></extra>
	
	<case_numbers>W.M.P.(MD)Nos.2595 and 2596 of 2020<lb/></case_numbers>

	<petitioner>T.V.Ramesh<lb/></petitioner>
	
	<extra>... Petitioner<lb/>
	/vs./<lb/>
	1.</extra>

	<respondent>The Principal Secretary to Government</respondent>
	
	<extra>,<lb/>
	Government of Tamil Nadu,<lb/>
	Personnel and Administrative Reforms Department,<lb/>
	Secretariat, Chennai-9.<lb/>
	2.</extra>

	<respondent>The Additional Chief Secretary to Government</respondent>
	
	<extra>,<lb/>
	Government of Tamil Nadu,<lb/>
	Revenue and Disaster Management Department,<lb/>
	Secretariat, Chennai-9.<lb/>
	3.</extra>

	<respondent>The Principal Secretary/Commissioner of Revenue Administration</respondent>
	
	<extra>,<lb/>
	Revenue and Disaster Management Department,<lb/>
	Ezhilagam, Chepauk, Chennai-5.<lb/>
	4.</extra>

	<respondent>The District Collector,<lb/></respondent>
	
	<extra>Thoothukudi District.<lb/>
	
	... Respondents<lb/>
	
	PRAYER: Writ Petition filed under Article 226 of the Constitution of India for<lb/>
	issuance of Writ of Mandamus, to direct the respondents 1 to 3 to include<lb/>
	the name of the petitioner in the panel for promotion to the post of Deputy<lb/>
	Collector for the panel year 2019-2020.<lb/>
	For Petitioner :</extra>

	<petitioner_lawyers>Mr.Pokodi Karnan<lb/></petitioner_lawyers>
	
	<extra>for M/s.Polax Legal Solutions<lb/>
	For Respondents<lb/> :</extra>

	<respondent_lawyers>Mr.R.Sethuraman<lb/></respondent_lawyers>
	
	<extra>Special Government Pleader<lb/></extra>

	<document_type>ORDER<lb/></document_type>

		</front>
	</text>
</tei>
