<?xml version="1.0" ?>
<tei xml:space="preserve">
	<teiHeader>
		<fileDesc xml:id="876083"/>
	</teiHeader>
	<text xml:lang="en">
		<front>
<lb/>
	<extra>BEFORE THE</extra>

	<court>MADURAI BENCH OF MADRAS HIGH COURT<lb/></court>

	<extra>DATED:</extra>

	<judgement_date>14.02.2020<lb/></judgement_date>

	<extra>CORAM<lb/> THE</extra>

	<judges>HONOURABLE MR.JUSTICE S.S.SUNDAR<lb/></judges>

	<case_numbers>W.P.(MD)No.473 of 2016<lb/></case_numbers>

	<petitioner>M.Maliyandi<lb/></petitioner>
	
	<extra>: Petitioner<lb/>
	vs.<lb/>
	1.</extra>

	<respondent>The Revenue Divisional Officer</respondent>
	
	<extra>,<lb/> Revenue Divisional Office,<lb/> Srivaikuntam, Tuticorin District.<lb/>
	2.</extra>

	<respondent>The Tahsildar</respondent>
	
	<extra>,<lb/>
	Srivaikuntam Taluk Office,<lb/>
	Srivaikuntam, Tuticorin District.<lb/></extra>
	
	<respondent>P.Paramasivam<lb/></respondent> 
	
	<extra>: Respondents<lb/>
	
	Prayer: Writ Petition filed under Article 226 of the<lb/>
	Constitution of India praying for issuance of a Writ of<lb/>
	Mandamus, to direct the respondent to consider the<lb/>
	petitioner&apos;s representation, dated 25.03.2015 and to direct the<lb/>
	respondents to measure and hand over the petitioner&apos;s land<lb/> from the occupation of third respondent as per petitioner&apos;s<lb/>
	patta No.437, dated 03.02.1994.<lb/>
	For Petitioner :No Appearance<lb/>
	For R1 and R2 :</extra>

	<respondent_lawyers>Mr.C.Ramar<lb/></respondent_lawyers>
	
	<extra>Additional Government Pleader<lb/>
	For R3<lb/></extra>

	<respondent_lawyers>:Mr.K.R.Laxman<lb/></respondent_lawyers>
	
	<extra>****<lb/></extra>

	<document_type>O R D E R To<lb/></document_type>

	<extra>1.</extra>

	<respondent>The Revenue Divisional Officer,<lb/></respondent>
	
	<extra>Revenue Divisional Office,<lb/>
	Srivaikuntam, Tuticorin District.<lb/>
	2.</extra>

	<respondent>The Tahsildar,<lb/></respondent>
	
	<extra>Srivaikuntam Taluk Office,<lb/>
	Srivaikuntam, Tuticorin District.<lb/></extra>
		</front>
	</text>
</tei>
