<?xml version="1.0" ?>
<tei xml:space="preserve">
	<teiHeader>
		<fileDesc xml:id="876073"/>
	</teiHeader>
	<text xml:lang="en">
		<front>
<lb/>
	<extra>BEFORE THE</extra>

	<court>MADURAI BENCH OF MADRAS HIGH COURT<lb/></court>

	<extra>DATED:</extra>

	<judgement_date>14.02.2020<lb/></judgement_date>

	<extra>CORAM:<lb/>
	THE</extra>

	<judges>HONOURABLE MR.JUSTICE M.S.RAMESH<lb/></judges>

	<case_numbers>W.P.(MD) No.3028 of 2020<lb/></case_numbers>

	<petitioner>K.Ramalingam<lb/></petitioner>
	
	<extra>... Petitioner<lb/>
	/vs./<lb/></extra>

	<respondent>The Management of<lb/> Tamilnadu State Transport Corporation (Kumbakonam) Ltd.</respondent>
	
	<extra>,<lb/>
	Karaikudi Region,<lb/>
	Rep by its General Manager,<lb/>
	Karaikudi.<lb/>
	... Respondent<lb/>
	
	PRAYER: Writ Petition filed under Article 226 of the Constitution of India for<lb/>
	issuance of Writ of Mandamus, directing the respondent to pay the amount<lb/>
	towards encashment of 91 days of earned leaves surrendered by the petitioner<lb/>
	in the year from 2010 to 2017 before his retirement either based on his<lb/>
	monthly wages of the respective months of surrender of those earned leaves,<lb/>
	together with 18% interest per annum from the respective due dates or based<lb/>
	on the monthly wages payable on the month of his retirement together with<lb/>
	18% interest from the date of his retirement within a time frame as may be<lb/>
	fixed by this Court.<lb/>
	For Petitioner :</extra>

	<petitioner_lawyers>Mr.S.Arunachalam<lb/></petitioner_lawyers>
	
	<extra>For Respondent :</extra>

	<respondent_lawyers>Mr.P.Balasubramanian<lb/></respondent_lawyers>
	
	<extra>Standing Counsel<lb/></extra>

		</front>
	</text>
</tei>
