<?xml version="1.0" ?>
<tei xml:space="preserve">
	<teiHeader>
		<fileDesc xml:id="876059"/>
	</teiHeader>
	<text xml:lang="en">
		<front>
<lb/>
	<extra>BEFORE THE</extra>

	<court>MADURAI BENCH OF MADRAS HIGH COURT<lb/></court>
	
	<extra>DAT E D: </extra>

	<case_numbers>1 4 . 0 2 . 2 0 2 0<lb/></case_numbers>

	<extra>CORAM:<lb/></extra>

	<judges>T H E HO N O U R A B L E MR S .J U S T I C E P U S H PA S AT H YA N A R AYA N A<lb/></judges>

	<extra>W. P(MD) N o. 3 0 0 6 o f 2 0 2 0<lb/></extra>

	<petitioner>S.T.Mani<lb/></petitioner>
	
	<extra>... Petitioner<lb/>
	Vs.<lb/>
	1.</extra>

	<respondent>The Assistant Director of Fisheries</respondent>
	
	<extra>,<lb/>
	Theni, Vaigai Dam,<lb/>
	Theni District.<lb/>
	2.</extra>

	<respondent>The Director of Fisheries</respondent>
	
	<extra>,<lb/>
	Fisheries Department,<lb/>
	Chennai.<lb/>
	3.</extra>

	<respondent>A.Sankar<lb/></respondent>
	
	<extra>... Respondents<lb/>
	
	Prayer: Writ Petition filed under Article 226 of the Constitution of India praying<lb/>
	this Court to issue a Writ of Mandamus directing the first respondent to take the<lb/>
	complaint dated 17.1.2020 into file preferred by the Petitioner regarding the<lb/>
	affairs of FMD-10 Fisherman Cooperative Society, Bodinanayakanur and take<lb/>
	necessary actions after conducting an enquiry.<lb/>
	For Petitioner :<lb/></extra>

	<petitioner_lawyers>Mr.G.Prabhu Rajadurai<lb/></petitioner_lawyers>
	
	<extra>For Respondents :<lb/></extra>

	<respondent_lawyers>Mr.M.Rajarajan<lb/></respondent_lawyers>
	
	<extra>Government Advocate<lb/></extra>

	<document_type>O RD E R<lb/></document_type>

	<extra>This Writ Petition has been filed seeking issuance of a Writ of Mandamus<lb/>
	directing the first respondent to take the complaint dated 17.1.2020 into file<lb/></extra>

		</front>
	</text>
</tei>
