<?xml version="1.0" ?>
<tei xml:space="preserve">
	<teiHeader>
		<fileDesc xml:id="876084"/>
	</teiHeader>
	<text xml:lang="en">
		<front>
<lb/>
	<extra>BEFORE THE</extra>

	<court>MADURAI BENCH OF MADRAS HIGH COURT<lb/></court>

	<extra>DATED:</extra>

	<judgement_date>14.02.2020<lb/></judgement_date>

	<extra>CORAM:<lb/> THE</extra>

	<judges>HONOURABLE MR.JUSTICE S.S. SUNDAR<lb/></judges>

	<case_numbers>W.P.(MD).No.6988 of 2016<lb/></case_numbers>

	<petitioner>M.Irshath Barveen<lb/></petitioner>
	
	<extra>.. Petitioner<lb/>
	Vs.<lb/>
	1.</extra>

	<respondent>The State of Tamil Nadu,<lb/></respondent>
	
	<extra>represented by its Secretary,<lb/>
	Department of School Education,<lb/>
	Fort St. George, Secretariat,<lb/>
	Chennai -600 009.<lb/>
	2.</extra>

	<respondent>The Director,<lb/>
	Department of School Education</respondent>
	
	<extra>,<lb/>
	DPI Campus, College Road,<lb/>
	Chennai -600 006.<lb/> 3.</extra>

	<respondent>The Director,<lb/>
	Tamil Nadu Board of Secondary Education</respondent>
	
	<extra>,<lb/>
	Directorate of Government Examination,<lb/>
	DPI Campus, College Road,<lb/>
	Chennai -600 006.<lb/>
	4.</extra>

	<respondent>The District Educational Officer,<lb/></respondent>
	
	<extra>Thanjavur, Thanjavur District.<lb/>
	5.</extra>

	<respondent>The Headmaster,<lb/>
	Kader Mohaideen Girls Higher Secondary School,<lb/></respondent>
	
	<extra>Athiramapattinam, Pattukottai Taluk,<lb/>
	Thanjavur District.<lb/>
	.. Respondents<lb/>
	
	Prayer: Writ Petition filed under Article 226 of the Constitution of India, for<lb/>
	the issuance of Writ of Mandamus, directing the 4 th and 5 th respondents to<lb/>
	rectify the petitioner&apos;s date of birth is 13.12.1996 as per Birth Certificate,<lb/>
	instead of 13.07.1996 and her father&apos;s name as Mohideen Abdul Khader<lb/>
	instead of Mohamed Mohideen Abdul Khader in the School Transfer<lb/> Certificate as well as petitioner&apos;s 10 th Mark Sheet by considering the<lb/>
	petitioner&apos;s representation, dated 22.03.2016 to them within the time<lb/>
	period stipulated by this Court.<lb/>
	For Petitioner :<lb/></extra>

	<petitioner_lawyers>Mr.A.S.Alaudeen<lb/></petitioner_lawyers>
	
	<extra>For Respondents :</extra>

	<respondent_lawyers>Mr.A.Thiyagarajan</respondent_lawyers>
	
	<extra>for R1 to R4<lb/>
	Government Advocate<lb/></extra>

	<document_type>ORDER<lb/></document_type>

	<extra>S.S. SUNDAR, J.,<lb/>
	TM<lb/> 3.</extra>

	<respondent>The Director,<lb/>
	Tamil Nadu Board of Secondary Education</respondent>
	
	<extra>,<lb/>
	Directorate of Government Examination,<lb/>
	DPI Campus, College Road,<lb/>
	Chennai -600 006.<lb/>
	4.</extra>

	<respondent>The District Educational Officer</respondent>
	
	<extra>,<lb/></extra>
	
		</front>
	</text>
</tei>
