<?xml version="1.0" ?>
<tei xml:space="preserve">
	<teiHeader>
		<fileDesc xml:id="876050"/>
	</teiHeader>
	<text xml:lang="en">
		<front>
<lb/>
	<extra>BEFORE THE</extra>

	<court>MADURAI BENCH OF MADRAS HIGH COURT<lb/></court>
	
	<extra>DAT E D:</extra>

	<case_numbers> 1 4 . 0 2 . 2 0 2 0<lb/></case_numbers>

	<extra>CORAM:<lb/></extra>

	<judges>T H E HO N O U R A B L E MR S .J U S T I C E P U S H PA S AT H YA N A R AYA N A<lb/></judges>

	<case_numbers>W. P(MD) N o. 2 9 8 6 o f 2 0 2 0<lb/></case_numbers>

	<petitioner>Thalavai<lb/></petitioner>
	
	<extra>... Petitioner<lb/>
	Vs.<lb/>
	1.</extra>

	<respondent>The Passport Officer,<lb/>
	Bharathi Ula Veethi</respondent>
	
	<extra>,<lb/>
	Race Course Road,<lb/>
	Madurai.<lb/>
	2.</extra>

	<respondent>The Inspector of Police</respondent>
	
	<extra>,<lb/>
	Tenkasi Police Station,<lb/>
	Tenkasi District.<lb/>
	
	... Respondents<lb/>
	
	P R AY E R : Writ Petition filed under Article 226 of the Constitution of India<lb/>
	praying this Court to issue a Writ of Mandamus directing the first respondent to<lb/>
	re-issue passport to the Petitioner in Passport No.U2252217 considering the order<lb/>
	passed by this Court in CRL.O.P(MD)No.15801 of 2019, dated 18.11.2019.<lb/>
	For Petitioner :<lb/></extra>

	<petitioner_lawyers>Mr.R.Balakrishnan<lb/></petitioner_lawyers>
	
	<extra>For Respondent-1 :<lb/></extra>

	<respondent_lawyers>Mr.V.Kathirvelu</respondent_lawyers>
	
	<extra>,<lb/>
	Asst. Solicitor General<lb/>
	assisted by<lb/></extra>

	<respondent_lawyers>Mrs.Raghaventhree<lb/></respondent_lawyers>
	
	<extra>Central Govt.Standing Counsel<lb/>
	For Respondent-2 :<lb/></extra>

	<respondent_lawyers>Mr.M.Pandiarajan<lb/></respondent_lawyers>
	
	<extra>Addl.Govt.Pleader<lb/></extra>

		</front>
	</text>
</tei>
