<?xml version="1.0" ?>
<tei xml:space="preserve">
	<teiHeader>
		<fileDesc xml:id="876071"/>
	</teiHeader>
	<text xml:lang="en">
		<front>
<lb/>
	<extra>BEFORE THE</extra>

	<court>MADURAI BENCH OF MADRAS HIGH COURT<lb/></court>

	<extra>DATED:</extra>

	<judgement_date>14.02.2020<lb/></judgement_date>

	<extra>CORAM:<lb/> THE</extra>

	<judges>HONOURABLE MR.JUSTICE M.DURAISWAMY<lb/></judges>

	<extra>AND<lb/>
	THE</extra>

	<judges>HONOURABLE MR.JUSTICE T.RAVINDRAN<lb/></judges>

	<case_numbers>W.P(MD)No.3025 of 2020<lb/></case_numbers>
	
	<extra>and<lb/></extra> 
	
	<case_numbers>W.M.P(MD)Nos.2553 &amp; 2554 of 2020<lb/></case_numbers>

	<petitioner>R.Varathan<lb/></petitioner>
	
	<extra>... Petitioner<lb/>
	Vs.<lb/>
	1.</extra>

	<respondent>The Zonal Deputy Tahsildar</respondent>
	
	,<lb/> Taluk Office,<lb/>
	Srirangam,<lb/>
	Tiruchirappalli.<lb/>
	<extra>2.</extra>

	<respondent>The Tahsildar</respondent>
	
	<extra>,<lb/> Taluk Office,<lb/>
	Srirrangam,<lb/>
	Tiruchirappalli.<lb/>
	3.</extra>

	<respondent>The District Revenue Officer</respondent>
	
	<extra>,<lb/>
	Collectorate,<lb/>
	Tiruchirappalli District,<lb/>
	Tiruchirappalli.<lb/>
	4.</extra>

	<respondent>The District Collector</respondent>
	
	<extra>,<lb/> Collectorate,<lb/>
	Tiruchirappalli District,<lb/>
	Tiruchirappalli.<lb/>
	... Respondents<lb/>
	
	PRAYER: Writ Petition filed under Article 226 of the Constitution of<lb/>
	India, to issue a Writ of Certiorarified Mandamus, to call for the<lb/> records of the impugned notice of the second respondent in<lb/>
	Aa3/6727/2013 dated 07.02.2020 and quash the same as illegal<lb/>. and ultravires and consequently direct the respondents to change<lb/> the patta in the name of the petitioner for the property comprised in<lb/>
	Survey No.2300, Block No.42, Ward &apos;C&apos; of Thimmaraya Samuthiram<lb/>
	Village, Trichy District measuring 1.4445 sq.meter.<lb/>
	For Petitioner :</extra>

	<petitioner_lawyers>Mr.M.Ashok Kumar<lb/></petitioner_lawyers>
	
	<extra>For Respondents :</extra>

	<respondent_lawyers>Mr.J.Gunaseelan Muthiah</respondent_lawyers>
	
	<extra>,<lb/>
	Additional Government Pleader.<lb/></extra>

	<document_type>ORDER<lb/></document_type>

		</front>
	</text>
</tei>
