<?xml version="1.0" ?>
<tei xml:space="preserve">
	<teiHeader>
		<fileDesc xml:id="876080"/>
	</teiHeader>
	<text xml:lang="en">
		<front>
<lb/>
	<extra>BEFORE THE</extra>

	<court>MADURAI BENCH OF MADRAS HIGH COURT<lb/></court>

	<extra>DATED:</extra>

	<judgement_date>14.02.2020<lb/></judgement_date>

	<extra>CORAM:<lb/> THE</extra>

	<judges>HONOURABLE MR.JUSTICE M.S.RAMESH<lb/></judges>

	<case_numbers>W.P.(MD) No.3046 of 2020<lb/></case_numbers>

	<petitioner>S.Vijayalakshmi<lb/></petitioner>
	
	<extra>... Petitioner<lb/>
	/vs./<lb/>
	1.</extra>

	<respondent>The Secretary to Government</respondent>
	
	<extra>,<lb/> Government of Tamil Nadu,<lb/> School Education Department,<lb/> Fort St. George, Chennai 600 009.<lb/>
	2.</extra>

	<respondent>The Director of School Education</respondent>
	
	<extra>,<lb/>
	College Road, Chennai-06.<lb/>
	3.</extra>

	<respondent>The Joint Director of School</respondent>
	
	<extra>,<lb/>
	Education (VOC), College, Road,<lb/>
	Chennai-06.<lb/>
	4.</extra>

	<respondent>The Chief Educational Officer</respondent>
	
	<extra>,<lb/>
	Theni District.<lb/>
	... Respondents<lb/>
	
	PRAYER: Writ Petition filed under Article 226 of the Constitution of India for<lb/>
	issuance of Writ of Mandamus, to direct the respondents to refix the time<lb/>
	scale of pay from 10.06.2002 by extending the benefits of the G.O.Ms.No.<lb/>
	74, School Education Department dated 1.06.2002 and consequently to<lb/> regularize the petitioner from 10.06.2002.<lb/>
	For Petitioner :</extra>

	<petitioner_lawyers>Mr.R.Saravanan<lb/></petitioner_lawyers>
	
	<extra>For Respondents :</extra>

	<respondent_lawyers>Mr.A.Thiyagarajan<lb/></respondent_lawyers>
	
	<extra>Government Advocate<lb/></extra>

	<document_type>ORDER<lb/></document_type>

		</front>
	</text>
</tei>
