<?xml version="1.0" ?>
<tei xml:space="preserve">
	<teiHeader>
		<fileDesc xml:id="876086"/>
	</teiHeader>
	<text xml:lang="en">
		<front>
<lb/>
	<extra>BEFORE THE</extra>

	<court>MADURAI BENCH OF MADRAS HIGH COURT<lb/></court>

	<extra>DATED:</extra>

	<judgement_date>14.02.2020<lb/></judgement_date>

	<extra>CORAM:<lb/> THE</extra>

	<judges>HONOURABLE MR.JUSTICE M.S.RAMESH<lb/></judges>

	<case_numbers>W.P.(MD) No.9132 of 2019<lb/></case_numbers>

	<extra>and<lb/></extra>

	<case_numbers>W.M.P.(MD) No.7150 of 2019<lb/></case_numbers>

	<petitioner>Dr.P.Titus<lb/></petitioner>
	
	<extra>... Petitioner<lb/>
	Vs.<lb/>
	1.</extra>

	<respondent>The Registrar,<lb/>
	Anna University,<lb/></respondent>
	
	<extra>Sardar Patel Road,<lb/> Chennai 600 025.<lb/>
	2.</extra>

	<respondent>The Director,<lb/>
	Centre for Constituent Colleges,<lb/>
	Anna University,<lb/></respondent>
	
	<extra> Sardar Patel Road,<lb/>
	Chennai 600 025.<lb/> 3.</extra>

	<respondent>The Dean,<lb/>
	University College of Engineering</respondent>
	
	<extra>, Nagercoil,<lb/>
	Anna University Constituent College,<lb/>
	Konam, Nagercoil,<lb/>
	Kanyakumari District 629 004.<lb/>
	... Respondents<lb/>
	
	PRAYER:Writ Petition is filed under Article 226 of the Constitution of India,<lb/>
	praying for the issuance of a Writ of Certiorarified Mandamus, to call for the<lb/>
	records pertaining to the impugned order in Procs.No.051/PR20/2017-CAS,<lb/>
	dated 23.11.2017 on the file of the 1 st respondent and quash the same as<lb/>
	illegal to the extent of providing movement from Stage-1 and Stage -2 with<lb/>
	effect from 22.06.2014 and consequently to direct the 1 st respondent to<lb/>
	provide movement from Stage-1 to Stage-2 under Career Advancement<lb/>
	M.S.RAMESH, J.<lb/>
	mm<lb/>
	Scheme from the date of eligibility, 01.09.2012 (Completion of 4 years of<lb/>
	Service with Ph.D. qualification) ie., within a time stipulated by this Court.<lb/>
	For Petitioner :</extra>

	<petitioner_lawyers>Mr.S.Louis<lb/></petitioner_lawyers>
	
	<extra>For R1 &amp; R2<lb/> :</extra>

	<respondent_lawyers>Mr.M.Rajarajan<lb/></respondent_lawyers>
	
	<extra>Standing Counsel<lb/></extra>

	<document_type>ORDER<lb/></document_type>

		</front>
	</text>
</tei>
