<?xml version="1.0" ?>
<tei xml:space="preserve">
	<teiHeader>
		<fileDesc xml:id="876076"/>
	</teiHeader>
	<text xml:lang="en">
		<front>
<lb/>
	<extra>BEFORE THE</extra>

	<court>MADURAI BENCH OF MADRAS HIGH COURT<lb/></court>

	<extra>DATED:</extra>

	<judgement_date>14.02.2020<lb/></judgement_date>

	<extra>CORAM:<lb/>
	THE</extra>

	<judges>HONOURABLE MRS.JUSTICE PUSHPA SATHYANARAYANA<lb/></judges>

	<case_numbers>W.P(MD)No.3035 of 2020<lb/></case_numbers>

	<petitioner>Suman Michael<lb/></petitioner>
	
	<extra>... Petitioner<lb/>
	Vs.<lb/>
	1)</extra>
	
	<respondent>The Regional Passport Officer</respondent>
	
	<extra>,<lb/>
	Regional passport Office,<lb/>
	Bharath Ula Veethi,<lb/>
	Race Course Road, Madurai.<lb/> 2)</extra>
	
	<respondent>The Passport Seva Kondra</respondent>
	
	<extra>,<lb/>
	No.12, South Bye Pass Road,<lb/>
	Xavier Colony, Tirunelveli.<lb/> 3)</extra>

	<respondent>The Superintendent of Police</respondent>
	
	<extra>,<lb/>
	Tirunelveli District,<lb/>
	Tirunelveli.<lb/>
	4)</extra>

	<respondent>The Inspector of Police</respondent>
	
	<extra>,<lb/>
	Panagudi Police Station,<lb/>
	Panagudi,Radhapuram Taluk,<lb/>
	Tirunelveli District.<lb/>
	... Respondents<lb/>
	
	PRAYER: Writ Petition is filed under Article 226 of the Constitution of<lb/>
	India to issue a Writ of Mandamus, directing the 1 st respondent to issue<lb/>
	passport to the petitioner with regard to the File No. MD207286883319 on<lb/>
	the file of the 1 st respondent within the time stipulated by this Court.<lb/>
	
	For Petitioner :</extra>

	<petitioner_lawyers>Mr.S.R.Anbarasu<lb/></petitioner_lawyers>
	
	<extra>For RR 1 &amp; 2 :</extra>

	<respondent_lawyers>Mr.V.Kathirvelu</respondent_lawyers>
	    
	
	<extra>,<lb/>
	Assistant Solicitor General of India<lb/>
	Assisted by</extra>

	<respondent_lawyers>Ms.V.Raghaventhere,<lb/></respondent_lawyers>
	
	<extra>Central Govt. Standing Counsel<lb/>
	For RR 3 &amp; 4 :</extra>

	<respondent_lawyers>Mrs.J.Padmavathi Devi</respondent_lawyers>
	
	<extra>,<lb/>
	Special Government Pleader<lb/>
	******<lb/></extra>

	<document_type>O R D E R<lb/></document_type>

	<extra>2)</extra>

	<respondent>The Passport Seva Kondra,<lb/></respondent>
	
	<extra>No.12, South Bye Pass Road,<lb/>
	Xavier Colony, Tirunelveli.<lb/>
	3)</extra>

	<respondent>The Superintendent of Police,<lb/></respondent>
	
	<extra>Tirunelveli District,<lb/>
	Tirunelveli.<lb/>
	4)</extra>

	<respondent>The Inspector of Police</respondent>
	
	<extra>,<lb/>
	Panagudi Police Station,<lb/>
	Panagudi,Radhapuram Taluk,<lb/>
	Tirunelveli District.<lb/></extra>
		</front>
	</text>
</tei>
