<?xml version="1.0" ?>
<tei xml:space="preserve">
	<teiHeader>
		<fileDesc xml:id="876056"/>
	</teiHeader>
	<text xml:lang="en">
		<front>
<lb/>
	<extra>BEFORE THE</extra>

	<court>MADURAI BENCH OF MADRAS HIGH COURT<lb/></court>

	<extra>DATED:</extra>

	<judgement_date>14.02.2020<lb/></judgement_date>

	<extra>CORAM:<lb/> THE</extra>

	<judges>HONOURABLE MR.JUSTICE M.S.RAMESH<lb/></judges>

	<case_numbers>W.P.(MD) No.2998 of 2020<lb/></case_numbers>
	
	<extra>and<lb/></extra>
	
	<case_numbers>W.M.P.(MD)No.2546 of 2020<lb/></case_numbers>

	<petitioner>M.Malaiselvam<lb/></petitioner>
	
	<extra>... Petitioner<lb/>
	/Vs./<lb/>
	1.</extra>

	<respondent>The Chairman,<lb/>
	Tamil Nadu Uniform Services and Recruitment Board</respondent>
	
	<extra>,<lb/>
	Old Commissioner of Police Office Campus,<lb/>
	Pantheon Road, Egmore, Chennai 600 008.<lb/>
	2.</extra>

	<respondent>The Director General of Police</respondent>
	
	<extra>,<lb/>
	O/o., The Director General of Police,<lb/>
	Chennai 600 004.<lb/>
	3.</extra>

	<respondent>The Superintendent of Police</respondent>
	
	<extra>,<lb/>
	Sivagangai District,<lb/>
	Sivagangai.<lb/>
	... Respondents<lb/>
	
	PRAYER: Writ Petition filed under Article 226 of the Constitution of India for<lb/>
	issuance of Writ of Mandamus, to direct the respondents to assess the<lb/>
	candidature of the petitioner in the light of the observations made by the<lb/>
	Hon&apos;ble First Bench in the case of C.Surendhar Vs., The Director General of<lb/>
	Police and other in W.A.No.3877 of 2019 dated 13.11.2019 and<lb/> consequently direct the respondents to give order of appointment to the<lb/>
	petitioner (Roll No.2905616) preference basis to the post of Grade II Police<lb/>
	Constable or Jail Warden or Fireman 2019 in respect of selection made as<lb/>
	per Notification made in Advertisement No.1/2019 dated 06.03.2019.<lb/> For Petitioner :<lb/></extra>

	<petitioner_lawyers>Mr.M.Saravanakumar<lb/></petitioner_lawyers>
	
	<extra>For Respondents<lb/> :</extra>

	<respondent_lawyers>Mr.K.Chellapandian<lb/></respondent_lawyers>
	
	<extra>Additional Advocate General<lb/>
	assisted by</extra>

	<respondent_lawyers>Mr.R.Sethuraman<lb/></respondent_lawyers>
	
	<extra>Special Government Pleader<lb/></extra>

	<document_type>ORDER<lb/></document_type>

	<extra>To:<lb/>
	1.</extra>

	<respondent>The Chairman,<lb/> Tamil Nadu Uniform Services and Recruitment Board,<lb/></respondent>
	
	<extra>Old Commissioner of Police Office Campus,<lb/> Pantheon Road, Egmore, Chennai 600 008.<lb/>
	2.</extra>

	<respondent>The Director General of Police</respondent>
	
	<extra>,<lb/>
	O/o., The Director General of Police,<lb/>
	Chennai 600 004.<lb/> 3.</extra>

	<respondent>The Superintendent of Police</respondent>
	
	<extra>,<lb/>
	Sivagangai District,<lb/>
	Sivagangai.<lb/></extra>
		</front>
	</text>
</tei>
