<?xml version="1.0" ?>
<tei xml:space="preserve">
	<teiHeader>
		<fileDesc xml:id="876057"/>
	</teiHeader>
	<text xml:lang="en">
		<front>
<lb/>
	<extra>BEFORE THE</extra>

	<court>MADURAI BENCH OF MADRAS HIGH COURT<lb/></court>

	<extra>DATED:</extra>

	<judgement_date>14.02.2020<lb/></judgement_date>

	<extra>CORAM:<lb/>
	THE</extra>

	<judges>HONOURABLE MR.JUSTICE M.S.RAMESH<lb/></judges>

	<case_numbers>W.P.(MD) No.2999 of 2020<lb/></case_numbers>

	<petitioner>S.Rajesekaran<lb/></petitioner>
	
	<extra>... Petitioner<lb/>
	/vs./<lb/></extra>

	<respondent>The Management of<lb/> Tamilnadu State Transport Corporation (Kumbakonam) Ltd.</respondent>
	
	<extra>,<lb/>
	Trichy Region,<lb/>
	represented by its General Manager,<lb/>
	Trichy.<lb/>
	... Respondent<lb/>
	
	PRAYER: Writ Petition filed under Article 226 of the Constitution of India for<lb/>
	issuance of Writ of Mandamus, directing the respondent to pay arrears of<lb/>
	wages to the petitioner, together with 18% interest per annum after correctly<lb/>
	arriving at the monthly wages payable to him for period from 01.01.2019 to<lb/>
	23.03.2019 by taking note of the enhanced rate of dearness allowance as<lb/>
	ordered/fixed for the period from 01.01.2019 to 30.06.2019 in the G.O.Ms.No.<lb/>
	151, Finance (Allowances) department dated 20.5.2019 and also to revise his<lb/>
	terminal benefits, namely gratuity and encashment of 166 earned leaves,<lb/>
	based on such wages payable to him on the month of his retirement i.e. March<lb/>
	2019 and accordingly to pay him balance/arrears of gratuity and encashment<lb/>
	of earned leave days together with 18% interest per annum, within a time<lb/>
	frame as may be fixed by this Court.<lb/>
	For Petitioner :<lb/></extra>

	<petitioner_lawyers>Mr.S.Arunachalam<lb/></petitioner_lawyers>
	
	<extra>For Respondent :</extra>

	<respondent_lawyers>Mr.P.Balasubramanian<lb/></respondent_lawyers>
	
	<extra>Standing Counsel<lb/></extra>

	<document_type>ORDER<lb/></document_type>

		</front>
	</text>
</tei>
