<?xml version="1.0" ?>
<tei xml:space="preserve">
	<teiHeader>
		<fileDesc xml:id="876067"/>
	</teiHeader>
	<text xml:lang="en">
		<front>
<lb/>
	<extra>BEFORE THE</extra>

	<court>MADURAI BENCH OF MADRAS HIGH COURT<lb/></court>

	<extra>DATED:</extra>

	<judgement_date>14.02.2020<lb/></judgement_date>

	<extra>CORAM:<lb/>
	THE</extra>

	<judges>HONOURABLE MR.JUSTICE M.S.RAMESH<lb/></judges>

	<case_numbers>W.P.(MD) No.3019 of 2020<lb/></case_numbers>

	<petitioner>S.Ramasamy<lb/></petitioner>
	
	<extra>... Petitioner<lb/>
	Vs.<lb/></extra>

	<respondent>The Tamil Nadu State Transport<lb/></respondent>
	
	<extra>Corporation (Madurai) Ltd.,<lb/>
	Rep., by its Managing Director,<lb/>
	Madurai.<lb/>
	... Respondent<lb/>
	
	PRAYER: Writ Petition filed under Article 226 of the Constitution of India<lb/>
	for issuance of writ of mandamus, to direct the respondent to dispose of the<lb/>
	petitioner&apos;s appeal dated 21.12.2011 within the time that may be stipulated<lb/>
	by this Court preferred before the respondent by him against the<lb/> punishment of increment for three months without cumulative effect<lb/>
	imposed on him by the General Manager, Dindigul Region of the<lb/> respondent corporation in his office proceedings in Ref.Sa.Thu.A.5/902<lb/>
	dated 15.07.2010.<lb/>
	For Petitioners :</extra>

	<petitioner_lawyers>Mr.A.Rahul<lb/></petitioner_lawyers>
	
	<extra>For Respondent :</extra>

	<respondent_lawyers>Mr.J.Senthil Kumaraiah<lb/></respondent_lawyers>
	
	<extra>Standing Counsel<lb/></extra>

		</front>
	</text>
</tei>
