<?xml version="1.0" ?>
<tei xml:space="preserve">
	<teiHeader>
		<fileDesc xml:id="876074"/>
	</teiHeader>
	<text xml:lang="en">
		<front>
<lb/>
	<extra>BEFORE THE</extra>

	<court>MADURAI BENCH OF MADRAS HIGH COURT<lb/></court>

	<extra>DATED:</extra>

	<judgement_date>14.02.2020<lb/></judgement_date>

	<extra>CORAM<lb/>
	THE</extra>

	<judges>HONOURABLE MR.JUSTICE S.S.SUNDAR<lb/></judges>

	<case_numbers>W.P.(MD)No.3032 of 2020<lb/></case_numbers>

	<petitioner>M/s.Srinidhi Industries Limited,<lb/></petitioner>
	
	<extra>represented by its Director.<lb/>
	: Petitioner<lb/>
	vs.<lb/>
	1.</extra>

	<respondent>The District Collector</respondent>
	
	<extra>,<lb/>
	Collectorate, Sivagangai.<lb/>
	2.</extra>

	<respondent>The Special Tahsildar</respondent>
	
	<extra>,<lb/>
	Land Acquisition National Highways -49.<lb/>
	Unit-II, Manamadurai.<lb/>
	: Respondents<lb/>
	
	Prayer: Writ Petition filed under Article 226 of the<lb/>
	Constitution of India praying for issuance of a Writ of<lb/>
	Mandamus, to direct the first respondent-District Collector,<lb/> Sivagangai, to consider the petitioner&apos;s representations, dated<lb/>
	09.01.2017 and 04.12.2017 and grant enhancement of<lb/>
	compensation for lands acquired from the petitioner by the<lb/>
	second respondent for the purpose of expansion of National<lb/>
	Highway.<lb/>
	For Petitioner :</extra>

	<petitioner_lawyers>Mr.RAguvaran Goplan<lb/></petitioner_lawyers>
	
	<extra>For Respondents :</extra>

	<respondent_lawyers>Mr.A.Muthu Karuppan<lb/></respondent_lawyers>
	
	<extra>Additional Government Pleader<lb/>
	***<lb/></extra>

	<document_type>O R D E R<lb/></document_type>

		</front>
	</text>
</tei>
