<?xml version="1.0" ?>
<tei xml:space="preserve">
	<teiHeader>
		<fileDesc xml:id="876070"/>
	</teiHeader>
	<text xml:lang="en">
		<front>
<lb/>
	<extra>BEFORE THE</extra>

	<court>MADURAI BENCH OF MADRAS HIGH COURT<lb/></court>

	<extra>DATED:</extra>

	<judgement_date>14.02.2020<lb/></judgement_date>

	<extra>CORAM:<lb/>
	THE</extra>

	<judges>HONOURABLE MR.JUSTICE M.S.RAMESH<lb/></judges>

	<case_numbers>W.P.(MD) No.3024 of 2020<lb/></case_numbers>

	<petitioner>R.Thangam<lb/></petitioner>
	
	<extra>... Petitioner<lb/>
	vs.<lb/>
	1.</extra>

	<respondent>The Managing Director,<lb/>
	Tamilnadu State Transport Corporation (KMB) Ltd.</respondent>
	
	<extra>,<lb/>
	New Railway Station Road,<lb/>
	Kumbakonam -612 001.<lb/>
	2.</extra>

	<respondent>The General Manager,<lb/>
	Tamilnadu State Transport Corporation (KMB) Ltd.</respondent>
	
	<extra>,<lb/>
	Karaikudi Region,<lb/>
	Mardhupathi,<lb/>
	Managiri Post,<lb/>
	Karaikudi,<lb/>
	Sivagangai District.<lb/>
	... Respondents<lb/>
	
	PRAYER: Writ Petition filed under Article 226 of the Constitution of India for<lb/>
	issuance of Writ of Mandamus, directing the respondents to disburse<lb/> interest at the rate of 6% for the belated payment of retirement benefits<lb/>
	namely, Gratuity, Provident Fund, Leave Salary and Commutation.<lb/>
	For Petitioner :</extra>

	<petitioner_lawyers>Mr.K.Gokul<lb/></petitioner_lawyers>
	
	<extra>For Respondents :</extra>

	<respondent_lawyers>Mr.P.Balasubramanian<lb/></respondent_lawyers>
	
	<extra>Standing Counsel<lb/></extra>

	<document_type>ORDER<lb/></document_type>

	<extra>By consent of both parties, this writ petition is taken up for final<lb/>
	disposal at the stage of admission itself.<lb/></extra>

		</front>
	</text>
</tei>
