<?xml version="1.0" ?>
<tei xml:space="preserve">
	<teiHeader>
		<fileDesc xml:id="876055"/>
	</teiHeader>
	<text xml:lang="en">
		<front>
<lb/>
	<extra>BEFORE THE</extra>

	<court>MADURAI BENCH OF MADRAS HIGH COURT<lb/></court>

	<extra>DATED :</extra>

	<judgement_date>14.02.2020<lb/></judgement_date>

	<extra>CORAM<lb/>
	THE</extra>

	<judges>HONOURABLE MRS. JUSTICE T.KRISHNAVALLI<lb/></judges>

	<case_numbers>W.P.(MD)No.2997 of 2020<lb/></case_numbers>

	<petitioner>P.Rajakumar<lb/></petitioner>
	
	<extra>... Petitioner<lb/>
	Vs.<lb/>
	1.</extra>

	<respondent>The Superintendent of Police,<lb/>
	Theni District, Theni.<lb/></respondent>
	<extra>2.</extra>

	<respondent>The Deputy Superintendent of Police,<lb/></respondent>
	
	<extra>Uthamapalayam, Theni District.<lb/>
	3.</extra>

	<respondent>The Inspector of Police</respondent>
	
	<extra>,<lb/>
	Uthamapalayam Circle,<lb/>
	Odaipatti Police Station,<lb/>
	Uthamapalayam Taluk,<lb/>
	Theni District.<lb/>
	4.</extra>

	<respondent>The Sub-Inspector of Police</respondent>
	
	<extra>,<lb/>
	Odaipatti Police Station,<lb/>
	Uthamapalayam Taluk,<lb/>
	Theni District.<lb/>
	...Respondents<lb/>
	
	Prayer : Writ Petition filed under Article 226 of the Constitution of<lb/>
	India to issue a Writ of Mandamus, directing the respondents to<lb/> grant permission and necessary protection to perform the cultural<lb/>
	programmes viz., Karakattam, Raja Rani Attam and Adal Padal on<lb/>
	the eve of Arulmigu Kaliamman Kovil Temple Festival at Odaipatti<lb/> Village, Uthamapalayam Taluk, Theni District which is to be held<lb/>
	from 21.02.2020 to 23.02.2020.<lb/>
	For Petitioner :<lb/></extra>

	<petitioner_lawyers>Mr.A.Karthik<lb/></petitioner_lawyers>
	
	<extra>For Respondents :<lb/></extra>

	<respondent_lawyers>Mr.S.Chandarasekar<lb/></respondent_lawyers>
	
	<extra>Additional Public Prosecutor To<lb/>
	1.</extra>

	<respondent>The Superintendent of Police</respondent>
	
	,<lb/> Theni District, Theni.<lb/>
	<extra>2.</extra>

	<respondent>The Deputy Superintendent of Police</respondent>
	
	<extra>,<lb/>
	Uthamapalayam, Theni District.<lb/>
	3.</extra>

	<respondent>The Inspector of Police</respondent>
	
	<extra>,<lb/>
	Uthamapalayam Circle,<lb/>
	Odaipatti Police Station,<lb/>
	Uthamapalayam Taluk,<lb/>
	Theni District.<lb/>
	4.</extra>

	<respondent>The Sub-Inspector of Police</respondent>
	
	<extra>,<lb/>
	Odaipatti Police Station,<lb/>
	Uthamapalayam Taluk,<lb/>
	Theni District.<lb/></extra>
	
		</front>
	</text>
</tei>
