<?xml version="1.0" ?>
<tei xml:space="preserve">
	<teiHeader>
		<fileDesc xml:id="876078"/>
	</teiHeader>
	<text xml:lang="en">
		<front>
<lb/>
	<extra>BEFORE THE</extra>

	<court>MADURAI BENCH OF MADRAS HIGH COURT<lb/></court>

	<extra>DATED:</extra>

	<judgement_date>14.02.2020<lb/></judgement_date>

	<extra>CORAM:<lb/>
	THE</extra>

	<judges>HONOURABLE MR.JUSTICE M.S.RAMESH<lb/></judges>

	<case_numbers>W.P.(MD) No.3041 of 2020<lb/></case_numbers>

	<petitioner>O.Gnanasekaran<lb/></petitioner>
	
	<extra>... Petitioner<lb/>
	/vs./<lb/></extra>

	<respondent>The Commissioner</respondent>
	
	<extra>,<lb/>
	Tiruchirapalli Corporation,<lb/>
	Trichy District.<lb/>
	... Respondent<lb/>
	
	PRAYER: Writ Petition filed under Article 226 of the Constitution of India for<lb/>
	issuance of Writ of Mandamus, to direct the respondent to take 50% on the<lb/>
	periods from 01.07.1983 to 02.04.1991 worked on daily wages under the<lb/>
	respondent&apos;s Corporation along with the periods from the date of<lb/>
	regularizing the post of appointment to the post of Driver till the date of<lb/>
	retirement i.e., on 30.04.2018 for calculating the pension and pensionary<lb/>
	benefits and any other benefits as legally entitled to the petitioner and<lb/>
	revise the pension on that basis by considering the representation dated<lb/>
	17.05.2019 and as per the G.O.Ms.No.408 Finance (Pension) Department<lb/>
	dated 25.08.2009 within the time stipulated by this Court.<lb/>
	For Petitioner :</extra>

	<petitioner_lawyers>Mr.V.R.Venkatesan<lb/></petitioner_lawyers>
	
	<extra>For Respondent :</extra>

	<respondent_lawyers>Mr.N.S.Karthikeyan<lb/></respondent_lawyers>
	
	<extra>Standing Counsel<lb/></extra>

		</front>
	</text>
</tei>
