<?xml version="1.0" ?>
<tei xml:space="preserve">
	<teiHeader>
		<fileDesc xml:id="876079"/>
	</teiHeader>
	<text xml:lang="en">
		<front>
<lb/>
	<extra>BEFORE THE</extra>

	<court>MADURAI BENCH OF MADRAS HIGH COURT<lb/></court>

	<extra>DATED:</extra>

	<judgement_date>14.02.2020<lb/></judgement_date>

	<extra>CORAM<lb/>.
	THE</extra>

	<judges>HONOURABLE MR.JUSTICE S.S.SUNDAR<lb/></judges>

	<case_numbers>W.P.(MD)No.3044 of 2020<lb/></case_numbers>
	
	<extra>and<lb/></extra>
	
	<case_numbers>W.M.P.(MD)No.2594 of 2020<lb/></case_numbers>

	<petitioner>P.Yuvaraj<lb/></petitioner>
	
	<extra>: Petitioner<lb/>
	vs.<lb/>
	1.</extra>

	<respondent>The District Registrar</respondent>
	
	<extra>,<lb/> Theni, Theni District,<lb/>
	Periyakulam Redg.District.<lb/>
	2.</extra>

	<respondent>The Sub Registrar</respondent>
	
	<extra>,<lb/>
	Sub Registrar Office,<lb/>
	Bodinayakkanur, Theni District.<lb/>
	3.</extra>

	<respondent>Y.Keerthana<lb/></respondent>
	
	<extra>4.</extra>

	<respondent>P.Saraanan<lb/></respondent>
	
	<extra>5.</extra>

	<respondent>S.Manjula<lb/></respondent>
	
	<extra>: Respondents<lb/>
	
	Prayer: Writ Petition filed under Article 226 of the<lb/>
	Constitution of India praying for issuance of a Writ of<lb/>
	Declaration, to declare Document No.218/2016 on the file of<lb/>
	the second respondent, dated 18.01.2016, executed by the<lb/>
	fourth respondent in favour of third respondent as null and<lb/>
	void.<lb/>
	For Petitioner :</extra>

	<petitioner_lawyers>Mr.K.Saravana Bhagavathy<lb/></petitioner_lawyers>
	
	<extra>for M/s.S.K.K.Law Associates<lb/>
	
	For R1 and R2<lb/> :</extra>

	<respondent_lawyers>Mr.A.Muthu Karuppan<lb/></respondent_lawyers>
	
	<extra>Additional Government Pleader<lb/>
	****<lb/></extra>

	<document_type>O R D E R To<lb/></document_type>

	<extra>1.</extra>

	<respondent>The District Registrar</respondent>
	
	<extra>,<lb/>
	Theni, Theni District,<lb/>
	Periyakulam Redg.District.<lb/>
	2.</extra>

	<respondent>The Sub Registrar</respondent>
	
	<extra>,<lb/> Sub Registrar Office,<lb/> Bodinayakkanur, Theni District.</extra>
	
		</front>
	</text>
</tei>
