<?xml version="1.0" ?>
<tei xml:space="preserve">
	<teiHeader>
		<fileDesc xml:id="876060"/>
	</teiHeader>
	<text xml:lang="en">
		<front>
<lb/>
	<extra>BEFORE THE</extra>

	<court>MADURAI BENCH OF MADRAS HIGH COURT<lb/></court>

	<extra>DATED :</extra>

	<judgement_date>14.02.2020<lb/></judgement_date>

	<extra>CORAM<lb/>
	THE</extra>

	<judges>HONOURABLE MRS. JUSTICE T.KRISHNAVALLI<lb/></judges>

	<case_numbers>W.P.(MD)No.3008 of 2020<lb/></case_numbers>

	<petitioner>G.Ganesan<lb/></petitioner>
	
	<extra>... Petitioner<lb/>
	Vs.<lb/>
	1.</extra>

	<respondent>The Commissioner of Police</respondent>
	
	<extra>,<lb/>
	Madurai City, Madurai.<lb/>
	2.</extra>

	<respondent>The Inspector of Police</respondent>
	
	<extra>,<lb/>
	Avaniyapuram Police Station,<lb/>
	Madurai.<lb/>
	...Respondents<lb/>
	
	Prayer : Writ Petition filed under Article 226 of the Constitution of<lb/>
	India to issue a Writ of Mandamus, directing the second<lb/>
	respondent to consider and dispose the petitioner&apos;s representation,<lb/>
	dated 05.12.2019 within stipulated time may be fixed by this<lb/>
	Court, which is relating to grant police protection, while fencing<lb/> the society situated at A2468, Sinthamani Valarkalai Milk Producer<lb/>
	Co-operative Society, Sinthamani, Madurai-625 009.<lb/>
	For Petitioner :<lb/></extra>

	<petitioner_lawyers>Mr.K.Muthuvai Ilayaraja<lb/></petitioner_lawyers>
	
	<extra>For Respondents :<lb/></extra>

	<respondent_lawyers>Mr.S.Chandarasekar<lb/></respondent_lawyers>
	
	<extra>Additional Public Prosecutor<lb/></extra>
	
	<document_type>O R D E R<lb/></document_type>
	
	<extra>By consent of both parties, this writ petition is taken up<lb/> for final disposal at the stage of admission itself.<lb/></extra>

		</front>
	</text>
</tei>
