<?xml version="1.0" ?>
<tei xml:space="preserve">
	<teiHeader>
		<fileDesc xml:id="876058"/>
	</teiHeader>
	<text xml:lang="en">
		<front>
<lb/>
	<extra>BEFORE THE</extra>

	<court>MADURAI BENCH OF MADRAS HIGH COURT<lb/></court>

	<extra>DATED:</extra>

	<judgement_date>14.02.2020<lb/></judgement_date>

	<extra>CORAM:<lb/> THE</extra>

	<judges>HONOURABLE MR.JUSTICE M.S.RAMESH<lb/></judges>

	<case_numbers>W.P.(MD) No.3000 of 2020<lb/></case_numbers>

	<petitioner>AL.S.Periakaruppan<lb/></petitioner>
	
	<extra>... Petitioner<lb/>
	vs.<lb/>
	1.</extra>

	<respondent>The Managing Director,<lb/> Tamilnadu State Transport Corporation (KMB) Ltd.</respondent>
	
	<extra>,<lb/>
	New Railway Station Road,<lb/>
	Kumbakonam -612 001.<lb/>
	2.</extra>

	<respondent>The General Manager,<lb/>
	Tamilnadu State Transport Corporation (KMB) Ltd.</respondent>
	
	<extra>,<lb/>
	Pudukottai Region,<lb/>
	Pillai Thanir Pandhal,<lb/>
	Thirumaiyam Road,<lb/>
	Pudukottai District.<lb/>
	3.</extra>

	<respondent>The Administrator,<lb/>
	Tamilnadu State Transport Corporation Ltd.</respondent>
	
	<extra>,<lb/>
	Employees Pensions Fund Trust,<lb/>
	Thiruvalluvar Illam,<lb/>
	Pallavan Salai,<lb/>
	Chennai -2.<lb/>
	... Respondents<lb/>
	
	PRAYER: Writ Petition filed under Article 226 of the Constitution of India for<lb/>
	issuance of Writ of Mandamus, directing the respondents to disburse<lb/> interest at the rate of 6% for retirement benefits Gratuity, Leave Salary and<lb/>
	Commutation.<lb/>
	For Petitioner :</extra>

	<petitioner_lawyers>Mr.K.Gokul<lb/></petitioner_lawyers>
	
	<extra>For R1 &amp; R2 :</extra>

	<respondent_lawyers>Mr.P.Balasubramanian<lb/></respondent_lawyers>
	
	<extra>Standing Counsel<lb/>
	For R3<lb/> :</extra>

	<respondent_lawyers>Mr.A.Swaminathan<lb/></respondent_lawyers>
	
		</front>
	</text>
</tei>
