<?xml version="1.0" ?>
<tei xml:space="preserve">
	<teiHeader>
		<fileDesc xml:id="876082"/>
	</teiHeader>
	<text xml:lang="en">
		<front>
<lb/>
	<extra>BEFORE THE</extra>

	<court>MADURAI BENCH OF MADRAS HIGH COURT<lb/></court>

	<extra>DATED:</extra>

	<judgement_date>14.02.2020<lb/></judgement_date>

	<extra>CORAM:<lb/>
	THE</extra>

	<judges>HONOURABLE MRS.JUSTICE PUSHPA SATHYANARAYANA<lb/></judges>

	<case_numbers>W.P(MD)No.361 of 2020<lb/></case_numbers>

	<petitioner>A.Velu<lb/></petitioner>
	
	<extra>... Petitioner<lb/>
	Vs.<lb/>
	1)</extra>

	<respondent>The Divisional Engineer,<lb/> Highways (Construction &amp; Maintenance)</respondent>
	
	<extra>,<lb/> State Highways Department,<lb/> Dindigul Division,<lb/> Dindigul.<lb/>
	2)</extra>

	<respondent>The Assistant Divisional Engineer,<lb/> Highways (Construction &amp; Maintenance)</respondent>
	
	<extra>,<lb/> State Highways Department,<lb/> Dindigul Division,<lb/> Dindigul.<lb/>
	3)</extra>

	<respondent>The District Collector</respondent>
	
	<extra>,<lb/> Dindigul District,<lb/> Dindigul.<lb/>
	4)</extra>

	<respondent>The Commissioner,<lb/> Dindigul Corporation</respondent>
	
	<extra>,<lb/>
	Dindigul.<lb/>
	
	... Respondents<lb/>
	
	PRAYER: Writ Petition is filed under Article 226 of the Constitution of<lb/>
	India to issue a Writ of Mandamus, directing the respondents to grant<lb/>
	permission to the petitioner to newly run Aavin Milk Booth in the land in<lb/>
	T.S.No.813, Ward No.5 situated at Near Roundana, Bharathpuram,<lb/> Mettupatti Road, Dindigul District based on the petitioner&apos;s representation<lb/>
	dated 17.12.2019.<lb/>
	For Petitioner :</extra>

	<petitioner_lawyers>Mr.C.Abul Kalam Azad<lb/></petitioner_lawyers>
	
	<extra>For RR 1 to 3
	:</extra>
	
	<respondent_lawyers>MrsJ.Padmavathi Devi</respondent_lawyers>
	
	<extra>,<lb/>
	Special Government Pleader.<lb/>
	For R4
	 :</extra>

	<respondent_lawyers>Mr.J.Lawrence<lb/></respondent_lawyers>
	
	<extra>******<lb/></extra>

	<document_type>O R D E R<lb/></document_type>

	<extra>Mrs.J.Padmavathi Devi, learned Special Government Pleader takes<lb/>
	notice on behalf of the respondents 1 to 3.<lb/>
	2. By consent, the writ petition is taken up for disposal at the<lb/> admission stage itself.<lb/>
	3. The writ petition has been filed by the petitioner praying for<lb/> issuance of a Writ of Mandamus, directing the respondents to grant<lb/>
	permission to the petitioner to newly run Aavin Milk Booth in the land in<lb/>
	T.S.No.813, Ward No.5 situated at Near Roundana, Bharathpuram,<lb/> Mettupatti Road, Dindigul District based on the petitioner&apos;s representation<lb/>
	dated
	 17.12.2019.<lb/>
	4.The case of the petitioner is that, he obtained a license from the<lb/>
	General Manager, Aavin Milk, Dindigul District on 10.01.2019 for running<lb/>
	Aavin Milk Booth in the above said property. Subsequently, the petitioner<lb/>
	
	PUSHPA SATHYANARAYANA, J.<lb/>
	sts<lb/>
	To:<lb/>
	1)</extra>

	<respondent>The Divisional Engineer,<lb/> Highways (Construction &amp; Maintenance)</respondent>
	
	<extra>,<lb/> State Highways Department,<lb/>
	Dindigul Division,<lb/>
	Dindigul.<lb/>
	2)</extra>

	<respondent>The Assistant Divisional Engineer,<lb/> Highways (Construction &amp; Maintenance)</respondent>
	
	<extra>,<lb/>
	State Highways Department,<lb/>
	Dindigul Division, Dindigul.<lb/>
	3)</extra>

	<respondent>The District Collector,<lb/> Dindigul District</respondent>
	
	<extra>, Dindigul.<lb/>
	4)</extra>

	<respondent>The Commissioner,<lb/> Dindigul Corporation</respondent>
	
	<extra>, Dindigul.<lb/>
	Order made in<lb/></extra>

		</front>
	</text>
</tei>
