<?xml version="1.0"?>
<tei xml:space="preserve">
	<teiHeader>
		<fileDesc xml:id="893415" />
	</teiHeader>
	<text xml:lang="en">
		<front>
			<extra>
				*
				<lb />
				IN THE
			</extra>
			<court>
				HIGH COURT OF DELHI AT NEW DELHI
				<lb />
			</court>
			<extra>
				+
				<lb />
			</extra>
			<case_numbers>
				C.R.P No.969/2001
				<lb />
			</case_numbers>
			<extra>
				%
				<lb />
				Date of Decision:
			</extra>
			<judgement_date>
				06.05.2011
				<lb />
			</judgement_date>
			<petitioner>
				Sh. Amit Gupta &amp; Ors.
				<lb />
			</petitioner>
			<extra>
				…. Petitioners
				<lb />
			</extra>
			<extra>
				Through
				<lb />
			</extra>
			<petitioner_lawyers>
				Mr. Sheetesh Khanna,
				<lb />
			</petitioner_lawyers>
			<extra>
				Advocate.
				<lb />
			</extra>
			<extra>
				Versus
				<lb />
			</extra>
			<respondent>
				Sh.Dwarka Nath @ Mast Ram Through his
				<lb />
				LRs &amp; Ors.
				<lb />
			</respondent>
			<extra>
				…. Respondents
				<lb />
			</extra>
			<extra>
				Through
				<lb />
			</extra>
			<respondent_lawyers>
				Mr. Anuj Gupta
				<lb />
			</respondent_lawyers>
			<extra>
				, Advocate for the
				<lb />
				respondent No. 2
				<lb />
			</extra>
			<extra>
				CORAM:
				<lb />
			</extra>
			<judges>
				HON&apos;BLE MR. JUSTICE ANIL KUMAR
			</judges>
		</front>
	</text>
</tei>
