<?xml version="1.0"?>
<tei xml:space="preserve">
	<teiHeader>
		<fileDesc xml:id="902849" />
	</teiHeader>
	<text xml:lang="en">
		<front>
			<extra>
				*
				<lb />
				IN THE
			</extra>
			<court>
				HIGH COURT OF DELHI AT NEW DELHI
				<lb />
			</court>
			<extra>
				Date of decision:
			</extra>
			<judgement_date>
				26 th APRIL, 2022
				<lb />
			</judgement_date>
			<extra>
				IN THE MATTER OF:
				<lb />
			</extra>
			<extra>
				+
				<lb />
			</extra>
			<case_numbers>
				W.P.(C) 9393/2020
			</case_numbers>
			<petitioner>
				SANDESH
				<lb />
			</petitioner>
			<extra>
				..... Petitioner
				<lb />
			</extra>
			<extra>
				Through
				<lb />
			</extra>
			<petitioner_lawyers>
				Mr. Choudhary Ali Zia Kabir,
				<lb />
				Mr.Haider Ali, Mr. Jimut Mohapatra,
				<lb />
				Mr. Vinod Kumar,
			</petitioner_lawyers>
			<extra>
				Advocates
				<lb />
			</extra>
			<extra>
				versus
				<lb />
			</extra>
			<respondent>
				DELHI DEVELOPMENT AUTHORITY
				<lb />
			</respondent>
			<extra>
				..... Respondent
				<lb />
			</extra>
			<extra>
				Through
				<lb />
			</extra>
			<respondent_lawyers>
				Mr. Ashim Vachher
				<lb />
			</respondent_lawyers>
			<extra>
				, Standing
				<lb />
				Counsel with
			</extra>
			<respondent_lawyers>
				Mr.Paritosh Dhawan,
				<lb />
			</respondent_lawyers>
			<extra>
				Advocate for DDA.
				<lb />
			</extra>
			<extra>
				CORAM:
				<lb />
			</extra>
			<judges>
				HON&apos;BLE MR. JUSTICE SUBRAMONIUM PRASAD
			</judges>
		</front>
	</text>
</tei>
