<?xml version="1.0"?>
<tei xml:space="preserve">
	<teiHeader>
		<fileDesc xml:id="904030" />
	</teiHeader>
	<text xml:lang="en">
		<front>
			<lb />
			<extra>
				$~
				<lb />
				*
			</extra>
			<lb />
			<extra>
				IN THE
			</extra>
			<court>
				HIGH COURT OF DELHI AT NEW DELHI
				<lb />
			</court>
			<extra>
				Reserved on:
				
				16 th November, 2021
				<lb />
			</extra>
			<extra>
				Decided on:
			</extra>
			<judgement_date>
				6 th April, 2022
				<lb />
			</judgement_date>
			<case_numbers>
				+
				<lb />
				O.M.P. (COMM) 433/2020, IA 4775/2020 and IA 8408/2021
				<lb />
			</case_numbers>
			<petitioner>
				M/S GMR POCHANPALLI
				<lb />
				EXPRESSWAYS LTD
				<lb />
			</petitioner>
			<extra>
				..... Petitioner
				<lb />
			</extra>
			<extra>
				Through
				<lb />
			</extra>
			<petitioner_lawyers>
				Mr. Atul Sharma,
			</petitioner_lawyers>
			<petitioner_lawyers>
				Ms. Milanka
				<lb />
				Chaudhury,
			</petitioner_lawyers>
			<petitioner_lawyers>
				Mr. Abhinav Agnihotri
			</petitioner_lawyers>
			<extra>
				and
			</extra>
			<petitioner_lawyers>
				Ms.
				<lb />
				Harshita Agarwal,
			</petitioner_lawyers>
			<extra>
				Advs.
				<lb />
			</extra>
			<extra>
				versus
				<lb />
			</extra>
			<respondent>
				NATIONAL HIGHWAY
				<lb />
				AUTHORITY OF INDIA
				<lb />
			</respondent>
			<extra>
				..... Respondent
				<lb />
			</extra>
			<extra>
				Through
				<lb />
			</extra>
			<respondent_lawyers>
				Mr. Dayan Krishnan,
			</respondent_lawyers>
			<extra>
				Sr.
				<lb />
				Advocate with
			</extra>
			<respondent_lawyers>
				Mr. Ankur Mittal,
			</respondent_lawyers>
			<respondent_lawyers>
				Mr. Abhay
				<lb />
				Gupta
			</respondent_lawyers>
			<extra>
				and
			</extra>
			<respondent_lawyers>
				Ms. Sukrit,
			</respondent_lawyers>
			<extra>
				Advs.
			</extra>
			<lb />
			<case_numbers>
				+
				<lb />
				O.M.P. (COMM) 449/2020, I.A. 6682/2020 and I.A. 6683/2020
			</case_numbers>
			<lb />
			<petitioner>
				NATIONAL HIGHWAY
				<lb />
				AUTHORITY OF INDIA
				<lb />
			</petitioner>
			<extra>
				..... Petitioner
				<lb />
			</extra>
			<extra>
				Through
				<lb />
			</extra>
			<petitioner_lawyers>
				Mr. Dayan Krishnan,
			</petitioner_lawyers>
			<extra>
				Sr.
				<lb />
				Advocate with
			</extra>
			<petitioner_lawyers>
				Mr. Ankur Mittal,
			</petitioner_lawyers>
			<petitioner_lawyers>
				Mr. Abhay
				<lb />
				Gupta
			</petitioner_lawyers>
			<extra>
				and
			</extra>
			<petitioner_lawyers>
				Ms.Sukrit,
			</petitioner_lawyers>
			<extra>
				Advs.
				<lb />
			</extra>
			<extra>
				versus
				<lb />
			</extra>
			<respondent>
				M/S GMR POCHANPALLI
				<lb />
				EXPRESSWAYS LTD
				<lb />
			</respondent>
			<extra>
				..... Respondent
				<lb />
			</extra>
			<extra>
				Through
				<lb />
			</extra>
			<respondent_lawyers>
				Mr. Atul Sharma,
			</respondent_lawyers>
			<respondent_lawyers>
				Ms. Milanka
				<lb />
				Chaudhury,
			</respondent_lawyers>
			<respondent_lawyers>
				Mr. Abhinav Agnihotri
			</respondent_lawyers>
			<extra>
				and
			</extra>
			<respondent_lawyers>
				Ms.
				<lb />
				Harshita Agarwal,
			</respondent_lawyers>
			<extra>
				Advs.
				<lb />
			</extra>
			<case_numbers>
				O.M.P. (COMM) 433/2020 &amp;
				<lb />
			</case_numbers>
			<extra>
				contd. matters
				<lb />
			</extra>
			<extra>
				CORAM:
				<lb />
			</extra>
			<judges>
				HON&apos;BLE MR. JUSTICE C. HARI SHANKAR
			</judges>
			<lb />
			<extra>
				%
			</extra>
			<lb />
			<document_type>
				J U D G M E N T
			</document_type>
		</front>
	</text>
</tei>
