<?xml version="1.0" ?>
<tei xml:space="preserve">
	<teiHeader>
		<fileDesc xml:id="9277392"/>
	</teiHeader>
	<text xml:lang="en">
		<front>
<lb/>
	<court>HIGH COURT OF JAMMU AND KASHMIR<lb/>
	AT JAMMU<lb/></court>

	<case_numbers>OWP No. 1370/2012<lb/>
	CMA No. 1919/2012<lb/></case_numbers>

	<extra>Date of Order:</extra>

	<judgement_date>11.10.2012<lb/></judgement_date>

	<petitioner>Arshad Ali Chowdhary.<lb/></petitioner>
	
	<extra>v.<lb/></extra>

	<respondent>The Jammu and Kashmir Special Tribunal, Jammu and ors.<lb/></respondent>
	
	<extra>Coram:<lb/></extra>

	<judges>Mr. Justice J. P. Singh.<lb/></judges>
	
	<extra>Appearing Counsel:<lb/>
	
	For Petitioner(s) :<lb/></extra>

	<petitioner_lawyers>Mr. S.M. Choudhary</petitioner_lawyers>
	
	<extra>, Advocate.<lb/>
	For Respondent(s) :<lb/></extra>

	<respondent_lawyers>Mr. S.S. Nand</respondent_lawyers>
	
	<extra>, Advocate.<lb/>
	i)<lb/></extra>

	<notes> Whether approved for reporting<lb/> in Press/Media :<lb/> Yes/No<lb/></notes>
	
	<extra>ii)<lb/></extra>
	
<notes>	Whether to be reported<lb/> in Digest/Journal :<lb/> Yes<lb/></notes>
<extra>_______________________________________________________________________________<lb/></extra>

		</front>
	</text>
</tei>
