<?xml version="1.0" ?>
<tei xml:space="preserve">
	<teiHeader>
		<fileDesc xml:id="9277389"/>
	</teiHeader>
	<text xml:lang="en">
		<front>
<lb/>
	<court>HIGH COURT OF JAMMU AND KASHMIR AT JAMMU<lb/></court>

	<case_numbers>CIMA No. 223/2012<lb/>
	CMA Nos. 630/2012 &amp; 477/2012<lb/></case_numbers>

	<extra>Date of Decision:</extra>

	<judgement_date>06.10.2012<lb/></judgement_date>

	<petitioner>Anil Kotwal<lb/></petitioner>
	
	<extra>Vs.<lb/></extra>

	<respondent>Amila Devi<lb/></respondent>
	
	<extra>CORAM:<lb/></extra>

	<judges>MR. JUSTICE J. P. SINGH.<lb/></judges>

	<extra>Appearing Counsel:<lb/>
	
	For Appellant(s) :</extra>

	<petitioner_lawyers>Mr. C.M.Koul</petitioner_lawyers>
	
	<extra>, Advocate.<lb/>
	For Respondent(s) :</extra>

	<respondent_lawyers>Mr. Vinod Kotwal</respondent_lawyers>
	
	<extra>, Advocate.<lb/>
	i)<lb/></extra>

	<notes> Whether approved for reporting<lb/>
	in Press/Media :<lb/> Yes/No<lb/></notes>
	
	<extra>ii)<lb/></extra>
	    
	    <notes> Whether to be reported<lb/>
	    in Digest/Journal :<lb/> Yes.<lb/></notes>
	    
	    <extra>________________________________________________________________________</extra>

	<document_type>JUDGMENT<lb/></document_type>

		</front>
	</text>
</tei>
