<?xml version="1.0" ?>
<tei xml:space="preserve">
	<teiHeader>
		<fileDesc xml:id="9277390"/>
	</teiHeader>
	<text xml:lang="en">
		<front>
<lb/>
	<court>HIGH COURT OF JAMMU AND KASHMIR AT<lb/>
	JAMMU<lb/></court>

	<case_numbers>LPA No. 10/2009<lb/>
	CMA No. 21/2009<lb/></case_numbers>

	<extra>Date of Order:</extra>

	<judgement_date>09.10.2012<lb/></judgement_date>

	<petitioner>State of J&amp;K &amp; Ors.<lb/></petitioner>
	
	<extra>Vs.<lb/></extra>

	<respondent>Sandoor Singh &amp; Ors.<lb/></respondent>
	
	<extra>CORAM:<lb/></extra>

	<judges>Hon&apos;ble Mr. Justice Mansoor Ahmad Mir</judges>

	<extra>, Judge.<lb/></extra>

	<judges>Hon&apos;ble Mr. Justice J.P.Singh</judges>

	<extra>, Judge.<lb/>
	
	Appearing Counsel:<lb/>
	
	For Appellant(s) :</extra>

	<petitioner_lawyers>Mrs. Z.S.Watali</petitioner_lawyers>
	
	<extra>, Dy.A.G.<lb/>
	For Respondent(s) :</extra>

	<respondent_lawyers>Mr. C.M.Koul</respondent_lawyers>
	
	<extra>, Advocate.<lb/>
	i)<lb/></extra>

	<notes> Whether approved for reporting<lb/>
	in Press/Media :<lb/> Yes/No<lb/> </notes>
	
	<extra>ii)<lb/></extra>
	
<notes>	Whether to be reported<lb/>
in Digest/Journal :<lb/> Yes/No<lb/></notes>

	<extra>J.P.Singh-J :<lb/></extra>

		</front>
	</text>
</tei>
