<?xml version="1.0" ?>
<tei xml:space="preserve">
	<teiHeader>
		<fileDesc xml:id="9277391"/>
	</teiHeader>
	<text xml:lang="en">
		<front>
<lb/>
	<court>HIGH COURT OF JAMMU AND KASHMIR<lb/>
	AT JAMMU<lb/></court>

	<case_numbers>OWP 1175/2012 CMA(D-1717/2012)<lb/>
	CMA(1632/2012), CMA(1696/2012),<lb/>
	c/w<lb/>
	CMA(2/2012) APOWP 16/2012<lb/>
	Caveat 918/2012<lb/>
	OWP 949/2011 CMA(1286/2011)<lb/></case_numbers>

	<extra>Date of order:</extra>

	<judgement_date>09.10.2012<lb/></judgement_date>

	<petitioner>K. S. Padwal and ors.<lb/></petitioner>
	
	<extra>v.<lb/></extra>

	<respondent>State of J&amp;K and ors.<lb/></respondent>
	
	<extra>Coram:<lb/></extra>

	<judges>Hon&apos;ble Mr. Justice Muzaffar Hussain Attar</judges>

	<extra>, Judge<lb/>
	
	1.</extra>
	
	<notes>Whether approved for Law Journal?<lb/>
	Yes<lb/></notes>
	
	<extra>2.</extra>
	
	<notes>Whether approved for publication in Press?<lb/></notes>
	
	<extra>Appearing counsel:<lb/>
	
	For appellant(s) :</extra>

	<petitioner_lawyers>Mr. B. S. Manhas</petitioner_lawyers>
	
	<extra>, Advocate<lb/>
	For respondent(s):</extra>

	<respondent_lawyers>Mr. Inderjeet Gupta</respondent_lawyers>
	
	<extra>, GA<lb/></extra>
	
	<respondent_lawyers>Mr. Virender Bhat</respondent_lawyers>
	
	<extra>, Advocate<lb/>
	(Oral)<lb/></extra>

	<case_numbers>Caveat No. 918/2012<lb/></case_numbers>

	<extra>Caveat stands discharged.<lb/></extra>

		</front>
	</text>
</tei>
