<?xml version="1.0" ?>
<tei xml:space="preserve">
	<teiHeader>
		<fileDesc xml:id="930371"/>
	</teiHeader>
	<text xml:lang="en">
		<front>
<lb/>
	<court>HIGH COURT OF JUDICATURE FOR RAJASTHAN AT<lb/> JODHPUR<lb/></court>

	<case_numbers>S.B. Criminal Appeal No. 182/1992<lb/></case_numbers>

	<petitioner>Dalpat Singh And Anr.<lb/></petitioner>
	
	<extra>----Appellant<lb/>
	Versus<lb/></extra>

	<respondent>State<lb/></respondent>
	
	<extra>----Respondent<lb/>
	Connected With<lb/></extra>

	<case_numbers>S.B. Criminal Appeal No. 191/1992<lb/></case_numbers>

	<petitioner>Bhanwer Lal And Ors.<lb/></petitioner>
	
	<extra>----Appellant<lb/> Versus<lb/></extra>

	<respondent>State<lb/></respondent>
	
	<extra>----Respondent<lb/>
	For Appellant(s) :</extra>

	<petitioner_lawyers>Mr. J.S. Choudhary</petitioner_lawyers>
	
	<extra>, Senior Advocate<lb/> assisted by</extra>

	<petitioner_lawyers>Mr. Pradeep Choudhary.<lb/>
	Mr. P.N. Mohanani<lb/></petitioner_lawyers>
	
	<extra>For Respondent(s) :</extra>

	<respondent_lawyers>Mr. S.K. Bhati PP<lb/>
	Mr. Anil Kumar Sharma<lb/>
	Ms. Aasu Choudhary<lb/></respondent_lawyers>
	
	<judges>HON&apos;BLE DR. JUSTICE PUSHPENDRA SINGH BHATI<lb/></judges>

	<document_type>Judgment<lb/></document_type>

	<extra>Reserved on 13/04/2022<lb/> Pronounced on</extra>

	<judgement_date>27/04/2022<lb/></judgement_date>

		</front>
	</text>
</tei>
