<?xml version="1.0"?>
<tei xml:space="preserve">
	<teiHeader>
		<fileDesc xml:id="1210024" />
	</teiHeader>
	<text xml:lang="en">
		<front>
			<lb />
			<extra>
				IN THE
			</extra>
			<court>
				HIGH COURT OF JUDICATURE AT BOMBAY
				<lb />
			</court>
			<extra>
				CRIMINAL APPELLATE JURISDICTION
				<lb />
			</extra>
			<case_numbers>
				CRIMINAL CONFIRMATION CASE NO.1 OF 2018
				<lb />
			</case_numbers>
			<petitioner>
				The State of Maharashtra
				<lb />
			</petitioner>
			<extra>
				Petitioner
				<lb />
				…
				<lb />
			</extra>
			<extra>
				Vs
				<lb />
			</extra>
			<respondent>
				Ramesh Vishwanath Darandale
				<lb />
				&amp; Ors.
				<lb />
			</respondent>
			<extra>
				... Respondents
				<lb />
			</extra>
			<extra>
				With
				<lb />
			</extra>
			<case_numbers>
				CRIMINAL APPEAL NO.949 OF 2018
				<lb />
			</case_numbers>
			<petitioner>
				Ramesh Vishwanath Darandale
				<lb />
				&amp; Anr.
				<lb />
			</petitioner>
			<extra>
				Appellant
				<lb />
				…
				<lb />
			</extra>
			<extra>
				Vs
				<lb />
			</extra>
			<respondent>
				The State of Maharashtra
				<lb />
			</respondent>
			<extra>
				... Respondent With
				<lb />
			</extra>
			<case_numbers>
				CRIMINAL APPEAL NO.950 OF 2018
				<lb />
			</case_numbers>
			<petitioner>
				Popat @ Raghunath Vishwanath
				<lb />
				Darandale
				<lb />
			</petitioner>
			<extra>
				Appellant
				<lb />
				…
				<lb />
			</extra>
			<extra>
				Vs
				<lb />
			</extra>
			<respondent>
				The State of Maharashtra
				<lb />
			</respondent>
			<extra>
				... Respondent With
				<lb />
			</extra>
			<case_numbers>
				CRIMINAL APPLICATION IN APPEAL NO.423 OF 2019
				<lb />
			</case_numbers>
			<extra>
				alongwith
				<lb />
			</extra>
			<case_numbers>
				CRIMINAL APPEAL NO.1146 OF 2018
				<lb />
			</case_numbers>
			<petitioner>
				Sandip Madhav Kurhe and Anr.
				<lb />
			</petitioner>
			<extra>
				Appellant
				<lb />
				…
				<lb />
			</extra>
			<extra>
				Vs
				<lb />
			</extra>
			<respondent>
				The State of Maharashtra
				<lb />
			</respondent>
			<extra>
				... Respondent
				<lb />
			</extra>
			<case_numbers>
				<lb />
				CRIMINAL APPLICATION IN APPEAL NO.1035 OF 2019
				<lb />
			</case_numbers>
			<extra>
				alongwith
				<lb />
			</extra>
			<case_numbers>
				CRIMINAL APPEAL NO.264 OF 2018
				<lb />
			</case_numbers>
			<petitioner>
				Ashok Sudhakar Navgire
				<lb />
			</petitioner>
			<extra>
				Appellant
				<lb />
				…
				<lb />
			</extra>
			<extra>
				Vs
				<lb />
			</extra>
			<respondent>
				The State of Maharashtra
				<lb />
			</respondent>
			<extra>
				... Respondent
				<lb />
				...
				<lb />
			</extra>
			<petitioner_lawyers>
				Mr. Deepak Thakare, P.P. a/w Mr. J.P. Yagnik,
				<lb />
			</petitioner_lawyers>
			<extra>
				APP
				<lb />
				for the State/Petitioner.
			</extra>
			<respondent_lawyers>
				Mr. Vijay Hiremath a/w Ms. Sahana i/b Swaraj
				<lb />
				Jadhav
				<lb />
			</respondent_lawyers>
			<extra>
				for the Accused Nos. 1, 2 and 6.
				<lb />
			</extra>
			<respondent_lawyers>
				Mr. Nitin Shivram Satpute a/w Ms. Divya R. Gupta
				<lb />
			</respondent_lawyers>
			<extra>
				for Respondent No.4
				<lb />
			</extra>
			<respondent_lawyers>
				Dr. Yug M. Chaudhry a/w Ms. Ragini Ahuja
				<lb />
			</respondent_lawyers>
			<extra>
				for
				<lb />
				Respondent No.3.
				<lb />
				...
				<lb />
			</extra>
			<extra>
				CORAM :
			</extra>
			<judges>
				B.P.DHARMADHIKARI &amp;
				<lb />
				SANDEEP K. SHINDE JJ.
				<lb />
			</judges>
			<extra>
				DATED :
			</extra>
			<judgement_date>
				02nd DECEMBER, 2019.
				<lb />
			</judgement_date>
			<judges>
				Judgment
				<lb />
			</judges>
			<extra>
				(Per Coram : Sandeep K. Shinde J.): -
			</extra>
		</front>
	</text>
</tei>
