<?xml version="1.0"?>
<tei xml:space="preserve">
	<teiHeader>
		<fileDesc xml:id="985324" />
	</teiHeader>
	<text xml:lang="en">
		<front>
			<lb />
			<extra>
				IN THE
			</extra>
			<court>
				HIGH COURT OF JUDICATURE AT BOMBAY
				<lb />
			</court>
			<extra>
				ORDINARY ORIGINAL CIVIL JURISDICTION
				<lb />
			</extra>
			<case_numbers>
				WRIT PETITION NO. 2890 OF 2018
				<lb />
			</case_numbers>
			<extra>
				1.
				<lb />
			</extra>
			<petitioner>
				Jamshed Noshir Sukhadwalla
				<lb />
			</petitioner>
			<extra>
				of Mumbai Indian Inhabitant
				<lb />
				residing at 512 Jagannath Shankar
				<lb />
				Sheth Road, Varaya House, 1 st Floor,
				<lb />
				Mumbai -400 002.
				<lb />
			</extra>
			<extra>
				2.
				<lb />
			</extra>
			<petitioner>
				Behruz Nariman Irani
				<lb />
			</petitioner>
			<extra>
				3.
				<lb />
			</extra>
			<petitioner>
				Ratan Dorab Patel
				<lb />
			</petitioner>
			<extra>
				Petitioner Nos.2 and 3, Trustees and
				<lb />
				authorized signatories of the Shah
				<lb />
				Varzaavand Trust having its office at
				<lb />
				¼ Mehta Bldg., Khan Estate
				<lb />
				MMC Rd. Mahim -400 016.
				<lb />
			</extra>
			<extra>
				4.
				<lb />
			</extra>
			<petitioner>
				Ervad Dr.Rooyintan Peshotan Peer
				<lb />
				of Mumbai Indian Inhabitant
			</petitioner>
			<extra>
				<lb />
				residing at 23, Police Court Lane, Fort,
				<lb />
				Mumbai 400 001
				<lb />
			</extra>
			<extra>
				5.
				<lb />
			</extra>
			<petitioner>
				Berjis Desai
			</petitioner>
			<extra>
				<lb />
				of Mumbai Indian Inhabitant
				<lb />
				residing at 12 th Floor, 9A Residences,
				<lb />
				Bomanji Petit Road, Behind Parsi
				<lb />
				General Hospital, Mumbai 400 026
				<lb />
			</extra>
			<extra>
				.. Petitioners
				<lb />
			</extra>
			<extra>
				Vs.
				<lb />
			</extra>
			<extra>
				1.
				<lb />
			</extra>
			<respondent>
				Union of India
				<lb />
			</respondent>
			<extra>
				Room No. 46, North Block,
				<lb />
				New Delhi 110 001.
				<lb />
			</extra>
			<extra>
				2.
				<lb />
			</extra>
			<respondent>
				State of Maharashtra
				<lb />
			</respondent>
			<extra>
				through the Government Pleader
				<lb />
				High Court, Bombay,
				<lb />
				Mumbai 400 032.
				<lb />
			</extra>
			<extra>
				3.
				<lb />
			</extra>
			<respondent>
				Mumbai Metropolitan Regional
				<lb />
				Development Authority having its
				<lb />
				office at M.M.R.D.A. Office
				<lb />
				Building, BandraKurla Complex,
				<lb />
				C14 &amp; 15, E Block, Bandra (East)
				<lb />
				Mumbai 400 051.
				<lb />
			</respondent>
			<extra>
				4.
				<lb />
			</extra>
			<respondent>
				Mumbai Metro Rail Corporation
				<lb />
			</respondent>
			<extra>
				being a company incorporated under the
				<lb />
				Companies Act, 1956 and having its
				<lb />
				office at Plot No.R13, E Block,
				<lb />
				1 st Block, NaMTTRI Building,
				<lb />
				Bandra Kurla Complex, Mumbai 400 051
				<lb />
			</extra>
			<extra>
				5.
				<lb />
			</extra>
			<respondent>
				Vada Dasturji Jamasp Asa
				<lb />
			</respondent>
			<extra>
				6.
				<lb />
			</extra>
			<respondent>
				Burjor H. Antia
				<lb />
			</respondent>
			<extra>
				7.
				<lb />
			</extra>
			<respondent>
				Phiroze Katrak
				<lb />
			</respondent>
			<extra>
				8.
				<lb />
			</extra>
			<respondent>
				Sharookh Sethna
				<lb />
			</respondent>
			<extra>
				9.
				<lb />
			</extra>
			<respondent>
				Noshir Katrak
				<lb />
			</respondent>
			<extra>
				Respondent Nos.5 to 9
				<lb />
				Trustees of the Zarthoshti Anjuman
				<lb />
				Atash Behram Trust having its
				<lb />
				office at
				
				Jagannath Shankar Sheth Road,
				<lb />
				Navajeevan Wadi, Sonapur,
				<lb />
				Marine Lines, Mumbai 400 002.
				<lb />
			</extra>
			<extra>
				10.
			</extra>
			<respondent>
				Nadir Modi
				<lb />
			</respondent>
			<extra>
				11.
			</extra>
			<respondent>
				Farrokh Kavarana
				<lb />
			</respondent>
			<extra>
				12.
			</extra>
			<respondent>
				Hosi Dastur
				<lb />
			</respondent>
			<extra>
				Respondent Nos.10 to 12 Trustees
				<lb />
				of the Hormasji Bomanji Wadia
				<lb />
				Fire Temple Charity Fund having
				<lb />
				its office at 604, Jagannath Shankar
				<lb />
				Sheth Road, Dhobi Talao,
				<lb />
				Mumbai 400 002.
				<lb />
			</extra>
			<extra>
				..Respondents
				<lb />
			</extra>
			<petitioner_lawyers>
				Mr. Navroz Seervai, Senior Advocate a/w Mr. Shyam Mehta,
				<lb />
				Sr. Advocate a/w Mr. Zerick Dastur, Ms. Smriti Singh, Mr.
				<lb />
				Kunal Kothary, Ms. Tanvi Gaitonde i/by Zerick Dastur
				<lb />
			</petitioner_lawyers>
			<extra>
				and
				<lb />
				ANB Legal
			</extra>
			<extra>
				for petitioners.
				<lb />
			</extra>
			<respondent_lawyers>
				Mr. Anil C. Singh, ASG a/w Mr.Sandesh Patil, Mr. Aditya
				<lb />
				Thakkar, Ms.Indrayani Deshmukh, H.V.Tamanna and Ms.
				<lb />
				Geetika Gandhi
			</respondent_lawyers>
			<extra>
				for respondent no.1 -UOI.
				<lb />
			</extra>
			<respondent_lawyers>
				Mr. Ashutosh Kumbhakoni, AG a/w Mr. L. T. Satelkar, AGP
				<lb />
			</respondent_lawyers>
			<extra>
				for respondent no.2 -State.
				<lb />
			</extra>
			<respondent_lawyers>
				Ms. Kavita N. Solunke
				<lb />
			</respondent_lawyers>
			<extra>
				for respondent no.3 -MMRDA.
				<lb />
			</extra>
			<respondent_lawyers>
				Mr.Shrihari Aney, Sr. Adv., Mr. A.V. Anturkar, Senior
				<lb />
				Advocate a/w Mr. Prathamesh Bhargude, Mr.Ranjit Shinde,
				<lb />
				Mr. Yatin Malvankar, Mr. Ajinkya Udane, Mr.Roopadaksha
				<lb />
				Basu, Ms. Nehal Mahuli i/by
				<lb />
			</respondent_lawyers>
			<extra>
				The Law Point for respondent
				<lb />
				no.4.
			</extra>
			<respondent_lawyers>
				Mr.F.E.Devitre,   Senior   Advocate,Mr.D.D.Madan,   Senior
				<lb />
				Advocate a/w Mr. Hormaz Daruwalla, Mr. Somasekhar, Mr.
				<lb />
				H. N. Vakil, Ms. Suzan Vakil and Miss. M. Mehta i/by Mulla
				<lb />
				and Mulla and Craige Blunt and Caroe
				<lb />
			</respondent_lawyers>
			<extra>
				for respondent nos.5
				<lb />
				to 12.
				<lb />
			</extra>
			<extra>
				CORAM :
			</extra>
			<judges>
				NARESH H. PATIL, CJ  AND
				<lb />
				R.G. KETKAR, J.
				<lb />
			</judges>
			<extra>
				RESERVED ON    :
				
				8th October, 2018.
				<lb />
			</extra>
			<extra>
				PRONOUNCED  ON   :
			</extra>
			<judgement_date>
				30th November, 2018.
				<lb />
			</judgement_date>
			<document_type>
				JUDGMENT
			</document_type>
			<extra>
				[Per Naresh H. Patil, CJ.] :
			</extra>
		</front>
	</text>
</tei>
