<?xml version="1.0" ?>
<tei xml:space="preserve">
	<teiHeader>
		<fileDesc xml:id="9897451"/>
	</teiHeader>
	<text xml:lang="en">
		<front>
<lb/>
	<extra>Page No.#</extra>
	
	<page>1/1<lb/></page>
	
	<extra>GAHC020004662020<lb/></extra>

	<court>THE GAUHATI HIGH COURT<lb/></court>
	
	<extra>(HIGH COURT OF ASSAM, NAGALAND, MIZORAM AND ARUNACHAL<lb/>
	PRADESH)<lb/>
	KOHIMA BENCH<lb/></extra>

	<case_numbers>Case No. : RSA 1/2020<lb/></case_numbers>

	<extra>1:</extra>
	    
	    <petitioner>XUTOLI AWOMI<lb/></petitioner>
	    
	    <extra>R/O PURANA BAZAR, JORAPUKHURI COLONY, DIMAPUR,<lb/>
	    NAGALAND<lb/>
	    VERSUS<lb/>
	    
	    1:</extra>
	    
	    <respondent>P. VIYIHO AWOMI<lb/></respondent>
	    
	    <extra>R/O THILIXU -B VILLAGE, BLOCK 5, DIMAPUR, NAGALAND<lb/>
	    
	    Advocate for the Petitioner :</extra>
	    
	    <petitioner_lawyers>JOSHUA SHEQI<lb/></petitioner_lawyers>
	    
	    <extra>Advocate for the Respondent :</extra>
	    
	    <respondent_lawyers>N K LUIKHAM<lb/></respondent_lawyers>
	    
	    <extra>BEFORE<lb/></extra>

	<judges>HON&apos;BLE MR. JUSTICE KAKHETO SEMA<lb/></judges>

	<document_type>ORDER<lb/></document_type>

	<extra>Date :</extra>

	<judgement_date>12-08-2022<lb/></judgement_date>

	<extra>List it on 16.08.2022 on which date
	Mr. Joshua Sheqi,<lb/>
	learned counsel for the appellant shall properly address the Court.<lb/></extra>

		</front>
	</text>
</tei>