<?xml version="1.0" ?>
<tei xml:space="preserve">
	<teiHeader>
		<fileDesc xml:id="9897430"/>
	</teiHeader>
	<text xml:lang="en">
		<front>
<lb/>
	<extra>Page No.#</extra>
	
	<page>1/2<lb/></page>
	
	<extra>GAHC040003442021<lb/></extra>

	<court>THE GAUHATI HIGH COURT<lb/></court>
	
	<extra>(HIGH COURT OF ASSAM, NAGALAND, MIZORAM AND ARUNACHAL PRADESH)<lb/>
	(ITANAGAR BENCH)<lb/></extra>

	<case_numbers>Case No. : CRP 8/2021<lb/></case_numbers>

	<extra>1:</extra>
	    
	    <petitioner>SMTI YAYA BOMJEN<lb/></petitioner>
	    
	    <extra>D/O LT. GIBOM BOMJEN, RESIDENT OF VILLAGE NARI, PO/PS NARI,<lb/>
	    DIST.LOWER SIANG, AP.<lb/>
	    
	    VERSUS<lb/>
	    
	    1:</extra>
	    
	    <respondent>SMTI JUMBOM KOYU and 3 Ors.<lb/></respondent>
	    
	    <extra>W/O LT. TANYA KOYU, RESIDENT OF NARI VILLAGE, PO/PS NARI,LOWER<lb/>
	    SIANG DISTRICT, AP.<lb/>
	    2:</extra>

	<respondent>SHRI TUMKEN DORA<lb/></respondent>
	
	<extra>GB OF NARI<lb/>
	RESIDENT OF NARI VILLAGE<lb/>
	PO/PS ANRI<lb/>
	LOWER SIANG DISTRICT<lb/>
	AP.<lb/>
	3:</extra>
	
	<respondent>SHRI GOMI RINA<lb/></respondent>
	    
	    <extra> GB OF NARI<lb/>
	    RESIDENT OF NARI VILLAGE<lb/>
	    PO/PS NARI LOWER SIANG DISTRICT<lb/>
	    A P.<lb/>
	    4:</extra>
	    
	   <respondent> SHRI KENPE SORA<lb/></respondent>
	   
	   <extra>S/O SHRI TUMKEN DORA<lb/>
	   GB OF NARI<lb/>
	   RESIDENT NARI VILLAGE<lb/>
	   PO/PS NARI<lb/>
	   LOWER SIANG DISTRICT<lb/>
	   AP<lb/>

	Advocate for the Petitioner :</extra>
	
	<petitioner_lawyers>Chorpok Modi<lb/></petitioner_lawyers>

	<extra>Page No.# </extra>
	
	<page>2/2<lb/></page>

	<extra>Advocate for the Respondent : </extra>
	
	<respondent_lawyers>R koyu<lb/> </respondent_lawyers>
	
	<extra>BEFORE<lb/></extra>

	<judges>HONBLE MR. JUSTICE ROBIN PHUKAN<lb/></judges>

	<document_type>ORDER<lb/></document_type>

	<extra>Date :</extra>

	<judgement_date>12.08.2022<lb/></judgement_date>

		</front>
	</text>
</tei>
