<?xml version="1.0" ?>
<tei xml:space="preserve">
	<teiHeader>
		<fileDesc xml:id="9897450"/>
	</teiHeader>
	<text xml:lang="en">
		<front>
<lb/>
	<extra>Page No.# </extra>
	
	<page>1/2<lb/></page>
	
	<extra>GAHC020000272022<lb/></extra>

	<court>THE GAUHATI HIGH COURT<lb/></court>
	
	<extra>(HIGH COURT OF ASSAM, NAGALAND, MIZORAM AND ARUNACHAL<lb/> PRADESH)<lb/>
	KOHIMA BENCH<lb/></extra>

	<case_numbers>Case No. : WP(C) 12/2022<lb/></case_numbers>

	<extra>1:</extra>
	
	<petitioner>ASI LONGLISE SANGTAM<lb/></petitioner>
	
	<extra>DEF WOKHA, NAGALAND<lb/>
	VERSUS<lb/>
	1:</extra>

	<respondent>THE STATE OF NAGALAND AND 3 ORS<lb/></respondent>
	
	<extra>REPRESENTED THROUGH THE COMMISSIONER TO THE GOVERNMENT<lb/>
	OF NAGALAND. NAGALAND KOHIMA<lb/>
	2:</extra>

	<respondent>THE
	SPECIAL SECRETARY<lb/></respondent>
	
	<extra>HOME<lb/>
	POLICE ESTABLISHMENT BRANCH<lb/>
	HOME DEPARTMENT<lb/>
	NAGALAND KOHIMA<lb/>
	3:</extra>
	
	<respondent>THE DIRECTOR GENERAL OF POLICE<lb/></respondent>
	    
	     <extra>NAGALAND KOHIMA<lb/>
	     4:</extra>
	     
	     <respondent>THE DEPUTY INSPECTOR GENERAL<lb/></respondent>
	     
	     
	     <extra>(HQR) PHQ<lb/>
	     NAGALAND KOHIM<lb/>

	Advocate for the Petitioner :</extra>
	
	<petitioner_lawyers>WATI JAMIR<lb/></petitioner_lawyers>
	
	<extra>Advocate for the Respondent : GOVT ADV NL<lb/> Page No.#</extra>
	
	<page>2/2<lb/></page>
	
	<extra>BEFORE<lb/></extra>

	<judges>HON&apos;BLE MR. JUSTICE SONGKHUPCHUNG SERTO<lb/></judges>

	<document_type>ORDER<lb/></document_type>

	<extra>Date :</extra>

	<judgement_date>12-08-2022<lb/></judgement_date>

		</front>
	</text>
</tei>
