<?xml version="1.0" ?>
<tei xml:space="preserve">
	<teiHeader>
		<fileDesc xml:id="9897448"/>
	</teiHeader>
	<text xml:lang="en">
		<front>
<lb/>
	<extra>Page No.#</extra>
	
	<page>1/4<lb/></page>
	
	<extra>GAHC020003982022<lb/></extra>

	<court>THE GAUHATI HIGH COURT<lb/></court>
	
	<extra>(HIGH COURT OF ASSAM, NAGALAND, MIZORAM AND ARUNACHAL<lb/>
	PRADESH)<lb/>
	KOHIMA BENCH<lb/></extra>

	<case_numbers>Case No. : I.A.(Civil) 114/2022<lb/></case_numbers>

	<extra>1:</extra>

	<petitioner>THE STATE OF NAGALAND AND 2 ORS<lb/></petitioner>
	
	<extra>REPRESENTED BY THE COMMISSIONER,<lb/>
	GOVERNMENT OF NAGALAND, KOHIMA<lb/>
	2: </extra>

	<petitioner>THE
	DEPUTY COMMISSIONER<lb/></petitioner>
	
	<extra>DIMAPUR<lb/>
	NAGALAND<lb/>

	3:</extra>
	
	<petitioner>THE ADDITIONAL DEPUTY COMMISSIONER<lb/></petitioner>
	
	<extra>NIULAND<lb/>
	NAGALAN<lb/>
	
	VERSUS<lb/> 1:</extra>

	<respondent>SMTI. HESHENI SUMI<lb/></respondent>

	<extra>R/O KHUTOVI VILLAGE,<lb/>
	NIULAND, NAGALAND<lb/>

	Advocate for the Petitioner :

	GOVT ADV NL<lb/>
	
	Advocate for the Respondent :<lb/>
	</extra>

	<case_numbers>Linked Case :WA 25/2022<lb/></case_numbers>

	<extra>1:</extra>

	<petitioner>THE
	STATE OF NAGALAND</petitioner>
	
	<extra>AND 2 ORS<lb/>
	REPRESENTED BY THE COMMISSIONER<lb/>

	Page No.#</extra>
	    
	    <page>2/4<lb/></page> 

	<extra>GOVERNMENT OF NAGALAND<lb/>
	KOHIMA<lb/>
	
	2:</extra>

	<petitioner>THE
	    DEPUTY COMMISSIONER<lb/></petitioner>
	    
	  <extra>  DIMAPUR<lb/>
	    NAGALAND<lb/>

	3:</extra>
	
	<petitioner>THE ADDITIONAL DEPUTY COMMISSIONER<lb/></petitioner>
	
	<extra>NIULAND<lb/>
	NAGALAND<lb/>
	VERSUS<lb/>
	1:</extra>

	<respondent>SMTI. HESHENI SUMI<lb/></respondent>
	
	<extra>R/O KHUTOVI VILLAGE<lb/>

	NIULAND<lb/>
	NAGALAND<lb/>
	
	Advocate for the Petitioner :

	GOVT ADV NL<lb/>
	Advocate for the Respondent :</extra>
	
	<respondent_lawyers>A. ZHIMOMI<lb/></respondent_lawyers>
	
	

	<case_numbers>Linked Case :I.A.(Civil) 115/2022<lb/></case_numbers>

	<extra>1:</extra>

	<petitioner>THE
	    STATE OF NAGALAND AND 2 ORS<lb/></petitioner>
	    
	    <extra>REPRESENTED BY THE COMMISSIONER<lb/> GOVERNMENT OF NAGALAND KOHIMA<lb/>

	2:</extra>

	<petitioner> THE
	DEPUTY COMMISSIONER<lb/></petitioner>
	
	<extra>DIMAPUR<lb/>
	NAGALAND<lb/>

	3:</extra>
	
	    <petitioner> THE ADDITIONAL DEPUTY COMMISSIONER<lb/></petitioner>
	    
	    <extra>NIULAND<lb/>
	    NAGALAND<lb/>
	    
	    VERSUS<lb/>
	    1:</extra>

	<respondent>SMTI. HESHENI SUMI<lb/></respondent>
	
	<extra>R/O KHUTOVI VILLAGE<lb/>
	
	NIULAND<lb/>

	Page No.# </extra>
	
	<page>3/4<lb/></page>
	
	<extra>NAGALAND<lb/>

	Advocate for the Petitioner :

	GOVT ADV NL<lb/>
	Advocate for the Respondent :<lb/>
	
	BEFORE<lb/></extra>

	<judges>HON&apos;BLE MR. JUSTICE SONGKHUPCHUNG SERTO<lb/> HON&apos;BLE MR. JUSTICE KAKHETO SEMA<lb/></judges>

	<document_type>ORDER<lb/></document_type>

	<extra>Date :</extra>

	<judgement_date>12-08-2022<lb/></judgement_date>

	<extra>(S.Serto,J)<lb/></extra>

		</front>
	</text>
</tei>
