<?xml version="1.0"?>
<tei xml:space="preserve">
	<teiHeader>
		<fileDesc xml:id="a95cdf5bde52ca08ae7063697d597244" />
	</teiHeader>
	<text xml:lang="en">
		<front>
			<extra>
				$~S~
				<lb />
				*
			</extra>
			<extra>
				IN THE
			</extra>
			<court>
				HIGH COURT OF DELHI AT NEW DELHI
				<lb />
			</court>
			<extra>
				Date of decision:
			</extra>
			<judgement_date>
				15 June 2021
				<lb />
			</judgement_date>
			<extra>
				+
				<lb />
			</extra>
			<case_numbers>
				CRL.A. 39/2021
				<lb />
			</case_numbers>
			<petitioner>
				ASIF IQBAL TANHA
				<lb />
			</petitioner>
			<extra>
				.....Appellant
				<lb />
			</extra>
			<extra>
				Through:
			</extra>
			<petitioner_lawyers>
				Mr. Siddharth Aggarwal
			</petitioner_lawyers>
			<extra>
				, Advocate
				<lb />
				with
			</extra>
			<petitioner_lawyers>
				Ms. Sowjhanya Shankaran, Mr.
				<lb />
				Siddharth Satija, Mr. Abhinav Sekhri
				<lb />
				&amp; Ms. Nitika Khaitan
			</petitioner_lawyers>
			<extra>
				, Advocates
				<lb />
			</extra>
			<extra>
				versus
			</extra>
			<lb />
			<respondent>
				STATE OF NCT OF DELHI
				<lb />
			</respondent>
			<extra>
				.....Respondent
				<lb />
			</extra>
			<extra>
				Through:
			</extra>
			<respondent_lawyers>
				Mr. Aman Lekhi
			</respondent_lawyers>
			<extra>
				, ASG alongwith
			</extra>
			<respondent_lawyers>
				Mr.
				<lb />
				Amit Mahajan, Mr. Rajat Nair and
				<lb />
				Mr. Amit Prasad, SPPs with Mr.
				<lb />
				Ujjwal Sinha, Mr. Aniket Seth, Mr.
				<lb />
				Ritwiz Rishabh, Ms. Riya
				<lb />
				Krishnamurthy and Mr. Dhruv Pande,
				<lb />
			</respondent_lawyers>
			<extra>
				Advocates.
				<lb />
				Sh. P. S. Kushwaha, DCP with Sh.
				<lb />
				Alok Kumar, Addl. DCP, Special
				<lb />
				Cell, Insp. Lokesh Kumar Sharma and
				<lb />
				Insp. Anil Kumar.
			</extra>
			<lb />
			<extra>
				CORAM:
				<lb />
			</extra>
			<judges>
				HON&apos;BLE MR. JUSTICE SIDDHARTH MRIDUL
				<lb />
				HON&apos;BLE MR. JUSTICE ANUP JAIRAM BHAMBHANI
				<lb />
			</judges>
			<document_type>
				J U D G M E N T
				<lb />
			</document_type>
		</front>
	</text>
</tei>
