<?xml version="1.0"?>
<tei xml:space="preserve">
	<teiHeader>
		<fileDesc xml:id="b4223e7720195a9ace544c3f31eae5b6" />
	</teiHeader>
	<text xml:lang="en">
		<front>
			<extra>
				IN THE
			</extra>
			<court>
				HIGH COURT OF DELHI AT NEW DELHI
				<lb />
			</court>
			<extra>
				Reserved on:
				
				29 th August, 2016
				<lb />
			</extra>
			<extra>
				Pronounced on :
			</extra>
			<judgement_date>
				08 th February, 2017
				<lb />
			</judgement_date>
			<extra>
				+
				<lb />
			</extra>
			<case_numbers>
				CRL.A. 1284/2015
				<lb />
			</case_numbers>
			<petitioner>
				SUSHIL ARORA
				<lb />
			</petitioner>
			<extra>
				.....
				
				Appellant
				<lb />
			</extra>
			<extra>
				Through:
			</extra>
			<petitioner_lawyers>
				Mr. Vikas Arora and Ms. Radhika
				<lb />
				Arora
			</petitioner_lawyers>
			<extra>
				, Advocates
			</extra>
			<extra>
				Versus
				<lb />
			</extra>
			<respondent>
				STATE
				<lb />
			</respondent>
			<extra>
				.....
				
				Respondent
				<lb />
			</extra>
			<extra>
				Through:
			</extra>
			<respondent_lawyers>
				Ms. Aasha Tiwari,
			</respondent_lawyers>
			<extra>
				APP for State
			</extra>
			<lb />
			<extra>
				+
				<lb />
			</extra>
			<case_numbers>
				CRL.A. 53/2016
				<lb />
			</case_numbers>
			<petitioner>
				RAJESH PANDEY
				<lb />
			</petitioner>
			<extra>
				.....
				
				Appellant
				<lb />
			</extra>
			<extra>
				Through:
			</extra>
			<petitioner_lawyers>
				Mr. Vivek Sood
			</petitioner_lawyers>
			<extra>
				, Sr. Advocate with
				<lb />
			</extra>
			<petitioner_lawyers>
				Mr. Ashim Shridhar,
			</petitioner_lawyers>
			<extra>
				Advocate
			</extra>
			<extra>
				Versus
			</extra>
			<lb />
			<respondent>
				STATE (GOVT. OF NCT OF DELHI)
				<lb />
			</respondent>
			<extra>
				.....
				
				Respondent
				<lb />
			</extra>
			<extra>
				Through:
			</extra>
			<respondent_lawyers>
				Ms. Aasha Tiwari
			</respondent_lawyers>
			<extra>
				,
				APP for State
			</extra>
			<lb />
			<extra>
				+
				<lb />
			</extra>
			<case_numbers>
				CRL.A. 190/2016
			</case_numbers>
			<lb />
			<petitioner>
				HEMANT GARG
				<lb />
			</petitioner>
			<extra>
				.....
				
				Appellant
				<lb />
			</extra>
			<extra>
				Through:
			</extra>
			<petitioner_lawyers>
				Mr. K. Singhal
			</petitioner_lawyers>
			<extra>
				, Advocate
			</extra>
			<extra>
				Versus
				<lb />
			</extra>
			<respondent>
				STATE NCT OF DELHI
				<lb />
			</respondent>
			<extra>
				.....
				
				Respondent
				<lb />
			</extra>
			<extra>
				Through:
			</extra>
			<respondent_lawyers>
				Ms. Aasha Tiwari
			</respondent_lawyers>
			<extra>
				, APP for State
			</extra>
			<case_numbers>
				CRL.A. 1338/2015
				<lb />
			</case_numbers>
			<petitioner>
				VISHNU S/O PANCHU RAM
				<lb />
			</petitioner>
			<extra>
				.....
				
				Appellant
				<lb />
			</extra>
			<extra>
				Through:
			</extra>
			<petitioner_lawyers>
				Mr. M.N. Dudeja and Mr. Rajesh
				<lb />
				Kaushik
			</petitioner_lawyers>
			<extra>
				, Advocates
				<lb />
			</extra>
			<extra>
				Versus
				<lb />
			</extra>
			<respondent>
				STATE NCT OF DELHI
				<lb />
			</respondent>
			<extra>
				.....
				
				Respondent
				<lb />
			</extra>
			<extra>
				Through:
			</extra>
			<respondent_lawyers>
				Ms. Aasha Tiwari
			</respondent_lawyers>
			<extra>
				, APP for State
			</extra>
			<lb />
			<extra>
				+
				<lb />
			</extra>
			<case_numbers>
				CRL.A. 283/2016
				<lb />
			</case_numbers>
			<petitioner>
				SONVEER alias PINKU
				<lb />
			</petitioner>
			<extra>
				.....
				
				Appellant
				<lb />
			</extra>
			<extra>
				Through:
			</extra>
			<petitioner_lawyers>
				Mr. Rajeev Mohan
			</petitioner_lawyers>
			<extra>
				, Advocate
				<lb />
			</extra>
			<extra>
				Versus
				<lb />
			</extra>
			<respondent>
				STATE
				<lb />
			</respondent>
			<extra>
				.....
				
				Respondent
				<lb />
			</extra>
			<extra>
				Through:
			</extra>
			<respondent_lawyers>
				Ms. Aasha Tiwari
			</respondent_lawyers>
			<extra>
				, APP for State
			</extra>
			<lb />
			<extra>
				CORAM:
				<lb />
			</extra>
			<judges>
				HON&apos;BLE MS. JUSTICE GITA MITTAL
				<lb />
				HON&apos;BLE MR. JUSTICE R.K.GAUBA
			</judges>
			<document_type>
				JUDGMENT
				<lb />
			</document_type>
		</front>
	</text>
</tei>
