<?xml version="1.0"?>
<tei xml:space="preserve">
	<teiHeader>
		<fileDesc xml:id="B4YDABR650ATEPI" />
	</teiHeader>
	<text xml:lang="en">
		<front>
			<extra>
				IN THE
			</extra>
			<court>
				HIGH COURT OF DELHI AT NEW DELHI
				<lb />
				Reserved on
			</court>
			<extra>
				Reserved on:
				
				24.01.2019.
				<lb />
			</extra>
			<extra>
				Date of decision:
			</extra>
			<judgement_date>
				15.03.2019.
				<lb />
			</judgement_date>
			<petitioner>
				SHRI SANDEEP SILAS
				<lb />
			</petitioner>
			<extra>
				.....
				petitioner
				<lb />
			</extra>
			<extra>
				Through:
				<lb />
			</extra>
			<petitioner_lawyers>
				Mr. Arvind K. Nigam
			</petitioner_lawyers>
			<extra>
				, Sr. Adv. with
				<lb />
			</extra>
			<petitioner_lawyers>
				Mr. Manish Bishnoi, Mr.Mikhil
				<lb />
				Sharma, Mr.Mehtaab Singh Sandhu &amp;
				<lb />
				Mr.Pratishth Kaushal
				<lb />
			</petitioner_lawyers>
			<extra>
				, Advs.
			</extra>
			<extra>
				Versus
				<lb />
			</extra>
			<respondent>
				CBI &amp; ORS.
			</respondent>
			..
			<extra>
				Respondents
				<lb />
			</extra>
			<extra>
				Through:
			</extra>
			<petitioner_lawyers>
				Mr.Nikhil Goel
				<lb />
			</petitioner_lawyers>
			<extra>
				, Spl.P.P.
			</extra>
			<extra>
				with
				<lb />
			</extra>
			<petitioner_lawyers>
				Mr.Gurpreet Hora
			</petitioner_lawyers>
			<extra>
				, Adv. for CBI.
				<lb />
			</extra>
			<petitioner_lawyers>
				Mr.Ravinder Agarwal
				<lb />
			</petitioner_lawyers>
			<extra>
				, Adv. for CVC.
			</extra>
			<petitioner_lawyers>
				Mr.V.S.R.Krishna
				<lb />
			</petitioner_lawyers>
			<extra>
				, Adv. for Railways.
				<lb />
			</extra>
			<petitioner>
				SH. MS. CHALIA
				<lb />
			</petitioner>
			.....
			<extra>
				petitioner
				<lb />
			</extra>
			<extra>
				Through:
			</extra>
			<petitioner_lawyers>
				Mr. Vikas Pahwa
				<lb />
			</petitioner_lawyers>
			<extra>
				, Sr. Adv.
			</extra>
			<extra>
				with
				<lb />
			</extra>
			<petitioner_lawyers>
				Mr. Manish Bishnoi, Mr. Karan
				<lb />
				Khanuja, Mr. Shadman Ahmed &amp;
				<lb />
				Mr.Tushar Agarwal
				<lb />
			</petitioner_lawyers>
			<extra>
				, Advs.
			</extra>
			<extra>
				Versus
				<lb />
			</extra>
			<respondent>
				CBI &amp; ORS.
			</respondent>
			..
			<extra>
				Respondents
				<lb />
			</extra>
			<extra>
				Through:
			</extra>
			<petitioner_lawyers>
				Mr.Nikhil Goel
				<lb />
			</petitioner_lawyers>
			<extra>
				, Spl.P.P.
				<lb />
			</extra>
			<extra>
				with
				<lb />
			</extra>
			<petitioner_lawyers>
				Mr.Gurpreet Hora
			</petitioner_lawyers>
			<extra>
				, Adv. for CBI.
				<lb />
			</extra>
			<petitioner_lawyers>
				Mr.Ravinder Agarwal
			</petitioner_lawyers>
			<extra>
				, Adv. for CVC.
				<lb />
			</extra>
			<petitioner_lawyers>
				Mr.V.S.R.Krishna
				<lb />
			</petitioner_lawyers>
			<extra>
				, Adv. for Railways.
			</extra>
			<petitioner>
				SH. MS. CHALIA
				<lb />
			</petitioner>
			<extra>
				.....
				petitioner
				<lb />
			</extra>
			<extra>
				Through:
				<lb />
			</extra>
			<petitioner_lawyers>
				Mr. Vikas Pahwa
			</petitioner_lawyers>
			<extra>
				, Sr. Adv. with
				<lb />
			</extra>
			<petitioner_lawyers>
				Mr. Manish Bishnoi, Mr. Karan
				<lb />
				Khanuja, Mr. Shadman Ahmed &amp;
				<lb />
				Mr.Tushar Agarwal
				<lb />
			</petitioner_lawyers>
			<extra>
				, Advs.
				<lb />
			</extra>
			<extra>
				Versus
				<lb />
			</extra>
			<respondent>
				CBI &amp; ORS.
			</respondent>
			..
			<extra>
				Respondents
				<lb />
			</extra>
			<extra>
				Through:
			</extra>
			<petitioner_lawyers>
				Mr.Ashutosh Ghade with Mr.Nikhil
				<lb />
			</petitioner_lawyers>
			<extra>
				,
				Advs.
				<lb />
				for CBI.
				<lb />
			</extra>
			<petitioner_lawyers>
				Mr.Ravinder Agarwal
			</petitioner_lawyers>
			<extra>
				, Adv. for CVC.
				<lb />
			</extra>
			<petitioner_lawyers>
				Mr.V.S.R.Krishna
			</petitioner_lawyers>
			<extra>
				, Adv. for Railways.
				<lb />
			</extra>
			<petitioner_lawyers>
				Mr.Anil
				<lb />
				Soni
				<lb />
			</petitioner_lawyers>
			<extra>
				,
				CGSC
				<lb />
				with
				<lb />
			</extra>
			<petitioner_lawyers>
				Mr.Abhinav Tyagi
			</petitioner_lawyers>
			<extra>
				, Adv. for UOI.
				<lb />
			</extra>
			<petitioner>
				SHRI SANDEEP SILAS
				<lb />
			</petitioner>
			.....
			<extra>
				petitioner
				<lb />
			</extra>
			<extra>
				Through:
			</extra>
			<petitioner_lawyers>
				Mr. Manish Bishnoi, Mr.Archit Gupta
				<lb />
				&amp; Mr.Abhijit Das
				<lb />
			</petitioner_lawyers>
			<extra>
				, Advs.
			</extra>
			<extra>
				Versus
				<lb />
			</extra>
			<respondent>
				CBI &amp; ORS.
			</respondent>
			..
			<extra>
				Respondents
				<lb />
			</extra>
			<extra>
				Through:
				<lb />
			</extra>
			<respondent_lawyers>
				Mr.Nikhil Goel
			</respondent_lawyers>
			<extra>
				, Spl.P.P. with
				<lb />
			</extra>
			<respondent_lawyers>
				Mr.Gurpreet Hora
			</respondent_lawyers>
			<extra>
				, Adv. for CBI.
				<lb />
			</extra>
			<respondent_lawyers>
				Mr.Ravinder Agarwal
			</respondent_lawyers>
			<extra>
				, Adv. for CVC.
				<lb />
			</extra>
			<respondent_lawyers>
				Mr.V.S.R.Krishna
				<lb />
			</respondent_lawyers>
			<extra>
				, Adv. for Railways.
			</extra>
			<extra>
				CORAM:
				<lb />
			</extra>
			<judges>
				HON&apos;BLE MS. JUSTICE REKHA PALLI
				<lb />
			</judges>
		</front>
	</text>
</tei>
