<?xml version="1.0"?>
<tei xml:space="preserve">
	<teiHeader>
		<fileDesc xml:id="c973d60b82f9dc4167a9b4cf2a83ce6f" />
	</teiHeader>
	<text xml:lang="en">
		<front>
			<case_numbers>
				C.S.No.299 of 2020
				<lb />
				&amp; O.A.Nos.564 &amp;
				565 of 2020 &amp;
				<lb />
				A.No.2603 of 2020
			</case_numbers>
			<extra>
				IN THE
			</extra>
			<court>
				HIGH COURT OF JUDICATURE AT MADRAS
				<lb />
			</court>
			<extra>
				Reserved on
				<lb />
				: 21.10.2021
				<lb />
			</extra>
			<extra>
				Pronounced on :
				<lb />
			</extra>
			<judgement_date>
				25.10.2021
				<lb />
			</judgement_date>
			<extra>
				Coram:
				<lb />
				THE
			</extra>
			<judges>
				HONOURABLE DR. JUSTICE G. JAYACHANDRAN
				<lb />
			</judges>
			<case_numbers>
				C.S.No.299 of 2020
				<lb />
				and
				<lb />
				O.A.Nos.564 &amp; 565 of 2020
				<lb />
				and
				<lb />
				A.No.2603 of 2020
				<lb />
			</case_numbers>
			<extra>
				1.
			</extra>
			<petitioner>
				Aqua Pump Industries,
				<lb />
				rep by its Managing Partner
				<lb />
				Mr.Ramaswamy Kumaravelu,
				<lb />
				Thudiyalure Post
			</petitioner>
			<extra>
				, Coimbatore 641 034.
				<lb />
				Having their branch office at
				<lb />
				New No.10, Old No.26,
				<lb />
				Errabalu Chetty Street, Parrys Corner,
				<lb />
				Chennai 600 001.
				<lb />
			</extra>
			<extra>
				2.
			</extra>
			<petitioner>
				Aqua Sub Engineering
				<lb />
				rep. By its Managing Partner,
				<lb />
				Mr.Ramaswamy Kumaravelu,
				<lb />
			</petitioner>
			<extra>
				Thudiyalure Post, Coimbatore 641 034,
				<lb />
				Having their branch office at
				<lb />
				New No.10, Old No.26,
				<lb />
				Errabalu Chetty Street, Parrys Corner,
				<lb />
				Chennai 600 001.
				<lb />
			</extra>
			<extra>
				.. Plaintiffs
			</extra>
			<extra>
				/versus/
				<lb />
			</extra>
			<case_numbers>
				C.S.No.299 of 2020
				<lb />
				&amp; O.A.Nos.564 &amp;
				565 of 2020 &amp;
				<lb />
				A.No.2603 of 2020
				<lb />
			</case_numbers>
			<extra>
				1.
			</extra>
			<respondent>
				Ashok Kumar Jaiswal
				<lb />
				C/o Arryan Future Aqua Engineering Pvt. Ltd.,
				<lb />
			</respondent>
			<extra>
				2258, Opposite Pratap Market,
				<lb />
				Damoh Road,
				<lb />
				Jabalpur 482 002, Madhyapradesh
				<lb />
				2.Arryan Future Aqua Engineering Pvt.Ltd.,
				<lb />
				2258, Opposite Pratap Market,
				<lb />
				Damoh Road,
				<lb />
				Jabalpur 482 002,
				<lb />
				Madhya Pradesh.
				<lb />
			</extra>
			<extra>
				..
				
				Defendants
			</extra>
			<extra>
				Prayer :-Civil Suit has been filed under Order IV, Rule 1 O.S. Rules and
				<lb />
				Order VII, Rule 1 of the C.P.C., read with Sections 27, 134 and 135 of the Trade
				<lb />
				Marks Act, 1999, praying to pass a judgment and decree for :-
				<lb />
				(a). granting a permanent injunction, restraining the Defendants, by itself,
				<lb />
				their servants, agents, distributors, or anyone claiming through them from
				<lb />
				manufacturing, selling, advertising and offering for sale using the marks AQUA
				<lb />
				GROUP INDUSTRIES or any other mark identical or deceptively similar to the
				<lb />
				Plaintiffs registered Trade Marks
				<lb />
				,
				<lb />
				AQUATEX,
				<lb />
				AQUASUB,
				<lb />
				AQUASUB ENGINEERING, AQUAPUMP &amp; AQUAPUMP INDUSTRIES,
				<lb />
				AQUA GROUP INDUSTRIES as such or prefix or suffix in Submersible Pumps,
			</extra>
			<case_numbers>
				C.S.No.299 of 2020
				<lb />
				&amp; O.A.Nos.564 &amp;
				
				565 	of 2020 &amp;
				<lb />
				A.No.2603 of 2020
				<lb />
			</case_numbers>
			<extra>
				Electric Motors or any other pumps or motors and its spares or in any other goods
				<lb />
				manufactured and sold by the Defendants or its trading style or in any media and
				<lb />
				use the same in invoices, letter heads and visiting cards or by using any other trade
				<lb />
				mark which is in any way visually, phonetically and deceptively similar to the
				<lb />
				Plaintiffs&apos; registered
				Trade Marks
				<lb />
				AQUATEX, AQUASUB,
				<lb />
				AQUASUB ENGINEERING, AQUAPUMP &amp; AQUAPUMP INDUSTRIES or in any manner infringing the Plaintiffs
				<lb />
				Registered Trade Mark Nos. 1285017, 1285018 in Class 37 and 3811351 in class
				<lb />
				35 and other AQUATEX (word) and (device) registrations, AQUA SUB
				<lb />
				ENGINEERING  and  AQUA PUMP INDUSTRIES  and  AQUA GROUP
				<lb />
				registrations as set out in paragraph 10 of the plaint.
				<lb />
				(b) Granting a permanent injunction, restraining the Defendants, by itself,
				<lb />
				their   servants,   agents,   distributors,   or   anyone   claiming   through   them   from
				<lb />
				manufacturing, selling, advertising and offering for sale using the marks AQUA
				<lb />
				GROUP INDUSTRIES or any other mark identical or deceptively similar to the
				<lb />
				Plaintiffs Trade Marks  ,  AQUATEX, AQUASUB, AQUASUB
				<lb />
				ENGINEERING, AQUAPUMP &amp; AQUAPUMP INDUSTRIES,AQUA
			</extra>
			<case_numbers>
				C.S.No.299 of 2020
				<lb />
				&amp; O.A.Nos.564 &amp; 565 of 2020 &amp;
				<lb />
				A.No.2603 of 2020
				<lb />
			</case_numbers>
			<extra>
				GROUP INDUSTRIES as such or with prefix or suffix in Submersible Pumps ,
				<lb />
				Electric Motors or any other pumps and motors and its spares or in any other
				<lb />
				goods manufactured and sold by the Defendants and its trading style or in any
				<lb />
				media and use the same in invoices, letter heads and visiting cards or by using any
				<lb />
				other trade mark which is in any way visually, phonetically and deceptively
				<lb />
				similar to the Plaintiffs Trade Marks  ,  AQUATEX, AQUASUB,
				<lb />
				AQUASUB ENGINEERING, AQUAPUMP &amp; AQUAPUMP INDUSTRIES,
				<lb />
				AQUA GROUP INDUSTRIES or in any manner pass off the Plaintiffs' goods.
				<lb />
				(c) Directing the Defendants to surrender to the Plaintiffs all the goods,
				<lb />
				packing materials, cartons, advertisement materials and hoardings, letter-heads,
				<lb />
				visiting  cards, office stationery and all other materials containing/bearing  the
				<lb />
				Trade Mark AQUA GROUP INDUSTRIES or other deceptively similar to the
				<lb />
				Plaintiffs'   registered   Trademarks  ,  AQUATEX, AQUASUB,
				<lb />
				AQUASUB ENGINEERING, AQUAPUMP &amp; AQUAPUMP INDUSTRIES.
				<lb />
				(d). Directing the defendants to render an account of profits made by them
				<lb />
				by the use of the impugned trademark AQUA GROUP INDUSTRIES on the
				<lb />
				goods pumps and motors and decree the suit for the profits found to have been
				<lb />
			</extra>
			<case_numbers>
				C.S.No.299 of 2020
				<lb />
				&amp; O.A.Nos.564 &amp; 565 of 2020 &amp;
				<lb />
				A.No.2603 of 2020
			</case_numbers>
			<lb />
			<extra>
				made by the defendants, after the defendants have rendered accounts;
				<lb />
				(e). directing the
				
				defendants to pay to the plaintiffs the costs of the suit.
				<lb />
			</extra>
			<extra>
				For Plaintiffs
				<lb />
				:
			</extra>
			<petitioner_lawyers>
				M/s Gladys Daniel
				<lb />
			</petitioner_lawyers>
			<extra>
				------
				<lb />
			</extra>
			<document_type>
				J U D G M E N T
				<lb />
			</document_type>
		</front>
	</text>
</tei>
