<?xml version="1.0"?>
<tei xml:space="preserve">
	<teiHeader>
		<fileDesc xml:id="CHS15032019CW43742018" />
	</teiHeader>
	<text xml:lang="en">
		<front>
			<extra>
				IN THE
			</extra>
			<court>
				HIGH COURT OF DELHI AT NEW DELHI
				<lb />
			</court>
			<extra>
				Reserved on:
				
				31 st January, 2019
				<lb />
			</extra>
			<extra>
				Pronounced on:
			</extra>
			<judgement_date>
				15 th March, 2019
				<lb />
			</judgement_date>
			<petitioner>
				ACTION COMMITTEE UNAIDED RECOGNIZED
				<lb />
				PRIVATE SCHOOLS
				<lb />
			</petitioner>
			<extra>
				.....
				petitioner
				<lb />
			</extra>
			<extra>
				Through:
				<lb />
			</extra>
			<petitioner_lawyers>
				Mr. Sunil Gupta
				<lb />
			</petitioner_lawyers>
			<extra>
				, Sr. Adv. with Mr.
				<lb />
			</extra>
			<petitioner_lawyers>
				Kamal Gupta and Ms. Pragya
				<lb />
			</petitioner_lawyers>
			<extra>
				Agrawal, Advs.
				<lb />
			</extra>
			<extra>
				versus
				<lb />
			</extra>
			<respondent>
				DIRECTORATE OF EDUCATION AND ANR
			</respondent>
			<extra>
				..
				Respondents
				<lb />
			</extra>
			<extra>
				Through:
				<lb />
			</extra>
			<respondent_lawyers>
				Mr. Ramesh Singh
				<lb />
			</respondent_lawyers>
			<extra>
				SC for
				<lb />
				GNCTD with
			</extra>
			<respondent_lawyers>
				Mr. Chirayu Jain and
				<lb />
				Ms. N. Goyal
			</respondent_lawyers>
			<extra>
				, Advs.
				<lb />
			</extra>
			<respondent_lawyers>
				Mr. Khagesh B. Jha, Ms. Shikha
				<lb />
				Sharma Bagga
				<lb />
			</respondent_lawyers>
			<extra>
				, Advs. for Justice
				<lb />
				for All
				<lb />
			</extra>
			<extra>
				Reserved on:
				
				6 th February, 2019
				<lb />
			</extra>
			<extra>
				Pronounced on:
			</extra>
			<judgement_date>
				15 th March, 2019
				<lb />
			</judgement_date>
			<petitioner>
				MOUNT CARMEL SCHOOL SOCIETY
				<lb />
				AND ANR
				<lb />
			</petitioner>
			<extra>
				....
				petitioner
				<lb />
			</extra>
			<extra>
				Through:
				<lb />
			</extra>
			<petitioner_lawyers>
				Mr. Sunil Gupta
			</petitioner_lawyers>
			<extra>
				, Sr. Adv. with Mr.
				<lb />
			</extra>
			<petitioner_lawyers>
				Romy Chacko, Mr. Vedanta
				<lb />
				Varma, Mr. Chandan Kumar
				<lb />
				Mandal, Mr. Akhil Kumar Gola
				<lb />
				and Ms. Mannat Sandhu
			</petitioner_lawyers>
			<extra>
				, Advs.
				<lb />
			</extra>
			<extra>
				versus
				<lb />
			</extra>
			<respondent>
				DIRECTOR OF EDUCATION AND ORS.
				<lb />
			</respondent>
			.....
			<extra>
				Respondents
				<lb />
			</extra>
			<extra>
				Through:
				<lb />
			</extra>
			<respondent_lawyers>
				Mr. Ramesh Singh
			</respondent_lawyers>
			<extra>
				, SC with Mr.
				<lb />
			</extra>
			<respondent_lawyers>
				Santosh Kumar Tripathi
			</respondent_lawyers>
			<extra>
				, ASC for
				<lb />
				GNCTD,
			</extra>
			<respondent_lawyers>
				Mr. Chirayu Jain and Ms.
				<lb />
				Nikita Goyal
			</respondent_lawyers>
			<extra>
				, Advs. for R-DOE
				<lb />
			</extra>
			<respondent_lawyers>
				Mr. Rajiv Bansal
			</respondent_lawyers>
			<extra>
				, Sr. Adv. with
				<lb />
			</extra>
			<respondent_lawyers>
				Mr. Anuj Chaturvedi, Ms. Vaishali
				<lb />
				Rawat and Ms. Parul Panthi
			</respondent_lawyers>
			<extra>
				, Advs.
				<lb />
				for DDA
			</extra>
			<extra>
				CORAM:
				<lb />
			</extra>
			<judges>
				HON&apos;BLE MR. JUSTICE C. HARI SHANKAR
				<lb />
			</judges>
			<document_type>
				J U D G M E N T
				<lb />
			</document_type>
		</front>
	</text>
</tei>
