<?xml version="1.0"?>
<tei xml:space="preserve">
	<teiHeader>
		<fileDesc xml:id="d13abe186b45c171746b2673a6e39963" />
	</teiHeader>
	<text xml:lang="en">
		<front>
			<extra>
				*
				IN THE
			</extra>
			<court>
				HIGH COURT OF DELHI AT NEW DELHI
				<lb />
			</court>
			<extra>
				Reserved on:
				
				24 th December, 2014
				<lb />
			</extra>
			<extra>
				%
				<lb />
				Date of Decision:
			</extra>
			<judgement_date>
				06 th February, 2015
				<lb />
			</judgement_date>
			<extra>
				+
				<lb />
			</extra>
			<case_numbers>
				CRL.A.910/2008
				<lb />
			</case_numbers>
			<petitioner>
				VIKAS YADAV
				<lb />
			</petitioner>
			<extra>
				.....
				
				Appellant
				<lb />
			</extra>
			<extra>
				Through:
			</extra>
			<petitioner_lawyers>
				Mr.Sumeet Verma
			</petitioner_lawyers>
			<extra>
				, Adv. with
				<lb />
			</extra>
			<petitioner_lawyers>
				Mr.Amit Kala
			</petitioner_lawyers>
			<extra>
				, Adv.
				<lb />
				versus
			</extra>
			<lb />
			<respondent>
				STATE OF UP
				<lb />
			</respondent>
			<extra>
				Respondent
				<lb />
			</extra>
			<extra>
				Through :
			</extra>
			<respondent_lawyers>
				Mr.Rajesh Mahajan
			</respondent_lawyers>
			<extra>
				, Adv. with
				<lb />
			</extra>
			<respondent_lawyers>
				Ms. Shinjan Jain
			</respondent_lawyers>
			<extra>
				, Adv. for State.
			</extra>
			<lb />
			<respondent_lawyers>
				Mr.P.K. Dey
			</respondent_lawyers>
			<extra>
				, Adv. with
			</extra>
			<lb />
			<respondent_lawyers>
				Mr.Kaushik Dey, Mr. Abhijeet,
				<lb />
				Mr. Vijay Pal Singh and Mr.
				<lb />
				Andleeb Naqvi
			</respondent_lawyers>
			<extra>
				, Advs.
				<lb />
			</extra>
			<extra>
				for
				<lb />
				complainant.
			</extra>
			<extra>
				+
				<lb />
			</extra>
			<case_numbers>
				CRL.A.741/2008
				<lb />
			</case_numbers>
			<petitioner>
				VISHAL YADAV
				<lb />
			</petitioner>
			<extra>
				.....
				
				Petitioner
				<lb />
			</extra>
			<extra>
				Through:
			</extra>
			<petitioner_lawyers>
				Mr. Sanjay Jain
			</petitioner_lawyers>
			<extra>
				and
			</extra>
			<petitioner_lawyers>
				Mr. Vinay
				<lb />
				Arora
			</petitioner_lawyers>
			<extra>
				,
				Advs.
				<lb />
			</extra>
			<extra>
				versus
				<lb />
			</extra>
			<respondent>
				STATE GOVT. OF UP
				<lb />
			</respondent>
			<extra>
				....
				
				Respondents
				<lb />
			</extra>
			<lb />
			<extra>
				Through :
			</extra>
			<respondent_lawyers>
				Mr.Rajesh Mahajan
			</respondent_lawyers>
			<extra>
				, Adv. with
			</extra>
			<respondent_lawyers>
				Ms.
				<lb />
				Shinjan Jain,
			</respondent_lawyers>
			<extra>
				Adv. for State.
				<lb />
			</extra>
			<respondent_lawyers>
				Mr.P.K. Dey
				<lb />
			</respondent_lawyers>
			<extra>
				,
				Adv. with
				<lb />
			</extra>
			<respondent_lawyers>
				Mr.Kaushik Dey, Mr. Abhijeet,
				<lb />
				Mr. Vijay Pal Singh and Mr.
				<lb />
				Andleeb Naqvi
			</respondent_lawyers>
			<extra>
				, Advs.
				<lb />
			</extra>
			<extra>
				for
				<lb />
				complainant.
			</extra>
			<case_numbers>
				CRL.A.958/2008
			</case_numbers>
			<petitioner>
				STATE
				<lb />
			</petitioner>
			<extra>
				.....
				
				Appellant
				<lb />
			</extra>
			<extra>
				Through :
			</extra>
			<petitioner_lawyers>
				Mr.Rajesh Mahajan, Adv. with Ms.
				<lb />
				Shinjan
				<lb />
				Jain
				<lb />
			</petitioner_lawyers>
			<extra>
				,
				Adv.
				<lb />
				for
				<lb />
				State.
			</extra>
			<petitioner_lawyers>
				<lb />
				Ms. Ritu Gauba
			</petitioner_lawyers>
			<extra>
				,
				APP for State.
			</extra>
			<extra>
				versus
				<lb />
			</extra>
			<respondent>
				VIKAS YADAV and ANR.
				<lb />
			</respondent>
			<extra>
				....
				
				Respondents
				<lb />
			</extra>
			<extra>
				Through:
			</extra>
			<respondent_lawyers>
				Mr.Sumeet Verma, and Mr.Amit
				<lb />
				Kalam
			</respondent_lawyers>
			<extra>
				, Advs.
			</extra>
			<extra>
				for Mr.Vikas Yadav.
			</extra>
			<lb />
			<respondent_lawyers>
				Mr.P.K. Dey
			</respondent_lawyers>
			<extra>
				, Adv. with
				<lb />
			</extra>
			<respondent_lawyers>
				Mr.Kaushik Dey, Mr. Abhijeet,
				<lb />
				Mr. Vijay Pal Singh and Mr.
				<lb />
				Andleeb Naqvi,
			</respondent_lawyers>
			<extra>
				Advs. for
				<lb />
				complainant.
				<lb />
			</extra>
			<case_numbers>
				<lb />
				CRL.REV.P.
				<lb />
				No.369/2008
				<lb />
				and
				<lb />
				Crl.M.A.Nos.
				<lb />
				1168/2012, 1313/2012, 4073/2012, 13951/2012 and
				<lb />
				13952/2012
				<lb />
			</case_numbers>
			<petitioner>
				NILAM KATARA
				<lb />
			</petitioner>
			<extra>
				.....
				
				Appellant
				<lb />
			</extra>
			<extra>
				Through :
			</extra>
			<petitioner_lawyers>
				Mr.P.K. Dey
			</petitioner_lawyers>
			<extra>
				, Adv. with
				<lb />
			</extra>
			<petitioner_lawyers>
				Mr.Kaushik Dey, Mr. Abhijeet,
				<lb />
				Mr. Vijay Pal Singh and Mr.
				<lb />
				Andleeb Naqvi,
			</petitioner_lawyers>
			<extra>
				Advs. for
				<lb />
				complainant.
				<lb />
				versus
			</extra>
			<lb />
			<respondent>
				STATE GOVT. OF NCT OF DELHI &amp; ORS.
				
				
				..
			</respondent>
			<extra>
				Respondents
				<lb />
			</extra>
			<extra>
				Through:
			</extra>
			<respondent_lawyers>
				Mr.Rajesh Mahajan
			</respondent_lawyers>
			<extra>
				, Adv. with
			</extra>
			<respondent_lawyers>
				Ms.
				<lb />
				Shinjan Jain,
			</respondent_lawyers>
			<extra>
				Adv. for State.
			</extra>
			<lb />
			<respondent_lawyers>
				Ms. Ritu Gauba
			</respondent_lawyers>
			<extra>
				, APP for State.
				<lb />
			</extra>
			<respondent_lawyers>
				Mr.Sumeet Verma with Mr.Amit
				<lb />
				Kala
			</respondent_lawyers>
			<extra>
				, Advs. for Mr.Vikas Yadav.
				<lb />
			</extra>
			<respondent_lawyers>
				Mr. Sanjay Jain
			</respondent_lawyers>
			<extra>
				, Adv. for Mr.
				<lb />
				Vishal Yadav.
				<lb />
			</extra>
			<case_numbers>
				CRL.A. 1322/2011
				<lb />
			</case_numbers>
			<petitioner>
				STATE
				<lb />
			</petitioner>
			<extra>
				.....
				
				Appellant
				<lb />
			</extra>
			<extra>
				Through:
				<lb />
			</extra>
			<petitioner_lawyers>
				Mr.Rajesh Mahajan
				<lb />
			</petitioner_lawyers>
			<extra>
				, Adv. with
			</extra>
			<petitioner_lawyers>
				Ms.
				<lb />
				Shinjan Jain
			</petitioner_lawyers>
			<extra>
				, Adv. for State.
				<lb />
			</extra>
			<petitioner_lawyers>
				Ms. Ritu Gauba
			</petitioner_lawyers>
			<extra>
				, APP for State.
			</extra>
			<extra>
				versus
				<lb />
			</extra>
			<respondent>
				SUKHDEV YADAV ALIAS PEHLWAN
			</respondent>
			<extra>
				.....
				Respondent
				<lb />
			</extra>
			<extra>
				Through:
				<lb />
			</extra>
			<respondent_lawyers>
				Mr.Chaman Sharma
				<lb />
			</respondent_lawyers>
			<extra>
				Adv. for
				<lb />
				Mr.Sukhdev Yadav.
			</extra>
			<lb />
			<case_numbers>
				CRL.A. 145/2012
				<lb />
			</case_numbers>
			<petitioner>
				SUKHDEV YADAV
				<lb />
			</petitioner>
			<extra>
				.....
				
				Appellant
				<lb />
			</extra>
			<extra>
				Through:
				<lb />
			</extra>
			<petitioner_lawyers>
				Mr.Chaman Sharma
				<lb />
			</petitioner_lawyers>
			<extra>
				,
				Adv.
				versus
				<lb />
			</extra>
			<respondent>
				STATE and ANR.
				<lb />
			</respondent>
			<extra>
				....
				
				Respondents
				<lb />
			</extra>
			<extra>
				Through:
			</extra>
			<respondent_lawyers>
				Mr.Rajesh Mahajan
				<lb />
			</respondent_lawyers>
			<extra>
				Adv. with
			</extra>
			<respondent_lawyers>
				Ms.
				<lb />
				Shinjan Jain,
			</respondent_lawyers>
			<extra>
				Adv. for State.
				<lb />
			</extra>
			<respondent_lawyers>
				Ms. Ritu Gauba
			</respondent_lawyers>
			<extra>
				,
				APP for State.
				<lb />
			</extra>
			<extra>
				CORAM:
				<lb />
			</extra>
			<judges>
				HON&apos;BLE MS. JUSTICE GITA MITTAL
				<lb />
				HON&apos;BLE MR. JUSTICE J.R. MIDHA
				<lb />
			</judges>
		</front>
	</text>
</tei>
