<?xml version="1.0"?>
<tei xml:space="preserve">
	<teiHeader>
		<fileDesc xml:id="d7374de2d74f9908c9e2b4b034c5f8e2" />
	</teiHeader>
	<text xml:lang="en">
		<front>
			<extra>
				IN THE
			</extra>
			<court>
				HIGH COURT OF JUDICATURE AT MADRAS
				<lb />
			</court>
			<extra>
				RESERVED ON
				<lb />
				: 24.09.2019
				<lb />
			</extra>
			<extra>
				PRONOUNCED ON :
			</extra>
			<judgement_date>
				04.10.2019
			</judgement_date>
			<extra>
				CORAM
				<lb />
				THE
			</extra>
			<judges>
				HONOURABLE Mr.JUSTICE P.N.PRAKASH
			</judges>
			<lb />
			<case_numbers>
				Criminal Appeal Nos.17, 18, 22 and 23 of 2015
				<lb />
			</case_numbers>
			<petitioner>
				Venkat
				<lb />
			</petitioner>
			<extra>
				.. Appellant in
				<lb />
			</extra>
			<case_numbers>
				C.A.No.17 of 2015/A2
				<lb />
			</case_numbers>
			<petitioner>
				G.Kumar
				<lb />
			</petitioner>
			<extra>
				.. Appellant in
			</extra>
			<lb />
			<case_numbers>
				C.A.No.18 of 2015/A3
				<lb />
			</case_numbers>
			<petitioner>
				M.Kanniappan
				<lb />
			</petitioner>
			<extra>
				.. Appellant in
				<lb />
			</extra>
			<case_numbers>
				C.A.No.22 of 2015/A4
				<lb />
			</case_numbers>
			<petitioner>
				B.Murali
				<lb />
			</petitioner>
			<extra>
				.. Appellant in
				<lb />
			</extra>
			<case_numbers>
				C.A.No.23 of 2015/A1
			</case_numbers>
			<extra>
				Vs
				<lb />
			</extra>
			<respondent>
				State rep. by
				<lb />
				Inspector of Police,
				<lb />
				Prevention of Counterfeit Currency Wing,
				<lb />
				C.B.C.I.D.,
				<lb />
				V-5 Thirumangalam Police Station,
				<lb />
				Chennai.
				<lb />
			</respondent>
			<extra>
				.. Respondent/
				<lb />
			</extra>
			<extra>
				Complainant in all C.A.s
				<lb />
			</extra>
			<extra>
				Criminal Appeals filed under Section 374(2) Cr.P.C against the
				<lb />
				judgment and order dated 15.12.2014 passed by the VI Additional Sessions
				<lb />
				Judge, Chennai in S.C.No.394 of 2007.
			</extra>
			<extra>
				For Appellant in C.A.No.23 of 2015/A1 :
			</extra>
			<petitioner_lawyers>
				Mr.Kumar Tarejaa -Amicus Curiae
			</petitioner_lawyers>
			<extra>
				For Appellant in C.A.No.17 of 2015/A2 :
			</extra>
			<petitioner_lawyers>
				Mr.V.Gopinath,
			</petitioner_lawyers>
			<extra>
				Sr. Counsel
				<lb />
			</extra>
			<extra>
				for Mr.S.Suresh
				<lb />
			</extra>
			<extra>
				For Appellant in C.A.No.18 of 2015/A3 :
			</extra>
			<petitioner_lawyers>
				Mr.Sunder Mohan
				<lb />
			</petitioner_lawyers>
			<extra>
				Appellant in C.A.No.22 of 2015/A4
				<lb />
				: Died
				<lb />
			</extra>
			<extra>
				For Respondent in all C.A.s
				<lb />
				:
			</extra>
			<respondent_lawyers>
				Mrs.P.Kritika Kamal
				<lb />
			</respondent_lawyers>
			<extra>
				,
				Govt. Advocate (Crl. Side)
				<lb />
			</extra>
			<extra>
				COMMON
			</extra>
			<document_type>
				JUDGEMENT
			</document_type>
		</front>
	</text>
</tei>
