<?xml version="1.0"?>
<tei xml:space="preserve">
	<teiHeader>
		<fileDesc xml:id="f52c6d1bc86f373b4ec0ef5c8b9ec8b5" />
	</teiHeader>
	<text xml:lang="en">
		<front>
			<extra>
				BEFORE THE
			</extra>
			<court>
				SPECIAL COURT AT BOMBAY
				<lb />
			</court>
			<extra>
				CONSTITUTED UNDER THE SPECIAL COURT (TRIAL OF OFFENCES
				<lb />
				RELATING TO TRANSACTJONS IN SECURITIES) ACT, 1992
				<lb />
			</extra>
			<case_numbers>
				SPECIAL CASE NO. 3 OF 1996
				<lb />
			</case_numbers>
			<petitioner>
				Central Bureau of Investigation
				<lb />
			</petitioner>
			<extra>
				....
				. Complainant.
				<lb />
			</extra>
			<extra>
				V/s
				<lb />
			</extra>
			<extra>
				1.
			</extra>
			<respondent>
				Saranathan Mohan
				<lb />
			</respondent>
			<extra>
				.... Accused No.1.
				<lb />
			</extra>
			<extra>
				2.
			</extra>
			<respondent>
				N. Balasubramani.am
				<lb />
			</respondent>
			<extra>
				.... Accused No.2.
				<lb />
			</extra>
			<extra>
				3.
			</extra>
			<respondent>
				B.R. Acharya
				<lb />
			</respondent>
			<extra>
				. ... Accused No.3.
				<lb />
			</extra>
			<extra>
				4.
			</extra>
			<respondent>
				Mr P.J. Subbarao
				<lb />
			</respondent>
			<extra>
				.... Accused No.4.
				<lb />
			</extra>
			<extra>
				5.
			</extra>
			<respondent>
				Hiten P. Dalal
				<lb />
			</respondent>
			<extra>
				. ... Accused No.5.
				<lb />
			</extra>
			<extra>
				6.
			</extra>
			<respondent>
				S.K. Jhaveri
				<lb />
			</respondent>
			<extra>
				. ... Accused No.6.
				<lb />
			</extra>
			<extra>
				7.
			</extra>
			<respondent>
				Pallav Seth
				<lb />
			</respondent>
			<extra>
				.... Accused No. 7
				<lb />
			</extra>
			<extra>
				8.
			</extra>
			<respondent>
				M.K. Ashok Kumar
				<lb />
			</respondent>
			<extra>
				.... Accused No.8
				<lb />
			</extra>
			<extra>
				9.
			</extra>
			<respondent>
				Ketan V. Parekh
				<lb />
			</respondent>
			<extra>
				. ... Accused No. 9
				<lb />
			</extra>
			<extra>
				10.
			</extra>
			<respondent>
				Navinchandra N. Parekh
				<lb />
			</respondent>
			<extra>
				.... Accused No.10
				<lb />
			</extra>
			<extra>
				11.
			</extra>
			<respondent>
				B. V. Srinivasan
				<lb />
			</respondent>
			<extra>
				.... Accused No.11.
			</extra>
			<lb />
			<petitioner_lawyers>
				Mr. V.G. Pradhan with Mr. R.S. Mhamane
			</petitioner_lawyers>
			<extra>
				, Special Public Prosecutors
				<lb />
				for C.B.I.
			</extra>
			<respondent_lawyers>
				Mr. A.Z. Mookhtiar
			</respondent_lawyers>
			<extra>
				, advocate (Legal Aid) for accused No.l.
				<lb />
			</extra>
			<respondent_lawyers>
				Mr. Girish Kulkarni,
			</respondent_lawyers>
			<extra>
				advocate for accused No.2.
				<lb />
			</extra>
			<respondent_lawyers>
				Mrs. B.A. Jakhade (Legal Aid),
			</respondent_lawyers>
			<extra>
				advocate for accused No.3.
				<lb />
			</extra>
			<respondent_lawyers>
				Mr. P .D. Sawardekar
			</respondent_lawyers>
			<extra>
				, advocate for accused No.4.
				<lb />
			</extra>
			<respondent_lawyers>
				Mr. Sunil Kale
			</respondent_lawyers>
			<extra>
				, advocate for accused No.S.
			</extra>
			<lb />
			<respondent_lawyers>
				Mr. Shailesh Shah with Ms. Mamta Sadh i/b Dhru Leeladhar &amp; Co,
			</respondent_lawyers>
			<lb />
			<extra>
				advocates for accused No.6.
				<lb />
			</extra>
			<respondent_lawyers>
				Mr. Purandhare with Mr. Vivek Sharma &amp; Ms.
				<lb />
				Reshma Ruparel
				<lb />
			</respondent_lawyers>
			<extra>
				, advocates for accused No.7.
				<lb />
			</extra>
			<respondent_lawyers>
				Mr. Mr. Amit Desai with Ms. Maya Sarkar i/b Madhukar Munim &amp;
				<lb />
				Co.,
			</respondent_lawyers>
			<extra>
				advocates for accused No.8.
				<lb />
			</extra>
			<respondent_lawyers>
				Mr. Mahesh Jethmalani with Mr. Arnol Chougule &amp; Mr. Ajit Karwande,
				<lb />
			</respondent_lawyers>
			<extra>
				advocates for accused No.9 and 10.
				<lb />
			</extra>
			<respondent_lawyers>
				Mr. D.R. Pinge
			</respondent_lawyers>
			<extra>
				, advocate (Legal Aid) for accused No.11.
			</extra>
			<lb />
			<extra>
				CORAM:
			</extra>
			<judges>
				V.M. KANADE, J.
				<lb />
			</judges>
			<extra>
				Judge, Special Court
			</extra>
			<lb />
			<extra>
				DATE
				:
				<lb />
			</extra>
			<judgement_date>
				7th March, 2008 &amp; 1st April, 2008
				<lb />
			</judgement_date>
			<extra>
				ORAL
			</extra>
			<document_type>
				JUDGEMENT
			</document_type>
			<extra>
				:
				<lb />
			</extra>
		</front>
	</text>
</tei>
