<?xml version="1.0"?>
<tei xml:space="preserve">
	<teiHeader>
		<fileDesc xml:id="FAO(OS) (COMM)-124-2020" />
	</teiHeader>
	<text xml:lang="en">
		<front>
			<extra>
				IN THE
			</extra>
			<court>
				HIGH COURT OF DELHI AT NEW DELHI
				<lb />
			</court>
			<extra>
				Date of Decision:
			</extra>
			<judgement_date>
				13 th December, 2021
				<lb />
			</judgement_date>
			<case_numbers>
				FAO(OS) (COMM) 124/2020 &amp; CM Nos.32948/2020,
				<lb />
				22546/2021
				<lb />
			</case_numbers>
			<petitioner>
				EZEN AVIATION PTY LIMITED &amp; ANR.
				<lb />
			</petitioner>
			<extra>
				.....
				Appellants
				<lb />
			</extra>
			<extra>
				Through
				<lb />
			</extra>
			<petitioner_lawyers>
				Mr.Pai Amit, Mr.Prashant
				<lb />
				Popat,
				<lb />
				Mr.Rahat
				<lb />
				Bansal,
				<lb />
				Mr.Nikit Bala, Ms.Karishma
				<lb />
				Naghnoor, Mr.Souvik Paul
				<lb />
				Mazumdar
			</petitioner_lawyers>
			<extra>
				, Advs.
				<lb />
			</extra>
			<extra>
				versus
				<lb />
			</extra>
			<respondent>
				BIG CHARTER PRIVATE LIMITED
				<lb />
			</respondent>
			<extra>
				.....
				Respondent
				<lb />
			</extra>
			<extra>
				Through
				<lb />
			</extra>
			<respondent_lawyers>
				Mr.Saurabh Kirpal
			</respondent_lawyers>
			<extra>
				, Sr. Adv,
				<lb />
			</extra>
			<respondent_lawyers>
				Mr.Pardeep Dhingra, Mr.Varun
				<lb />
				Chandiok, Mr.Nishant Kumar,
				<lb />
				Ms.Shagun Sharma
			</respondent_lawyers>
			<extra>
				, Advs.
				<lb />
				+
				<lb />
			</extra>
			<case_numbers>
				FAO(OS) (COMM) 154/2020 &amp; CM Nos.30285-87/2020,
				<lb />
				32908/2020, 9746-47/2021, 22548/2021, 44630-31/2021
				<lb />
			</case_numbers>
			<petitioner>
				EZEN AVIATION PTY LIMITED &amp; ANR.
				<lb />
			</petitioner>
			<extra>
				.....
				Appellants
				<lb />
			</extra>
			<extra>
				Through
				<lb />
			</extra>
			<petitioner_lawyers>
				Mr.Pai Amit, Mr.Prashant
				<lb />
				Popat,
				<lb />
				Mr.Rahat
				<lb />
				Bansal,
				<lb />
				Mr.Nikit Bala, Ms.Karishma
				<lb />
				Naghnoor, Mr.Souvik Paul
				<lb />
				Mazumdar
			</petitioner_lawyers>
			<extra>
				, Advs.
				<lb />
			</extra>
			<extra>
				versus
				<lb />
			</extra>
			<respondent>
				BIG CHARTER PRIVATE LIMITED
				<lb />
			</respondent>
			<extra>
				.....
				Respondent
				<lb />
			</extra>
			<extra>
				Through
				<lb />
			</extra>
			<respondent_lawyers>
				Mr.Saurabh Kirpal
			</respondent_lawyers>
			<extra>
				, Sr. Adv,
				<lb />
			</extra>
			<respondent_lawyers>
				Mr.Pardeep Dhingra, Mr.Varun
				<lb />
				Chandiok, Mr.Nishant Kumar,
				<lb />
				Ms.Shagun Sharma
				<lb />
			</respondent_lawyers>
			<extra>
				, Advs.
				<lb />
			</extra>
			<extra>
				CORAM:
				<lb />
			</extra>
			<judges>
				HON&apos;BLE MR. JUSTICE MANMOHAN
				<lb />
				HON&apos;BLE MR. JUSTICE NAVIN CHAWLA
				<lb />
			</judges>
		</front>
	</text>
</tei>
