<?xml version="1.0"?>
<tei xml:space="preserve">
	<teiHeader>
		<fileDesc xml:id="fe5cb9886f76f942e1dd50b41510460a" />
	</teiHeader>
	<text xml:lang="en">
		<front>
			<extra>
				IN THE
			</extra>
			<court>
				HIGH COURT OF JUDICATURE AT MADRAS
				<lb />
			</court>
			<document_type>
				Judgment
			</document_type>
			<extra>
				Reserved on
				<lb />
				03.08.2021
				<lb />
			</extra>
			<document_type>
				Judgment
			</document_type>
			<extra>
				Delivered on
				<lb />
			</extra>
			<judgement_date>
				17.08.2021
				<lb />
			</judgement_date>
			<extra>
				CORAM
				<lb />
				THE
			</extra>
			<judges>
				HONOURABLE MR.JUSTICE R.SUBRAMANIAN
				<lb />
			</judges>
			<case_numbers>
				C.S.No.878 of 2015
				<lb />
			</case_numbers>
			<extra>
				1.
			</extra>
			<petitioner>
				Kanni Uvaraj
				<lb />
			</petitioner>
			<extra>
				2.
			</extra>
			<petitioner>
				Poorvika Mobiles Private Limited,
				<lb />
			</petitioner>
			<extra>
				No.30, Arcot Road,
				<lb />
				Kodambakkam,
				<lb />
				Chennai -600 024.
				<lb />
				Rep. by its Director Uvaraj
				<lb />
			</extra>
			<extra>
				... Plaintiffs
				<lb />
			</extra>
			<extra>
				Vs.
				<lb />
			</extra>
			<respondent>
				Poorliya Mobiles World And Electronics
				<lb />
			</respondent>
			<extra>
				No.58 D, North Main Road,
				<lb />
				Vallioor, Tirunelveli District,
				<lb />
				Tamil Nadu -627 117.
				<lb />
				Rep. by its Proprietor, J.Muthukrishnan
				<lb />
			</extra>
			<extra>
				... Defendant
				<lb />
			</extra>
			<lb />
			<extra>
				PRAYER : Plaint filed under Order IV Rule 1 of Original Side Rules read
				<lb />
				with Order VII Rule 1 of the Code of Civil Procedure and read with Sections
				<lb />
				27, 28, 29, 134 and 135 of the Trademarks Act, 1999 read with Section 51,
				<lb />
				55 and 62 of the Copyrights Act, 1957 praying to grant a judgment and
				<lb />
				decree on the following terms:-
				<lb />
			</extra>
			<case_numbers>
				C.S.No.878 of 2015
				<lb />
			</case_numbers>
			<extra>
				(a) A perpetual injunction restraining the defendant by themselves or
				<lb />
				their   directors,   men,   partners,   proprietors,   stockists,   dealers,
				<lb />
				servants,   agents,   franchises,   successors   in   interest,   licensees,
				<lb />
				assignees,   representatives   or   any   of   them   from   in   any   manner
				<lb />
				infringing   the   plaintiff's   registered   Trade   and   service   mark
				<lb />
				'POORVIKA MOBILE WORLD' by use of the Trade and service mark
				<lb />
				'POORLIYA  MOBILES WORLD' or POORVIKA/ POORLIYA per se
				<lb />
				with or without any logo/ artwork or any mark deceptively similar
				<lb />
				to   that   of   the   plaintiff's   registered   Trade   Mark   or   in   any   other
				<lb />
				manner whatsoever;
				<lb />
				(b) A perpetual injunction restraining the defendant by themselves or
				<lb />
				their   directors   men,   partners,   proprietors,   stockists,   dealers,
				<lb />
				servants,   agents,   franchises,   successors   in   interest,   licensees,
				<lb />
				assignees,   representatives   or   any   of   them   from   in   any   manner
				<lb />
				infringing   the   plaintiff's   copyright   in   the   label   'POORVIKA
				<lb />
				MOBILE   WORLD'   by   the   use   by   the   defendant   of   the   mark
				<lb />
				'POORLIYA  MOBILES WORLD', POORLIYA per se with or without
				<lb />
				any accompanying logo/artwork or any other deceptively similar
				<lb />
				Trade Mark label or by use of similar/ identical colour scheme, art
				<lb />
				work, lettering style or in any other manner whatsoever;
				<lb />
			</extra>
			<case_numbers>
				C.S.No.878 of 2015
				<lb />
			</case_numbers>
			<lb />
			<extra>
				(c) The defendant be ordered to surrender to plaintiff for destruction
				<lb />
				all   name   boards,   packing   materials,   visiting   cards,   letterheads,
				<lb />
				printer   bills,   cartons,   sachets   and   all   the   goods   bearing   the
				<lb />
				Trademark 'POORLIYA  MOBILES WORLD' or any mark deceptively
				<lb />
				similar to that of the plaintiff's registered Trade Mark and artistic
				<lb />
				work 'POORVIKA MOBILE WORLD';
				<lb />
				(d) The   defendant   be   ordered   to   prepare   and   submit   an   account   of
				<lb />
				profits made by them by the unlawful use of the Registered Trade
				<lb />
				Mark   of   the   plaintiff   and  thereafter   to  pass   a   final   decree   upon
				<lb />
				ascertaining the accounts, in favour of the plaintiff and against the
				<lb />
				defendants;
				<lb />
				(e) The   defendant   be   ordered   to   pay   punitive   damages   for   the
				<lb />
				unlawful act complained of and
				<lb />
				(f) for the costs of the suit.
				<lb />
			</extra>
			<extra>
				For Plaintiffs  :
			</extra>
			<petitioner_lawyers>
				Mr.K.Sukumaran
				<lb />
			</petitioner_lawyers>
			<extra>
				for Mr.K.Rajasekaran
				<lb />
			</extra>
			<extra>
				For Defendant  :
			</extra>
			<respondent_lawyers>
				Mr.S.Subbiah
			</respondent_lawyers>
			<extra>
				, Senior Counsel
				<lb />
			</extra>
			<extra>
				for Mrs.Elizabeth Ravi
			</extra>
			<document_type>
				JUDGEMENT
			</document_type>
			<lb />
		</front>
	</text>
</tei>
