<?xml version="1.0"?>
<tei xml:space="preserve">
	<teiHeader>
		<fileDesc xml:id="GMI08022017CRLA12842015" />
	</teiHeader>
	<text xml:lang="en">
		<front>
			<extra>
				IN THE
			</extra>
			<court>
				HIGH COURT OF DELHI AT NEW DELHI
				<lb />
			</court>
			<extra>
				Reserved on:
				
				29 th August, 2016
				<lb />
			</extra>
			<extra>
				Pronounced on:
			</extra>
			<judgement_date>
				08 th February, 2017
				<lb />
			</judgement_date>
			<petitioner>
				SUSHIL ARORA
				<lb />
			</petitioner>
			<extra>
				.....
				Appellant
				<lb />
			</extra>
			<extra>
				Through:
				<lb />
			</extra>
			<petitioner_lawyers>
				Mr. Vikas Arora and Ms. Radhika
				<lb />
				Arora
			</petitioner_lawyers>
			<extra>
				, Advocates
				<lb />
			</extra>
			<extra>
				versus
				<lb />
			</extra>
			<respondent>
				STATE
				<lb />
			</respondent>
			<extra>
				.....
				Respondent
				<lb />
			</extra>
			<extra>
				Through:
				<lb />
			</extra>
			<respondent_lawyers>
				Ms. Aasha Tiwari
				<lb />
			</respondent_lawyers>
			<extra>
				, APP for State
				<lb />
			</extra>
			<petitioner>
				RAJESH PANDEY
				<lb />
			</petitioner>
			<extra>
				.....
				Appellant
				<lb />
			</extra>
			<extra>
				Through:
				<lb />
			</extra>
			<petitioner_lawyers>
				Mr. Vivek Sood
			</petitioner_lawyers>
			<extra>
				, Sr. Advocate with
				<lb />
			</extra>
			<petitioner_lawyers>
				Mr. Ashim Shridhar
				<lb />
			</petitioner_lawyers>
			<extra>
				versus
				<lb />
			</extra>
			<petitioner>
				STATE (GOVT. OF NCT OF DELHI)
				<lb />
			</petitioner>
			<extra>
				.....
				Respondent
				<lb />
			</extra>
			<extra>
				Through:
				<lb />
			</extra>
			<respondent_lawyers>
				Ms. Aasha Tiwari
				<lb />
			</respondent_lawyers>
			<extra>
				, APP for State
				<lb />
			</extra>
			<petitioner>
				HEMANT GARG
				<lb />
			</petitioner>
			<extra>
				.....
				Appellant
				<lb />
			</extra>
			<extra>
				Through:
			</extra>
			<petitioner_lawyers>
				Mr. K. Singhal
			</petitioner_lawyers>
			<extra>
				, Advocate
				<lb />
			</extra>
			<extra>
				versus
				<lb />
			</extra>
			<respondent>
				STATE NCT OF DELHI
				<lb />
			</respondent>
			<extra>
				.....
				Respondent
				<lb />
			</extra>
			<extra>
				Through:
				<lb />
			</extra>
			<respondent_lawyers>
				Ms. Aasha Tiwari
				<lb />
			</respondent_lawyers>
			<extra>
				, APP for State
				<lb />
			</extra>
			<petitioner>
				VISHNU S/O PANCHU RAM
				<lb />
			</petitioner>
			<extra>
				.....
				Appellant
				<lb />
			</extra>
			<extra>
				Through:
				<lb />
			</extra>
			<petitioner_lawyers>
				Mr. M.N. Dudeja and Mr. Rajesh
				<lb />
				Kaushik
			</petitioner_lawyers>
			<extra>
				, Advocates
				<lb />
			</extra>
			<extra>
				versus
				<lb />
			</extra>
			<respondent>
				STATE NCT OF DELHI
				<lb />
			</respondent>
			<extra>
				.....
				Respondent
				<lb />
			</extra>
			<extra>
				Through:
				<lb />
			</extra>
			<respondent_lawyers>
				Ms. Aasha Tiwari
				<lb />
			</respondent_lawyers>
			<extra>
				, APP for State
			</extra>
			<petitioner>
				SONVEER alias PINKU
				<lb />
			</petitioner>
			<extra>
				.....
				Appellant
				<lb />
			</extra>
			<extra>
				Through:
				<lb />
			</extra>
			<petitioner_lawyers>
				Mr. Rajeev Mohan
			</petitioner_lawyers>
			<extra>
				, Advocate
				<lb />
			</extra>
			<extra>
				versus
				<lb />
			</extra>
			<respondent>
				STATE
				<lb />
			</respondent>
			<extra>
				.....
				Respondent
				<lb />
			</extra>
			<extra>
				Through:
				<lb />
			</extra>
			<respondent_lawyers>
				Ms. Aasha Tiwari
				<lb />
			</respondent_lawyers>
			<extra>
				, APP for State
			</extra>
			<extra>
				CORAM:
				<lb />
			</extra>
			<judges>
				HON&apos;BLE MS. JUSTICE GITA MITTAL
				<lb />
				HON&apos;BLE MR. JUSTICE R.K.GAUBA
				<lb />
			</judges>
			<document_type>
				JUDGMENT
				<lb />
			</document_type>
		</front>
	</text>
</tei>
