<?xml version="1.0"?>
<tei xml:space="preserve">
	<teiHeader>
		<fileDesc xml:id="HG0JCUF997075AF" />
	</teiHeader>
	<text xml:lang="en">
		<front>
			<extra>
				IN THE
			</extra>
			<court>
				HIGH COURT OF DELHI AT NEW DELHI
				<lb />
			</court>
			<document_type>
				Judgment
			</document_type>
			<extra>
				Reserved on:
				<lb />
				12 th December, 2017
				<lb />
			</extra>
			<extra>
				Date of decision:
			</extra>
			<judgement_date>
				22 nd February, 2018
				<lb />
			</judgement_date>
			<petitioner>
				&apos;W&apos;
				<lb />
			</petitioner>
			<extra>
				.....
				Appellant
				<lb />
			</extra>
			<extra>
				Through:
				<lb />
			</extra>
			<petitioner_lawyers>
				Mr. Sandeep Sethi and Mr.
				<lb />
				Sudhanshu Batra
			</petitioner_lawyers>
			<extra>
				, Sr. Advs.
				<lb />
				with
			</extra>
			<petitioner_lawyers>
				Mr. Vineet Malhotra,
				<lb />
				Mr. Apoorva Agarwal, Mr.
				<lb />
				Abhijat and Mr. Shubhendu
				<lb />
				Kaushik
			</petitioner_lawyers>
			<extra>
				, Advs.
				<lb />
			</extra>
			<extra>
				versus
				<lb />
			</extra>
			<respondent>
				&apos;H&apos; &amp; ANR
				<lb />
			</respondent>
			<extra>
				.....
				Respondents
				<lb />
			</extra>
			<extra>
				Through:
				<lb />
			</extra>
			<respondent_lawyers>
				Mr. V.K. Gupta
			</respondent_lawyers>
			<extra>
				, Sr. Adv.
				<lb />
				with
			</extra>
			<respondent_lawyers>
				Mr. Sanjeev Mahajan,
				<lb />
				Ms. Ruchira Gupta, Ms.
				<lb />
				Swati Jain, Ms. Mona Sinha
				<lb />
				and Mr. Anurag Sharma,
				<lb />
			</respondent_lawyers>
			<extra>
				Advs.
			</extra>
			<extra>
				CORAM:
				<lb />
			</extra>
			<judges>
				HON&apos;BLE MS. JUSTICE GITA MITTAL
				<lb />
				HON&apos;BLE MR. JUSTICE I.S.MEHTA
				<lb />
			</judges>
			<document_type>
				JUDGMENT
				<lb />
			</document_type>
		</front>
	</text>
</tei>
