<?xml version="1.0"?>
<tei xml:space="preserve">
	<teiHeader>
		<fileDesc xml:id="L4L24019YHN3XGY" />
	</teiHeader>
	<text xml:lang="en">
		<front>
			<extra>
				IN THE
			</extra>
			<court>
				HIGH COURT OF DELHI AT NEW DELHI
				<lb />
			</court>
			<document_type>
				Judgment
			</document_type>
			<extra>
				Reserved on:
			</extra>
			<judgement_date>
				12 th December, 2017
				<lb />
			</judgement_date>
			<extra>
				Date of decision:
			</extra>
			<judgement_date>
				22 nd February, 2018
				<lb />
			</judgement_date>
			<petitioner>
				STATE THROUGH SPECIAL INVESTIGATION TEAM
				<lb />
				S.I.T.(1984 RIOTS)
				<lb />
			</petitioner>
			<extra>
				.....
				petitioner
				<lb />
			</extra>
			<extra>
				versus
				<lb />
			</extra>
			<respondent>
				SAJJAN KUMAR
				<lb />
			</respondent>
			<extra>
				.....
				Respondent
				<lb />
			</extra>
			<extra>
				AND
				<lb />
			</extra>
			<petitioner>
				STATE THROUGH SPECIAL INVESTIGATION TEAM
				<lb />
				S.I.T.(1984 RIOTS)
				<lb />
			</petitioner>
			<extra>
				.....
				petitioner
				<lb />
			</extra>
			<extra>
				versus
				<lb />
			</extra>
			<respondent>
				SAJJAN KUMAR
				<lb />
			</respondent>
			<extra>
				.....
				Respondent
				<lb />
			</extra>
			<extra>
				CORAM:
				<lb />
			</extra>
			<judges>
				HON&apos;BLE MS. JUSTICE ANU MALHOTRA
				<lb />
			</judges>
			<document_type>
				JUDGMENT
				<lb />
			</document_type>
		</front>
	</text>
</tei>
