<?xml version="1.0"?>
<tei xml:space="preserve">
	<teiHeader>
		<fileDesc xml:id="NOLC2EEIN3MMGY9" />
	</teiHeader>
	<text xml:lang="en">
		<front>
			<extra>
				IN THE
			</extra>
			<court>
				HIGH COURT OF DELHI AT NEW DELHI
				<lb />
			</court>
			<extra>
				Reserved on:
				
				24.11.2017.
				<lb />
			</extra>
			<extra>
				Date of Decision :
			</extra>
			<judgement_date>
				22.12.2017.
				<lb />
			</judgement_date>
			<petitioner>
				FASHION DESIGN COUNCIL OF INDIA
				<lb />
			</petitioner>
			<extra>
				.....
				petitioner
				<lb />
			</extra>
			<extra>
				versus
				<lb />
			</extra>
			<petitioner>
				GOVT. OF NCT OF DELHI AND ANR.
				<lb />
			</petitioner>
			<extra>
				.....
				Respondents
				<lb />
			</extra>
			<respondent>
				BCCI
				<lb />
			</respondent>
			<extra>
				.....
				petitioner
				<lb />
			</extra>
			<extra>
				versus
				<lb />
			</extra>
			<petitioner>
				GOVT. OF NCT OF DELHI AND ORS.
				<lb />
			</petitioner>
			<extra>
				.....
				Respondents
				<lb />
			</extra>
			<respondent>
				GMR SPORTS PVT. LTD.
				<lb />
			</respondent>
			<extra>
				.....
				petitioner
				<lb />
			</extra>
			<extra>
				versus
				<lb />
			</extra>
			<petitioner>
				COMMISSIONER OF EXCISE, ENTT AND LUXURY TAX
				<lb />
				AND ANR.
				<lb />
			</petitioner>
			<extra>
				.....
				Respondents
				<lb />
			</extra>
			<respondent>
				DEN SOCCER PRIVATE LIMITED
				<lb />
			</respondent>
			<extra>
				.....
				petitioner
				<lb />
			</extra>
			<extra>
				versus
				<lb />
			</extra>
			<petitioner>
				GNCTD AND ORS.
				<lb />
			</petitioner>
			<extra>
				.....
				Respondents
				<lb />
			</extra>
			<respondent>
				PRO SPORTIFY PVT. LTD.
				<lb />
			</respondent>
			<extra>
				.....
				petitioner
				<lb />
			</extra>
			<extra>
				versus
				<lb />
			</extra>
			<petitioner>
				THE COMMISSIONER OF ENTERTAINMENT TAX,
				<lb />
				GNCTD
				<lb />
			</petitioner>
			<extra>
				.....
				Respondents
				<lb />
			</extra>
			<extra>
				Present:
				<lb />
			</extra>
			<petitioner_lawyers>
				Mr. Arshad Hidaytullah
			</petitioner_lawyers>
			<extra>
				, Sr. Advocate with Mr.
				<lb />
			</extra>
			<petitioner_lawyers>
				Jitendra Singh and Mr. Saurabh S. Sinha
			</petitioner_lawyers>
			<extra>
				, Advocates
				<lb />
				for petitioner/FDCI.
				<lb />
			</extra>
			<petitioner_lawyers>
				Mr. Amit Sibal
			</petitioner_lawyers>
			<extra>
				, Sr. Advocate along with
			</extra>
			<petitioner_lawyers>
				Ms. Isha Jha
				<lb />
				and Ms. Ishita Srivastava, Advocates for petitioner in
				<lb />
				Mr. Kamal Sawhney with Mr. Shikhar Garg
				<lb />
			</petitioner_lawyers>
			<extra>
				, Advocates for petitioner in W.P.(C)4966/2013.
				<lb />
			</extra>
			<petitioner_lawyers>
				Mr. Abhinav Agnihotri
				<lb />
			</petitioner_lawyers>
			<extra>
				, Advocate for petitioner-Den
				<lb />
				Soccer Pvt. Ltd. in W.P.(C) 2886/2015 &amp; 5994/2016.
			</extra>
			<petitioner_lawyers>
				Mr. Siddharth Bambha, Advocate along with Mr.
				<lb />
				Rachit Shrivastava
				<lb />
			</petitioner_lawyers>
			<extra>
				, Advocate for the petitioner in
				<lb />
				W.P.(C) 12287/2015.
				<lb />
			</extra>
			<petitioner_lawyers>
				Mr. Atul Sharma with Mr. Abhinav Agnihotri and Ms.
				<lb />
				Satakshi Som,
				<lb />
			</petitioner_lawyers>
			<extra>
				Advocates for petitioner in
				<lb />
				W.P.(C)7495/2014 &amp; 9661/2016.
				<lb />
			</extra>
			<respondent_lawyers>
				Mr. Parag P. Tripathi, Sr. Advocate with Mr. Kunal
				<lb />
				Bahari,
				<lb />
			</respondent_lawyers>
			<extra>
				<lb />
				Advocates
				<lb />
				for
				<lb />
				respondent
				<lb />
				in
				<lb />
				W.P.(C)2563/2013.
				<lb />
			</extra>
			<respondent_lawyers>
				Mr. Naushad Ahmed Khan, ASC (Civil)/GNCTD with
				<lb />
				Ms. Aastha Nigam
			</respondent_lawyers>
			<extra>
				, Advocate for respondents in
				<lb />
				W.P.(C)4966/2013 &amp; 7465/2013.
				<lb />
			</extra>
			<respondent_lawyers>
				Mr. Sanjoy Ghose
			</respondent_lawyers>
			<extra>
				Addl. Standing Counsel for
				<lb />
				GNCTD
				<lb />
				with
				<lb />
				Mr.
				<lb />
				Rishabh
				<lb />
				Jetely
				<lb />
				in
				<lb />
				W.P.(C)3626/2015.
				<lb />
			</extra>
			<respondent_lawyers>
				Mr. Satyakam
				<lb />
			</respondent_lawyers>
			<extra>
				, Addl. Standing Counsel, GNCTD for
				<lb />
				the respondent with Mr. P.K. Goel, Assistant
				<lb />
				Commissioner in W.P.(C)9153/2016 &amp; 1927/2016.
				<lb />
			</extra>
			<respondent_lawyers>
				Mr. Anuj Aggarwal
				<lb />
			</respondent_lawyers>
			<extra>
				, Addl. Standing Counsel/GNCTD
				<lb />
				with
			</extra>
			<respondent_lawyers>
				Mr. Deboshree Mukherjee
			</respondent_lawyers>
			<extra>
				, Advocate for
				<lb />
				respondents in W.P.(C) 2563/2013, 6728/2013,
				<lb />
				4792/2014, 6767/2014, 2825/2015, 2886/2015,
				<lb />
				3247/2015, 3308/2015, 6839/2015 &amp; 9166/2015.
				<lb />
			</extra>
			<respondent_lawyers>
				Mr. Gautam Narayan
				<lb />
			</respondent_lawyers>
			<extra>
				, ASC along with Mr. R.A. Iyer,
				<lb />
				Advocate for respondent in W.P.(C)12287/2015.
				<lb />
				W.P.(C)2563/2013 and connected matters
				<lb />
			</extra>
			<respondent_lawyers>
				Mr. Peeyoosh Kalra, ASC with Mr. Shiva Sharma and
				<lb />
				Ms. Sona Babbar
				<lb />
			</respondent_lawyers>
			<extra>
				, Advocates for respondents in
				<lb />
				W.P.(C)7495/2014, 5994/2016 &amp; 9661/2016.
				<lb />
			</extra>
			<respondent_lawyers>
				Ms. Meera Bhatia
				<lb />
			</respondent_lawyers>
			<extra>
				, Advocate for UOI in all matters.
				<lb />
			</extra>
			<extra>
				CORAM:
				<lb />
			</extra>
			<judges>
				HON&apos;BLE MR. JUSTICE S.RAVINDRA BHAT
				<lb />
				HON&apos;BLE MS. JUSTICE DEEPA SHARMA
				<lb />
			</judges>
		</front>
	</text>
</tei>
