<?xml version="1.0"?>
<tei xml:space="preserve">
	<teiHeader>
		<fileDesc xml:id="O.M.P. (COMM)-178-2021" />
	</teiHeader>
	<text xml:lang="en">
		<front>
			<court>
				HIGH COURT OF DELHI AT NEW DELHI
				<lb />
			</court>
			<extra>
				IN THE
			</extra>
			<extra>
				%
				<lb />
			</extra>
			<document_type>
				Judgment
			</document_type>
			<extra>
				delivered on:
			</extra>
			<judgement_date>
				28.02.2022
				<lb />
			</judgement_date>
			<case_numbers>
				O.M.P.(COMM) 178/2021
				<lb />
			</case_numbers>
			<petitioner>
				MUMBAI INTERNATIONAL
				<lb />
				AIRPORT LIMITED
				<lb />
			</petitioner>
			<extra>
				.....
				petitioner
			</extra>
			<extra>
				versus
				<lb />
			</extra>
			<respondent>
				AIRPORTS AUTHORITY OF INDIA
				<lb />
			</respondent>
			<extra>
				.....
				Respondent
				<lb />
			</extra>
			<extra>
				Advocates who appeared in this case:
				<lb />
			</extra>
			<extra>
				For the petitioner
				<lb />
				:
			</extra>
			<petitioner_lawyers>
				Mr. P. Chidambaram
			</petitioner_lawyers>
			<extra>
				, Senior Advocate
				<lb />
				with
			</extra>
			<petitioner_lawyers>
				Ms Kanika Singh &amp; Mr Shailendra
				<lb />
				Slaria
				<lb />
			</petitioner_lawyers>
			<extra>
				, Advocates.
				<lb />
			</extra>
			<respondent_lawyers>
				For the Respondent :
				<lb />
			</respondent_lawyers>
			<respondent_lawyers>
				Mr Raghav Shankar, Mr Karan Lahiri, Ms
				<lb />
				Arshiya Sharda, Mr Prateek Arora and Ms
				<lb />
				Dristhi Rajain
				<lb />
			</respondent_lawyers>
			<extra>
				, Advocates.
			</extra>
			<extra>
				CORAM
				<lb />
			</extra>
			<judges>
				HON&apos;BLE MR JUSTICE VIBHU BAKHRU
				<lb />
			</judges>
			<document_type>
				JUDGMENT
				<lb />
			</document_type>
		</front>
	</text>
</tei>
