<?xml version="1.0"?>
<tei xml:space="preserve">
	<teiHeader>
		<fileDesc xml:id="PNJ12092012FAOOS4292012" />
	</teiHeader>
	<text xml:lang="en">
		<front>
			<extra>
				IN THE
			</extra>
			<court>
				HIGH COURT OF DELHI AT NEW DELHI
				<lb />
			</court>
			<document_type>
				Judgment
			</document_type>
			<extra>
				Reserved on:
				
				September 06, 2012
				<lb />
			</extra>
			<document_type>
				Judgment
			</document_type>
			<extra>
				Pronounced on:
			</extra>
			<judgement_date>
				September 12, 2012
				<lb />
			</judgement_date>
			<petitioner>
				BHARAT HEAVY ELECTRICALS LTD.
				<lb />
			</petitioner>
			<extra>
				.....
				Appellant
				<lb />
			</extra>
			<extra>
				Represented by:
				<lb />
			</extra>
			<petitioner_lawyers>
				Mr.A.S.Chandhiok
				<lb />
			</petitioner_lawyers>
			<extra>
				, Sr.Adv.,
			</extra>
			<petitioner_lawyers>
				Mr.Sandeep Sethi
			</petitioner_lawyers>
			<extra>
				, Sr.Adv. instructed by
				<lb />
			</extra>
			<petitioner_lawyers>
				Mr.Kamaljeet Singh, Mr.Bhagat Singh, Mr.Vidit
				<lb />
				Gupta, Ms.Harleen Singh, Mr.Akshay Palavi,
				<lb />
				Mr.Prashant Mehta
			</petitioner_lawyers>
			<extra>
				, Advs.
			</extra>
			<respondent>
				MASS GLOBAL INVESTMENT CO &amp; ORS
				<lb />
			</respondent>
			<extra>
				.....
				Respondents
				<lb />
			</extra>
			<extra>
				Represented by:
				<lb />
			</extra>
			<respondent_lawyers>
				Mr.C.A.Sundaram
			</respondent_lawyers>
			<extra>
				, Sr.Adv.,
				<lb />
			</extra>
			<respondent_lawyers>
				Mr.Neeraj Kishan Kaul
				<lb />
			</respondent_lawyers>
			<extra>
				, Sr.Adv. instructed by
				<lb />
			</extra>
			<respondent_lawyers>
				Ms.Divya Kapur, Ms.Manjira Dasgupta
				<lb />
			</respondent_lawyers>
			<extra>
				, Adv. for
				<lb />
				respondent No.1.
				<lb />
			</extra>
			<respondent_lawyers>
				Mr.S.L.Gupta
				<lb />
			</respondent_lawyers>
			<extra>
				, Adv. for State Bank of India.
				<lb />
			</extra>
			<extra>
				AND
				<lb />
			</extra>
			<petitioner>
				BHARAT HEAVY ELECTRICALS LTD.
				<lb />
			</petitioner>
			<extra>
				.....
				Appellant
				<lb />
			</extra>
			<extra>
				Represented by:
				<lb />
			</extra>
			<petitioner_lawyers>
				Mr.A.S.Chandhiok
				<lb />
			</petitioner_lawyers>
			<extra>
				, Sr.Adv.,
			</extra>
			<petitioner_lawyers>
				Mr.Sandeep Sethi
			</petitioner_lawyers>
			<extra>
				, Sr.Adv. instructed by
				<lb />
			</extra>
			<petitioner_lawyers>
				Mr.Kamaljeet Singh, Mr.Bhagat Singh, Mr.Vidit
				<lb />
				Gupta, Ms.Harleen Singh, Mr.Akshay Palavi,
				<lb />
				Mr.Prashant Mehta, Advs.
			</petitioner_lawyers>
			<respondent>
				MASS GLOBAL INVESTMENT CO &amp; ORS
				<lb />
			</respondent>
			<extra>
				.....
				Respondents
				<lb />
			</extra>
			<extra>
				Represented by:
				<lb />
			</extra>
			<respondent_lawyers>
				Mr.C.A.Sundaram
			</respondent_lawyers>
			<extra>
				, Sr.Adv.,
				<lb />
			</extra>
			<respondent_lawyers>
				Mr.Neeraj Kishan Kaul
			</respondent_lawyers>
			<extra>
				, Sr.Adv. instructed by
				<lb />
			</extra>
			<respondent_lawyers>
				Ms.Divya Kapur, Ms.Manjira Dasgupta
				<lb />
			</respondent_lawyers>
			<extra>
				, Adv. for
				<lb />
				respondent No.1.
			</extra>
			<respondent_lawyers>
				Mr.S.L.Gupta
				<lb />
			</respondent_lawyers>
			<extra>
				, Adv. for State Bank of India.
				<lb />
			</extra>
			<extra>
				CORAM:
				<lb />
			</extra>
			<judges>
				HON&apos;BLE MR. JUSTICE PRADEEP NANDRAJOG
				<lb />
				HON&apos;BLE MS. JUSTICE MANMOHAN SINGH
				<lb />
			</judges>
		</front>
	</text>
</tei>
