<?xml version="1.0"?>
<tei xml:space="preserve">
	<teiHeader>
		<fileDesc xml:id="RAS16092011CW54382011" />
	</teiHeader>
	<text xml:lang="en">
		<front>
			<extra>
				THE
			</extra>
			<court>
				HIGH COURT OF DELHI AT NEW DELHI
				<lb />
			</court>
			<document_type>
				Judgment
			</document_type>
			<extra>
				delivered on:
			</extra>
			<judgement_date>
				16.09.2011
				<lb />
			</judgement_date>
			<petitioner>
				BHUPEN ELECTRONICS LTD.
				<lb />
			</petitioner>
			<extra>
				......
				petitioner
				<lb />
			</extra>
			<extra>
				Vs
				<lb />
			</extra>
			<respondent>
				APPELLATE AUTHORITY FOR INDUSTRIAL AND
				<lb />
				FINANCIAL RECONSTRUCTION &amp; ORS.
				<lb />
			</respondent>
			<extra>
				....
				RESPONDENTS
				<lb />
			</extra>
			<extra>
				Advocates who appeared in this case:
				<lb />
			</extra>
			<extra>
				For the petitioner :
				<lb />
			</extra>
			<petitioner_lawyers>
				Ms.Pooja Verma
				<lb />
			</petitioner_lawyers>
			<extra>
				For the Respondent:
				<lb />
			</extra>
			<respondent_lawyers>
				Mr. Sachin Datta and Ms. Gayatri Verma
				<lb />
			</respondent_lawyers>
			<extra>
				CORAM:
				<lb />
			</extra>
			<judges>
				HON&apos;BLE MR. JUSTICE SANJAY KISHAN KAUL
				<lb />
				HON&apos;BLE MS. JUSTICE RAJIV SHAKDHER
				<lb />
			</judges>
		</front>
	</text>
</tei>
