<?xml version="1.0"?>
<tei xml:space="preserve">
	<teiHeader>
		<fileDesc xml:id="SDS01052017CW81442016" />
	</teiHeader>
	<text xml:lang="en">
		<front>
			<extra>
				IN THE
			</extra>
			<court>
				HIGH COURT OF DELHI AT NEW DELHI
				<lb />
			</court>
			<petitioner>
				BANSI DHAR AGARWAL
				<lb />
			</petitioner>
			<extra>
				.....
				petitioner
				<lb />
			</extra>
			<extra>
				Through:
			</extra>
			<petitioner_lawyers>
				Mr. Varun Kumar
			</petitioner_lawyers>
			<extra>
				, Advocate.
			</extra>
			<extra>
				Versus
				<lb />
			</extra>
			<respondent>
				REGISTRAR COOPERATIVE SOCIETIES &amp; ANR.
				<lb />
			</respondent>
			<extra>
				....
				Respondents
				<lb />
			</extra>
			<extra>
				Through:
				<lb />
			</extra>
			<respondent_lawyers>
				Mr. Rishi Kumar and Ms. Neha Rastogi,
				<lb />
			</respondent_lawyers>
			<extra>
				Advocates for respondent No. 1.
				<lb />
			</extra>
			<respondent_lawyers>
				Mr. Vivek Kumar Tandon
				<lb />
			</respondent_lawyers>
			<extra>
				, Advocate for
				<lb />
				respondent No. 2.
			</extra>
			<extra>
				CORAM:
				<lb />
			</extra>
			<judges>
				HON&apos;BLE MS. JUSTICE HIMA KOHLI
				<lb />
				HON&apos;BLE MS. JUSTICE SANGITA DHINGRA SEHGAL
				<lb />
			</judges>
			<document_type>
				O R D E R
				<lb />
			</document_type>
			<judgement_date>
				01.05.2017
			</judgement_date>
		</front>
	</text>
</tei>
