<?xml version="1.0"?>
<tei xml:space="preserve">
	<teiHeader>
		<fileDesc xml:id="SRB22042019LPA3592017" />
	</teiHeader>
	<text xml:lang="en">
		<front>
			<extra>
				IN THE
			</extra>
			<court>
				HIGH COURT OF DELHI AT NEW DELHI
				<lb />
			</court>
			<extra>
				Reserved on:
			</extra>
			<judgement_date>
				12.10.2018
				<lb />
			</judgement_date>
			<extra>
				Pronounced on:
			</extra>
			<judgement_date>
				22.04.2019
				<lb />
			</judgement_date>
			<petitioner>
				BAYER CORPORATION
				<lb />
			</petitioner>
			<extra>
				.....
				Appellant
				<lb />
			</extra>
			<extra>
				Through:
				<lb />
			</extra>
			<petitioner_lawyers>
				Mr. Sudhir Chandra
			</petitioner_lawyers>
			<extra>
				, Sr. Adv. with
			</extra>
			<petitioner_lawyers>
				Mr.
				<lb />
				Sanjay Kumar, Ms. Arpita Sawhney and Mr. Arun
				<lb />
				Kumar Jana
			</petitioner_lawyers>
			<extra>
				, Advs.
			</extra>
			<extra>
				Versus
				<lb />
			</extra>
			<respondent>
				UNION OF INDIA &amp; ORS
				<lb />
			</respondent>
			<extra>
				.....
				Respondents
				<lb />
			</extra>
			<extra>
				Through:
				<lb />
			</extra>
			<respondent_lawyers>
				Mr. Ripu Daman Bhardwaj
			</respondent_lawyers>
			<extra>
				, CGSC with
				<lb />
			</extra>
			<respondent_lawyers>
				Mr. T.P. Singh and Mr. Shashwat Jain
			</respondent_lawyers>
			<extra>
				, Advs. for
				<lb />
				R-1 &amp; 6.
				<lb />
			</extra>
			<respondent_lawyers>
				Ms. Rajeshwari
			</respondent_lawyers>
			<extra>
				, Adv. for R-2 &amp; 5.
				<lb />
			</extra>
			<respondent_lawyers>
				Ms. Saya Choudhary Kapur, Mr. Vivek Ranjan
				<lb />
				and Mr. Devanshu Khanna
				<lb />
			</respondent_lawyers>
			<extra>
				, Advocates for
				<lb />
				Interveners.
				<lb />
			</extra>
			<petitioner>
				BAYER INTELLECTUAL PROPERTY GMBH &amp; ANR
				<lb />
			</petitioner>
			<extra>
				.....
				Appellants
				<lb />
			</extra>
			<extra>
				Through:
				<lb />
			</extra>
			<petitioner_lawyers>
				Mr. Guru Krishna Kumar
			</petitioner_lawyers>
			<extra>
				, Sr. Advocate
				<lb />
				with
			</extra>
			<petitioner_lawyers>
				Mr. Pravin Anand, Mr. Nishchal Anand and
				<lb />
				Mr. Sanchith Shivakumar
			</petitioner_lawyers>
			<extra>
				, Advs.
			</extra>
			<extra>
				Versus
				<lb />
			</extra>
			<respondent>
				ALEMBIC PHARMACEUTICALS LTD.
				<lb />
			</respondent>
			<extra>
				.....
				Respondent
				<lb />
			</extra>
			<extra>
				Through:
			</extra>
			<respondent_lawyers>
				Ms. Saya Choudhary Kapur, Mr. Vivek
				<lb />
				Ranjan and Mr. Devanshu Khanna
				<lb />
			</respondent_lawyers>
			<extra>
				, Advs.
			</extra>
			<extra>
				CORAM:
				<lb />
			</extra>
			<judges>
				HON&apos;BLE MR. JUSTICE S.RAVINDRA BHAT
				<lb />
				HON&apos;BLE MS. JUSTICE SANJEEV SACHDEVA
				<lb />
			</judges>
		</front>
	</text>
</tei>
