<?xml version="1.0"?>
<tei xml:space="preserve">
	<teiHeader>
		<fileDesc xml:id="SVN01072019OMPICOMM962019" />
	</teiHeader>
	<text xml:lang="en">
		<front>
			<extra>
				IN THE
			</extra>
			<court>
				HIGH COURT OF DELHI AT NEW DELHI
				<lb />
			</court>
			<extra>
				Reserved on:
				
				28 th May 2019
				<lb />
			</extra>
			<extra>
				Pronounced on:
			</extra>
			<judgement_date>
				1 st July 2019
				<lb />
			</judgement_date>
			<petitioner>
				GVK AIRPORT HOLDINGS LIMITED
				<lb />
			</petitioner>
			<extra>
				.....
				petitioner
				<lb />
			</extra>
			<extra>
				Through:
				<lb />
			</extra>
			<petitioner_lawyers>
				Mr. Rajiv Nayar, Senior Advocate
				<lb />
				with Mr. Kartik Nayar, Advocate, Mr.
				<lb />
				Sarthak Malhotra and Mr. Rishab
				<lb />
				Kumar
			</petitioner_lawyers>
			<extra>
				, Advocate.
			</extra>
			<extra>
				Versus
				<lb />
			</extra>
			<respondent>
				BID SERVICES DIVISION (MAURITIUS) LIMITED &amp; ORS.
				<lb />
			</respondent>
			<extra>
				.....
				Respondents
				<lb />
			</extra>
			<extra>
				Through:
				<lb />
			</extra>
			<respondent_lawyers>
				Mr. Amit Sibal
			</respondent_lawyers>
			<extra>
				, Senior Advocate with
				<lb />
			</extra>
			<respondent_lawyers>
				Mr. Saurabh Kirpal, Ms. Roopali
				<lb />
				Singh, Mr. Arvind Ramesh, Mr.
				<lb />
				Aditya Chatterjee and Mr. Mugeet
				<lb />
				Drabu
			</respondent_lawyers>
			<extra>
				, Advocates for Respondent No.
				<lb />
				1.
			</extra>
			<respondent_lawyers>
				<lb />
				Mr. Sujoy Dattar
			</respondent_lawyers>
			<extra>
				, Advocate for
				<lb />
				Respondent No.2.
				<lb />
			</extra>
			<respondent_lawyers>
				Mr. AbinavVasisht
				<lb />
			</respondent_lawyers>
			<extra>
				, Senior Advocate
				<lb />
				with
			</extra>
			<respondent_lawyers>
				Mr. Digvijay Rai and Ms. Priya
				<lb />
				Singh
			</respondent_lawyers>
			<extra>
				, Advocate for Respondent No.
				<lb />
				3.
				<lb />
			</extra>
			<extra>
				CORAM:
			</extra>
			<judges>
				JUSTICE SANJEEV NARULA
				<lb />
			</judges>
			<document_type>
				JUDGMENT
				<lb />
			</document_type>
		</front>
	</text>
</tei>
