<?xml version="1.0" ?>
<tei xml:space="preserve">
	<teiHeader>
		<fileDesc xml:id="0"/>
	</teiHeader>
	<text xml:lang="en">
			<front>IN THE HIGH COURT OF KARNATAKA AT BENGALURU <lb/>
			DATED THIS THE 12 TH DAY OF AUGUST, 2022 <lb/>
			
			BEFORE <lb/>
			
			THE HON&apos;BLE MR. JUSTICE E.S.INDIRESH <lb/>
			
			CIVIL PETITION NO.80/2022 <lb/>
			
			BETWEEN <lb/>
			
			SMT.LAKSHMI.P <lb/>
			W/O MADHU.S. <lb/>
			D/O LATE H.PRABHAKAR <lb/>
			AGED ABOUT 31 YEARS <lb/>
			R/AT HUKKUNDA VILLAGE <lb/>
			ANTHARAGANGE POST <lb/>
			BHADRAVATHI TALUK <lb/>
			SHIVAMOGGA DISTRICT-477501. <lb/>
			
			...PETITIONER <lb/>
			
			(BY SRI.PRAKASH.K.V., ADVOCATE) <lb/>
			
			AND <lb/>
			
			SRI.MADHU.S. <lb/>
			S/O SHANKARAPPA <lb/>
			AGED ABOUT 39 YEARS <lb/>
			R/AT NO.95/1, 3 RD MAIN <lb/>
			MUNESHWARALAYOUT <lb/>
			CHANNANAYAKANAPALYA <lb/>
			NEAR CHAMUNDESHWARI TEMPLE <lb/>
			BANGALORE-560073. <lb/>
			
			….RESPONDENT <lb/>
			
			(BY SRIVASANTHAPPA, ADVOCATE) <lb/>
			
			THIS PETITION IS FILED UNDER SECTION 24 OF CPC, PRAYING <lb/>
			TO TRANSFER THE M.C.NO.4092/2020 WHICH IS PENDIG BEFORE THE <lb/>
			2 ND ADDITIONAL PRL. JUDGE, FAMILY COURT AT BENGALURU TO PRL. <lb/>
			CIVIL JUDGE [SENIOR DIVISION] AT BHADRAVATHI &amp; ETC., <lb/></front>

			<page>2 <lb/></page>

			<body>THIS PETITION COMING ON FOR ADMISSION THIS DAY, THE <lb/>
			COURT MADE THE FOLLOWING: <lb/>
			
			ORDER <lb/>
			
			This Civil Petition is filed by the petitioner under Section 24 <lb/>
			of CPC seeking to transfer M.C.No.4092/2020 pending <lb/>
			consideration before the Second Additional Principal Family Court <lb/>
			at Bengaluru to the Principal Civil Judge [Senior Division] at <lb/>
			Bhadravathi. <lb/>
			
			2. Heard the learned counsel appearing for the parties. <lb/>
			
			3. It is submitted in the petition that respondent herein <lb/>
			has filed M.C.No.4092/2020 seeking dissolution of marriage and <lb/>
			the same is pending consideration before the Family Court at <lb/>
			Bengaluru. At paragraph 7 of the petition, the petitioner has <lb/>
			narrated her difficulty in attending the proceedings. <lb/>
			
			4. Taking into consideration the averments made in the <lb/>
			petition, I am of the view that in order to make convenient for <lb/>
			the petitioner to attend the proceedings without any hindrance, <lb/>
			M.C.No.4092/2020 which is pending consideration before the II <lb/></body>

			<page>3 <lb/></page>

			<body>Additional Principal Judge, Family Court at Bengaluru be <lb/>
			withdrawn and transferred to the Principal Civil Judge [Senior <lb/>
			Division] at Bhadravathi forthwith. <lb/>
			
			Accordingly, the petition is allowed. <lb/>
			
			Sd/-<lb/>
			JUDGE <lb/>
			NC<lb/> </body>


	</text>
</tei>
