<?xml version="1.0" ?>
<tei xml:space="preserve">
	<teiHeader>
		<fileDesc xml:id="0"/>
	</teiHeader>
	<text xml:lang="en">
			<front>IN THE HIGH COURT OF KARNATAKA AT BENGALURU <lb/>
			DATED THIS THE 12 TH DAY OF AUGUST, 2022 <lb/>
			
			BEFORE <lb/>
			
			THE HON&apos;BLE MR. JUSTICE E.S.INDIRESH <lb/>
			
			CIVIL PETITION NO.94/2022 <lb/>
			
			BETWEEN <lb/>
			
			SMT.SHRUTHI S. BHAT <lb/>
			W/O. SANTOSH B. SUDHAKAR <lb/>
			D/O SURYA PRAKASH BHAT <lb/>
			AGED 32 YEARS <lb/>
			R/AT NO.2-19-1585/7, <lb/>
			SURYASHREE, 1 ST CROSS <lb/>
			CHILIMBI HILLS, BEJAI <lb/>
			MANGALORE-575004. <lb/>
			
			...PETITIONER <lb/>
			
			(BY SRI.VINAY.N, ADVOCATE FOR SRI.MANMOHAN.P.N., ADVOCATE) <lb/>
			
			AND <lb/>
			
			MR.SANTOSH B. SUDHAKAR <lb/>
			S/O B.SUDHAKAR <lb/>
			AGED ABOUT 36 YEARS <lb/>
			R/AT NO.6, 4 TH CROSS <lb/>
			PARALLEL ROAD TO BIG BAZAAR <lb/>
			MALLESHWARAM <lb/>
			BENGALURU-560003. <lb/>
			
			….RESPONDENT <lb/>
			
			(BY SRI NEHRU.M.N., ADVOCATE) <lb/>
			
			THIS PETITION IS FILED UNDER SECTION 24 OF CPC, PRAYING <lb/>
			TO TRANSFER THE MC NO.6537/2021 PENDING BEFORE THE VI <lb/>
			ADDITIONAL PRINCIPAL JUDGE, FAMILY COURT, BENGALURU, <lb/>
			BENGALURU NORTH TO THE FAMILY COURT AT MANGALURU, IN THE <lb/>
			INTEREST OF JUSTICE AND EQUITY. <lb/></front>

			<page>2 <lb/></page>

			<body>THIS PETITION COMING ON FOR ADMISSION THIS DAY, THE <lb/>
			COURT MADE THE FOLLOWING: <lb/>
			
			ORDER <lb/>
			
			This petition is filed under Section 24 of CPC seeking <lb/>
			transfer of M.C.No.6537/2021 pending consideration before the <lb/>
			VI Additional, Principal Judge, Family Court, Bengaluru to the <lb/>
			Family Court at Mangaluru. <lb/>
			
			2. Heard the learned counsel appearing for the parties. <lb/>
			
			3. It is submitted that the petitioner herein is residing <lb/>
			at Bengaluru and having two minor children. Taking into <lb/>
			consideration the interest of the petitioner as well as the children <lb/>
			and following the law declared by the Hon&apos;ble Apex Court in <lb/>
			(2001) 10 SCC 41 in the case of SUMITA SINGH v/s KUMAR <lb/>
			SANJAY AND ANOTHER, I am of the view that, if the petition is <lb/>
			not allowed, great hardship would be caused to the petitioner as <lb/>
			she has to take care of her two minor children. <lb/>
			
			4. In that view of the matter, I am of the opinion that <lb/>
			petition deserves to be allowed by transferring <lb/></body>

			<page>3 <lb/></page>

			<body>M.C.No.6537/2021 pending consideration before the VI <lb/>
			Additional, Principal Judge, Family Court, Bengaluru to the <lb/>
			Competent Family Court at Mangaluru. <lb/>
			
			Accordingly, the petition is allowed. <lb/>
			
			Sd/-<lb/>
			JUDGE <lb/>
			
			NC<lb/> </body>


	</text>
</tei>
