<?xml version="1.0" ?>
<tei xml:space="preserve">
	<teiHeader>
		<fileDesc xml:id="0"/>
	</teiHeader>
	<text xml:lang="en">
			<front>IN THE HIGH COURT OF KARNATAKA AT <lb/>
			BENGALURU <lb/>
			DATED THIS THE 12 TH DAY OF AUGUST 2022 <lb/>
			BEFORE <lb/>
			THE HON&apos;BLE MR. JUSTICE B. M. SHYAM PRASAD <lb/>
			CIVIL MISCELLANEOUS PETITION NO.365/2021 <lb/>
			BETWEEN : <lb/>
			MRS PREM LATA MENON <lb/>
			WIFE OF MR SATISH MENON <lb/>
			PARTNER COUNSEPRO <lb/>
			NO.31 C AND D POLARIS <lb/>
			ACQUILA HEIGHTS, <lb/>
			HMT MAIN ROAD, <lb/>
			JALAHALLI <lb/>
			BANGALORE -560 013 <lb/>
			REPRESENTED BY HER CONSTITUTED <lb/>
			ATTORNEY MR SATISH MENON <lb/>
			AGED ABOUT 63 YEARS. <lb/>
			
			... PETITIONER <lb/>
			
			(By MRS. YOVINI RAJESH ROHRA., ADVOCATE) <lb/>
			
			AND : <lb/>
			MR. BIJU VARGHESE <lb/>
			SON OF MR GEORGE M V <lb/>
			PARTNER COUNSEPRO <lb/>
			NO.27, FERNS MEADOWS <lb/>
			AVALAHALLI MAIN ROAD <lb/>
			BILISHIVALE <lb/>
			BANGALORE-560 077. <lb/>
			
			... RESPONDENT <lb/>
			
			(By MRS.B.V. NIDHISHREE, ADVOCATE) <lb/></front>

			<page>2 <lb/></page>

			<front>THIS CIVIL MISCELLANEOUS PETITION IS FILED <lb/>
			UNDER SEC.11(5) AND (6) OF THE ARBITRATION AND <lb/>
			CONCILIATION ACT 1996, PRAYING TO APPOINT A SOLE <lb/>
			ARBITRATOR IN TERMS OF PARA 21 OF PARTNERSHIP <lb/>
			DEED DATED 21 ST AUGUST 2015 (ANNEXURE-B) AS <lb/>
			APPOINTED BY ARBITRATION AND CONCILIATION <lb/>
			CENTRE-BANGALORE (DOMESTIC AND INTERNATIONAL) <lb/>
			3 RD FLOOR, EAST WING, KHANIJA BHAVAN, RACE <lb/>
			COURSE ROAD, BENGALURU -560 001 AND GOVERNED <lb/>
			BY THE ARBITRATION AND CONCILIATION CENTRE <lb/>
			RULES, 2012, OR APPOINT ANY OTHER SOLE ARBITRATOR <lb/>
			AS THIS COURT MAY DEEM FIT, CONSEQUENTLY REFER <lb/>
			THE DISPUTES RAISED BY THE PETITIONER TO SOLE <lb/>
			ARBITRATOR. <lb/>
			
			THIS PETITION COMING ON FOR ADMISSION, THIS <lb/>
			DAY, THE COURT MADE THE FOLLOWING: <lb/>
			
			O R D E R <lb/></front>

			<body>A partner of a registered firm, &apos;CounsePro&apos;, has <lb/>
			filed this petition under Section 11 of the Arbitration <lb/>
			and Conciliation Act, 1996 for appointment of a sole <lb/>
			Arbitrator to enter reference of the dispute and to <lb/>
			conduct the proceedings at the Arbitration and <lb/>
			Conciliation Centre (Domestic and International), <lb/>
			Bengaluru. <lb/></body>

			<page>3 <lb/></page>

			<body>2. It appears from the records that there is no <lb/>
			dispute as regards the constitution of the firm and <lb/>
			exchange of notices for appointment of a sole Arbitrator <lb/>
			with the petitioner calling upon the respondent to <lb/>
			suggest the name of the sole Arbitrator and the <lb/>
			respondent suggesting the name of a former Judge of <lb/>
			this Court. The dispute is because the petitioner has <lb/>
			communicated her unwillingness to agree to such <lb/>
			nomination. Thus, the question for consideration is who <lb/>
			should be appointed as the sole Arbitrator. <lb/>
			
			3. Ms. B.V. Nidhishree, the learned counsel for <lb/>
			the respondent, submits that the petitioner has not filed <lb/>
			the original of the partnership Deed or certified copy <lb/>
			thereof as required under the provisions of the <lb/>
			Arbitration and Conciliation Act 1996, and she draws <lb/>
			the attention of this Court to paragraph-4 to state that <lb/>
			the Partnership Deed is registered. The learned counsel <lb/>
			also submits that the petitioner contends that the <lb/></body>

			<page>4 <lb/></page>

			<body>original of the Partnership Deed is with the respondent, <lb/>
			but the respondent does not have the custody of this <lb/>
			deed. <lb/>
			
			4. Significantly, the parties do not dispute the <lb/>
			agreement of arbitration. If both the petitioner and the <lb/>
			respondent deny custody of the original deed but <lb/>
			without disputing the deed, the arbitration proceedings, <lb/>
			which must be time sensitive, cannot be tarried. If the <lb/>
			deed is registered, a copy could also be placed on record <lb/>
			by either of them in the arbitral proceedings. The <lb/>
			parties have already suggested the name of a former <lb/>
			Judge of this Court as the sole Arbitrator but there is no <lb/>
			consensus. This Court is of the considered view that <lb/>
			Hon&apos;ble Sri. Justice P. Krishna Bhat, a former Judge of <lb/>
			this Court must be appointed as the sole Arbitrator. <lb/>
			Therefore, the following: <lb/>
			
			ORDER <lb/>
			
			[a] The petition is allowed; <lb/></body>

			<page>5 <lb/></page>

			<body>[b] Sri. P. Krishna Bhat, a Former Judge <lb/>
			of this Court, Address: No.234, 4 th Cross, 4 th <lb/>
			Main, I Block, Koramangala, Bengaluru -<lb/>
			560 034, is appointed as the sole Arbitrator <lb/>
			to enter reference of the dispute between the <lb/>
			petitioner and the respondents and conduct <lb/>
			the proceeding at the Arbitration and <lb/>
			Conciliation Centre (Domestic and <lb/>
			International), Bengaluru according to the <lb/>
			Rules governing the Arbitration and <lb/>
			Conciliation Centre (Domestic and <lb/>
			International), Bengaluru; <lb/>
			
			[c] The Registry is directed to <lb/>
			communicate this order to the Arbitration <lb/>
			and Conciliation Centre (Domestic and <lb/>
			International), Bengaluru, and Sri. P. <lb/>
			Krishna Bhat, a Former Judge of this Court, <lb/>
			Address: No.234, 4 th Cross, 4 th Main, I <lb/></body>

			<page>6 <lb/></page>

			<body>Block, Koramangala, Bengaluru -560 034, <lb/>
			as required under the Appointment of <lb/>
			Arbitrators by the Chief Justice of Karnataka <lb/>
			High Court Scheme, 1996. <lb/>
			
			Sd/-<lb/>
			JUDGE <lb/>

			AN/-<lb/></body>


	</text>
</tei>
