<?xml version="1.0" ?>
<tei xml:space="preserve">
	<teiHeader>
		<fileDesc xml:id="0"/>
	</teiHeader>
	<text xml:lang="en">
			<front>IN THE HIGH COURT OF KARNATAKA AT BENGALURU <lb/>
			DATED THIS THE 12 TH DAY OF AUGUST, 2022 <lb/>
			
			BEFORE <lb/>
			
			THE HON&apos;BLE MR. JUSTICE E.S.INDIRESH <lb/>
			
			CIVIL PETITION NO.139/2022 <lb/>
			
			BETWEEN <lb/>
			
			SMT. R JAYASHREE <lb/>
			W/O G GANESH <lb/>
			AGED ABOUT 33 YEARS <lb/>
			R/AT NO. FLAT NO.106 <lb/>
			2 ND FLOOR, SHRIVENNS <lb/>
			GOKULAM APARTMENTS <lb/>
			HAGADUR VILLAGE <lb/>
			BANGALURU-560 066. <lb/>
			
			...PETITIONER <lb/>
			
			(BY SMT. MAMATA D.N., ADVOCATE) <lb/>
			
			AND <lb/>
			
			MR. G GANESH <lb/>
			S/O R GOPALASUBRAMANIAN <lb/>
			AGED ABOUT 37 YEARS <lb/>
			R/AT NO.F002, GROUND FLOOR <lb/>
			PRIDE PRISTINE APARTMENTS <lb/>
			VASUNDHARA LAYOUT <lb/>
			ANANTH NAGAR PHASE III <lb/>
			ATTIBELE HOBLI, KAMMASANDRA <lb/>
			ELECTRONIC CITY <lb/>
			BANGALORE-560100. <lb/>
			
			….RESPONDENT <lb/>
			
			(BY SRI SUNIL S. CHOUDHARI, ADVOCATE) <lb/>
			
			THIS PETITION IS FILED UNDER SECTION 24 OF CPC, PRAYING <lb/>
			TO ORDER FOR WITHDRAWAL OF THE M.C.NO.5034/2019 PENDING <lb/>
			ON THE FILE OF THE III ADDL. DISTRICT AND SESSIONS JUDGE, <lb/></front>
			
			<page>2 <lb/></page>
			
			<front>ANEKAL AND TO TRANSFER THE SAME TO VI ADDL. SENIOR CIVIL <lb/>
			JUDGE, BENGALURU RURAL AT BENGALURU AND FURTHER GRANT <lb/>
			ANY RELIEF/S THAT THIS COURT DEEMS FIT IN THE CIRCUMSTANCES <lb/>
			OF THE CASE IN THE INTEREST OF JUSTICE AND EQUITY. <lb/>
			THIS PETITION COMING ON FOR ADMISSION THIS DAY, THE <lb/>
			COURT MADE THE FOLLOWING: <lb/>
			
			ORDER <lb/></front>

			<body>This petition is filed by the petitioner under Section 24 of <lb/>
			CPC seeking transfer of M.C.No.5034/2019 	pending <lb/>
			consideration before the III Additional District and Sessions <lb/>
			Judge, Anekal to the VI Additional Senior Civil Judge, Bengaluru <lb/>
			Rural Court at Bengaluru. <lb/>
			
			2. Heard the learned counsel appearing for the parties. <lb/>
			
			3. It is submitted that the respondent herein is also <lb/>
			working at Bengaluru and the petitioner herein has filed petition <lb/>
			under Section 9 of the Hindu Marriage Act for restitution of <lb/>
			conjugal rights in M.C.No.574/2021 and the same is pending <lb/>
			consideration before the Competent Court at Bengaluru Rural. <lb/>
			
			4. Taking into consideration the reasons assigned in the <lb/>
			Civil Petition, I am of the view that M.C.No.5034/2019 filed by <lb/></body>

			<page>3 <lb/></page>

			<body>the respondent at III Additional District and Sessions Judge, <lb/>
			Anekal be withdrawn and transferred to the Competent Court <lb/>
			particularly, VI Additional Senior Civil Judge, Bengaluru Rural <lb/>
			Court at Bengaluru for final disposal. <lb/>
			
			Accordingly, petition is allowed. <lb/>
			
			Sd/-<lb/>
			JUDGE <lb/>
			
			NC<lb/> </body>


	</text>
</tei>
