<?xml version="1.0" ?>
<tei xml:space="preserve">
	<teiHeader>
		<fileDesc xml:id="0"/>
	</teiHeader>
	<text xml:lang="en">
			<front>Item No. 36 <lb/>
			IN THE HIGH COURT OF MANIPUR <lb/>
			AT IMPHAL <lb/>
			WP(C) No.270 of 2022 <lb/>
			Moirangthem Sushil Singh <lb/>
			…Petitioner/s <lb/>
			-Versus -<lb/>
			State of Manipur and 2 Ors. <lb/>
			…Respondent/s <lb/>
			BEFORE <lb/>
			HON&apos;BLE MR. JUSTICE MV MURALIDARAN <lb/>
			ORDER <lb/>
			12.08.2022 <lb/>
			[1] 
			Heard Mr. N. Bipin, learned counsel for the petitioner and Mr. H. Samarjit, <lb/>
			learned Government Advocate for the respondents. <lb/>
			[2] 
			Since no counter affidavit has been filed, Mr. H. Samarjit, learned <lb/>
			Government Advocate for the respondents seeks time for filing counter affidavit. <lb/>
			[3] 
			Mr. H. Samarjit, learned Government Advocate for the respondents <lb/>
			further represented that a similar matter in WP(C) No.80 of 2021 is posted on <lb/>
			22.08.2022. Therefore, this matter may be posted along with WP(C) No. 80 of <lb/>
			2021 on 22.08.2022. <lb/>
			[4] 
			Therefore, post this matter along with WP(C) No.80 of 2021 on <lb/>
			22.08.2022. <lb/>
			[5] 
			Earlier interim order passed by this Court is extended till then. <lb/>
			Ab. Surjit <lb/>
			JUDGE <lb/>
			ABUJAM <lb/>
			SURJIT <lb/>
			SINGH <lb/>
			</front>

			<note place="headnote">Digitally signed <lb/>
			by ABUJAM <lb/>
			SURJIT SINGH <lb/>
			Date: <lb/>
			2022.08.18 <lb/>
			14:24:59 <lb/>
			+05&apos;30&apos;<lb/> </note>


	</text>
</tei>
