<?xml version="1.0" ?>
<tei xml:space="preserve">
	<teiHeader>
		<fileDesc xml:id="0"/>
	</teiHeader>
	<text xml:lang="en">
			<front>Item No. 40 <lb/>
			IN THE HIGH COURT OF MANIPUR <lb/>
			AT IMPHAL <lb/>
			WP(C) No. 539 of 2021 <lb/>
			Andy Panmei <lb/>
			…Petitioner/s <lb/>
			Vs. <lb/>
			State Bank of India <lb/>
			…Respondent/s <lb/>
			B E F O R E <lb/>
			HON&apos;BLE MR. JUSTICE AHANTHEM BIMOL SINGH <lb/>
			</front>

			<body>12-08-2022 <lb/>
			Mr. S. Niranjan, learned GA appearing for the State <lb/>
			respondents seeks two weeks&apos; time for filing counter affidavit on behalf <lb/>
			of the respondents. <lb/>
			Prayer is allowed. <lb/>
			As prayed for, list this case again on 09-09-2022. <lb/>
			JUDGE <lb/>
			Dhakeshori <lb/></body>
			
			<note place="headnote">LAISHRAM <lb/>
			DHAKESHORI DEVI <lb/>
			Digitally signed by LAISHRAM <lb/>
			DHAKESHORI DEVI <lb/>
			Date: 2022.08.12 15:48:02 <lb/>
			+05&apos;30&apos;<lb/></note> 


	</text>
</tei>
