<?xml version="1.0" ?>
<tei xml:space="preserve">
	<teiHeader>
		<fileDesc xml:id="0"/>
	</teiHeader>
	<text xml:lang="en">
			<front>Item No.49 <lb/>
			IN THE HIGH COURT OF MANIPUR <lb/>
			AT IMPHAL <lb/>
			WP(C)No.295 of 2017 <lb/>
			K. Bishwajit Singh <lb/>
			…Petitioner/s <lb/>
			-Versus -<lb/>
			State of Manipur <lb/>
			…Respondent/s <lb/>
			BEFORE <lb/>
			HON&apos;BLE MR. JUSTICE MV MURALIDARAN <lb/>
			ORDER <lb/>
			12.08.2022 <lb/>
			</front>

			<body>[1] 
			Mr. H. Kenajit, learned counsel appeared on <lb/>
			behalf of Mr. N. Jotendro, learned senior counsel for the <lb/>
			petitioner and Deepak, learned counsel appeared for the <lb/>
			respondent No.2. <lb/>
			[2] 
			When the matter was taken on 11.07.2022, this <lb/>
			Court Master called the names of the respondents No.3 to 15 <lb/>
			in the open Court but none appeared on behalf of them. <lb/>
			Therefore, the respondent Nos. 3 to 15 were set ex-parte and <lb/>
			hence, this Court directed the Registry to delete their names <lb/>
			and the matter was directed to be posted today. <lb/>
			[3] 
			When the matter is taken up today, though this <lb/>
			Court has already directed the Registry to delete the names of <lb/>
			the respondent Nos. 3 to 15, their names are still printed in the <lb/></body>
			
			<note place="headnote">JOHN <lb/>
			TELEN <lb/>
			KOM <lb/>
			Digitally signed <lb/>
			by JOHN TELEN <lb/>
			KOM <lb/>
			Date: <lb/>
			2022.08.18 <lb/>
			13:56:26 <lb/>
			+05&apos;30&apos; <lb/></note>
			
			<body>cause list. <lb/>
			
			[4] 
			Therefore, Registry is directed to delete the <lb/>
			names of the respondent Nos. 3 to 15 in the cause list and post <lb/>
			this matter on 29.09.2022. <lb/>
			JUDGE <lb/>
			John Kom<lb/> </body>


	</text>
</tei>
