<?xml version="1.0" ?>
<tei xml:space="preserve">
	<teiHeader>
		<fileDesc xml:id="0"/>
	</teiHeader>
	<text xml:lang="en">
			<front>Item No. 32 <lb/>
			IN THE HIGH COURT OF MANIPUR <lb/>
			AT IMPHAL <lb/>
			WP(C) No.98 of 2022 <lb/>
			Yumnam Tiken Singh and Anr. <lb/>
			…Petitioner/s <lb/>
			-Versus -<lb/>
			State of Manipur and Anr. <lb/>
			…Respondent/s <lb/>
			BEFORE <lb/>
			HON&apos;BLE MR. JUSTICE MV MURALIDARAN <lb/>
			ORDER <lb/>
			12.08.2022 <lb/>
			[1] 
			Heard Ms. Rebati, learned Jr. counsel to Mr. Kh. Tarunkumar, learned <lb/>
			counsel for the petitioner and Mr. Y. Ashang, learned Government Advocate for <lb/>
			the State respondents. <lb/>
			[2] 
			Since no counter affidavit has been filed, Mr. Y. Ashang, learned <lb/>
			Government Advocate for the respondents seeks time for filing counter affidavit. <lb/>
			[3] 
			Therefore, post this matter on 16.09.2022. <lb/>
			[4] 
			Earlier interim order passed by this Court is extended till then. <lb/>
			Ab. Surjit <lb/>
			JUDGE <lb/>
			ABUJAM <lb/>
			SURJIT <lb/>
			SINGH <lb/>
			</front>

			<note place="footnote">Digitally signed <lb/>
			by ABUJAM <lb/>
			SURJIT SINGH <lb/>
			Date: <lb/>
			2022.08.18 <lb/>
			14:27:28 +05&apos;30&apos;<lb/> </note>


	</text>
</tei>
