<?xml version="1.0" ?>
<tei xml:space="preserve">
	<teiHeader>
		<fileDesc xml:id="0"/>
	</teiHeader>
	<text xml:lang="en">
			<front>Item No. 37 -39 <lb/>
			IN THE HIGH COURT OF MANIPUR <lb/>
			AT IMPHAL <lb/>
			WP(C) No. 508 of 2021 <lb/>
			Chandrakant Rajkumar <lb/>
			…Petitioner/s <lb/>
			Vs. <lb/>
			State of Manipur &amp; 3 ors. <lb/>
			…Respondent/s <lb/>
			With <lb/>
			WP(C) No. 442 of 2021 <lb/>
			WP(C) No. 479 of 2021 <lb/>
			B E F O R E <lb/>
			HON&apos;BLE MR. JUSTICE AHANTHEM BIMOL SINGH <lb/>
			12-08-2022 <lb/>
			</front>

			<body>Mr. H. Debendra, learned GA and Mr. S. Samarjeet, <lb/>
			learned senior penal counsel appearing for the respondents submitted <lb/>
			that an Arbitrator in terms of section 3G(5) of the National Highway Act, <lb/>
			1956 has been appointed and the dispute involved in the present writ <lb/>
			petition can be disposed of since such disputes are to be decided by <lb/>
			the Arbitrator. <lb/>
			Mr. Juno Rahaman, learned counsel and Mr. K. Roshan, <lb/>
			learned counsel appearing for the petitioners seek some time to get <lb/>
			necessary instruction from their clients. <lb/>
			As prayed for, list these cases again on 17-08-2022. <lb/>
			JUDGE <lb/>
			Dhakeshori <lb/></body>
			
			<note place="headnote">LAISHRAM <lb/>
			DHAKESHORI DEVI <lb/>
			Digitally signed by LAISHRAM <lb/>
			DHAKESHORI DEVI <lb/>
			Date: 2022.08.12 15:47:43 <lb/>
			+05&apos;30&apos;<lb/> </note>


	</text>
</tei>
