<?xml version="1.0" ?>
<tei xml:space="preserve">
	<teiHeader>
		<fileDesc xml:id="0"/>
	</teiHeader>
	<text xml:lang="en">
			<front>Item No. 31 <lb/>
			IN THE HIGH COURT OF MANIPUR <lb/>
			AT IMPHAL <lb/>
			WP(C) No.80 of 2022 <lb/>
			L. Rajen Singh <lb/>
			…Petitioner/s <lb/>
			-Versus -<lb/>
			State of Manipur and Anr. <lb/>
			…Respondent/s <lb/>
			BEFORE <lb/>
			HON&apos;BLE MR. JUSTICE MV MURALIDARAN <lb/>
			ORDER <lb/>
			12.08.2022 <lb/>
			[1] 
			Heard Mrs. G. Pushpa, learned counsel for the petitioner and Mrs. Ch. <lb/>
			Sundari, learned Government Advocate for the respondents. <lb/>
			[2] 
			Since no counter affidavit has been filed, Mrs. Ch. Sundari, learned <lb/>
			Government Advocate for the respondents seeks further time for filing counter <lb/>
			affidavit. <lb/>
			[3] 
			Therefore, post this matter on 16.09.2022 finally for filing counter <lb/>
			affidavit. <lb/>
			[4] 
			No further adjournment will be granted under any circumstances. <lb/>
			Ab. Surjit <lb/>
			JUDGE <lb/>
			ABUJAM <lb/>
			SURJIT <lb/>
			SINGH <lb/>
			</front>

			<note place="footnote">Digitally signed <lb/>
			by ABUJAM <lb/>
			SURJIT SINGH <lb/>
			Date: 2022.08.18 <lb/>
			14:25:54 +05&apos;30&apos;<lb/> </note>


	</text>
</tei>
