<?xml version="1.0" ?>
<tei xml:space="preserve">
	<teiHeader>
		<fileDesc xml:id="0"/>
	</teiHeader>
	<text xml:lang="en">
			<front>IN. 5 <lb/>
			IN THE HIGH COURT OF MANIPUR <lb/>
			AT IMPHAL <lb/>
			WP(C) No. 624 of 2022 <lb/>
			Jangpou Dangmei <lb/>
			… Petitioner <lb/>
			Vs. <lb/>
			Union of India &amp; ors. <lb/>
			… Respondents <lb/>
			B E F O R E <lb/>
			HON&apos;BLE MR. JUSTICE AHANTHEM BIMOL SINGH <lb/>
			12-08-2022 <lb/>
			</front>

			<body>Heard Mr. Phungyo Zingkhei, learned counsel appearing for the <lb/>
			petitioner. <lb/>
			Issue notice, returnable within two weeks. <lb/>
			Mr. S. Kaminikumar, learned CGSC accepts notice on behalf <lb/>
			of respondent No. 1 and Mr. A. Bheigya Meitei, learned counsel assisting <lb/>
			Mr. Lenin Hijam, learned Advocate General accepts notice on behalf of <lb/>
			respondents No. 2 to 7, hence no formal notice is called for. <lb/>
			It is submitted by the learned Advocate General that he has <lb/>
			received a detailed instruction with regard to the statements and allegations <lb/>
			made by the petitioner in the present writ petition and accordingly, he seeks <lb/>
			two weeks&apos; time for filing counter affidavit. <lb/>
			Prayer is allowed. <lb/>
			List this case again on 02-09-2022. Prayer for passing interim <lb/>
			order will be considered on the next date. <lb/>
			JUDGE <lb/>
			Devananda <lb/></body>
			
			<note place="headnote">SHOUGRA <lb/>
			KPAM <lb/>
			DEVANAN <lb/>
			DA SINGH <lb/>
			Digitally signed <lb/>
			by <lb/>
			SHOUGRAKPAM <lb/>
			DEVANANDA <lb/>
			SINGH <lb/>
			Date: 2022.08.12 <lb/>
			16:00:39 +05&apos;30&apos;<lb/> </note>


	</text>
</tei>
