<?xml version="1.0" ?>
<tei xml:space="preserve">
	<teiHeader>
		<fileDesc xml:id="0"/>
	</teiHeader>
	<text xml:lang="en">
			<front>IN. 71 <lb/>
			IN THE HIGH COURT OF MANIPUR <lb/>
			AT IMPHAL <lb/>
			WP(C) No. 530 of 2022 <lb/>
			Sarungbam Sirjent Singh &amp; ors. <lb/>
			… Petitioners <lb/>
			Vs. <lb/>
			State of Manipur &amp; ors. <lb/>
			… Respondents <lb/>
			B E F O R E <lb/>
			HON&apos;BLE MR. JUSTICE AHANTHEM BIMOL SINGH <lb/>
			12-08-2022 <lb/>
			Mrs. L. Monomala, learned Government Advocate seeks three <lb/>
			weeks&apos; time for filing counter affidavit. <lb/>
			Mr. Kh. Samungou, learned counsel appearing for the petitioners <lb/>
			has no objection. <lb/>
			As prayed for, list this case again on 12-09-2022. <lb/>
			JUDGE <lb/>
			Devananda <lb/>
			</front>

			<note place="headnote">SHOUGRA <lb/>
			KPAM <lb/>
			DEVANAN <lb/>
			DA SINGH <lb/>
			Digitally signed by <lb/>
			SHOUGRAKPAM <lb/>
			DEVANANDA <lb/>
			SINGH <lb/>
			Date: 2022.08.12 <lb/>
			16:08:01 +05&apos;30&apos;<lb/> </note>


	</text>
</tei>
