<?xml version="1.0" ?>
<tei xml:space="preserve">
	<teiHeader>
		<fileDesc xml:id="0"/>
	</teiHeader>
	<text xml:lang="en">
			<front>Item No. 34 <lb/>
			IN THE HIGH COURT OF MANIPUR <lb/>
			AT IMPHAL <lb/>
			WP(C) No. 590 of 2020 <lb/>
			Ch. Ramananda Singh <lb/>
			…Petitioner/s <lb/>
			Vs. <lb/>
			</front>

			<body>State of Manipur &amp; 10 ors. <lb/>
			…Respondent/s <lb/>
			B E F O R E <lb/>
			HON&apos;BLE MR. JUSTICE AHANTHEM BIMOL SINGH <lb/>
			12-08-2022 <lb/>
			A prayer has been made on behalf Mr. M. Gunedhor, <lb/>
			learned counsel appearing for the private respondents for taking up this <lb/>
			matter after two weeks&apos;. <lb/>
			Mr. Th. Rohitkumar, learned counsel for the petitioner has <lb/>
			no objection. <lb/>
			As prayed for, list this case again on 08-09-2022. <lb/>
			JUDGE <lb/>
			Dhakeshori <lb/></body>
			
			<note place="headnote">LAISHRAM <lb/>
			DHAKESHORI DEVI <lb/>
			Digitally signed by LAISHRAM <lb/>
			DHAKESHORI DEVI <lb/>
			Date: 2022.08.12 15:47:13 <lb/>
			+05&apos;30&apos;<lb/></note> 


	</text>
</tei>
