<?xml version="1.0" ?>
<tei xml:space="preserve">
	<teiHeader>
		<fileDesc xml:id="0"/>
	</teiHeader>
	<text xml:lang="en">
			<front>Item No.62 <lb/>
			IN THE HIGH COURT OF MANIPUR <lb/>
			AT IMPHAL <lb/>
			WP(C)No.308 of 2021 <lb/>
			Sara Bibi <lb/>
			…Petitioner/s <lb/>
			-Versus -<lb/>
			State of Manipur <lb/>
			…Respondent/s <lb/>
			BEFORE <lb/>
			HON&apos;BLE MR. JUSTICE MV MURALIDARAN <lb/>
			ORDER <lb/>
			</front>

			<body>12.08.2022 <lb/>
			[1] 
			Heard Mrs. Babita Th, learned counsel for the <lb/>
			petitioner and Mrs. Ch. Sundari, learned GA for the State <lb/>
			respondent. <lb/>
			[2] 
			Though pleadings are completed, Mrs. Ch. <lb/>
			Sundari, learned GA for the State respondents seeks further <lb/>
			time to argue the case. <lb/>
			[3] 
			Therefore, post this matter on 25.08.2022 <lb/>
			JUDGE <lb/>
			John Kom <lb/></body>
			
			<note place="headnote">JOHN <lb/>
			TELEN KOM <lb/>
			Digitally signed <lb/>
			by JOHN TELEN <lb/>
			KOM <lb/>
			Date: <lb/>
			2022.08.18 <lb/>
			13:57:11 <lb/>
			+05&apos;30&apos;<lb/> </note>


	</text>
</tei>
