<?xml version="1.0" ?>
<tei xml:space="preserve">
	<teiHeader>
		<fileDesc xml:id="0"/>
	</teiHeader>
	<text xml:lang="en">
			<note place="headnote">WP(C) No. 104 of 2018Page 1 <lb/>No. 14 <lb/></note>

			<front>IN THE HIGH COURT OF MANIPUR <lb/>AT IMPHAL <lb/>WP(C) No. 104 of 2018 <lb/>W. Pradipchandra Singh <lb/>…..Petitioner/s <lb/>-Versus -<lb/>Union of India &amp; 2 Ors. <lb/>.... Respondent/s <lb/>BEFORE <lb/>HON&apos;BLE MR. JUSTICE AHANTHEM BIMOL SINGH <lb/>12.08.2022 <lb/>[1] <lb/>Heard Mr. Th. Lupenjit, learned counsel appearing for the <lb/></front>

			<body>petitioner and Mr. Kh. Samarjit, learned ASG appearing for the respondent. <lb/>The present writ petition had been filed seeking for the following <lb/>reliefs :-<lb/>&quot;(iii) <lb/>Issue rule nisi calling upon respondents as why a <lb/>writ in nature of certiorari for quashing and setting aside the <lb/>Impugned Notice dated 04/12/2017 issued by the Respondent <lb/>No. 3 (Joint Commissioner, Income Tax) (Annexure-A/8) or any <lb/>other appropriate writ of the like nature directing the <lb/>Respondents. <lb/>&quot;(iv) <lb/>issue an Order directing the independent and fair <lb/>agency such as CBI to investigate regarding the Notice dated <lb/>14/12/2017 and work order and release of payment if any. <lb/>&quot;(v) <lb/>Issue a writ of mandamus or any other appropriate <lb/>writ of the like nature directing the Respondent No. 3 to <lb/>compensate the petitioner amounting to Rs. 38,000/-x 2 (vehicle) <lb/>x 5 (months)=3,80,000/-(rupees three lakhs eighty thousand) <lb/>only along with mental agony which the Hon&apos;ble Court deems fit <lb/>for the illegality done.&quot; <lb/>[2] <lb/>The case of the petitioner is that the respondent initially issued <lb/>an NIT dated 19.09.2017 inviting tenders bids from reputed firms, travel <lb/>agents/existing service providers for hiring two vehicles for official use in the <lb/>office of the Joint Commissioner, Income Tax, Range-Imphal. The petitioner <lb/></body>

			<note place="footnote">LHAINEI <lb/>CHONG <lb/>HAOKIP <lb/>Digitally signed <lb/>by <lb/>LHAINEICHONG <lb/>HAOKIP <lb/>Date: 2022.08.12 <lb/>16:25:27 +05&apos;30&apos; <lb/></note>

			<body>WP(C) No. 104 of 2018Page 2 <lb/>having been eligible, submitted his bids in response to the said NIT and at the <lb/>time of opening of the tender bids, the petitioner was found to be the sole <lb/>eligible firm. However, the tender bids of the petitioner was subsequently <lb/>cancelled by the authorities by issuing a notice dated 27.09.2017 and on the <lb/>same date, the Joint Commissioner of Income Tax, Range-Imphal wrote a <lb/>letter dated 27.09.2017 informing the petitioner about the cancellation of his <lb/>tender bids and informing him that a fresh tender will be notified shortly <lb/>through a website mentioned in the said letter. <lb/>[3] <lb/>The case of the petitioner is that he was waiting in anticipation <lb/>for issuance of the fresh NIT as informed by the Joint Commissioner of <lb/>Income Tax, however, when no fresh NIT was issued, the petitioner went to <lb/>the office of the Joint Commissioner of Income Tax, Range-Imphal and found <lb/>that a fresh NIT dated 04.12.2017 had already been issued. Having been <lb/>aggrieved, the petitioner approached this Court by filing the present writ <lb/>petition assailing the said NIT basically on the ground that the tendering <lb/>process was not done by the authorities through E-Tendering as informed to <lb/>the petitioner earlier. <lb/>[4] <lb/>Mr. Kh. Lupenjit, learned counsel vehemently submitted that <lb/>the ground for cancellation of his tender bids was that the earlier NIT was not <lb/>done through E-Tendering process, however, the authorities have not done <lb/>the subsequent tendering process through E-Tendering process. Accordingly, <lb/>it has been submitted that the action of the respondent is mala-fide and <lb/>arbitrary and the same deserves to be quashed and set aside. <lb/>WP(C) No. 104 of 2018Page 3 <lb/>[5] <lb/>Mr. Kh. Samarjit, learned ASG submitted that the impugned NIT <lb/>had been issued for hiring two vehicles for a duration of two years only and <lb/>after completing the due process, work order was issued to the eligible firm <lb/>and the period of contract has already been over. Thereafter, the authorities <lb/>have again issued another NIT for hiring vehicle for the same purpose and <lb/>the duration of the said contract has already been completed. In that view of <lb/>the matter, it has been submitted by the learned ASG that no cause survives <lb/>for adjudication in the present writ petition and that the present writ petition <lb/>has become infructuous. <lb/>[6] <lb/>After hearing the learned appearing for the parties and on <lb/>perusal of the record, this Court is of the considered view that by influx of <lb/>time, no cause survives for adjudication of the present writ petition, inasmuch <lb/>as, the period of the contract as stipulated under the impugned NIT had <lb/>already been over and the contract work had already been carried out by <lb/>another eligible contractor and accordingly, at this point of time, no effective <lb/>relief can be granted to the present petitioner and there is no point in keeping <lb/>the present writ petition pending. <lb/>[7] <lb/>In the result, the present writ petition is hereby dismissed, <lb/>however, there will be no order as to costs. <lb/>JUDGE <lb/>Lhaineichong </body>


	</text>
</tei>
