<?xml version="1.0" ?>
<tei xml:space="preserve">
	<teiHeader>
		<fileDesc xml:id="0"/>
	</teiHeader>
	<text xml:lang="en">
			<front>Item No. 42 <lb/>
			IN THE HIGH COURT OF MANIPUR <lb/>
			AT IMPHAL <lb/>
			WP(C) No. 591 of 2021 <lb/>
			Yumkham Balleshwor Singh <lb/>
			…Petitioner/s <lb/>
			Vs. <lb/>
			State of Manipur <lb/>
			…Respondent/s <lb/>
			B E F O R E <lb/>
			HON&apos;BLE MR. JUSTICE AHANTHEM BIMOL SINGH <lb/>
			12-08-2022 <lb/>
			</front>

			<body>Mr. M. Rakesh, learned counsel appearing for the <lb/>
			petitioner seeks two weeks&apos; time for filing rejoinder affidavit to the <lb/>
			counter affidavit filed by respondent No. 1. <lb/>
			Mrs. L. Monomala, learned GA appearing for the State <lb/>
			respondents and Mr. I. Somorjit, learned counsel appearing for <lb/>
			respondent No. 3 have no objection. <lb/>
			As prayed for, list this case again on 08-09-2022. <lb/>
			JUDGE <lb/>
			Dhakeshori <lb/></body>
			
			<note place="headnote">LAISHRAM <lb/>
			DHAKESHORI DEVI <lb/>
			Digitally signed by LAISHRAM <lb/>
			DHAKESHORI DEVI <lb/>
			Date: 2022.08.12 15:48:39 <lb/>
			+05&apos;30&apos;<lb/></note> 


	</text>
</tei>
