<?xml version="1.0" ?>
<tei xml:space="preserve">
	<teiHeader>
		<fileDesc xml:id="0"/>
	</teiHeader>
	<text xml:lang="en">
			<note place="headnote">Item No. 21 &amp; 22 <lb/>
			</note>

			<front>IN THE HIGH COURT OF MANIPUR <lb/>
			AT IMPHAL <lb/>
			WP (C) No. 112 of 2018 <lb/>
			Y. Devendro Singh <lb/>
			Petitioner <lb/>
			Vs. <lb/>
			Manipur Legislative Assembly <lb/>
			Respondent <lb/>
			With <lb/>
			MC (WP(C)) No. 269 of 2018 <lb/>
			BEFORE <lb/>
			HON&apos;BLE THE CHIEF JUSTICE MR. SANJAY KUMAR <lb/>
			HON&apos;BLE MR. JUSTICE MV MURALIDARAN <lb/>
			12.08.2022. <lb/>
			Sanjay Kumar (C.J.): <lb/>
			</front>

			<body>Ms. Rebati, learned counsel, appears for the respondent. <lb/>
			Mr. M. Rendy, learned counsel, represents Mr. M. Hemchandra, learned <lb/>
			senior counsel for the petitioner, and seeks an adjournment. <lb/>
			Post on 29.08.2022. <lb/>
			JUDGE <lb/>
			CHIEF JUSTICE <lb/></body>
			
			<note place="headnote">Sapana <lb/>
			KABORA <lb/>
			MBAM <lb/>
			SAPANA <lb/>
			CHANU <lb/>
			Digitally signed <lb/>
			by KABORAMBAM <lb/>
			SAPANA CHANU <lb/>
			Date: 2022.08.12 <lb/>
			17:25:53 +05&apos;30&apos;<lb/> </note>


	</text>
</tei>
