<?xml version="1.0"?>
<tei xml:space="preserve">
	<teiHeader>
		<fileDesc xml:id="0" />
	</teiHeader>
	<text xml:lang="en">
		<page>
			4
			<lb />
		</page>
		<note place="headnote">
			H
			<lb />
			i g h
			<lb />
			C
			<lb />
			o u r t o f H
			<lb />
			. P .
			<lb />
		</note>
		<front>
			IN THE HIGH COURT OF HIMACHAL PRADESH, SHIMLA
			<lb />
			CWP No. 2215 of 2018
			<lb />
			Decided on : 23.10.2018
			<lb />
			Yashwant Singh
			<lb />
			…..Petitioner.
			<lb />
			Vs.
			<lb />
			State of Himachal Pradesh &amp; ors
			<lb />
			…..Respondents.
			<lb />
			Coram:
			<lb />
			The Hon&apos;ble Mr. Justice Sanjay Karol, Judge
			<lb />
			The Hon&apos;ble Mr Justice Chander Bhusan Barowalia, Judge
			<lb />
			Whether approved for reporting? 1
			<lb />
			For the petitioner:
			<lb />
			Mr. Rajesh Verma, Advocate.
			<lb />
			For the respondent:
			<lb />
			Ms. Ritta Goswami, Additional Advocate
			<lb />
			General with Mr. G.S. Guleria and Ms.
			<lb />
			Svanel Jaswal, Deputy Advocates General,
			<lb />
			for respondentsState.
			<lb />
			Sanjay Karol, Judge Oral
			<lb />
		</front>
		<body>
			Petitioner, by the medium of this petition, has mainly
			<lb />
			prayed for the following reliefs:
			<lb />
			&quot;(i)
			<lb />
			That the respondents may kindly be directed to
			<lb />
			extend the benefits of PTA Grant in AID Rules 2006 to the
			<lb />
			petitioner without any discrimination, from the date of
			<lb />
			initial appointment.
			<lb />
			(ii)
			<lb />
			That the instant writ petition may kindly be
			<lb />
			allowed and the respondents may kindly be directed to
			<lb />
			extend the benefit of GrantinAid in favour of the present
			<lb />
			1 Whether the reporters of the local papers may be allowed to see the
			<lb />
			Judgment?
			<lb />
		</body>
		<note place="footnote">
			::: Downloaded on -11/07/2022 22:26:43 :::CIS
			<lb />
		</note>
		<page>
			4
			<lb />
		</page>
		<note place="headnote">
			H
			<lb />
			i g h
			<lb />
			C
			<lb />
			o u r t o f H
			<lb />
			. P .
			<lb />
		</note>
		<body>
			petitioner at par with the similarly situated persons with all
			<lb />
			consequential benefits and take a decision in the light of the
			<lb />
			judgment passed by Hon&apos;ble Court in CWP No. 226/2010
			<lb />
			titled Promila Devi Vs State of HP (Annexure P4), CWP
			<lb />
			2549/2015 titled Hem Raj Sharma Vs State of HP and CWP
			<lb />
			No. 2638/2015 titled Devi Saran Vs State of HP (Annexure
			<lb />
			P5) and CWP No. 6821/2012 titled Ranjana Devi Vs State
			<lb />
			of HP (Annexure P6).
			<lb />
			2.
			<lb />
			Learned counsel for the petitioner, under
			<lb />
			instructions, submits that the petitioner shall be content if a direction
			<lb />
			is issued to respondents to consider and decide the petitioner&apos;s
			<lb />
			representation, venting out his grievances, which he shall be making
			<lb />
			within a period of two weeks from today. Also, the petitioner does not
			<lb />
			press the issue raised in the present petition, for the reliefs as orally
			<lb />
			for, is that of a mere direction to the respondents to consider and
			<lb />
			decide the petitioner&apos;s representation which he shall be making
			<lb />
			within a period of two weeks from today.
			<lb />
			3.
			<lb />
			Ms. Svaneel Jaswal, learned Deputy Advocate
			<lb />
			General for the respondents has no objection to the same. She also
			<lb />
			submits that the services of the writ petition shall not be dispensed
			<lb />
			with save and except in accordance with law.
			<lb />
			4.
			<lb />
			No other point is urged.
			<lb />
			5.
			<lb />
			Leaving all questions of law open, in view of the
			<lb />
			statement made by the learned counsel, more so, for the reason that
			<lb />
			the petition, as prayed for is not pressed, we dispose of the present
			<lb />
			petition with a direction to file a fresh representation with a
			<lb />
		</body>
		<note place="footnote">
			::: Downloaded on -11/07/2022 22:26:43 :::CIS
			<lb />
		</note>
		<page>
			4
			<lb />
		</page>
		<note place="headnote">
			H
			<lb />
			i g h
			<lb />
			C
			<lb />
			o u r t o f H
			<lb />
			. P .
			<lb />
		</note>
		<body>
			direction to the petitioner to file a fresh representation within a
			<lb />
			period of one week from today and respondents/competent authority
			<lb />
			shall consider and decide the same within two months thereafter, in
			<lb />
			accordance with law, by affording opportunity of hearing to all
			<lb />
			concerned. Liberty is reserved to the petitioner to place additional
			<lb />
			material on record.
			<lb />
			6.
			<lb />
			Needless to add, if the order is not in favour of the
			<lb />
			petitioner, the authority shall assign reasons while deciding the
			<lb />
			same, which shall be communicated to the petitioner. Liberty is
			<lb />
			reserved to the petitioner to approach the Court, if need so arises
			<lb />
			subsequently.
			<lb />
			7.
			<lb />
			It is clarified that we have not expressed any
			<lb />
			opinion on the merit of the case.
			<lb />
			8.
			<lb />
			With the aforesaid observations, present petition
			<lb />
			stands disposed of, so also pending applications, if any.
			<lb />
			(Sanjay Karol)
			<lb />
			Judge
			<lb />
			(Chander Bhusan Barowalia)
			<lb />
			23 rd October, 2018
			<lb />
			Judge
			<lb />
			(CS/Rohit)
			<lb />
		</body>
		<note place="footnote">
			::: Downloaded on -11/07/2022 22:26:43 :::CIS
			<lb />
		</note>
		<page>
			4
			<lb />
		</page>
		<note place="headnote">
			H
			<lb />
			i g h
			<lb />
			C
			<lb />
			o u r t o f H
			<lb />
			. P .
			<lb />
		</note>
		<note place="footnote">
			::: Downloaded on -11/07/2022 22:26:43 :::CIS
			<lb />
		</note>
		<page>
			4
			<lb />
		</page>
		<note place="headnote">
			H
			<lb />
			i g h
			<lb />
			C
			<lb />
			o u r t o f H
			<lb />
			. P .
			<lb />
		</note>
		<note place="footnote">
			::: Downloaded on -11/07/2022 22:26:43 :::CIS
		</note>
	</text>
</tei>
