<?xml version="1.0"?>
<tei xml:space="preserve">
	<teiHeader>
		<fileDesc xml:id="0" />
	</teiHeader>
	<text xml:lang="en">
		<page>
			1
			<lb />
		</page>
		<note place="headnote">
			H
			<lb />
			i g h
			<lb />
			C
			<lb />
			o u r t o f H
			<lb />
			. P .
			<lb />
		</note>
		<front>
			IN THE HIGH COURT OF HIMACHAL PRADESH, SHIMLA
			<lb />
			CWP No. 318 of 2017
			<lb />
			Decided on : 20.11.2018
			<lb />
			______________________________________________________________________
			<lb />
			Vyasa Devi
			<lb />
			…..Petitioner.
			<lb />
			Vs.
			<lb />
			Executive Engineer, H.P.P.W.D.
			<lb />
			…..Respondent.
			<lb />
			Coram:
			<lb />
			The Hon&apos;ble Mr. Justice Tarlok Singh Chauhan, Judge
			<lb />
			Whether approved for reporting? 1 No
			<lb />
			For the petitioner:
			<lb />
			Mr. Rahul Mahajan , Advocate..
			<lb />
			For the respondent:
			<lb />
			Mr. Sudhir Bhatnagar, Additional
			<lb />
			Advocate General with Ms. Savneel
			<lb />
			Jaswal, Deputy Advocates General for
			<lb />
			Tarlok Singh Chauhan, Judge Oral
			<lb />
		</front>
		<body>
			Petitioner, by the medium of this petition, has mainly
			<lb />
			prayed for the following reliefs:
			<lb />
			&quot;a) Writ of Certiorari may kindly be issued for
			<lb />
			modification of Award dated 06.05.2016, passed in
			<lb />
			Reference No.320 of 2015, in reference titled as Vyasa
			<lb />
			Devi Vs. Executive Engineer, HPPWD Division,
			<lb />
			Dharampur, by the Industrial TribunalcumLabour
			<lb />
			Court, Kangra at Dharamshala
			<lb />
			1 Whether the reporters of the local papers may be allowed to see the
			<lb />
			Judgment? Yes
			<lb />
		</body>
		<note place="footnote">
			::: Downloaded on -11/07/2022 22:29:07 :::CIS
			<lb />
		</note>
		<page>
			2
			<lb />
		</page>
		<note place="headnote">
			H
			<lb />
			i g h
			<lb />
			C
			<lb />
			o u r t o f H
			<lb />
			. P .
			<lb />
			b) Petitioner be granted reinstatement with continuity,
			<lb />
			seniority and back wages instead of compensation in
			<lb />
			lieu of reinstatement.&quot;
			<lb />
		</note>
		<body>
			2.
			<lb />
			It is not in dispute that in relation to similarly situated
			<lb />
			persons, coordinate Bench of this Court vide judgment dated 11 th
			<lb />
			December, 2017, passed in CWP No.1887 of 2017, titled Sh. Daulat
			<lb />
			Ram Vs. The Executive Engineer, HPPWD and other connected
			<lb />
			matters, has already adjudicated the issues involved in the present
			<lb />
			writ petition.
			<lb />
			3.
			<lb />
			As such, as mutually agreed, making the directions in
			<lb />
			Sh. Daulat Ram (Supra), applicable mutatis mutandis, in so far as
			<lb />
			applicable and relevant, also to the present writ petition, the same is
			<lb />
			disposed of. However, this order shall not be treated as a precedent.
			<lb />
			Pending application(s), if any, also stand disposed of
			<lb />
			accordingly.
			<lb />
			(Tarlok Singh Chauhan)
			<lb />
			Judge
			<lb />
			November 20, 2018
			<lb />
			(Pankaj)
			<lb />
		</body>
		<note place="footnote">
			::: Downloaded on -11/07/2022 22:29:07 :::CIS
		</note>
	</text>
</tei>
