<?xml version="1.0"?>
<tei xml:space="preserve">
	<teiHeader>
		<fileDesc xml:id="0" />
	</teiHeader>
	<text xml:lang="en">
		<page>
			2
			<lb />
		</page>
		<front>
			IN THE HIGH COURT OF HIMACHAL PRADESH, SHIMLA
			<lb />
			CWP No. 243 of 2019
			<lb />
			Decided on : 31.01.2019
			<lb />
			­______________________________________________________________________
			<lb />
			Surender Pal
			<lb />
			…..Petitioner.
			<lb />
			Vs.
			<lb />
			Himachal Pradesh Power Corporation &amp; Ors.        …..Respondents.
			<lb />
			Coram:
			<lb />
			The Hon’ble Mr. Justice Sureshwar Thakur, Judge
			<lb />
			Whether approved for reporting?For the petitioner:        Mr.     C.N.   Singh,
			<lb />
			Advocate.
			<lb />
			For the respondents:     None.
			<lb />
			Sureshwar Thakur, Judge Oral
			<lb />
		</front>
		<body>
			The learned counsel appearing for the petitioner submits
			<lb />
			that he may be permitted to withdraw the instant petition. Permission
			<lb />
			granted. Accordingly, the instant writ petition is dismissed as
			<lb />
			withdrawn, with liberty to the writ petitioner to raise an industrial
			<lb />
			dispute, in respect of grievances ventilated, in, the writ petition.
			<lb />
			2. Pending application(s), if any, also stand disposed of
			<lb />
			accordingly.
			<lb />
			(Sureshwar Thakur)
			<lb />
			Vacation  Judge
			<lb />
			January 31, 2019
			<lb />
			(Bhatt/Rohit)
			<lb />
		</body>
		<note place="footnote">
			::: Downloaded on -11/07/2022 22:34:49 :::CIS
			<lb />
		</note>
		<page>
			2
			<lb />
		</page>
		<note place="footnote">
			::: Downloaded on -11/07/2022 22:34:49 :::CIS
		</note>
	</text>
</tei>
