<?xml version="1.0" ?>
<tei xml:space="preserve">
	<teiHeader>
		<fileDesc xml:id="0"/>
	</teiHeader>
	<text xml:lang="en">
			<page>Page 1 of 1 <lb/></page>
			
			<front> IN THE HIGH COURT OF ORISSA AT CUTTACK <lb/>
			BLAPL No. 1802 of 2019 <lb/>
			Rameswar Poddar @ Paddar <lb/>
			.… <lb/>
			Petitioner <lb/>
			Mr. H.M. Dhal, Adv. <lb/>
			-Versus -<lb/>
			State of Odisha <lb/>
			.… <lb/>
			Opp.Party <lb/>
			Mr. Sarthan Nayak, Adv. for CBI, <lb/>
			CORAM: <lb/>
			JUSTICE SASHIKANTA MISHRA <lb/>
			ORDER <lb/>
			08.08.2022 <lb/>
			</front>

			<body>1. <lb/>
			This matter is taken up through hybrid mode. <lb/>
			2. <lb/>
			List this matter next week, as prayed for by learned counsel <lb/>
			for the petitioner. <lb/>
			(Sashikanta Mishra) <lb/>
			Judge <lb/>
			Order No. <lb/>
			21. <lb/>
			

			A.K. Rana<lb/> </body>


	</text>
</tei>
