<?xml version="1.0" ?>
<tei xml:space="preserve">
	<teiHeader>
		<fileDesc xml:id="0"/>
	</teiHeader>
	<text xml:lang="en">
			<front>IN THE HIGH COURT OF ORISSA AT CUTTACK <lb/>
			BLAPL No.2018 of 2022 <lb/>
			Banamali Biswal <lb/>
			Petitioner <lb/>
			Mr. R.K. Sahoo, Advocate <lb/>
			-Versus-<lb/>
			State of Odisha <lb/>
			…. <lb/>
			Opposite Parties <lb/>
			Mr. Sonak Mishra, ASC <lb/>
			CORAM: <lb/>
			MR. JUSTICE R.K. PATTANAIK <lb/>
			Order <lb/>
			</front>

			<body>No. <lb/>
			ORDER <lb/>
			

			12.08.2022 <lb/>
			03. <lb/>
			1. <lb/>
			It is submitted to the Court that the petitioner does not <lb/>
			want to press the bail application. <lb/>
			2. <lb/>
			Consequently, the BLAPL is dismissed as not being pressed. <lb/>
			(R.K. Pattanaik) <lb/>
			Judge <lb/>
			TUDU<lb/> </body>


	</text>
</tei>
