<?xml version="1.0" ?>
<tei xml:space="preserve">
	<teiHeader>
		<fileDesc xml:id="0"/>
	</teiHeader>
	<text xml:lang="en">
			<page>Page 1 of 1 <lb/></page>
			
			<front>IN THE HIGH COURT OF ORISSA AT CUTTACK <lb/>
			BLAPL No.8204 of 2022 <lb/>
			Sk.Anuwar @ Pintu <lb/>
			…. <lb/>
			Petitioner <lb/>
			Mr. Manas Chand, <lb/>
			Advocate <lb/>
			-versus-<lb/>
			State of Odisha <lb/>
			…. <lb/>
			Opposite Party <lb/>
			Mr.S.K.Mishra, <lb/>
			Addl. Standing Counsel <lb/>
			CORAM: <lb/>
			JUSTICE SASHIKANTA MISHRA <lb/>
			Order No. <lb/>
			ORDER <lb/>
			</front>

			<body>12.8.2022. <lb/>
			03. <lb/>
			1. This matter is taken up through hybrid mode. <lb/>
			2. None appears for the Petitioner either at the time of call or <lb/>
			when the matter is taken up after being passed over. <lb/>
			3. Hence, it is presumed that the Petitioner is no longer <lb/>
			interested to pursue this application, which is, therefore, <lb/>
			dismissed for non-prosecution. <lb/>
			(Sashikanta Mishra) <lb/>
			AKB <lb/>
			Judge <lb/>
			</body>

			<page>	// 2 // <lb/>
			

		Page 2 of 2<lb/> </page>


	</text>
</tei>
