<?xml version="1.0" ?>
<tei xml:space="preserve">
	<teiHeader>
		<fileDesc xml:id="0"/>
	</teiHeader>
	<text xml:lang="en">
			<front>IN THE HIGH COURT OF ORISSA AT CUTTACK <lb/>
			BLAPL No.5734 of 2022 <lb/>
			Gangadhar Muduli <lb/>
			…. <lb/>
			Petitioner <lb/>
			M/s. P. K. Sahoo and associates, Advocates <lb/>
			-versus-<lb/>
			State of Odisha <lb/>
			…. <lb/>
			Opposite Party <lb/>
			Mr. J. Katikia, AGA <lb/>
			CORAM: <lb/>
			THE CHIEF JUSTICE <lb/>
			Order No. <lb/>
			ORDER <lb/>
			</front>

			<body>12.08.2022 <lb/>
			04 <lb/>
			1. Learned counsel appearing for the Petitioner states that he has <lb/>
			no instructions. <lb/>
			2. Accordingly, the BLAPL is dismissed for non-prosecution. <lb/>
			3. The surrender certificate nevertheless be filed as and when the <lb/>
			Petitioner is apprehended. <lb/>
			(Dr. S. Muralidhar) <lb/>
			Chief Justice <lb/>
			M. Panda<lb/> </body>


	</text>
</tei>
