<?xml version="1.0" ?>
<tei xml:space="preserve">
	<teiHeader>
		<fileDesc xml:id="0"/>
	</teiHeader>
	<text xml:lang="en">
			<front>Page 1 of 1 <lb/>
			IN THE HIGH COURT OF ORISSA AT CUTTACK <lb/>
			BLAPL No. 4228 of 2022 <lb/>
			Prajna Prakash Nayak <lb/>
			.… <lb/>
			Petitioner <lb/>
			Mr. D. Nayak, Sr. Advocate along <lb/>
			with Mr. B. Nayak, Adv. <lb/>
			-Versus -<lb/>
			State of Odisha <lb/>
			.… <lb/>
			Opp.Party <lb/>
			Mr. P. Tripathy, Addl. Govt. Advocate <lb/>
			Mr. M. Kanungo, Sr. Advocate along with <lb/>
			Mr. S. Das Advocate (for informant) <lb/>
			CORAM: <lb/>
			JUSTICE SASHIKANTA MISHRA <lb/>
			ORDER <lb/>
			12.08.2022 <lb/>
			</front>

			<body>1. This matter is taken up through hybrid mode. <lb/>
			2. List this matter on 22 nd August, 2022. <lb/>
			3. Learned State Counsel shall inform the Court as to if any <lb/>
			amount has been secured by way of freezing the bank accounts of <lb/>
			the petitioner and/or his wife. <lb/>
			(Sashikanta Mishra) <lb/>
			Judge <lb/>
			Order No. <lb/>
			06. <lb/>
			

			A.K. Rana<lb/> </body>


	</text>
</tei>
