<?xml version="1.0"?>
<tei xml:space="preserve">
	<teiHeader>
		<fileDesc xml:id="0" />
	</teiHeader>
	<text xml:lang="en">
		<note place="headnote">
			H
			<lb />
			i g h
			<lb />
			C
			<lb />
			o u r t o f H
			<lb />
			. P .
			<lb />
		</note>
		<page>
			1
			<lb />
		</page>
		<front>
			IN HIGH COURT OF HIMACHAL PRADESH AT SHIMLA
			<lb />
			ON THE 5 th DAY OF JANUARY, 2022
			<lb />
			BEFORE
			<lb />
			HON&apos;BLE MR. JUSTICE TARLOK SINGH CHAUHAN
			<lb />
			&amp;
			<lb />
			HON&apos;BLE MS. JUSTICE JYOTSNA REWAL DUA
			<lb />
			CIVIL WRIT PETITION No. 2395 OF 2020
			<lb />
			Between :-
			<lb />
			SH. DALJEET SINGH PATHANIA, S/O
			<lb />
			SH. KUSHAL SINGH PATHANIA, AGED
			<lb />
			55 YEARS, R/O VPO KANDWAL, WARD
			<lb />
			No. 5, TEHSIL NURPUR, DISTRICT
			<lb />
			KANGRA, H.P.
			<lb />
			…PETITIONER
			<lb />
			(BY MR. DEEPAK KAUSHAL, ADVOCATE)
			<lb />
			AND
			<lb />
			1. UNION OF INDIA THROUGH ITS
			<lb />
			SECRETARY
			<lb />
			MINISTRY
			<lb />
			OF
			<lb />
			ENVIRONMENT
			<lb />
			AND
			<lb />
			FOREST
			<lb />
			PARYAVARAN
			<lb />
			BHAWAN,
			<lb />
			NEW
			<lb />
			DELHI.
			<lb />
			2. STATE OF HIMACHAL PRADESH
			<lb />
			THROUGH CHIEF SECRETARY TO
			<lb />
			THE GOVERNMENT OF HIMACHAL
			<lb />
			PRADESH, SHIMLA-1.
			<lb />
			3. SECRETARY (INDUSTRIES) TO THE
			<lb />
			GOVERNMENT
			<lb />
			OF
			<lb />
			HIMACHAL
			<lb />
			PRADESH, SHIMLA-1.
			<lb />
			4. DIRECTOR
			<lb />
			INDUSTRY
			<lb />
			TO
			<lb />
			THE
			<lb />
		</front>
		<note place="footnote">
			::: Downloaded on -12/07/2022 00:04:29 :::CIS
			<lb />
		</note>
		<note place="headnote">
			H
			<lb />
			i g h
			<lb />
			C
			<lb />
			o u r t o f H
			<lb />
			. P .
			<lb />
		</note>
		<page>
			2
			<lb />
		</page>
		<front>
			GOVERNMENT
			<lb />
			OF
			<lb />
			HIMACHAL
			<lb />
			PRADESH,
			<lb />
			UDYOG
			<lb />
			BHAWAN,
			<lb />
			SHIMLA, H.P.
			<lb />
			5. STATE
			<lb />
			GEOLOGIST
			<lb />
			TO
			<lb />
			THE
			<lb />
			GOVERNMENT
			<lb />
			OF
			<lb />
			HIMACHAL
			<lb />
			PRADESH,
			<lb />
			UDYOG
			<lb />
			BHAWAN,
			<lb />
			SHIMLA-1
			<lb />
			6. SECRETARY
			<lb />
			FOREST
			<lb />
			TO
			<lb />
			THE
			<lb />
			GOVERNMENT
			<lb />
			OF
			<lb />
			HIMACHAL
			<lb />
			PRADESH, SHIMLA-2.
			<lb />
			7. SECRETARY HP PWD TO THE
			<lb />
			GOVERNMENT
			<lb />
			OF
			<lb />
			HIMACJHAL
			<lb />
			PRADESH, SHIMLA-2.
			<lb />
			8. SECRETARY
			<lb />
			I&amp;PH
			<lb />
			TO
			<lb />
			THE
			<lb />
			GOVERNMENT
			<lb />
			OF
			<lb />
			HIMACHAL
			<lb />
			PRADESH, SHIMLA-2.
			<lb />
			9. SECRETARY PANCHAYATI RAJ TO
			<lb />
			THE GOVERNMENT OF HIMACHAL
			<lb />
			PRADESH, SHIMLA-2.
			<lb />
			10. SECRETARY HIMACHAL PRADESH
			<lb />
			HOUSING
			<lb />
			AND
			<lb />
			URBAN
			<lb />
			DEVELOPMENT AUTHORITY TO THE
			<lb />
			GOVERNMENT
			<lb />
			OF
			<lb />
			HIMACHAL
			<lb />
			PRADESH, SHIMLA-2.
			<lb />
			11. SECRETARY
			<lb />
			POWER
			<lb />
			TO
			<lb />
			THE
			<lb />
			GOVERNMENT
			<lb />
			OF
			<lb />
			HIMACHAL
			<lb />
			PRDESH, SHIMLA-2.
			<lb />
			12. STATE ENVIRONMENT PROTECTION
			<lb />
			&amp; POLLUTION CONTROL BOARD,
			<lb />
			THROUGH ITS MEMBER SECRETARY
			<lb />
			NEW SHIMLA, SHIMLA-171 009.
			<lb />
			13. MANAGING
			<lb />
			DIRECTOR
			<lb />
			H.P.SIDC
			<lb />
			HIMLAND SHIMLA.
			<lb />
			14. ENGINEER-IN-CHIEF, HP PWD TO
			<lb />
			THE GOVERNMENT OF HIMACHAL
			<lb />
			PRADESH, SHIMLA-2.
			<lb />
			15. ENGINEER-IN-CHIEF, I&amp;PH TO THE
			<lb />
			GOVERNMENT
			<lb />
			OF
			<lb />
			HIMACHAL
			<lb />
			PRADESH, SHIMLA-2.
			<lb />
			16. STATE
			<lb />
			ENVIRONMENT
			<lb />
			IMPACT
			<lb />
			AUTHORITY THROUGH MEMBER
			<lb />
			SECRETARY U.S. CLUB, SHIMLA.
			<lb />
			17. CONTRACTOR
			<lb />
			WELFARE
			<lb />
			ASSOCIATION
			<lb />
			THROUGH
			<lb />
			SHRI
			<lb />
		</front>
		<note place="footnote">
			::: Downloaded on -12/07/2022 00:04:29 :::CIS
			<lb />
		</note>
		<note place="headnote">
			H
			<lb />
			i g h
			<lb />
			C
			<lb />
			o u r t o f H
			<lb />
			. P .
			<lb />
		</note>
		<page>
			3
			<lb />
		</page>
		<front>
			RAJESH KUMAR SUMAN, RESIDENT
			<lb />
			OF SHRI HARISHARNAM COMLEY
			<lb />
			BANK, SHIMLA, H.P.
			<lb />
			18. STONE
			<lb />
			CRUSHERS
			<lb />
			OWNERS
			<lb />
			ASSOCIATION, DAMTAL THROUGH
			<lb />
			SH. ONKAR SINGH, S/O SH. BIR
			<lb />
			SINGH, PROP. M/S HAPPY STONE
			<lb />
			CRUSHER UNIT-II, R/O MAJRA ROAD
			<lb />
			DAMTAL, P.O. BHADROYA, TEHSIL
			<lb />
			INDORA, DISTRICT KANGRA, H.P.
			<lb />
			19. SH. ONKAR SINGH, S/O SH. BIR
			<lb />
			SINGH, PROP. M/S HAPPY STONE
			<lb />
			CRUSHER UNIT-II, R/O DHANGU
			<lb />
			MAJRA
			<lb />
			ROAD
			<lb />
			DAMTAL,
			<lb />
			P.O.
			<lb />
			BHADROYA,
			<lb />
			TEHSIL
			<lb />
			INDORA,
			<lb />
			DISTRICT KANGRA, H.P.
			<lb />
			…RESPONDENTS
			<lb />
			(MR. BALRAM SHARMA, ASGI, FOR R-1
			<lb />
			MR. ASHOK SHARMA, ADOVCATE
			<lb />
			GENERAL WITH MR. NAND LAL THAKUR,
			<lb />
			ADDITIONAL ADVOCATE GENERAL, FOR
			<lb />
			THE STATE)
			<lb />
			MR. JEEVESH SHARMA, ADVOCATE,
			<lb />
			FOR R-10.
			<lb />
			MR. MAAN SINGH, ADVOCATE, FOR
			<lb />
			R-12.
			<lb />
			MR.
			<lb />
			MEHAR
			<lb />
			CHAND
			<lb />
			THAKUR,
			<lb />
			ADVOCATE, FOR R-13.
			<lb />
			MR. B.C. NEGI, SENIOR ADVOCATE,
			<lb />
			WITH MR. UDIT SHAURYA KAUSHIK,
			<lb />
			ADVOCATE, FOR R-17.
			<lb />
			MR. SHRAWAN
			<lb />
			DOGRA, SENIOR
			<lb />
			ADVOCATE,
			<lb />
			WITH
			<lb />
			MR.
			<lb />
			BHARAT
			<lb />
			THAKUR, TEJASVI DOGRA AND MR.
			<lb />
			HARSH KALTA, ADVOCATES, FOR R-18
			<lb />
			AND R-19.
			<lb />
		</front>
		<note place="footnote">
			::: Downloaded on -12/07/2022 00:04:29 :::CIS
			<lb />
		</note>
		<note place="headnote">
			H
			<lb />
			i g h
			<lb />
			C
			<lb />
			o u r t o f H
			<lb />
			. P .
			<lb />
		</note>
		<page>
			4
			<lb />
		</page>
		<front>
			Reserved on 27.12.2021
			<lb />
			Decided on : 05.01.2022
			<lb />
			Whether approved for reporting ? YES
			<lb />
			__________________________________________________
			<lb />
			This petition coming on for pronouncement this day,
			<lb />
			Hon&apos;ble Ms. Justice Jyotsna Rewal Dua, passed the
			<lb />
			following :-
			<lb />
			O R D E R
			<lb />
		</front>
		<body>
			&apos;A bad workman quarrels with his tools&apos;, the saying
			<lb />
			aptly applies to the stand taken by the State in the instant case to
			<lb />
			justify omission of its officials for not ensuring compliance to the
			<lb />
			Statute and the Rules framed thereunder.
			<lb />
			While allowing certain contractors to transport and
			<lb />
			supply minor minerals to it, the State-Public Works Department
			<lb />
			(State-PWD) forgot to ascertain whether the source of such minor
			<lb />
			minerals was legal or not. The Himachal Pradesh Minor Minerals
			<lb />
			(Concession) and Minerals (Prevention of Illegal Mining,
			<lb />
			Transportation and Storage) Rules, 2015 (in short 2015 Rules)
			<lb />
			were given a go-bye. Having turned a blind eye to the 2015
			<lb />
			Rules, the State-PWD now contests the writ petition seeking
			<lb />
			enforcement of these Rules by contending that there is a lacuna
			<lb />
			in 2015 Rules inasmuch as under these Rules, source of
			<lb />
			transported minor minerals could be determined only during
			<lb />
		</body>
		<note place="footnote">
			::: Downloaded on -12/07/2022 00:04:29 :::CIS
			<lb />
		</note>
		<note place="headnote">
			H
			<lb />
			i g h
			<lb />
			C
			<lb />
			o u r t o f H
			<lb />
			. P .
			<lb />
		</note>
		<page>
			5
			<lb />
		</page>
		<body>
			transit of minor minerals and not after the minerals reach their
			<lb />
			destination. The minor minerals now having reached the
			<lb />
			department/destination, no action penal or otherwise can be
			<lb />
			taken against the contractors as 2015 Rules do not empower the
			<lb />
			State to determine source of minerals after the minerals reach the
			<lb />
			site and are used. The State is now helpless and cannot
			<lb />
			determine source of transported/supplied minor minerals. In
			<lb />
			terms of its contractual obligations, the State-PWD is liable to
			<lb />
			release pending bills of contractors irrespective of legal or illegal
			<lb />
			source of minor minerals supplied by them. The State-PWD,
			<lb />
			therefore, has prayed for vacation of interim order dated
			<lb />
			16.07.2020 which restrained the State from clearing the bills of
			<lb />
			contractors, who had failed to produce the transit pass in Form-W
			<lb />
			or Supplementary pass in Form-X.
			<lb />
			2.
			<lb />
			Complaint in the Writ Petition
			<lb />
			The petitioner alleges in the writ petition that :-
			<lb />
			2(i)
			<lb />
			Various development activities in the State, like
			<lb />
			construction of roads, buildings, power projects etc. are being
			<lb />
			executed through private contractors/companies. These
			<lb />
			contractors/companies carry out rampant, illegal and
			<lb />
			indiscriminate mining and transport/supply minor minerals to the
			<lb />
			State Government. Bills for the minor minerals are submitted by
			<lb />
		</body>
		<note place="footnote">
			::: Downloaded on -12/07/2022 00:04:29 :::CIS
			<lb />
		</note>
		<note place="headnote">
			H
			<lb />
			i g h
			<lb />
			C
			<lb />
			o u r t o f H
			<lb />
			. P .
			<lb />
		</note>
		<page>
			6
			<lb />
		</page>
		<body>
			the contractors without disclosing legal source of minor minerals
			<lb />
			like sand, bajri, stone, gravel and boulders etc. The State
			<lb />
			departments clear such bills without asking the contractors to
			<lb />
			produce transport/other mining permits mandatorily required
			<lb />
			under the 2015 Rules.
			<lb />
			2(ii)
			<lb />
			The State departments only charge royalty on the
			<lb />
			transported minor minerals without asking the contractors to show
			<lb />
			legal source of minerals. The contractors purchase the illegally
			<lb />
			extracted minor minerals on cheap rates. Such illegal operations
			<lb />
			cause huge financial loss to the public exchequer.
			<lb />
			2(iii)
			<lb />
			The State has framed 2015 Rules to prevent illegal
			<lb />
			mining/transport/storage of minor minerals. Despite existence of
			<lb />
			deterrent provisions in these Rules, the State has not imposed
			<lb />
			any restriction on the contractors. The contractors with impunity
			<lb />
			do not produce transit passes Form-W/X, permits required under
			<lb />
			the 2015 Rules. The State does not insist upon production of
			<lb />
			such permits, resultantly illegally extracted minor minerals get
			<lb />
			transported and supplied without any check. This also causes
			<lb />
			loss to the State exchequer as only royalty is charged from the
			<lb />
			contractors on the transported minor minerals. Penal provisions
			<lb />
			for illegal transportation of minerals are not enforced. No effort is
			<lb />
		</body>
		<note place="footnote">
			::: Downloaded on -12/07/2022 00:04:29 :::CIS
			<lb />
		</note>
		<note place="headnote">
			H
			<lb />
			i g h
			<lb />
			C
			<lb />
			o u r t o f H
			<lb />
			. P .
			<lb />
		</note>
		<page>
			7
			<lb />
		</page>
		<body>
			made by the State to see whether the transported minerals are
			<lb />
			procured from legal source or not.
			<lb />
			2(iv)
			<lb />
			The attitude of the State departments in ignoring the
			<lb />
			2015 Rules only results in illegal and unscientific mining,
			<lb />
			unmindful exploitation of State&apos;s natural resources, adversely
			<lb />
			affecting the environment and ecology.
			<lb />
			With the above submissions, the writ petition was
			<lb />
			filed for the following substantive prayers :-
			<lb />
			&quot;A) That a writ of mandamus may kindly be issued directing respondents
			<lb />
			to recover the penalty amount, as per the judgment dated 11.05.2010 in
			<lb />
			CWP No. 2632 of 2009 titled Harbhajan Singh Vs. State of H.P. of this
			<lb />
			Hon&apos;ble Court, from the contractors, whosoever has deposited the royalty
			<lb />
			amount without enclosing alongwith their bills legal source of minerals
			<lb />
			used in the work executed by them that too from the date of the judgment
			<lb />
			i.e. 11.05.2010.
			<lb />
			B) That the respondents may kindly be directed not to clear the bills of all
			<lb />
			the Govt. contractors who have failed to produce the transit pass in Form-
			<lb />
			W or Supplementary Pass in Form-X as mandated in Himachal Pradesh
			<lb />
			Minor Minerals (Concession) and Minerals (Prevention of Illegal Mining,
			<lb />
			Transportation and Storage) Rules, 2015.
			<lb />
			C) That it is humbly prayed that an independent investigation may kindly
			<lb />
			be conducted in the entire gamut of illegal mining by the contractors and
			<lb />
			the Govt. officials who have intentionally ignored the judgment of this
			<lb />
			Hon&apos;ble Court dated 11.05.2010 in CWP No. 2632 of 2009 titled as
			<lb />
			Harbhajan Singh Vs. State of H.P. and rule and regulation while clearing
			<lb />
			the bills of the Contractors.&quot;
			<lb />
			3.
			<lb />
			Interim order passed in the matter
			<lb />
			3(i)
			<lb />
			Vide interim order passed in the matter on
			<lb />
			16.07.2020, the respondents were restrained from &apos;clearing the
			<lb />
		</body>
		<note place="footnote">
			::: Downloaded on -12/07/2022 00:04:29 :::CIS
			<lb />
		</note>
		<note place="headnote">
			H
			<lb />
			i g h
			<lb />
			C
			<lb />
			o u r t o f H
			<lb />
			. P .
			<lb />
		</note>
		<page>
			8
			<lb />
		</page>
		<body>
			bills of the contractors, who failed to produce the transit pass in
			<lb />
			Form-&apos;W&apos; or Supplementary Pass in Form-&apos;X&apos; as mandatorily
			<lb />
			required under the provisions of Himachal Pradesh Minor
			<lb />
			Minerals (Concession) and Minerals (Prevention of Illegal Mining,
			<lb />
			Transportation and Storage) Rules, 2015&apos;.
			<lb />
			3(ii)
			<lb />
			The above seemingly innocuous order directing the
			<lb />
			State not to act contrary to the legal provisions, has given rise to
			<lb />
			difficulties, not only to the contractors, but to the State as well.
			<lb />
			The Contractors&apos; Welfare Association was impleaded as
			<lb />
			respondent No. 17 in the matter vide order dated 10.03.2021. The
			<lb />
			Stone Crushers Owners Association and one individual Stone
			<lb />
			Crusher Owner were impleaded as respondents No. 18 and 19
			<lb />
			on 26.11.2021.
			<lb />
			3(iii)
			<lb />
			The State-PWD and the Contractors&apos; Welfare
			<lb />
			Association have moved applications for vacation of interim order
			<lb />
			dated 16.07.2020. Mr. Ashok Sharma, learned Advocate General,
			<lb />
			has forcefully argued that because of the interim order, the State-
			<lb />
			PWD is not in a position to clear the pending bills of the
			<lb />
			contractors for minor minerals transported and supplied by them.
			<lb />
			The reason given is that the respondent-PWD had been
			<lb />
			executing large number of public works. For execution of such
			<lb />
			public works, huge quantity of minor minerals was transported
			<lb />
		</body>
		<note place="footnote">
			::: Downloaded on -12/07/2022 00:04:29 :::CIS
			<lb />
		</note>
		<note place="headnote">
			H
			<lb />
			i g h
			<lb />
			C
			<lb />
			o u r t o f H
			<lb />
			. P .
			<lb />
		</note>
		<page>
			9
			<lb />
		</page>
		<body>
			and supplied by the contractors. A number of contractors did not
			<lb />
			produce W/X Forms. In such cases, the respondent-PWD
			<lb />
			charged royalty on the minerals at the rate fixed by the
			<lb />
			department of Industry on production of GST paid bills. Because
			<lb />
			of the interim order, State-PWD is not in a position to clear bills of
			<lb />
			the contractors who do not produce W/X Forms. It is the stand
			<lb />
			taken by the State that W/X Forms in respect of material which
			<lb />
			stands already utilized in execution of work cannot be procured at
			<lb />
			this stage. Due to non-payment of bills, the contractors are not
			<lb />
			expediting the work. Resultantly, the progress of large number of
			<lb />
			projects has been delayed.
			<lb />
			Further, it has been submitted that contractors who
			<lb />
			transport the minor minerals from outside the State can only
			<lb />
			produce GST paid bills. They cannot be asked to produce transit
			<lb />
			pass-W/X Form. Respondent-PWD charges and intends to
			<lb />
			charge royalty from the contractors on the minor minerals on
			<lb />
			production of GST paid bills. In such manner, object of production
			<lb />
			of W/X Form that no illegal mining takes place is achieved as
			<lb />
			recovery of royalty is ensured to the Government.
			<lb />
			Next reason submitted is that minor minerals are
			<lb />
			found in number of work sites. Such mineral is also used near the
			<lb />
		</body>
		<note place="footnote">
			::: Downloaded on -12/07/2022 00:04:29 :::CIS
			<lb />
		</note>
		<note place="headnote">
			H
			<lb />
			i g h
			<lb />
			C
			<lb />
			o u r t o f H
			<lb />
			. P .
			<lb />
		</note>
		<page>
			10
			<lb />
		</page>
		<body>
			work-sites. There is no transportation of mineral requiring W/X
			<lb />
			Forms in such cases.
			<lb />
			Therefore, prayer has been made to vacate the
			<lb />
			interim order dated 16.07.2020 to enable the State-PWD to make
			<lb />
			payment to the contractors who had transported/supplied the
			<lb />
			mineral after deduction of amount of royalty from their bills at the
			<lb />
			rate fixed by the department of Industry.
			<lb />
			3(iv)
			<lb />
			Similar prayer for vacation of interim order dated
			<lb />
			16.07.2020 has been made by respondent No. 17 i.e.
			<lb />
			Contractors&apos; Welfare Association. It has also been contended that
			<lb />
			non-production or non procurement of transit pass by a
			<lb />
			buyer/purchaser/contractor would not make the genuine purchase
			<lb />
			of processed product illegal. It has been further prayed that bills
			<lb />
			worth crores of rupees are not being cleared by the respondents,
			<lb />
			therefore, interim order dated 16.07.2020 needs to be vacated.
			<lb />
			4.
			<lb />
			We have heard Mr. Deepak Kaushal, learned
			<lb />
			counsel for the petitioner, Mr. B.C. Negi, learned Senior Counsel
			<lb />
			for respondent No. 17, Mr. Shrawan Dogra, learned Senior
			<lb />
			Counsel for respondents No. 18 and 19 and Mr. Ashok Sharma,
			<lb />
			learned Advocate General for the State-respondents at length.
			<lb />
			The arguments have been addressed by the learned counsel for
			<lb />
			the parties on all the contours of the writ petition. We, therefore,
			<lb />
		</body>
		<note place="footnote">
			::: Downloaded on -12/07/2022 00:04:29 :::CIS
			<lb />
		</note>
		<note place="headnote">
			H
			<lb />
			i g h
			<lb />
			C
			<lb />
			o u r t o f H
			<lb />
			. P .
			<lb />
		</note>
		<page>
			11
			<lb />
		</page>
		<body>
			have taken up the writ petition for disposal in light of elaborate
			<lb />
			submissions made before us by all the learned counsel. Following
			<lb />
			two main points emerge for consideration in this case :-
			<lb />
			(i)
			<lb />
			Whether the State has power to make rules for
			<lb />
			regulating transport of minor minerals ?
			<lb />
			(ii)
			<lb />
			Whether 2015 Rules suffer from any lacuna as
			<lb />
			contended by the State PWD and, therefore, cannot
			<lb />
			be enforced upon the contractors ?
			<lb />
			The above points are being separately considered hereinafter :-
			<lb />
			5.
			<lb />
			Point No.1. Power of State to make Rules for
			<lb />
			regulating transport of minor minerals.
			<lb />
			5(i)
			<lb />
			Contentions :-
			<lb />
			Mr. B.C. Negi, leaned Senior Counsel for the
			<lb />
			Contractors&apos; Welfare Association submitted that power of the
			<lb />
			State Government under Rule 15 of Mines and Minerals
			<lb />
			(Development and Regulation) Act, 1957 (in short MMDR Act)
			<lb />
			does not include control over minor minerals after they are
			<lb />
			excavated. No power flows from Section 23-C of the Act to make
			<lb />
			Rules for regulating transportation of legally excavated minerals.
			<lb />
			In support of submissions, reliance was placed on (2019) 16 SCC
			<lb />
			513, titled State of Gujarat and others Vs. Jayeshbhai
			<lb />
			Kanjibhai Kalathiya and others. It was then contended that
			<lb />
			condition of production of W/X Form, transit pass or any other
			<lb />
		</body>
		<note place="footnote">
			::: Downloaded on -12/07/2022 00:04:29 :::CIS
			<lb />
		</note>
		<note place="headnote">
			H
			<lb />
			i g h
			<lb />
			C
			<lb />
			o u r t o f H
			<lb />
			. P .
			<lb />
		</note>
		<page>
			12
			<lb />
		</page>
		<body>
			regulation for transport of already excavated minerals cannot be
			<lb />
			imposed upon the contractors by the State.
			<lb />
			The above contention of contractors has been
			<lb />
			vehemently opposed by learned Advocate General as well as by
			<lb />
			learned counsel for the petitioner and respondents No. 18 and 19.
			<lb />
			Their submissions are that State has ample power under Section
			<lb />
			15 read with Section 23-C of the MMDR Act to prevent illegal
			<lb />
			mining activities in the State by making appropriate Rules for
			<lb />
			transportation of minor mineral.
			<lb />
			5(ii)
			<lb />
			Observations
			<lb />
			5(ii)(a)
			<lb />
			Power of the State to frame rules in respect of minor
			<lb />
			minerals and for purposes connected therewith flows from
			<lb />
			Section 15(1) of MMDR Act which reads as under :-
			<lb />
			&quot;15. Power of State Governments to make rules in respect of minor
			<lb />
			minerals.-(1) The State Government may, by notification in the
			<lb />
			Official Gazette, make rules for, regulating the grant of quarry leases,
			<lb />
			mining leases or other mineral concessions in respect of minor
			<lb />
			minerals and for purposes connected therewith.
			<lb />
			(1A) In particular and without prejudice to the generality of the
			<lb />
			foregoing power, such rules may provide for all or any of the
			<lb />
			following matters, namely:-
			<lb />
			&quot;(a) to (o) x x x x x x x x x x x x x x x x x x x x&quot;
			<lb />
			The amending Act No. 38 of 1999 inserted following
			<lb />
			Section 23-C in the MMDR Act, which empowers the State to
			<lb />
			make rules for preventing illegal mining, transportation and
			<lb />
			storage of minerals :-:-
			<lb />
		</body>
		<note place="footnote">
			::: Downloaded on -12/07/2022 00:04:29 :::CIS
			<lb />
		</note>
		<note place="headnote">
			H
			<lb />
			i g h
			<lb />
			C
			<lb />
			o u r t o f H
			<lb />
			. P .
			<lb />
		</note>
		<page>
			13
			<lb />
		</page>
		<body>
			&quot;23-C. Power of State Government to make rules for preventing illegal
			<lb />
			mining, transportation and storage of minerals.-
			<lb />
			(1) The State Government may, by notification in the Official Gazette, make
			<lb />
			rules for preventing illegal mining, transportation and storage of minerals
			<lb />
			and for the purposes connected therewith.
			<lb />
			(2) In particular and without prejudice to the generality of the foregoing
			<lb />
			power, such rules may provide for all or any of the following matters,
			<lb />
			namely:-
			<lb />
			(a) establishment of check-posts for checking of minerals under transit;
			<lb />
			(b) establishment of weigh-bridges to measure the quantity of mineral
			<lb />
			being transported;
			<lb />
			(c) regulation of mineral being transported from the area granted under
			<lb />
			a prospecting licence or a mining lease or a quarrying licence or a
			<lb />
			permit, in whatever name the permission to excavate minerals, has been
			<lb />
			given;
			<lb />
			(d) inspection, checking and search of minerals at the place of excavation
			<lb />
			or storage or during transit;
			<lb />
			(e) maintenance of registers and forms for the purposes of these rules;
			<lb />
			(f) the period within which and the authority to which applications for
			<lb />
			revision of any order passed by any authority be preferred under any rule
			<lb />
			made under this section and the fees to be paid therefor and powers of
			<lb />
			such authority for disposing of such applications; and
			<lb />
			(g) any other matter which is required to be, or may be, prescribed for
			<lb />
			the purpose of prevention of illegal mining, transportation and storage of
			<lb />
			minerals.
			<lb />
			(3) Notwithstanding anything contained in section 30, the Central
			<lb />
			Government shall have no power to revise any order passed by a State
			<lb />
			Government or any of its authorised officers or any authority under the
			<lb />
			rules made under sub-sections (1) and (2).&quot;
			<lb />
			5(ii)(b)
			<lb />
			Himachal Pradesh Mining and Mineral (Concession)
			<lb />
			Revised Rules 1971 and the Himachal Pradesh Minerals
			<lb />
			(Prevention of Illegal Mining, Transportation and Storage) Rules
			<lb />
			2004 were repealed by the Himachal Pradesh Miner Minerals
			<lb />
			(Concession) and Minerals
			<lb />
			(Prevention of Illegal Mining,
			<lb />
			Transportation and Storage) Rules 2015. The 2015 Rules were
			<lb />
			framed in exercise of powers under Sections 15 and 23-C of the
			<lb />
			Act. Some rules from 2015 Rules concerning transportation of
			<lb />
			minor minerals need to be noticed at this stage.
			<lb />
		</body>
		<note place="footnote">
			::: Downloaded on -12/07/2022 00:04:29 :::CIS
			<lb />
		</note>
		<note place="headnote">
			H
			<lb />
			i g h
			<lb />
			C
			<lb />
			o u r t o f H
			<lb />
			. P .
			<lb />
		</note>
		<page>
			14
			<lb />
		</page>
		<body>
			Chapter VII of 2015 Rules is under the heading
			<lb />
			&apos;Prevention of Illegal Mining, Storage and Transportation of
			<lb />
			Minerals&apos;. It contains Rules 72-82 which are as under :-
			<lb />
			&quot;72. Prevention of illegal mining.-No person shall undertake any
			<lb />
			mining operation in any area except under and in accordance with
			<lb />
			the terms and conditions of these rules.
			<lb />
			73. Penalty provision for illegal mining.-Any contravention of rule
			<lb />
			72 shall be punishable with imprisonment for a terms which may
			<lb />
			extent to two years, or with fine which may extend to Rs. 25,000/-
			<lb />
			(Rupees Twenty five thousand only), or with both: Provided that the
			<lb />
			contravention of rule 72 for the first and the second time may be
			<lb />
			compounded by an officer authorized by the Government under
			<lb />
			section 22 of the Act and the case in relation to the subsequent
			<lb />
			contravention shall be filed by the officer so authorized in the
			<lb />
			competent court of law. The manner of compounding of offence shall
			<lb />
			be as under:-
			<lb />
			(i) In case of illegal mining carried out manually the amount of
			<lb />
			compounding fee shall not be less than Rs. 10,000/-if the mineral
			<lb />
			extracted is upto 25 metric tonnes; (ii) If the quantity of illegal mining
			<lb />
			carried out exceeds 25 metric tonnes, additional compounding fee @
			<lb />
			Rs. 400/-per metric tonne shall be charged;
			<lb />
			(iii) In case of second contravention a minimum compounding fee of
			<lb />
			Rs. 25,000/-shall be charged;
			<lb />
			(iv) In case of illegal mining done mechanically in the river/stream
			<lb />
			beds, the amount of compounding fee shall not be less than Rs.
			<lb />
			25,000/-.
			<lb />
			74. Grant of registration for storage of mineral.-(1) Any person
			<lb />
			desirous of being registered as a dealer or for renewal of registration
			<lb />
			shall apply in Form-&apos;S&apos; to the Mining Officer. The application shall be
			<lb />
			submitted in quadruplicate in his office;
			<lb />
			(2) Every application made under sub-rule (1) shall be accompanied
			<lb />
			by,-
			<lb />
			(a) a fee as specified in the First Schedule payable through treasury
			<lb />
			challan under following Head of Account:-&quot;0853-Non Ferrous Mining
			<lb />
			and Metallurgical Industries, 102-Mineral Concession Fees and
			<lb />
			Royalties, 81-Other receipts&quot;;
			<lb />
			(b) an affidavit to the effect that he had not been convicted in any
			<lb />
			offence relating to illegal extraction or transportation of minerals; and
			<lb />
			(c) a copy of the certificate issued by the Industries Department or
			<lb />
			any other Department of Government for establishment of the mineral
			<lb />
			based factory or beneficiation plant or any industry, if any.
			<lb />
			(3) On receipt of application for registration, the office of the Mining
			<lb />
			Officer shall acknowledge the receipt within a week in Form-&apos;T&apos;.
			<lb />
			75. Prevention of illegal storage.-(1) No person shall store or
			<lb />
			cause to be stored any mineral by any means at any place without
			<lb />
			having valid permission or registration as a dealer with Department of
			<lb />
			Industries, Himachal Pradesh as per the provisions or these rules.
			<lb />
		</body>
		<note place="footnote">
			::: Downloaded on -12/07/2022 00:04:29 :::CIS
			<lb />
		</note>
		<note place="headnote">
			H
			<lb />
			i g h
			<lb />
			C
			<lb />
			o u r t o f H
			<lb />
			. P .
			<lb />
		</note>
		<page>
			15
			<lb />
		</page>
		<body>
			(2) All the dealers shall register themselves as dealer with
			<lb />
			Department of Industries Himachal Pradesh as per the procedure laid
			<lb />
			down in these rules: Provided that the holder of a mining lease or
			<lb />
			contract or tender or permit holder, as the case may be, in respect of
			<lb />
			a mineral for which he holds a minerals concession shall not be
			<lb />
			required to register himself as a dealer separately: Provided further
			<lb />
			that where the stock of mineral is less than 50 metric tonnes, the
			<lb />
			person shall not be required to register himself as dealer if the said
			<lb />
			mineral is stored for his bonafide use.
			<lb />
			76. Processing of the application by the Mining Officer.-(1) The
			<lb />
			Mining Officer shall maintain a register in his office in Form-&apos;U&apos;
			<lb />
			wherein he shall made necessary entries about the application
			<lb />
			immediately after its receipt and its disposal in due course.
			<lb />
			(2) The Mining Officer shall grant to a dealer registration in Form-&apos;V&apos;
			<lb />
			for a period of five years within thirty days from the date of receipt of
			<lb />
			the application. In case of refusal or rejection of the application, the
			<lb />
			reasons shall be recorded in writing and communicated to the
			<lb />
			applicant within thirty days from the date of receipt of the application.
			<lb />
			(3) The application for renewal shall be made in Form-&apos;S&apos; to the
			<lb />
			Mining Officer ninety days prior to the date of expiry of the existing
			<lb />
			registration. If orders of renewal are not passed before the expiry, it
			<lb />
			shall be deemed to have been renewed for the further period subject
			<lb />
			to the final decision whenever communicated.
			<lb />
			77. Conditions for the issue of registration.-The registration shall
			<lb />
			be granted in Form-`V&apos; subject to the following conditions namely,-
			<lb />
			(i) the dealer shall deposit a sum as specified in the First Schedule in
			<lb />
			the shape of fixed deposit receipt duly pledged in favour of Mining
			<lb />
			Officer as security for due observance of terms and conditions of
			<lb />
			registration;
			<lb />
			(ii) the dealer shall maintain correct and legible monthly account of
			<lb />
			ores and mineral procured, processed and transported to different
			<lb />
			destinations;
			<lb />
			(iii) any person who transports the mineral and who is required to
			<lb />
			carry a transit pass in Form-&apos;W&apos; or Supplementary Form-&apos;X&apos; on
			<lb />
			demand shall produce such pass to any authorized officer in this
			<lb />
			behalf;
			<lb />
			(iv) every dealer shall submit a return in Form-&apos;Y&apos; to the Mining
			<lb />
			Officer by the 10th of succeeding month;
			<lb />
			(v) while removing the ore or minerals from the stores or factories,
			<lb />
			the dealer shall obtain permission from the concerned authorized
			<lb />
			officer and transport the ore or mineral under transit pass Form-&apos;W&apos; or
			<lb />
			Supplementary Pass Form-X obtained from his office;
			<lb />
			(vi) every dealer shall allow Director of Industries or State Geologist
			<lb />
			or Geologist or Assistant Geologist or Mining Officer or Mining
			<lb />
			Inspector to inspect the store and factories to verify the stocks of the
			<lb />
			minerals and take sample, abstract from the records maintained by
			<lb />
			him; and (vii) the registration shall be cancelled after serving a notice,
			<lb />
			if dealer commits a breach of any condition of this rule.
			<lb />
			78. Penalty provision for illegal storage.-Any contravention of
			<lb />
			sub-rule (1) and (2) of rule 75 shall be punishable with imprisonment
			<lb />
			for a term which extend to two years, or with fine which may extend
			<lb />
			to Rs. 25,000/-(Rupees Twenty five thousand only), or with both:
			<lb />
		</body>
		<note place="footnote">
			::: Downloaded on -12/07/2022 00:04:29 :::CIS
			<lb />
		</note>
		<note place="headnote">
			H
			<lb />
			i g h
			<lb />
			C
			<lb />
			o u r t o f H
			<lb />
			. P .
			<lb />
		</note>
		<page>
			16
			<lb />
		</page>
		<body>
			Provided that the contravention of sub-rule (1) and (2) of rule 75 for
			<lb />
			the first and second time may be compounded by an officer
			<lb />
			authorized by the Government under section 22 of the Act and the
			<lb />
			case in relation to the subsequent contravention shall be filed by the
			<lb />
			officer so authorized in the competent court of law:
			<lb />
			Provided further that the amount of compounding fee shall not be
			<lb />
			less than Rs. 25000/-plus the market sale price of the total material
			<lb />
			stored illegally at the spot.
			<lb />
			79. Transportation of minerals.-(1) No person shall transport or
			<lb />
			cause to be transported any mineral otherwise than in accordance
			<lb />
			with the provisions of these rules.
			<lb />
			(2) The holder of a mining lease or contract or permit or permission or
			<lb />
			store or a person authorized by him in this behalf shall issue a transit
			<lb />
			pass in Form-&apos;W&apos; or Supplementary Pass in Form-&apos;X&apos; as the case
			<lb />
			may be duly countersigned by the concerned Mining Officer or any
			<lb />
			other Officer authorized by him in this behalf to every person carrying
			<lb />
			a consignment of minor mineral by a vehicle, animal or any other
			<lb />
			mode of transport.
			<lb />
			(3) For transportation of any mineral to any place, the dealer or
			<lb />
			holder of mining lease or contract or permit or permission shall make
			<lb />
			an application to the authorized officer for issue of transit pass.
			<lb />
			(4) The transit pass shall be in triplicate. Two copies of which shall be
			<lb />
			issued to the consignor while third shall remain with the dealer or
			<lb />
			holder of mining lease or contract or permit or permission and shall
			<lb />
			be produced before authorized officer as and when demanded by
			<lb />
			him. One copy of transit pass shall be retained by Inspecting
			<lb />
			Officer/In-charge of Check Post who shall endorse the second copy,
			<lb />
			which shall remain with the carrier during transportation and shall
			<lb />
			hand over the same to dealer or buyer, as the case may be: Provided
			<lb />
			that if mineral is being carried from other State, then the consignor
			<lb />
			should have proper document of that State, indicating the place and
			<lb />
			address of firm or supplier who happened to be supplier of that
			<lb />
			mineral.
			<lb />
			(5) Every person carrying any minor mineral shall on demand at any
			<lb />
			place including check post/barrier by any Officer of the State
			<lb />
			Government authorized in this behalf show the said Transit Pass in
			<lb />
			Form-&apos;W&apos; or Supplementary Pass in Form-&apos;X&apos; to such Officer and
			<lb />
			allow him to verify the correctness of the particulars of the Transit
			<lb />
			Pass Form-&apos;W&apos; or Supplementary Pass in Form-&apos;X&apos; with reference to
			<lb />
			the quantity of the minor mineral.
			<lb />
			(6) Every dealer shall provide all reasonable facilities to the
			<lb />
			authorized officer in this behalf to inspect verify and check the stocks
			<lb />
			and accounts of mineral and any other documents pertaining thereto.
			<lb />
			80. Establishment of check posts and barriers for weighment
			<lb />
			and inspection of mineral in transits.-
			<lb />
			(1) If the Government considers it necessary to do so with a view to
			<lb />
			check the transport and storage of minerals raised without lawful
			<lb />
			authority, it may direct, the setting up of check post or erection of
			<lb />
			barriers or both at any place or places within the State by notifying in
			<lb />
			the Official Gazette. (2) Any authorized officer may check any vehicle
			<lb />
			carrying mineral at any place and the person in-charge of the carrier
			<lb />
			shall furnish a valid transit pass on Form-&apos;W&apos; or Supplementary Form-
			<lb />
		</body>
		<note place="footnote">
			::: Downloaded on -12/07/2022 00:04:29 :::CIS
			<lb />
			H
			<lb />
			i g h
			<lb />
			C
			<lb />
			o u r t o f H
			<lb />
			. P .
			<lb />
		</note>
		<page>
			17
			<lb />
		</page>
		<body>
			&apos;X&apos; as the case may be and other particulars such as bill or receipt or
			<lb />
			delivery note on demand by that Officer.
			<lb />
			(3) At every check post or barrier or at any other place when so
			<lb />
			required by the Officer in-charge of the check-post or the barrier or
			<lb />
			any other authorized Officer, the person in-charge of the carrier shall
			<lb />
			stop the same for examination of the mineral in transit and also
			<lb />
			inspect all records and documents relating to minerals. The person
			<lb />
			in-charge of the carrier shall, if so required by the officer in-charge of
			<lb />
			the check-post or the barrier or any other authorized officer, furnish
			<lb />
			his name and address and also that of the owner of the carrier and
			<lb />
			the name and address of both consignor and the consignee. After
			<lb />
			checking the mineral and carrier, the officer in-charge of the check
			<lb />
			post or the barrier or any other authorized officer as aforesaid shall
			<lb />
			put his signature on the transit pass.
			<lb />
			(4) The Officer-in-charge of the check post or the barrier or
			<lb />
			authorized Officer shall have the power to seize the mineral alongwith
			<lb />
			the carrier in transit, if the dispatch is not in conformity with Transit
			<lb />
			pass.
			<lb />
			(5) Every Officer who initiates action for seizure of carrier or mineral
			<lb />
			or both as the case may be, under these rules shall prepare a list so
			<lb />
			seized and deliver a copy thereof signed by him to the person found
			<lb />
			in possession. He shall keep such property under his custody with
			<lb />
			proper official seal and with detailed information in Form-&apos;Z&apos;.
			<lb />
			(6) The Officer-in-charge of the check post or the barrier or
			<lb />
			authorized officer, as the case may be, may direct the person in-
			<lb />
			charge of the carrier to carry the mineral to the nearest police station
			<lb />
			or check post or barrier of the concerned Department: Provided that if
			<lb />
			the person in-charge refuses to carry the mineral and the carrier to
			<lb />
			the nearest police station or check post or barrier of the department,
			<lb />
			the officer in-charge or any other Authorized Officer under the sub-
			<lb />
			rule(4) may seize the carrier and take the same in his possession.
			<lb />
			(7) Whenever a carrier together with the mineral is seized under
			<lb />
			these rules, by an authorized officer, such officer shall give an option
			<lb />
			to the owner or in-charge of the carrier for compounding the offence
			<lb />
			as provided under these rules in lieu of such seizure. In case of
			<lb />
			failure of owner or person in-charge of the carrier to exercise such
			<lb />
			option legal action shall be initiated against him by the Officer
			<lb />
			authorized in this behalf.
			<lb />
			81. Penalty provision for illegal transportation.-Any contravention
			<lb />
			of rule 79 and 80 shall be punishable with imprisonment for a term
			<lb />
			which may extend to two years, or with fine which may extend to Rs.
			<lb />
			25,000/-(Rupees Twenty five thousand only), or with both: Provided
			<lb />
			that the contravention of rule 79 and 80 for the first and the second
			<lb />
			time may be compounded by an officer authorized by the
			<lb />
			Government under section 22 of the Act and the case in relation to
			<lb />
			the subsequent contravention shall be filed by the officer so
			<lb />
			authorized in the competent court of law. The manner of
			<lb />
			compounding of offence shall be as under:-The amount of
			<lb />
			compounding fee shall not be less than 4500/-(Rs. Four thousand &amp;
			<lb />
			five hundred) only for tractor, Rs. 7000/-(Rs. Seven thousand) only
			<lb />
			for medium truck/tipper having capacity upto 7 metric tonnes, Rs.
			<lb />
			15,000/-(Rs. Fifteen thousand) only for trucks having capacity upto
			<lb />
		</body>
		<note place="footnote">
			::: Downloaded on -12/07/2022 00:04:29 :::CIS
			<lb />
		</note>
		<note place="headnote">
			H
			<lb />
			i g h
			<lb />
			C
			<lb />
			o u r t o f H
			<lb />
			. P .
			<lb />
		</note>
		<page>
			18
			<lb />
		</page>
		<body>
			10 metric tonnes and 25,000/-(Rs. Twenty five thousand) only for
			<lb />
			trucks with capacity more than 10 metric tonnes and Rs. 200/-(Two
			<lb />
			hundred) only for mule/horse.
			<lb />
			82. Seizure and confiscation.-(1) whenever any person raises or
			<lb />
			causes to be raised without any lawful authority, any mineral from
			<lb />
			any land and for that purpose, uses any tool, equipment or any other
			<lb />
			thing shall be liable to be seized by an official or authority especially
			<lb />
			empowered in this behalf by the Government under sub-section (4)
			<lb />
			of the section 21 of the Act.
			<lb />
			(2) Any mineral, tools, equipment or any other thing seized under
			<lb />
			sub-rule (1), shall be liable to be confiscated by an order of the court
			<lb />
			competent to take cognizance of the offence under rules 73 &amp; 78 and
			<lb />
			shall be disposed of in accordance with the directions of such court.&quot;
			<lb />
			Chapter VII of 2015 Rules aims to prevent illegal
			<lb />
			mining and contains penalty provisions for illegal mining. It also
			<lb />
			aims to prevent illegal storage and contains penalty provisions for
			<lb />
			illegal storage of minor minerals. The Chapter gives the
			<lb />
			mechanism for valid transport of minor mineral and stipulates
			<lb />
			penalty for violation of the provisions. The sum and substance of
			<lb />
			above Rules viz-a-viz transportation of minor minerals is that a
			<lb />
			holder of a mining lease or contract or a permit or permission or
			<lb />
			store or a person authorized by him in this behalf shall issue a
			<lb />
			transit pass in Form-&apos;W&apos; or Supplementary pass in Form-&apos;X&apos;, duly
			<lb />
			countersigned by the Mining Officer or any other Officer
			<lb />
			authorized by him, to every person carrying the consignment of
			<lb />
			minor mineral by a vehicle, animal or any other mode of transport.
			<lb />
			The procedure to apply for transit pass, processing of the
			<lb />
			application, supply of transit pass are all detailed in the 2015
			<lb />
			Rules. The transit pass is to be shown on demand at any place
			<lb />
		</body>
		<note place="footnote">
			::: Downloaded on -12/07/2022 00:04:29 :::CIS
			<lb />
		</note>
		<note place="headnote">
			H
			<lb />
			i g h
			<lb />
			C
			<lb />
			o u r t o f H
			<lb />
			. P .
			<lb />
		</note>
		<page>
			19
			<lb />
		</page>
		<body>
			including the check-post/barrier to the officials of the State for
			<lb />
			allowing them to verify the correctness of particulars of the transit
			<lb />
			pass more particularly with reference to the quantity of the minor
			<lb />
			mineral and its source of procurement. The procedure for
			<lb />
			checking the transit pass vis-à-vis the minerals carried at the
			<lb />
			check-posts/barriers has also been given in the Rules. Penal
			<lb />
			provisions for illegal transportation of mining minerals are also in
			<lb />
			place under Rule 81 for violation of Rules 79 and 80.
			<lb />
			5(ii)(c)
			<lb />
			We may now consider (2019) 16 SCC 513, State of
			<lb />
			Gujarat and others Vs. Jayeshbhai Kanjibhai Kalathiya and
			<lb />
			others relied upon by learned Senior Counsel for the contractors
			<lb />
			to contend that State has no power to regulate the transport of
			<lb />
			excavated minor mineral. Jayeshbhai&apos;s was a case where State
			<lb />
			of Gujarat prohibited all lease holders, stockists, traders and
			<lb />
			exporters from exporting ordinary sand excavated in the State of
			<lb />
			Gujarat to other States within the country or other countries. Rule
			<lb />
			44-BB inserted in Gujarat Minor Mineral Rules prohibiting
			<lb />
			movement of minor mineral beyond Gujarat border reads as
			<lb />
			under :-
			<lb />
			&quot;No movement of sand shall be allowed beyond the border of the
			<lb />
			State. In case any vehicle is found transporting sand to the
			<lb />
			neighbouring State, even with authorized royalty pass or delivery
			<lb />
			challan, it shall be treated as violation of the Act and the Rules
			<lb />
			made thereunder and the penal provisions as specified therein shall
			<lb />
			be applicable.&quot;
			<lb />
		</body>
		<note place="footnote">
			::: Downloaded on -12/07/2022 00:04:29 :::CIS
			<lb />
		</note>
		<note place="headnote">
			H
			<lb />
			i g h
			<lb />
			C
			<lb />
			o u r t o f H
			<lb />
			. P .
			<lb />
		</note>
		<page>
			20
			<lb />
		</page>
		<body>
			Rule 71 of Gujarat Minor Mineral Concession Rules,
			<lb />
			2010 reads as under :-
			<lb />
			&quot;No movement of sand shall be allowed beyond the border of the
			<lb />
			State. In case any vehicle is found transporting sand to the
			<lb />
			neighbouring State even with authorized royalty pass or delivery
			<lb />
			challan, it shall be treated as violation of the Act and the rules made
			<lb />
			thereunder and the penal provisions, except compounding, as
			<lb />
			specified therein shall be applicable.&quot;
			<lb />
			Challenge was made to Rule 44-BB of the
			<lb />
			Amendment Rule as well as Rule 71 of the Concession Rules.
			<lb />
			The High Court stuck down both the Rules holding that the rule
			<lb />
			making power of the State Government does not empower and
			<lb />
			cannot be stretched to empower the State to make rules directly
			<lb />
			prohibiting movement of mineral so as to impinge upon the
			<lb />
			freedom guaranteed by Article 301 of the Constitution of India.
			<lb />
			The State of Gujarat challenged the decision of the High Court
			<lb />
			before the apex Court. Hon&apos;ble apex Court noted the power given
			<lb />
			to State for framing Rules with respect to the minor minerals
			<lb />
			under Sections 15 and 23-C of the Act as under :-
			<lb />
			&quot;10. A perusal of Sections 15 and 23-C in relation to the aforesaid
			<lb />
			discussion would clearly suggest that the power of the State
			<lb />
			Government to make rules is restricted to:
			<lb />
			10.1.
			<lb />
			making rules for grant of quarry leases, mining leases
			<lb />
			or other mineral concessions in respect of minor minerals and for
			<lb />
			the purposes connected therewith; and
			<lb />
		</body>
		<note place="footnote">
			::: Downloaded on -12/07/2022 00:04:29 :::CIS
			<lb />
		</note>
		<note place="headnote">
			H
			<lb />
			i g h
			<lb />
			C
			<lb />
			o u r t o f H
			<lb />
			. P .
			<lb />
		</note>
		<page>
			21
			<lb />
		</page>
		<body>
			10.2.
			<lb />
			making
			<lb />
			rules
			<lb />
			for
			<lb />
			preventing
			<lb />
			illegal
			<lb />
			mining,
			<lb />
			transportation and storage of minerals and for the purposes
			<lb />
			connected therewith.&quot;
			<lb />
			In paras 11 and 12 of the judgment, Hon&apos;ble apex
			<lb />
			Court noticed the observations of the High Court that delegation
			<lb />
			of powers to the State Government under Sections 15 and 23-C
			<lb />
			of the Act does not include or envisage restrictions on inter-State
			<lb />
			trade and commerce which shall be free. The High Court had
			<lb />
			held the impugned Rules to be ultra vires of the provisions of
			<lb />
			Sections 15 and 23-C of MMDR Act as well as Article 301 of the
			<lb />
			Constitution of India.
			<lb />
			The Hon&apos;ble apex Court considered various
			<lb />
			precedents in timeline including the judgments in 1986 Suppl.
			<lb />
			SCC 20, titled D.K. Trivedi &amp; Sons and others Vs. State of
			<lb />
			Gujarat and others and 1995 (2) SCC 402, titled State of T.N.
			<lb />
			Vs. M.P.P. Kavery Chetty delivered prior to insertion of Section
			<lb />
			23-C in the Act. It was observed in para 40 of the judgment that
			<lb />
			prohibition on transport or sale of the already mined minerals
			<lb />
			outside the State has no direct nexus with the object and purpose
			<lb />
			of the MMDR Act which is concerned with conservation and
			<lb />
			prudent exploitation of minerals. The statement of objects and
			<lb />
			reasons for inserting Section 23-C in the Act was noticed in para
			<lb />
			41 as under :-
			<lb />
		</body>
		<note place="footnote">
			::: Downloaded on -12/07/2022 00:04:29 :::CIS
			<lb />
		</note>
		<note place="headnote">
			H
			<lb />
			i g h
			<lb />
			C
			<lb />
			o u r t o f H
			<lb />
			. P .
			<lb />
		</note>
		<page>
			22
			<lb />
		</page>
		<body>
			&quot;41 Insofar as Section 23-C of the MMDR Act is concerned, it was
			<lb />
			inserted by the Amendment Act of 1999 with the objective to
			<lb />
			prevent illegal mining. That is clearly spelled out in the Statement of
			<lb />
			Objects and Reasons. We may reproduce a portion thereof again:
			<lb />
			&quot;(iii) A new provision is proposed to be inserted in the Act
			<lb />
			prohibiting transportation or storage or anything causing
			<lb />
			transportation or storage of any mineral except under the
			<lb />
			due provisions of the Act, with a view to preventing illegal
			<lb />
			mining. Further, the Act is proposed to be amended to
			<lb />
			cover the breach of the provisions of the proposed new
			<lb />
			provision of the Act to be punishable. It is also proposed
			<lb />
			to insert a new provision to provide for anything seized
			<lb />
			under the Act as liable for confiscation under court orders.
			<lb />
			A new section is proposed to be inserted to empower the
			<lb />
			State Governments to make rules for preventing illegal
			<lb />
			mining, transportation and storage of minerals and for
			<lb />
			purposes connected therewith.&quot;
			<lb />
			In the following paragraph 42, it was further held that
			<lb />
			it is the transportation of illegal mineral and not the mining of
			<lb />
			minor minerals which is legal and backed by duly granted licence,
			<lb />
			which can be regulated under the rules and that no power flows
			<lb />
			from this provision to make rules for regulating transportation of
			<lb />
			legally excavated minerals.
			<lb />
			&quot; It is in this context the words &apos;transportation&apos; and &apos;storage&apos;
			<lb />
			in Section 23-C are to be interpreted. Here the two words are
			<lb />
			used in the context of &apos;illegal mining&apos;. It is clear that it is the
			<lb />
			transportation and storage of illegal mining and not the mining
			<lb />
			of minor minerals like sand which is legal and backed by duly
			<lb />
			granted license, which can be regulated under this provision.
			<lb />
			Therefore, no power flows from this provision to make rule for
			<lb />
			regulating transportation of the legally excavated minerals.&quot;
			<lb />
			It will also be appropriate to refer to judgment dated.
			<lb />
			11.11.2021 passed by the apex Court in I.A. No. 29984 of 2021
			<lb />
			in SLP (C) No. 10587 of 2019 titlted Bajri Lease Lol Holders
			<lb />
			Welfare Society through its President Vs. The State of
			<lb />
		</body>
		<note place="footnote">
			::: Downloaded on -12/07/2022 00:04:29 :::CIS
			<lb />
		</note>
		<note place="headnote">
			H
			<lb />
			i g h
			<lb />
			C
			<lb />
			o u r t o f H
			<lb />
			. P .
			<lb />
		</note>
		<page>
			23
			<lb />
		</page>
		<body>
			Rajasthan and others wherein while referring to Section 23-C of
			<lb />
			MMRD Act and the Sustainable Sand Mining Management
			<lb />
			Guidelines 2016 framed pursuant to directions issued in (2012) 4
			<lb />
			SCC 629 titled Deepak Kumar Vs. State of Haryana and by the
			<lb />
			National Green Tribunal, following was observed in respect of
			<lb />
			transportation of minerals :-
			<lb />
			&apos;14.
			<lb />
			Section 23C of the MMDR Act empowers the State Governments to
			<lb />
			make rules for preventing illegal mining, transportation and storage of
			<lb />
			minerals. This Court in Deepak Kumar (supra) directed the State
			<lb />
			Governments / Union Territories to formulate rules in accordance with the
			<lb />
			Model Guidelines. Pursuant to the directions issued by this Court and the
			<lb />
			National Green Tribunal (&quot;NGT&quot;), the Sustainable Sand Mining Management
			<lb />
			Guidelines, 2016 were issued (&quot;2016 Sand Mining Guidelines&quot;). The
			<lb />
			responsibility for implementation of the said Guidelines was placed on the
			<lb />
			State Governments which had to create a mechanism to measure the mined-
			<lb />
			out mineral and its transportation and also to ensure that the amount of
			<lb />
			mineral mined does not exceed the quantity permitted in the EC. The 2016
			<lb />
			Sand Mining Guidelines recommended use of Transport Permits with bar
			<lb />
			codes, for generation of reports showing the daily lifting of sand and user
			<lb />
			performance reports. Transport Permits with bar codes would also enable
			<lb />
			vehicles carrying sand to be tracked from source to destination. Dissatisfied
			<lb />
			with the ineffective monitoring mechanism, failure of the Mines Surveillance
			<lb />
			System as well as lack of an effective institutional monitoring mechanism not
			<lb />
			only at the stage of the grant of EC but at subsequent stages with respect to
			<lb />
			illegal sand mining, the NGT, in an order dated 05.04.2019 in National Green
			<lb />
			Tribunal Bar Association v. Virender Singh in OA No. 360 of 2015 and
			<lb />
			connected matters, directed the MoEFCC and the State Governments to
			<lb />
			review extant monitoring mechanisms and consider revision of the 2016 Sand
			<lb />
			Mining Guidelines. Consequently, the MoEFCC issued the 2020 Sand
			<lb />
			Mining Guidelines.&quot;
			<lb />
			Reliance placed by Mr. B.C. Negi, learned Senior
			<lb />
			Advocate, upon the judgment in Jayeshbhai&apos;s case (supra) to
			<lb />
			contend that State has no power to regulate transportation of
			<lb />
			excavated minor mineral is misplaced. The State has no power to
			<lb />
			prohibit transport of legally excavated minor mineral, but in view
			<lb />
		</body>
		<note place="footnote">
			::: Downloaded on -12/07/2022 00:04:29 :::CIS
			<lb />
		</note>
		<note place="headnote">
			H
			<lb />
			i g h
			<lb />
			C
			<lb />
			o u r t o f H
			<lb />
			. P .
			<lb />
		</note>
		<page>
			24
			<lb />
		</page>
		<body>
			of Sections 15 and 23-C of the Act, State has the power to
			<lb />
			regulate mining, transportation and storage to check and prevent
			<lb />
			illegal mining of minor minerals. It is the transit pass Form-W/X
			<lb />
			which would determine whether the source of mineral being
			<lb />
			transported is legal or illegal. The transport of minor minerals is
			<lb />
			not prohibited in the instant case. It is only regulated to check the
			<lb />
			source of mineral being transported with the object that no illegal
			<lb />
			mining takes place in the State and no illegally mined mineral is
			<lb />
			transported. The object is to utilize the mineral in authorized
			<lb />
			manner and due revenue generation for the State. The point is
			<lb />
			answered accordingly in favour of the State.
			<lb />
			6. Point No. 2. Transportation of Minor Mineral vis-à-vis
			<lb />
			Enforceability of 2015 Rules.
			<lb />
			6(i)
			<lb />
			Minerals can be transported by the contractors by
			<lb />
			procuring from mining lease holders, by procuring the minerals
			<lb />
			generated at worksites and by procuring the minerals from
			<lb />
			outside the State etc.
			<lb />
			The relevant rules Nos. 72 to 82 of 2015 Rules
			<lb />
			pertaining to transport of minor minerals have already been
			<lb />
			extracted earlier. There is no ambiguity in these Rules. Minor
			<lb />
			minerals can be transported alongwith transit pass, W/X Form
			<lb />
			duly issued by the competent authority. The word &apos;transit pass&apos;
			<lb />
			has been defined in Rule 2(zn) of 2015 Rules to mean :-
			<lb />
		</body>
		<note place="footnote">
			::: Downloaded on -12/07/2022 00:04:29 :::CIS
			<lb />
		</note>
		<note place="headnote">
			H
			<lb />
			i g h
			<lb />
			C
			<lb />
			o u r t o f H
			<lb />
			. P .
			<lb />
		</note>
		<page>
			25
			<lb />
		</page>
		<body>
			&quot;&apos;transit pass&apos; means a document issued by the Mining Officer or any
			<lb />
			other authorized officer to the mineral concession holder or dealer for
			<lb />
			lawful dispatch and transportation of any mineral(s) raised.&quot;
			<lb />
			The layout of W Form figuring in the above Rules as
			<lb />
			prescribed in the 2015 Rules is as under :-
			<lb />
			&quot;FORM-&apos;W&apos;
			<lb />
			IN TRIPLICATE
			<lb />
			TRANSIT PASS
			<lb />
			[See rule 77(iii) &amp; 79 (2)]
			<lb />
			Sr. No.
			<lb />
			Seal &amp; Signature of Issuing Authority
			<lb />
			Date of Issue ______________
			<lb />
			Date of Expiry________
			<lb />
			1.
			<lb />
			Name of Contractor/Lessee/
			<lb />
			Permit/Permission holder
			<lb />
			______________________
			<lb />
			2.
			<lb />
			Name and Location of Mine
			<lb />
			__________________________
			<lb />
			3.
			<lb />
			Place where Mineral is being sent
			<lb />
			_____________________
			<lb />
			4.
			<lb />
			Name of person/party to whom
			<lb />
			Mineral is being dispatched
			<lb />
			__________________________
			<lb />
			5.
			<lb />
			Name of Mineral
			<lb />
			____________________________________
			<lb />
			6.
			<lb />
			Volume/quantity of Mineral
			<lb />
			___________________________
			<lb />
			7.
			<lb />
			Mode of Transport _______________
			<lb />
			Vehicle No._________
			<lb />
			8.
			<lb />
			Name of owner of vehicle
			<lb />
			____________________________
			<lb />
			9.
			<lb />
			Name of Driver
			<lb />
			__________________________________
			<lb />
			10. Page No. of the Production Register
			<lb />
			at which Transit Pass (Form-&apos;W&apos;) has been
			<lb />
			entered
			<lb />
			________________________________________
			<lb />
			11. Date of Dispatch
			<lb />
			___________________________________
			<lb />
			12. Time of Dispatch
			<lb />
			___________________________________
			<lb />
			Signature of the Driver Signature of the Mine Owner/Manager
			<lb />
			Terms and Conditions:
			<lb />
			1.
			<lb />
			All columns of Form-&apos;W&apos; should be properly filled in especially serial number 11 and 12 pertaining to date and time of
			<lb />
			Issuance of Form-&apos;W&apos; from Mining site.
			<lb />
			2.
			<lb />
			This Form &apos;W&apos; is valid for one trip only.
			<lb />
			3.
			<lb />
			This Form&apos;W is valid only if it has the seal and signature of the issuing authority.
			<lb />
			4.
			<lb />
			Any person found to have contravened the above shall on conviction be punishable with imprisonment of either
			<lb />
			description for term which may extend upto two years or with fine which may extend upto 25,000/-rupees or both.
			<lb />
			5.
			<lb />
			Under Rule 21(4) of Mines and Minerals (Development and Regulation) Act, 1957, any type of vehicle, involved in
			<lb />
			carrying/transporting the material without Form-&apos;W&apos; shall be seized and such vehicle shall be impounded and
			<lb />
			material shall be auctioned.&quot;
			<lb />
			The layout of &apos;X&apos; Form figuring in the above Rules as
			<lb />
			prescribed in the Rules is as under :-
			<lb />
			&quot;FORM-&apos;X&apos;
			<lb />
			IN TRIPLICATE
			<lb />
			TRANSIT PASS
			<lb />
			[See rule 77(iii) &amp; 79 (2)]
			<lb />
			DEPARTMENT OF INDUSTRIES
			<lb />
			(GEOLOGICAL WING)
			<lb />
			Himachal Pradesh
			<lb />
			SUPPLEMENTARY TRANSIT PASS
			<lb />
			(In Triplicate)
			<lb />
			Sr. No.
			<lb />
			Seal &amp; Signature of Issuing Authority
			<lb />
			Date of Issue ______________ Date of Expiry_________
			<lb />
			1.
			<lb />
			Name of Contractor/Lessee/
			<lb />
			Permit/Permission holder
			<lb />
			______________________
			<lb />
			2.
			<lb />
			Name and Location of the
			<lb />
			Stone Crusher/Stockyard
			<lb />
			____________________________
			<lb />
			3.
			<lb />
			Name and quantity of finished
			<lb />
		</body>
		<note place="footnote">
			::: Downloaded on -12/07/2022 00:04:29 :::CIS
			<lb />
			H
			<lb />
			i g h
			<lb />
			C
			<lb />
			o u r t o f H
			<lb />
			. P .
			<lb />
		</note>
		<page>
			26
			<lb />
		</page>
		<body>
			Product to be transported
			<lb />
			___________________________
			<lb />
			4.
			<lb />
			Place where finished product
			<lb />
			________________________
			<lb />
			of Mineral is being sent
			<lb />
			5.
			<lb />
			Mode of Transport _______________
			<lb />
			Vehicle No. _________
			<lb />
			6.
			<lb />
			Name and address of owner of vehicle
			<lb />
			__________________
			<lb />
			7.
			<lb />
			Name and address of Driver
			<lb />
			___________________________
			<lb />
			8.
			<lb />
			Weight/volume of finished product
			<lb />
			______________________
			<lb />
			9.
			<lb />
			Page No. of the dispatch register at
			<lb />
			which Supplementary Transit Pass
			<lb />
			Form-&apos;X&apos; has been entered
			<lb />
			__________________________
			<lb />
			10. Date and time of Dispatch
			<lb />
			__________________________
			<lb />
			Signature of the Driver
			<lb />
			Signature of Stone Crusher Owner/Manager
			<lb />
			Terms and Conditions:
			<lb />
			1.
			<lb />
			All columns of Supplementary Transit Pass Form-&apos;X&apos; should be properly filled in especially serial number 8
			<lb />
			pertaining to date and time of Issuance of Supplementary Transit Pass Form-&apos;X&apos; from Stone Crusher site.
			<lb />
			2.
			<lb />
			This Supplementary Transit Pass Form-&apos;X&apos; is valid for one trip only.
			<lb />
			3.
			<lb />
			This Supplementary Transit Pass Form-&apos;X&apos; is valid only if it has the seal and signature of the issuing authority.&quot;
			<lb />
			4.
			<lb />
			Any person found to have contravened the above shall on conviction be punishable with imprisonment of either
			<lb />
			description for term which may extend upto two years or with fine which may extend upto 25,000/-rupees or both.
			<lb />
			5.
			<lb />
			Under Rule 21(4) of Mines and Minerals (Development and Regulation) Act, 1957, any type of vehicle, involved in
			<lb />
			carrying/transporting the material without Form-&apos;W&apos; shall be seized and such vehicle shall be impounded and
			<lb />
			material shall be auctioned.&quot;
			<lb />
			One such form issued by the Department of
			<lb />
			Industries has been appended at Annexure A-6 page 700 (40) of
			<lb />
			the paper book. The form apart from giving complete details viz.
			<lb />
			quantity of mineral, location of mine, person by whom it is being
			<lb />
			dispatched, mode of transport, vehicle owner&apos;s name, driver&apos;s
			<lb />
			name, vehicle number, destination, digital signature of authorized
			<lb />
			officer including the serial number etc., also has the QR code and
			<lb />
			is valid for one trip. The form has been issued under Rule 79 of
			<lb />
			the 2015 Rules. The object of issuing transit pass is to see that
			<lb />
			only legally extracted minor mineral gets transported. It is aimed
			<lb />
			to prevent illegal mining. Mandating production of transit pass-
			<lb />
			Form W/X for transportation of minor mineral is to prevent illegal
			<lb />
			mining and unauthorized use of minor mineral by any person.
			<lb />
			6(ii).
			<lb />
			A contention has been raised by the State-PWD and
			<lb />
			the contractors that transport of minor mineral which is generated
			<lb />
		</body>
		<note place="footnote">
			::: Downloaded on -12/07/2022 00:04:29 :::CIS
			<lb />
		</note>
		<note place="headnote">
			H
			<lb />
			i g h
			<lb />
			C
			<lb />
			o u r t o f H
			<lb />
			. P .
			<lb />
		</note>
		<page>
			27
			<lb />
		</page>
		<body>
			at the worksites during execution of various developmental works
			<lb />
			does not require W/X Form-transit pass. This submission is
			<lb />
			contrary to Rule 33 of 2015 Rules, which runs as follows:-
			<lb />
			&quot;33. Permission for disposal of minor mineral generated due to non-
			<lb />
			mining activities.-(1) Notwithstanding anything contained in these rules, the
			<lb />
			Director or any Officer authorized by him in this behalf, may grant
			<lb />
			permission for lifting/transportation of minor minerals generated during
			<lb />
			various developmental activities and natural calamities for a specific purpose
			<lb />
			and period. The permission will be given after the site is inspected by a
			<lb />
			Committee consisting of Tehsildar, Assistant Engineer (Public Works
			<lb />
			Department) and Mining Officer which may also assess the availability of
			<lb />
			stock thereof.
			<lb />
			Explanation:-For the purpose of this rule the developmental activities shall
			<lb />
			mean excavation of tunnel for hydro electric projects, construction of tunnels
			<lb />
			for connectivity of roads/railways track and construction of various National
			<lb />
			Highways/state highways, de-silting of reservoir, development of plots,
			<lb />
			excavation of fisheries ponds and any kind of other developmental activities.
			<lb />
			Provided that in case of material generated from road cutting of National
			<lb />
			Highway Express way/State Highway/H.P.P.W.D. road/during execution of
			<lb />
			Hydel Projects the Contractor or concerned Agency shall have liberty to use
			<lb />
			such material after paying the royalty and after verification of the stock by
			<lb />
			the concerned Mining Officer alongwith representative of concerned Agency
			<lb />
			not below the rank of Assistant Engineer or equivalent.
			<lb />
			Explanation:-For the purpose of this rule the developmental activities shall
			<lb />
			include the de-silting of reservoir, development of plots, excavation of
			<lb />
			fisheries ponds, construction/development of roads and any kind of other
			<lb />
			developmental activities.
			<lb />
			(2) The aforesaid permission shall be subject to fulfillment of following
			<lb />
			conditions:-
			<lb />
			(i) the royalty shall be charged on the saleable mineral in advance as per the
			<lb />
			rates specified in the second schedule;
			<lb />
			(ii) the permission shall be granted on the forest land after getting specific
			<lb />
			clearance from the Forest Department;
			<lb />
			(iii) the permission shall be granted only for lifting/transportation of such
			<lb />
			stock which has been assessed by the Committee; and
			<lb />
			(iv) any other conditions as may be imposed by the sanctioning authority in
			<lb />
			this behalf.&quot;
			<lb />
			Rule 33 gives complete mechanism for determining
			<lb />
			quantity of minerals generated at worksites. The site concerned is
			<lb />
			to be inspected by a duly constituted committee, which will
			<lb />
			assess the availability of the stock. The material generated at the
			<lb />
		</body>
		<note place="footnote">
			::: Downloaded on -12/07/2022 00:04:29 :::CIS
			<lb />
		</note>
		<note place="headnote">
			H
			<lb />
			i g h
			<lb />
			C
			<lb />
			o u r t o f H
			<lb />
			. P .
			<lb />
		</note>
		<page>
			28
			<lb />
		</page>
		<body>
			worksite can be used by the executing agency after paying the
			<lb />
			royalty and after verification of stock by the authorized officers.
			<lb />
			The Director or the Officer authorized by him may grant
			<lb />
			permission for lifting/transportation of minor mineral generated at
			<lb />
			worksites during developmental activities or natural calamities for
			<lb />
			specific purpose and period. However, permission can be given
			<lb />
			after the inspection and assessment by the Committee. The
			<lb />
			mineral thereafter can be transported in accordance with law. In
			<lb />
			case the mineral generated at worksite is intended to be used at
			<lb />
			that site, then transit pass will not be necessary, but quantity
			<lb />
			thereof will still be required to be determined and charged for in
			<lb />
			accordance with Rule 33 of 2015 Rules.
			<lb />
			6(iii)
			<lb />
			W/X Form-transit pass issued by respondent-State
			<lb />
			will not be necessary where minor mineral is procured from
			<lb />
			outside the State of Himachal Pradesh. The contractor
			<lb />
			transporting the minor mineral procured from outside the State
			<lb />
			will have to show transit pass provided by the authorities of the
			<lb />
			State from where mineral has been procured. Rule 79(4) of 2015
			<lb />
			Rules provides that if mineral being carried is from the other
			<lb />
			State, then the consigner should have proper documents of that
			<lb />
			State indicating the place and address of firm or supplier who
			<lb />
			happened to be supplier of that mineral.
			<lb />
		</body>
		<note place="footnote">
			::: Downloaded on -12/07/2022 00:04:29 :::CIS
			<lb />
		</note>
		<note place="headnote">
			H
			<lb />
			i g h
			<lb />
			C
			<lb />
			o u r t o f H
			<lb />
			. P .
			<lb />
		</note>
		<page>
			29
			<lb />
		</page>
		<body>
			6(iv).
			<lb />
			Learned Additional Advocate General has forcefully
			<lb />
			contended that there are lacunas in 2015 Rules. Once the minor
			<lb />
			mineral reaches the destination after being transported and is
			<lb />
			used, thereafter there is no power with the State to determine the
			<lb />
			source of that mineral and/or to penalize the contractor who
			<lb />
			transported the mineral. In cases where contractors
			<lb />
			transport/supply minor minerals without producing requisite W/X
			<lb />
			Forms, the respondent PWD charges royalty on the supplied
			<lb />
			minerals on GST paid bill. This ensures that no loss at least on
			<lb />
			account of royalty is caused to the State exchequer. Because of
			<lb />
			interim order dated 16.07.2020, contractors&apos; bills worth crores of
			<lb />
			rupees cannot be cleared as they had not produced W/X forms-
			<lb />
			transit passes. State PWD is unable to fulfill its contractual
			<lb />
			obligations towards the contractors. Non release of payment to
			<lb />
			the contractors has adversely affected the progress of various
			<lb />
			development works.
			<lb />
			The above contention lacks substance. 2015 Rules,
			<lb />
			in particular Rule 79 thereof stipulates that no person shall
			<lb />
			transport or cause to be transported any mineral otherwise than
			<lb />
			in accordance with provision of 2015 Rules. Rule 79 requires
			<lb />
			possession of W/X form-transit passes for transportation of
			<lb />
			mineral. These forms contain all the details about the minor
			<lb />
		</body>
		<note place="footnote">
			::: Downloaded on -12/07/2022 00:04:29 :::CIS
			<lb />
		</note>
		<note place="headnote">
			H
			<lb />
			i g h
			<lb />
			C
			<lb />
			o u r t o f H
			<lb />
			. P .
			<lb />
		</note>
		<page>
			30
			<lb />
		</page>
		<body>
			mineral being transported. From these forms, the department can
			<lb />
			ascertain total quantity of minor mineral authorized to the source,
			<lb />
			the quantity of mineral transported, the balance quantity etc.
			<lb />
			Insistence upon transit pass would ensure that source of mineral
			<lb />
			is known and legal. In case of violation of 2015 Rules with respect
			<lb />
			to transportation of mineral, the contractor is liable to pay penalty
			<lb />
			and face action as per penal provisions. The object of 2015 Rules
			<lb />
			is to curb illegal mining/transportation/storage of minor mineral.
			<lb />
			As noticed in previous paras, a full-fledged mechanism is in place
			<lb />
			to see the implementation of these rules. Additionally, various
			<lb />
			notifications have been issued by the State in exercise of powers
			<lb />
			under various provisions of MMDR Act including Section 21(4)
			<lb />
			empowering 20 categories of officers &apos;to seize any mineral raised
			<lb />
			or transported or cause to be raised or transported by any person
			<lb />
			without any lawful authority any mineral from any land and for that
			<lb />
			purpose uses any tool, equipment, vehicle or any other thing for
			<lb />
			this purpose with immediate effect&apos;.
			<lb />
			&quot;Unlike a private party whose acts uninformed by reason
			<lb />
			and influenced by personal predilections in contractual matters may
			<lb />
			result in adverse consequences to it alone without affecting the public
			<lb />
			interest, any such act of the State or a public body even in this field
			<lb />
			would adversely affect the public interest. Every holder of a public
			<lb />
		</body>
		<note place="footnote">
			::: Downloaded on -12/07/2022 00:04:29 :::CIS
			<lb />
			H
			<lb />
			i g h
			<lb />
			C
			<lb />
			o u r t o f H
			<lb />
			. P .
			<lb />
		</note>
		<page>
			31
			<lb />
		</page>
		<body>
			office by virtue of which he acts on behalf of the State or public body is
			<lb />
			ultimately accountable to the people in whom the sovereignty vests. As
			<lb />
			such, all powers so vested in him are meant to be exercised for public
			<lb />
			good and promoting the public interest. This is equally true of all
			<lb />
			actions even in the field of contract. Thus, every holder of a public
			<lb />
			office is a trustee whose highest duty is to the people of the country
			<lb />
			and, therefore, every act of the holder of a public office, irrespective of
			<lb />
			the label classifying that act, is in discharge of public duty meant
			<lb />
			ultimately for public good. With the diversification of State activity in a
			<lb />
			Wel-fare State requiring the State to discharge its wide-ranging
			<lb />
			functions even through its several instrumentalities, which requires
			<lb />
			entering into contracts also, it would be unreal and not pragmatic, apart
			<lb />
			from being unjustified to exclude contractual matters from the sphere of
			<lb />
			State actions required to be non-arbitrary and justified on the
			<lb />
			touchstone of Article 14.&quot; [Re: Kumari Shrilekha Vidyarthi and
			<lb />
			others Vs. State of U.P. and others].
			<lb />
			&quot;……………….what would happen when those
			<lb />
			entrusted by law to protect the rights of the citizens are themselves
			<lb />
			violators and/or abettors of the violations? The difficult task faced in
			<lb />
			such a situation was noted where, as a part of its constitutional duty,
			<lb />
			this Court is required to preserve the rule of law so that people may not
			<lb />
			lose faith in it and also point out violations of the rule of law by those
			<lb />
			who are supposed to implement the law. It was observed that the issue
			<lb />
		</body>
		<note place="footnote">
			::: Downloaded on -12/07/2022 00:04:29 :::CIS
			<lb />
			H
			<lb />
			i g h
			<lb />
			C
			<lb />
			o u r t o f H
			<lb />
			. P .
			<lb />
		</note>
		<page>
			32
			<lb />
		</page>
		<body>
			is not one of an absence of law but of its implementation&quot;. [Re: (2018)
			<lb />
			2 SCC 144, titled M.C. Mehta Versus Union of India and others].
			<lb />
			It was for the concerned officers and the concerned
			<lb />
			departments to check compliance of the 2015 Rules to ensure
			<lb />
			that illegally extracted material does not get transported. It was
			<lb />
			for them to see that transported minor mineral was accompanied
			<lb />
			with W/X Form-transit pass. By simply charging royalty on the
			<lb />
			transported mineral, the source of mineral cannot be detected. In
			<lb />
			this way, the State cannot legalize the transported mineral without
			<lb />
			verifying the source of the extracted mineral supplied by the
			<lb />
			contractors. That 2015 Rules have lacuna, is an argument of
			<lb />
			desperation put forward by the State PWD to overcome its
			<lb />
			omission in adhering to the 2015 Rules. Individual contract will
			<lb />
			not override mandatory obligations under the Statute and the
			<lb />
			Rules framed thereunder. It will also be profitable to refer to the
			<lb />
			stand of Industries department to the writ petition. According to
			<lb />
			the Industries department, any consignment of minor minerals
			<lb />
			transported to some other destination, if not used for captive
			<lb />
			purpose near source of generation of mineral for which specific
			<lb />
			permission is granted by the Industries department, then such
			<lb />
			consignment should be supported by transit pass in Form W/X
			<lb />
			duly countersigned by the concerned mining officer or any
			<lb />
		</body>
		<note place="footnote">
			::: Downloaded on -12/07/2022 00:04:29 :::CIS
			<lb />
		</note>
		<note place="headnote">
			H
			<lb />
			i g h
			<lb />
			C
			<lb />
			o u r t o f H
			<lb />
			. P .
			<lb />
		</note>
		<page>
			33
			<lb />
		</page>
		<body>
			authorized officer to ascertain that the mineral is royalty paid and
			<lb />
			has been brought from the legal source. In case said forms are
			<lb />
			not produced by any person carrying any minor mineral on being
			<lb />
			demanded by any authorized officer of the State, then it would
			<lb />
			amount to either illegal transportation or illegal mining and
			<lb />
			accordingly the person concerned is liable to be proceeded as
			<lb />
			per law.
			<lb />
			Absolutely, no justification is there as to why the
			<lb />
			concerned departments did not follow mandatory provisions of
			<lb />
			2015 Rules while the mineral was being transported. Clearing the
			<lb />
			GST paid bills of contractors after charging royalty is not an
			<lb />
			evidence of legal source of mineral. Illegally extracted mineral
			<lb />
			after transportation on payment of royalty will not become legal.
			<lb />
			Point is answered accordingly against the respondent State PWD
			<lb />
			and the Contractors Welfare Association.
			<lb />
			7 (i)
			<lb />
			Conclusions :
			<lb />
			7(i)(a)
			<lb />
			Under Sections 15 &amp; 23-C of MMDR Act, State has
			<lb />
			the power to regulate transport of minor minerals to check and
			<lb />
			prevent illegal mining.
			<lb />
			7(i)(b)
			<lb />
			2015 Rules framed by the State in exercise of
			<lb />
			powers under Sections 15 and 23-C of MMDR Act, provide minor
			<lb />
		</body>
		<note place="footnote">
			::: Downloaded on -12/07/2022 00:04:29 :::CIS
			<lb />
		</note>
		<note place="headnote">
			H
			<lb />
			i g h
			<lb />
			C
			<lb />
			o u r t o f H
			<lb />
			. P .
			<lb />
		</note>
		<page>
			34
			<lb />
		</page>
		<body>
			minerals concessions and inter-alia are aimed to prevent illegal
			<lb />
			mining, transportation and storage of minor minerals.
			<lb />
			7(i)(c)
			<lb />
			A full fledged mechanism is in place under the 2015
			<lb />
			Rules to ensure that there is valid transportation of minor
			<lb />
			minerals. This is to ensure that minor minerals being transported
			<lb />
			can be related to legal source of generation. It is for the State to
			<lb />
			amend the 2015 Rules in case necessity is so felt.
			<lb />
			7(i)(d)
			<lb />
			In case mineral is transported without complying with
			<lb />
			mandatory provisions of the 2015 Rules, the same will attract
			<lb />
			penal provisions of the Rules. Contractual obligations will not
			<lb />
			override mandatory provisions of the MMDR Act and 2015 Rules
			<lb />
			framed thereunder.
			<lb />
			7(i)(e)
			<lb />
			Omission to implement 2015 Rules at the time of
			<lb />
			transport of minor minerals will not imply that the
			<lb />
			transported/supplied mineral was procured from a legal source.
			<lb />
			7(ii)
			<lb />
			Directions
			<lb />
			In view of above discussion, we direct
			<lb />
			that:-
			<lb />
			7(ii)(a)
			<lb />
			Henceforth all concerned authorities will ensure due
			<lb />
			compliance of Chapter VII of 2015 Rules. No minor mineral will
			<lb />
			be allowed to be transported unless and until it is accompanied
			<lb />
			with transit pass, mandated under the Rules. In case of transport
			<lb />
		</body>
		<note place="footnote">
			::: Downloaded on -12/07/2022 00:04:29 :::CIS
			<lb />
		</note>
		<note place="headnote">
			H
			<lb />
			i g h
			<lb />
			C
			<lb />
			o u r t o f H
			<lb />
			. P .
			<lb />
		</note>
		<page>
			35
			<lb />
		</page>
		<body>
			of minor mineral procured from outside the State, compliance of
			<lb />
			procedure mandated in 2015 Rules shall be ensured.
			<lb />
			7(ii)(b)
			<lb />
			In case minor mineral generated at the worksite etc.
			<lb />
			is intended to be used at the worksite without transporting the
			<lb />
			mineral, then the concerned officials will ensure due compliance
			<lb />
			of Rule 33 and other applicable provisions of 2015 Rules before
			<lb />
			allowing such use.
			<lb />
			7(ii)(c)
			<lb />
			In case the authorized officials detect transport of
			<lb />
			minor mineral in violation of 2015 Rules, prompt action in
			<lb />
			accordance with 2015 Rules shall be taken against the offenders.
			<lb />
			Responsibility and accountability of concerned officials shall also
			<lb />
			be fixed in case of omission to ensure compliance of the Rules.
			<lb />
			7(ii)(d)
			<lb />
			No bill of the contractor for transport/supply of the
			<lb />
			minor mineral, which in terms of 2015 Rules is required to be
			<lb />
			carried with transit passes etc. shall be cleared by any State
			<lb />
			department/authority unless it is accompanied by transit pass-
			<lb />
			Form W/X etc. duly issued by the competent authority.
			<lb />
			7(ii)(e)
			<lb />
			With respect to the bills of the contractors pending as
			<lb />
			on date, the State Public Works Department in consultation with
			<lb />
			the State Industries Department, will hold inquiry to ascertain the
			<lb />
			source of transported/supplied minor mineral. Within one week
			<lb />
			from today, the Principal Secretary, Public Works Department
			<lb />
		</body>
		<note place="footnote">
			::: Downloaded on -12/07/2022 00:04:29 :::CIS
			<lb />
		</note>
		<note place="headnote">
			H
			<lb />
			i g h
			<lb />
			C
			<lb />
			o u r t o f H
			<lb />
			. P .
			<lb />
		</note>
		<page>
			36
			<lb />
		</page>
		<body>
			and Principal Secretary, Industries Department shall each
			<lb />
			nominate two officers of their department for conducting the
			<lb />
			aforesaid inquiry.
			<lb />
			The concerned contractor shall also be
			<lb />
			associated in the inquiry. The inquiry shall be completed by the
			<lb />
			officers within two months from today. On conclusion of the
			<lb />
			inquiry, in case the officials are satisfied that mineral in question
			<lb />
			transported and supplied was procured from a legal source in
			<lb />
			accordance with law, then appropriate order shall be passed by
			<lb />
			the competent authority for releasing the payment or else action
			<lb />
			for violation of Rules as warranted under the 2015 Rules shall be
			<lb />
			taken against the offenders in accordance with law.
			<lb />
			The official respondents shall ensure that copy of this
			<lb />
			judgment is circulated to all concerned quarters for compliance.
			<lb />
			The writ petition stands disposed off in the aforesaid
			<lb />
			terms. The pending applications, if any, also stand disposed off.
			<lb />
			(Tarlok Singh Chauhan)
			<lb />
			Judge
			<lb />
			5 TH January, 2022 (K)
			<lb />
			( Jyotsna Rewal Dua )
			<lb />
			Judge
			<lb />
		</body>
		<note place="footnote">
			::: Downloaded on -12/07/2022 00:04:29 :::CIS
		</note>
	</text>
</tei>
