<?xml version="1.0" ?>
<tei xml:space="preserve">
	<teiHeader>
		<fileDesc xml:id="0"/>
	</teiHeader>
	<text xml:lang="en">
			<note place="headnote">H <lb/>
			i g h <lb/>
			C <lb/>
			o u r t o f H <lb/>
			. P . <lb/>
			</note>

			<front>IN THE HIGH COURT OF HIMACHAL PRADESH AT SHIMLA <lb/>
			ON THE 30 th DAY OF MARCH, 2022 <lb/>
			BEFORE <lb/>
			HON&apos;BLE MR. JUSTICE MOHAMMAD RAFIQ <lb/>
			CHIEF JUSTICE <lb/>
			&amp; <lb/>
			HON&apos;BLE MS. JUSTICE JYOTSNA REWAL DUA <lb/>
			CIVIL WRIT PETITION No. 1580 OF 2022 <lb/>
			Between: <lb/>
			ARUNA KUMARI, W/O SH. JATINDER <lb/>
			MAHAJAN, R/O NEAR RAM MANDIR, <lb/>
			BANDLA BRIDGE, VPO SHAHPUR, TEHSIL <lb/>
			SHAHPUR, DISTRICT KANGRA, H.P. <lb/>
			…PETITIONER <lb/>
			(BY MR. SANJEEV KUMAR MOTTA, <lb/>
			ADVOCATE.) <lb/>
			AND <lb/>
			1. 
			STATE 
			OF 
			HIMACHAL 
			PRADESH <lb/>
			THROUGH ITS SECRETARY (EDUCATION), <lb/>
			GOVT. OF HIMACHAL PRADESH, SHIMLA, <lb/>
			H.P. <lb/>
			2. 
			DIRECTOR OF HIGHER EDUCATION, <lb/>
			DIRECTORATE OF EDUCATION, SHIMLA-1. <lb/>
			... RESPONDENTS <lb/>
			</front>

			<note place="footnote">::: Downloaded on -12/07/2022 00:11:52 :::CIS <lb/>
			</note>

			<note place="headnote">H <lb/>
			i g h <lb/>
			C <lb/>
			o u r t o f H <lb/>
			. P . <lb/>
			</note>

			<page>-2 -<lb/>
			</page>

			<front>(BY MR. ASHOK SHARMA, ADVOCATE <lb/>
			GENERAL WITH MR. VIKAS RATHORE, <lb/>
			ADDITIONAL ADVOCATE GENERAL) <lb/>
			____________________________________________________ <lb/>
			This petition coming on for admission this day, <lb/>
			Hon&apos;ble Mr. Justice Mohammad Rafiq, passed the following: <lb/>
			O R D E R <lb/>
			</front>

			<body>Notice. Mr. Vikas Rathore, learned Additional <lb/>
			Advocate General, accepts notice on behalf of the respondents. <lb/>
			2. 
			Learned counsel for the petitioner states that the <lb/>
			issue in question is squarely covered by the judgment rendered <lb/>
			by this Court in CWP No. 1853 of 2009-D, titled as Arpana Bali <lb/>
			vs. The State of Himachal Pradesh and others, decided on <lb/>
			10th April, 2013 and the said judgment, in turn, stands <lb/>
			implemented by the respondents. This is a matter, which is <lb/>
			required 
			to 
			be 
			considered 
			by 
			the 
			employer. <lb/>
			3. 
			Accordingly, the present petition is disposed of with <lb/>
			a direction to respondent No. 2 to consider and decide the case <lb/>
			of the petitioner in light of the averments made in this petition <lb/>
			and, more particularly, the judgment rendered in Arpana Bali&apos;s <lb/>
			case (supra), which stands implemented. Needful be done <lb/>
			within four weeks and in case the petitioner is <lb/>
			</body>

			<note place="footnote">::: Downloaded on -12/07/2022 00:11:52 :::CIS <lb/></note>
			
			<note place="headnote">H <lb/>
			i g h <lb/>
			C <lb/>
			o u r t o f H <lb/>
			. P . <lb/>
			</note>

			<page>-3 -<lb/>
			</page>

			<body>similarly situated to Arpana Bali&apos;s case (supra), then <lb/>
			consequential action be taken within two weeks. <lb/>
			4. 
			The petition stands disposed of in the aforesaid <lb/>
			terms, so also the pending miscellaneous application(s), if any.. <lb/>
			( Mohammad Rafiq ) <lb/>
			Chief Justice <lb/>
			( Jyotsna Rewal Dua ) <lb/>
			Judge <lb/>
			February 22, 2022 <lb/>
			(hemlata) <lb/>
			</body>

			<note place="footnote">::: Downloaded on -12/07/2022 00:11:52 :::CIS<lb/> </note>


	</text>
</tei>
