<?xml version="1.0" ?>
<tei xml:space="preserve">
	<teiHeader>
		<fileDesc xml:id="0"/>
	</teiHeader>
	<text xml:lang="en">
			<note place="headnote">H <lb/>
			i g h <lb/>
			C <lb/>
			o u r t o f H <lb/>
			. P . <lb/>
			</note>

			<front>IN THE HIGH COURT OF HIMACHAL PRADESH AT SHIMLA <lb/>
			ON THE 30 th DAY OF MARCH, 2022 <lb/>
			BEFORE <lb/>
			HON&apos;BLE MS. JUSTICE SABINA <lb/>
			&amp; <lb/>
			HON&apos;BLE MR. JUSTICE SATYEN VAIDYA <lb/>
			LETTERS PATENT APPEAL No. 21 of 2021 <lb/>
			Between:-<lb/>
			RAJESH SHARMA, <lb/>
			SON OF AMAR DUTT, <lb/>
			RESIDENT OF VILLAGE MATIYUL, <lb/>
			POST OFFICE GALANAG, <lb/>
			TEHSIL AND DISTRICT SOLAN, <lb/>
			HIMACHAL PRADESH <lb/>
			……APPELLANT <lb/>
			(BY MR. SANDEEP K. PANDEY, <lb/>
			ADVOCATE) <lb/>
			AND <lb/>
			1. 
			UNION OF INDIA THROUGH ITS <lb/>
			SECRETARY, DEPARTMENT <lb/>
			OF HORTICULTURE, <lb/>
			MINISTRY OF AGRICULTURE, <lb/>
			NEW DELHI. <lb/>
			2. 
			NATIONAL HORTICULTURE <lb/>
			BOARD, PLOT NO.85, INSTITUTIONAL <lb/>
			AREA, SECTOR 18, GURGAON, <lb/>
			THROUGH ITS MANAGING DIRECTOR. <lb/>
			3. 
			THE REGIONAL MANAGER, <lb/>
			NATIONAL HORTICULTURE BOARD, <lb/>
			H.P. M.C., 2 ND FLOOR, NIGAM VIHAR, <lb/>
			SHIMLA, H.P.-171002. <lb/>
			…...RESPONDENTS <lb/>
			</front>

			<note place="footnote">::: Downloaded on -12/07/2022 00:11:51 :::CIS <lb/></note>
			
			<note place="headnote">H <lb/>
			i g h <lb/>
			C <lb/>
			o u r t o f H <lb/>
			. P . <lb/>
			</note>

			<page>-2 -<lb/>
			</page>

			<note place="headnote">(MR. BALRAM SHARMA, <lb/>
			ASSISTANT SOLICITOR GENERAL <lb/>
			OF INDIA, FOR R-1 AND <lb/>
			MR. HARSH VARDHAN, ADVOCATE, <lb/>
			FOR R-2 AND R-3) <lb/></note>
			
			<body>This Appeal coming on for admission this day, Hon&apos;ble <lb/>
			Ms. Justice Sabina, delivered the following: <lb/>
			J U D G M E N T <lb/>
			Appellant has filed the Letters Patent Appeal, <lb/>
			challenging the order dated 12.07.2019, passed by the learned <lb/>
			Single Judge, whereby writ petition filed by the appellant was <lb/>
			dismissed. <lb/>
			2. 
			Learned counsel for the appellant has submitted that <lb/>
			the appellant wanted to set up a unit for manufacture of corrugated <lb/>
			boxes/cartons for apple, which was a horticulture produce. <lb/>
			Appellant had also applied for a term loan from the bank. The <lb/>
			respondents had issued guidelines with regard to the scheme for <lb/>
			&apos;Development of Commercial Horticulture through Production and <lb/>
			Post Harvest Management of Horticulture Crops&apos;. Case of the <lb/>
			appellant was covered under the &apos;National Horticulture Board <lb/>
			Guidelines&apos;. However, the respondents had wrongly rejected the <lb/>
			application of the appellant with the remarks that it was not covered <lb/>
			by National Horticulture Board Guidelines. <lb/>
			</body>

			<note place="footnote">::: Downloaded on -12/07/2022 00:11:51 :::CIS <lb/></note>
			
			<note place="headnote">H <lb/>
			i g h <lb/>
			C <lb/>
			o u r t o f H <lb/>
			. P . <lb/>
			</note>

			<page>-3 -<lb/>
			</page>

			<body>3. 
			Clause-II of the scheme defines PHM/Primary <lb/>
			Processing related components and the portion relied by learned <lb/>
			counsel for the appellant reads as under:-<lb/>
			PHM/Primary Processing related components:-credit <lb/>
			linked projects involving the following items are eligible <lb/>
			for assistant under this component:-<lb/>
			&quot;i) Washing, drying, sorting, grading, waxing, packing, <lb/>
			palletizing, freezing units etc. <lb/>
			ii) xxxxxxxxxxx <lb/>
			iii) xxxxxxxxxxx <lb/>
			iv ) xxxxxxxxxxx <lb/>
			v) xxxxxxxxxxxx <lb/>
			vi) xxxxxxxxxxx <lb/>
			viii) xxxxxxxxxxx <lb/>
			viii) xxxxxxxxxxx <lb/>
			ix) xxxxxxxxxxxx <lb/>
			xi) xxxxxxxxxxxx <lb/>
			xi ) xxxxxxxxxxxx <lb/>
			xii) xxxxxxxxxxxx <lb/>
			xiii) xxxxxxxxxxxx <lb/>
			xiv) Horticulture <lb/>
			ancillary <lb/>
			industry <lb/>
			for <lb/>
			promoting <lb/>
			indigenous manufacturing of horticulture related farm <lb/>
			tools &amp; machineries, equipments, plastics containers, <lb/>
			packaging etc. <lb/>
			xv) xxxxxxxxxxxx <lb/>
			xvi) Plastic Crates and Bins, Cartons, Aseptic Packaging <lb/>
			and Nets.&quot; <lb/>
			4. 
			General conditions for PHM/PP projects have also been <lb/>
			enumerated in the guidelines and Clause (iv) of the same reads as <lb/>
			under:-<lb/>
			&quot;Shade nets and anti hail nets shall be considered <lb/>
			as one time assistance for credit linked project for <lb/>
			</body>

			<note place="footnote">::: Downloaded on -12/07/2022 00:11:51 :::CIS <lb/></note>
			
		<note place="headnote">	
			H <lb/>
			i g h <lb/>
			C <lb/>
			o u r t o f H <lb/>
			. P . <lb/>
			</note>

			<page>-4 -<lb/>
			</page>

			<body>the benefit of existing commercial horticulture <lb/>
			projects of fruit orchards qualifying area norm of <lb/>
			above 4 Ha. Assistance in case of CFB Cartons, <lb/>
			Aseptic Packaging, Punnets /Poly bags etc shall be <lb/>
			available on merit for launching a new horticulture <lb/>
			product during its first year and for introduction of <lb/>
			horticulture products in a market as one time <lb/>
			assistance.&quot; <lb/>
			5. 
			In the present case, the appellant wants to start a unit <lb/>
			for manufacture of corrugated boxes for apple. <lb/>
			Admittedly, <lb/>
			appellant is neither launching a new horticulture product, nor <lb/>
			introducing any horticulture product in the market. Hence, the fact <lb/>
			that the appellant wants to start manufacture of the corrugated <lb/>
			boxes for packing apple would not entitle him to the benefit of <lb/>
			National Horticulture Board Guidelines. Manufacturing of boxes by <lb/>
			the appellant cannot be described as a horticulture product or a <lb/>
			horticulture produce. Hence, the learned Single Judge had rightly <lb/>
			held that the case of the appellant was not covered under the <lb/>
			scheme. A combined reading of Clauses (iv), (xiv) and (xvi) of <lb/>
			Clause II (supra) and Clause (iv) of General Conditions for PHM/PP <lb/>
			projects reveals that the case of the appellant would not fall within <lb/>
			the scheme. As per the said provisions, assistance in case of CFB <lb/>
			Cartons, Aseptic packaging, Punnets/Poly bags etc. shall be <lb/>
			</body>

			<note place="footnote">::: Downloaded on -12/07/2022 00:11:51 :::CIS <lb/></note>
			
			<note place="headnote">H <lb/>
			i g h <lb/>
			C <lb/>
			o u r t o f H <lb/>
			. P . <lb/>
			</note>

			<page>-5 -<lb/>
			</page>

			<body>available on merit for launching a new horticulture product during its <lb/>
			first year and for introduction of horticulture products in a market as <lb/>
			one time assistance. <lb/>
			6. 
			In the facts and circumstances of the case, learned <lb/>
			Single Judge has, thus, rightly dismissed the writ petition filed by the <lb/>
			appellant. No ground for interference is made out. Accordingly, the <lb/>
			appeal is dismissed. <lb/>
			( Sabina ) <lb/>
			Judge <lb/>
			( Satyen Vaidya ) <lb/>
			Judge <lb/>
			March 30, 2022 <lb/>
			

			( Himalvi) <lb/></body>
			
			<note place="footnote">::: Downloaded on -12/07/2022 00:11:51 :::CIS<lb/> </note>


	</text>
</tei>
