<?xml version="1.0" ?>
<tei xml:space="preserve">
	<teiHeader>
		<fileDesc xml:id="0"/>
	</teiHeader>
	<text xml:lang="en">
			<note place="headnote">H <lb/>
			i g h <lb/>
			C <lb/>
			o u r t o f H <lb/>
			. P . <lb/>
			</note>

			<front>IN THE HIGH COURT OF HIMACHAL PRADESH AT SHIMLA <lb/>
			ON THE 30 th DAY OF MARCH, 2022 <lb/>
			BEFORE <lb/>
			HON&apos;BLE MR. JUSTICE MOHAMMAD RAFIQ <lb/>
			CHIEF JUSTICE <lb/>
			&amp; <lb/>
			HON&apos;BLE MS. JUSTICE JYOTSNA REWAL DUA <lb/>
			CIVIL WRIT PETITION No. 1643 of 2022 <lb/>
			Between: <lb/>
			DEVANSH, S/O LATE SH. DHRUV <lb/>
			PATHANIA, R/O VILLAGE BUHLI <lb/>
			BHADWAL, 
			WARD 
			No. 
			3, 
			P.O. <lb/>
			MATOUR, TEHSIL AND DISTRICT <lb/>
			KANGRA, H.P. <lb/>
			…PETITIONER <lb/>
			(BY 
			MR. 
			H.R. 
			BHARDWAJ, <lb/>
			ADVOCATE.) <lb/>
			AND <lb/>
			HPSEBL THROUGH ITS EXECUTIVE <lb/>
			DIRECTOR (PERSONNEL) HPSEBL, <lb/>
			KUMAR HOUSE, SHIMLA-4. <lb/>
			... RESPONDENT <lb/>
			(BY MR. TARA SINGH CHAUHAN, <lb/>
			ADVOCATE.) <lb/>
			____________________________________________________ <lb/>
			</front>

			<note place="footnote">::: Downloaded on -12/07/2022 00:11:51 :::CIS <lb/></note>
			
			<note place="headnote">H <lb/>
			i g h <lb/>
			C <lb/>
			o u r t o f H <lb/>
			. P . <lb/>
			</note>

			<page>-2 -<lb/>
			</page>

			<front>This petition coming on for admission this day, <lb/>
			Hon&apos;ble Mr. Justice Mohammad Rafiq, passed the following: <lb/>
			O R D E R <lb/>
			</front>

			<body>This writ petition has been filed by petitioner-<lb/>
			Devansh, directing the respondent-Corporation to appoint him on <lb/>
			compassionate ground, as his father, who was working as Senior <lb/>
			Assistant with the respondent-Corporation, died in harness while <lb/>
			on duty on 31.05.2019. <lb/>
			In this regard, he has made <lb/>
			representation (Annexure P-1) to the respondent-Corporation, <lb/>
			which is still pending. He prays that the respondent-Corporation <lb/>
			may be directed to consider and decide the representation of the <lb/>
			petitioner (Annexure P-1) in a time bound manner. <lb/>
			2. 
			Having regard to the nature of the prayer and <lb/>
			without entering into the merits of the case, we dispose of this <lb/>
			writ petition directing the respondent-Corporation to consider <lb/>
			and decide the representation of the petitioner (Annexure P-1), <lb/>
			by a speaking order, within a period of two months, from the <lb/>
			date of the production of a copy of this order before them. <lb/>
			</body>

			<note place="footnote">::: Downloaded on -12/07/2022 00:11:51 :::CIS <lb/>
			</note>

			<note place="headnote">H <lb/>
			i g h <lb/>
			C <lb/>
			o u r t o f H <lb/>
			. P . <lb/>
			</note>

			<page>-3 -<lb/>
			</page>

			<body>3. 
			Pending application(s), if any, also stands disposed <lb/>
			of. <lb/>
			( Mohammad Rafiq ) <lb/>
			Chief Justice <lb/>
			( Jyotsna Rewal Dua ) <lb/>
			Judge <lb/>
			March 30, 2022 <lb/>
			(hemlata) <lb/>
			</body>

			<note place="footnote">::: Downloaded on -12/07/2022 00:11:51 :::CIS<lb/> </note>


	</text>
</tei>
