<?xml version="1.0" ?>
<tei xml:space="preserve">
	<teiHeader>
		<fileDesc xml:id="0"/>
	</teiHeader>
	<text xml:lang="en">
			<note place="headnote">H <lb/>
			i g h <lb/>
			C <lb/>
			o u r t o f H <lb/>
			. P . <lb/>
			</note>

			<front>IN 
			THE 
			HIGH COURT 
			OF HIMACHAL PRADESH, SHIMLA <lb/>
			ON THE 30 th DAY OF MARCH, 2022 <lb/>
			BEFORE <lb/>
			HON&apos;BLE MR. JUSTICE SANDEEP SHARMA <lb/>
			CRIMINAL REVISION No.145 OF 2022 <lb/>
			Between: <lb/>
			KAILASH CHAND, <lb/>
			AGED 38 YEARS, <lb/>
			S/O SH. DHARAM SINGH CHAND, <lb/>
			R/O VILLAGE UCCHAGAON, <lb/>
			PO KUNIHAR, TEHSIL ARKI, <lb/>
			DISTRICT SOLAN, H.P. <lb/>
			….PETITIONER <lb/>
			(BY MR. AJAY SIPAHIYA, <lb/>
			ADVOCATE) <lb/>
			AND <lb/>
			1. 
			STATE OF HIMACHAL PRADESH, <lb/>
			THROUGH PRINCIPAL SECRETARY <lb/>
			(HOME ) TO THE GOVERNMENT OF HP, <lb/>
			SHIMLA171002 <lb/>
			2. 
			VANDNA, <lb/>
			W/O KAILASH CHAND, <lb/>
			R/O VILLAGE UCCHAGAON, <lb/>
			PO KUNIHAR, TEHSIL ARKI, <lb/>
			DISTRICT SOLAN, H.P., PRESENTLY <lb/>
			RESIDING AT VILLAGE JER SERI, <lb/>
			P.O. KASHLOG, <lb/>
			TEHSIL ARKI, <lb/>
			DISTRICT SOLAN, H.P. <lb/>
			3. 
			SUDESH, <lb/>
			S/O SH. KAILASH CHAND <lb/>
			AND SMT. VANDNA, <lb/>
			4. 
			BHUVANESH, <lb/>
			S/O SH. KAILASH CHAND <lb/>
			</front>

			<note place="footnote">::: Downloaded on -12/07/2022 00:11:52 :::CIS <lb/>
			</note>

			<note place="headnote">H <lb/>
			i g h <lb/>
			C <lb/>
			o u r t o f H <lb/>
			. P . <lb/>
			</note>

			<page>2 <lb/>
			</page>

			<front>AND SMT. VANDNA, <lb/>
			5. 
			HARSHITA, <lb/>
			D/O SH. KAILASH CHAND <lb/>
			AND SMT. VANDNA, <lb/>
			(RESPONDENTS NO. 3 TO 5 <lb/>
			THROUGH THEIR MOTHER <lb/>
			I.E. RESPONDENT NO.2 <lb/>
			NATURAL GUARDIAN) <lb/>
			….RESPONDENT <lb/>
			(BY MR. ARVIND SHARMA, <lb/>
			ADDITIONAL ADVOCATE GENERAL, <lb/>
			WITH MR. NARENDER THAKUR AND <lb/>
			MR. GAURAV SHARMA, DEPUTY ADVOCATES <lb/>
			GENERAL, FOR THE STATE) <lb/>
			</front>

			<body>Whether approved for reporting?. <lb/>
			This petition coming on for orders this day, the Court passed the following: <lb/>
			O R D E R <lb/>
			Learned counsel for the petitioner seeks permission to <lb/>
			withdraw the present petition with liberty to file appropriate proceedings <lb/>
			before appropriate court of law at subsequent stage, if required and <lb/>
			desired. <lb/>
			Consequently, in view of the above, present petition is <lb/>
			dismissed as withdrawn with liberty as prayed for. <lb/>
			30 th March, 2022 <lb/>
			(Sandeep Sharma), <lb/>
			(manjit) <lb/>
			Judge <lb/>
			</body>

			<note place="footnote">::: Downloaded on -12/07/2022 00:11:52 :::CIS<lb/> </note>


	</text>
</tei>
