<?xml version="1.0" ?>
<tei xml:space="preserve">
	<teiHeader>
		<fileDesc xml:id="0"/>
	</teiHeader>
	<text xml:lang="en">
			<note place="headnote">H <lb/>
			i g h <lb/>
			C <lb/>
			o u r t o f H <lb/>
			. P . <lb/>
			</note>

			<front>IN THE HIGH COURT OF HIMACHAL PRADESH AT SHIMLA <lb/>
			ON THE 30 th DAY OF MARCH, 2022 <lb/>
			BEFORE <lb/>
			HON&apos;BLE MR. JUSTICE MOHAMMAD RAFIQ, <lb/>
			CHIEF JUSTICE <lb/>
			&amp; <lb/>
			HON&apos;BLE MS. JUSTICE JYOTSNA REWAL DUA <lb/>
			LETTERS PATENT APPEAL No.97 OF 2021 <lb/>
			ALONGWITH <lb/>
			CIVIL WRIT PETITION No.2693 OF 2021 <lb/>
			1. LPA NO.97 OF 2021 <lb/>
			Between:-<lb/>
			1. THE CHAIRMAN, <lb/>
			ARMY PUBLIC SCHOOL, DAGSHAI, <lb/>
			TEHSIL KASAULI, DISTRICT SOLAN, <lb/>
			H.P. 173206 <lb/>
			2. THE PRINCIPAL, ARMY PUBLIC SCHOOL, <lb/>
			DAGSHAI, TEHSIL KASAULI, <lb/>
			DISTRICT SOLAN, H.P. <lb/>
			…...APPELLANTS <lb/>
			(BY MR. RAHUL MAHAJAN, ADVOCATE) <lb/>
			AND <lb/>
			1. SMT. URMILA CHAUHAN <lb/>
			D/O SH. JIWAN SINGH CHAUHAN, <lb/>
			R/O CHAUHAN NIWAS, SHOLINI NAGAR, <lb/>
			JAUNAJI ROAD, DISTRICT SOLAN, H.P. <lb/>
			…….RESPONDENT <lb/>
			2. THE MANAGING DIRECTOR, <lb/>
			ARMY WELFARE EDUCATION SOCIETY, <lb/>
			SHANKAR VIHAR BUILDING NO.202, <lb/>
			DELHI CANTT. NEW DELHI 110010 <lb/>
			…...PROFORMA RESPONDENT <lb/>
			</front>

			<note place="footnote">::: Downloaded on -12/07/2022 00:11:52 :::CIS <lb/></note>
			
			<note place="headnote">H <lb/>
			i g h <lb/>
			C <lb/>
			o u r t o f H <lb/>
			. P . <lb/>
			</note>

			<page>2 <lb/>
			</page>

			<front>(MR. SERVEDAMAN RATHORE, ADVOCATE, <lb/>
			FOR R-1, <lb/>
			MR. PRAVEEN CHAUHAN, ADVOCATE VICE <lb/>
			MR. VISHAL PANWAR, ADVOCATE, FOR R-2) <lb/>
			2. CWP NO.2693 OF 2021 <lb/>
			Between:-<lb/>
			SANGEETA SAHOTA <lb/>
			W/O SH. SURINDER KUMAR SAHOTA, <lb/>
			R/O ARMY PUBLIC SCHOOL DAGSHAI, <lb/>
			HOUSE NO.47/1, GROUND FLOOR, <lb/>
			TEHSIL KASOULI, DISTRICT SOLAN, H.P. <lb/>
			…...PETITIONER <lb/>
			(BY MR. SANJEEV BHUSHAN, SENIOR ADVOCATE <lb/>
			WITH MR. RAJESH KUMAR, ADVOCATE) <lb/>
			AND <lb/>
			1. UNION OF INDIA, <lb/>
			THROUGH SECRETARY (MINISTRY OF DEFENCE), <lb/>
			GOVERNMENT OF INDIA, 101-A, <lb/>
			SOUTH BLOCK, NEW DELHI <lb/>
			2. ARMY WELFARE EDUCATION SOCIETY, <lb/>
			BUILDING NO.202, SHANKAR VIHAR, <lb/>
			DELHI CANTONMENT, NEW DELHI-110010, <lb/>
			THROUGH ITS MANAGING DIRECTOR <lb/>
			3. ARMY PUBLIC SCHOOL DAGSHAI, <lb/>
			TEHSIL KASAULI, DISTRICT SOLAN, H.P., <lb/>
			THROUGH ITS PRINCIPAL <lb/>
			4. CENTRAL BOARD OF SECONDARY EDUCATION, <lb/>
			SHIKSHA KENDRA, 2, COMMUNITY CENTRE, <lb/>
			PREST VIHAR, DELHI-110092, <lb/>
			THROUGH ITS CHAIRPERSON <lb/>
			…...RESPONDENTS <lb/>
			(MR. BALRAM SHARMA, ASGI, FOR R-1 &amp; R-2, <lb/>
			MR. RAHUL MAHAJAN, ADVOCATE, FOR R-3, <lb/>
			NONE FOR R-4) <lb/>
			</front>

			<note place="footnote">::: Downloaded on -12/07/2022 00:11:52 :::CIS <lb/></note>
			
			<note place="headnote">H <lb/>
			i g h <lb/>
			C <lb/>
			o u r t o f H <lb/>
			. P . <lb/>
			</note>

			<page>3 <lb/>
			</page>

			<front>RESERVED ON 
			: <lb/>
			17.03.2022 <lb/>
			PRONOUNCED ON 
			: <lb/>
			30.03.2022 <lb/>
			Whether approved for reporting? Yes. <lb/>
			These matters coming on for admission this day, <lb/>
			Hon&apos;ble Ms. Justice Jyotsna Rewal Dua, delivered the <lb/>
			following: <lb/>
			J U D G M E N T <lb/>
			</front>

			<body>Being companion matters, these are taken up <lb/>
			together for decision. <lb/>
			LPA No.97 of 2021 <lb/>
			Learned Single Judge vide judgment dated <lb/>
			04.05.2021, directed the Army Public School, Dagshai, <lb/>
			District Solan, H.P., to regularize the services of the writ <lb/>
			petitioner as Trained Graduate Teacher (Music) [in short <lb/>
			&apos;TGT (Music)&apos;] after completion of five years of service on <lb/>
			contract basis by taking her appointment on contract basis <lb/>
			w.e.f. 19.09.2011, with all consequential benefits. <lb/>
			Aggrieved, the Army Public School, Dagshai has filed the <lb/>
			instant letters patent appeal. <lb/>
			2. <lb/>
			Brief factual matrix of the case is as under:-<lb/>
			2(i). <lb/>
			The Army Public School, Dagshai (appellants <lb/>
			herein) advertised posts of Trained Graduate Teachers in <lb/>
			the year 2006. Respondent No.1-Smt. Urmila Chauhan <lb/>
			(writ petitioner) applied for the post of TGT (Music). She <lb/>
			participated in the selection process and was appointed as <lb/>
			</body>

			<note place="footnote">::: Downloaded on -12/07/2022 00:11:52 :::CIS <lb/></note>
			
			<note place="headnote">H <lb/>
			i g h <lb/>
			C <lb/>
			o u r t o f H <lb/>
			. P . <lb/>
			</note>

			<page>4 <lb/>
			</page>

			<body>TGT (Music) on temporary basis from 08.04.2006 to <lb/>
			31.03.2007. <lb/>
			2(ii). <lb/>
			After expiry of the above period, the appellants <lb/>
			again advertised the posts of Trained Graduate Teachers. <lb/>
			Respondent No.1 applied for the post of TGT (Music). After <lb/>
			going through the selection process, she was appointed as <lb/>
			TGT (Music) w.e.f. 09.04.2007 to 31.03.2008 on temporary <lb/>
			basis. In the similar manner, respondent No.1 was <lb/>
			appointed as TGT (Music) w.e.f. 08.04.2008 to 31.03.2009 <lb/>
			on temporary basis. <lb/>
			2(iii). <lb/>
			The appellants advertised the posts of TGTs <lb/>
			once again. Respondent No.1 applied for the post of TGT <lb/>
			(Music). She was appointed as such on contractual basis <lb/>
			w.e.f. 03.04.2009 to 02.04.2012. In similar manner, <lb/>
			respondent No.1 was engaged on contractual basis w.e.f. <lb/>
			10.04.2012 to 09.04.2015, 17.04.2015 to 16.04.2016 and <lb/>
			25.04.2016 to 24.04.2017. <lb/>
			2(iv). <lb/>
			Respondent No.1 submitted a representation <lb/>
			praying for her regularization as well as for renewal of her <lb/>
			contract. She being in family way, also prayed for maternity <lb/>
			leave, which was sanctioned by the appellants w.e.f. <lb/>
			01.02.2017 to 21.04.2017. Her contractual period of service <lb/>
			was to come to an end on 24.04.2017. Apprehending that <lb/>
			</body>

			<note place="footnote">::: Downloaded on -12/07/2022 00:11:52 :::CIS <lb/>
			</note>

			<note place="headnote">H <lb/>
			i g h <lb/>
			C <lb/>
			o u r t o f H <lb/>
			. P . <lb/>
			</note>

			<page>5 <lb/>
			</page>

			<body>the appellants might employ new TGT (Music) against the <lb/>
			post occupied by her and also fearing that the appellants <lb/>
			might not extend her service contract, she preferred civil <lb/>
			writ petition, bearing CWP No.480 of 2017, inter-alia, <lb/>
			praying that her services be regularized as TGT (Music) and <lb/>
			her contract of service as TGT (Music) be renewed w.e.f. <lb/>
			25.04.2017. This writ petition was allowed by the learned <lb/>
			Single Judge vide judgment dated 04.05.2021. The <lb/>
			appellants herein were directed to regularize services of <lb/>
			respondent No.1 as TGT (Music) after completion of five <lb/>
			years of service on contract basis by taking her <lb/>
			appointment on contract basis w.e.f. 19.09.2011 with <lb/>
			consequential benefits. <lb/>
			Feeling aggrieved, the Army Public School, <lb/>
			Dagshai has preferred the instant letters patent appeal. <lb/>
			3. <lb/>
			Contentions:-<lb/>
			Learned counsel for the appellants submitted <lb/>
			that respondent No.1 was appointed as TGT (Music) on <lb/>
			temporary basis after following the due procedure of <lb/>
			selection in terms of the Army Welfare Education Society <lb/>
			Rules and Regulations (hereinafter referred to as &apos;AWES <lb/>
			Rules &amp; Regulations&apos;) w.e.f. 08.04.2006 to 31.03.2007, <lb/>
			09.04.2007 to 31.03.2008, 08.04.2008 to 31.03.2009 and <lb/>
			</body>

			<note place="footnote">::: Downloaded on -12/07/2022 00:11:52 :::CIS <lb/>
			</note>

			<note place="headnote">H <lb/>
			i g h <lb/>
			C <lb/>
			o u r t o f H <lb/>
			. P . <lb/>
			</note>

			<page>6 <lb/>
			</page>

			<body>thereafter on contractual basis w.e.f. 03.04.2009 to <lb/>
			02.04.2012, 10.04.2012 to 09.04.2015, 17.04.2015 to <lb/>
			16.04.2016 
			and 
			25.04.2016 
			to 
			24.04.2017. <lb/>
			The <lb/>
			appointment letters issued to respondent No.1 on <lb/>
			temporary as well as on contractual basis clearly provided <lb/>
			that at the end of the specified period of appointment, <lb/>
			respondent No.1 will have no lien on the post. Respondent <lb/>
			No.1 had agreed to the terms &amp; conditions of the <lb/>
			appointment letter. The claim of respondent No.1 with <lb/>
			respect to regularization/renewal of the contract, therefore, <lb/>
			is not justified. Learned counsel for the appellants further <lb/>
			submitted that the last contractual appointment of <lb/>
			respondent No.1 was to end on 24.04.2017. Accordingly, <lb/>
			the appellants had issued an advertisement in March, 2017 <lb/>
			for the posts of TGTs including TGT (Music). Respondent <lb/>
			No.1 was aware of the fresh selection process initiated by <lb/>
			the appellants in March, 2017 for the post of TGT (Music), <lb/>
			but she did not apply for this post. The interviews were <lb/>
			conducted in April, 2017. One Smt. Sangeeta Sahota was <lb/>
			selected and appointed as TGT (Music) on 21.04.2017. <lb/>
			Despite being aware of the selection and appointment of <lb/>
			Smt. Sangeeta Sahota as TGT (Music) in the appellants&apos; <lb/>
			school, respondent No.1 did not implead Smt. Sangeeta <lb/>
			</body>

			<note place="footnote">::: Downloaded on -12/07/2022 00:11:52 :::CIS <lb/></note>
			
			<note place="headnote">H <lb/>
			i g h <lb/>
			C <lb/>
			o u r t o f H <lb/>
			. P . <lb/>
			</note>

			<page>7 <lb/>
			</page>

			<body>Sahota as a party to the writ petition. She suppressed <lb/>
			material facts from the Court. The judgment was passed <lb/>
			without hearing Smt. Sangeeta Sahota, a necessary party to <lb/>
			the case. Learned counsel prayed for allowed the appeal. <lb/>
			Learned counsel for respondent No.1 contended <lb/>
			that respondent No.1 was initially engaged by the <lb/>
			appellants on temporary basis and thereafter on <lb/>
			contractual terms. The letter appointing respondent No.1 <lb/>
			on contract basis clearly penned down that her service was <lb/>
			to be governed by AWES Rules &amp; Regulations as amended <lb/>
			from time to time. Continuation of respondent No.1 on <lb/>
			contract basis conferred upon her the right of regularization <lb/>
			in terms of Clause 128(j) of Chapter 7 of AWES Rules &amp; <lb/>
			Regulations. Respondent No.1 fulfilled the criteria <lb/>
			contemplated in the Rules regulating the appointment and <lb/>
			regularization of TGT Contract Teachers. Services of <lb/>
			respondent No.1, therefore, were required to be regularized <lb/>
			upon completion of specified number of years of service on <lb/>
			contract basis. Learned counsel defended the impugned <lb/>
			judgment, whereby directions were issued to the appellants <lb/>
			to regularize services of respondent No.1. <lb/>
			4. <lb/>
			Observations:-<lb/>
			</body>

			<note place="footnote">::: Downloaded on -12/07/2022 00:11:52 :::CIS <lb/></note>
			
			<note place="headnote">H <lb/>
			i g h <lb/>
			C <lb/>
			o u r t o f H <lb/>
			. P . <lb/>
			</note>

			<page>8 <lb/>
			</page>

			<body>Having heard learned counsel for the parties <lb/>
			and on going through the material available on record, we <lb/>
			are of the view that the instant appeal deserves to be <lb/>
			allowed for the following reasons: <lb/>
			4(i). <lb/>
			We may first notice the applicable Guidelines <lb/>
			and Rules &amp; Regulations followed by the appellants for <lb/>
			appointment of teachers in its school. <lb/>
			4(i)(a). <lb/>
			Vide <lb/>
			Circular <lb/>
			No.8/Schools/2006, <lb/>
			dated <lb/>
			25.09.2006, guidelines were framed for selection of teachers <lb/>
			in Army Schools and Army Public Schools under AWES. <lb/>
			These guidelines consist of Clauses 1 to 26, which prescribe <lb/>
			detailed procedure for selection of teachers. Clause 25(j) <lb/>
			provides for Term Based Appointments as under:-<lb/>
			&quot;(j) Term Based Appointments. <lb/>
			(i) 50% (Letter No.B/45706/PIAWES, dt 07 Aug 09-AHQ) <lb/>
			of TGTs will be at all times be on Term basis for three <lb/>
			years, on completion of which the services automatically <lb/>
			stand terminated. <lb/>
			(ii) Till above percentage is achieved, all TGT appts will <lb/>
			be term based. <lb/>
			(iii) In case a candidate is found suitable, he/she may be <lb/>
			appointed on regular basis on completion of the term, <lb/>
			provided percentages as mentioned in Sub Para (i) above <lb/>
			are not violated. <lb/>
			(iv) Please refer Article 128 of AWES Rules regarding <lb/>
			service conditions of Term Based Teachers.&quot; <lb/>
			4(i)(b). <lb/>
			Rule 128 of AWES Rules &amp; Regulations, 2011 <lb/>
			provides for service conditions of Contractual Teachers as <lb/>
			under:-<lb/>
			&quot;128. Maximum percentages for regular and contractual TGTs and <lb/>
			PRTs are laid down in the Standing Operating Procedure (SOP) for <lb/>
			teachers 
			selection 
			forwarded 
			vide 
			HQ 
			AWES 
			letter <lb/>
			No.B/45706/SOP/AWES dated 25 Sep 2006 as amended from <lb/>
			</body>

			<note place="footnote">::: Downloaded on -12/07/2022 00:11:52 :::CIS <lb/>
			</note>

			<note place="headnote">H <lb/>
			i g h <lb/>
			C <lb/>
			o u r t o f H <lb/>
			. P . <lb/>
			</note>

			<page>9 <lb/>
			</page>

			<body>time to time. The above percentages for regular TGTs and PRTs are <lb/>
			maximum. It is not mandatory for the schools to have maximum <lb/>
			percentages of the regular TGTs and PRTs. The percentages of <lb/>
			regular TGTs and PRTs may be less than laid down percentages <lb/>
			depending upon the requirement. In no case regular TGTs and <lb/>
			PRTs would be more than the percentages laid down in above SOP <lb/>
			for teachers selection. Any violation in laid down percentage for <lb/>
			appointing PRTs and TGTs will be deemed unauthorized. The terms <lb/>
			and conditions of service of contractual TGTs and PRTs are given <lb/>
			below as applicable:-<lb/>
			(a) Contractual teachers will be appointed for a maximum period <lb/>
			of three years. After its expiry, the appointment will <lb/>
			automatically stand terminated. <lb/>
			(b) There would be a break of minimum seven days if a fresh <lb/>
			contract is made. <lb/>
			(c) Last pay drawn as a contractual Teacher would be protected <lb/>
			on being appointed as regular teacher provided the gap <lb/>
			between the termination of the previous appointment and the <lb/>
			appointment as regular teacher is not more than 60 days. <lb/>
			(d) Contractual teachers may be given upto six increments based <lb/>
			on work experience at the discretion of School Managing <lb/>
			Committee at the time of appointment. Norms of awarding <lb/>
			increments would be as given below. Increments should be <lb/>
			based not only on years of experience but also on special <lb/>
			talent, competence, skills and other factors. This is also not a <lb/>
			right of teachers but a facility to draw better quality. <lb/>
			Financial resources of school will be taken into account. <lb/>
			(i) Two years work experience <lb/>
			-<lb/>
			One <lb/>
			(ii) Three years work experience <lb/>
			-<lb/>
			Two <lb/>
			(iii) Four years work experience <lb/>
			-<lb/>
			Three <lb/>
			(iv) Five years to below ten years work experience -Four <lb/>
			(v) Ten years and above work experience <lb/>
			-<lb/>
			Six <lb/>
			(e) Leave will be entitled to them as given in Article 166 after <lb/>
			one year of successful service. <lb/>
			(f) Increment will be entitled to contractual teachers after <lb/>
			completion of one year successful service in the school in <lb/>
			which appointed. <lb/>
			(g) The service of contractual teachers can be terminated with <lb/>
			one month&apos;s notice or one month&apos;s pay in lieu of notice on <lb/>
			either side during initial one year of service. After completion <lb/>
			of one year successful service, the service of contractual <lb/>
			teachers can be terminated with three month&apos;s notice or <lb/>
			three months pay in lieu thereof subject to the terms and <lb/>
			conditions laid down in the appointment letter. <lb/>
			(h) No contractual teacher would be considered for regular <lb/>
			appointment before completion of two years in the same <lb/>
			school. <lb/>
			(j) For Contractual TGTs Only. <lb/>
			Contractual TGTs will be <lb/>
			appointed as regular TGTs after completion of five years <lb/>
			works experience in the same school as contractual TGTs in <lb/>
			the relevant category subject to the percentages laid down in <lb/>
			</body>

			<note place="footnote">::: Downloaded on -12/07/2022 00:11:52 :::CIS <lb/>
			</note>

			<note place="headnote">H <lb/>
			i g h <lb/>
			C <lb/>
			o u r t o f H <lb/>
			. P . <lb/>
			</note>

			<page>10 <lb/>
			</page>

			<body>the SOP for teachers selection. The requirement of one year <lb/>
			probation period on their appointment as regular TGTs will <lb/>
			be dispensed with provided the gap between ceasation of <lb/>
			appointment of contractual TGT and assumption of regular <lb/>
			TGT is not more than 60 days in the same school. <lb/>
			(k) For Contractual PRTs Only. The requirement of one year <lb/>
			probation on their appointment as regular PRTs will be <lb/>
			dispensed with provided the gap between the ceasation of <lb/>
			appointment of contractual PRT and assumption of regular <lb/>
			PRT in the same school is not more than 60 days.&quot; <lb/>
			From reading of above clause, it is evident that <lb/>
			contractual TGTs will be appointed for a maximum period <lb/>
			of three years in the school. After expiry of this period, the <lb/>
			appointment will automatically stand terminated. Rule <lb/>
			128(j) provides that contractual TGTs will be appointed as <lb/>
			regular TGT after completion of five years works experience <lb/>
			in the same school as contractual TGT in the relevant <lb/>
			category. This is, however, subject to the percentage laid <lb/>
			down in the SOP for teachers selection. <lb/>
			The above Rules underwent amendment in the <lb/>
			year 2019. <lb/>
			4(i)(c). <lb/>
			Chapter 7 of AWES Rules &amp; Regulations, 2019 <lb/>
			stipulates Classification, Recruitment, Qualification and <lb/>
			Terms &amp; Conditions of service in the appellants&apos; school. <lb/>
			Clause 116 of this chapter gives &apos;types of teaching staff&apos; as <lb/>
			under:-<lb/>
			&quot;116. Teaching Staff would be employed as per requirement of the <lb/>
			school, based on the strength of students and the subjects being <lb/>
			offered. Since our schools have a peculiar condition of migrating <lb/>
			students and numbers keep fluctuating due to movement of <lb/>
			</body>

			<note place="footnote">::: Downloaded on -12/07/2022 00:11:52 :::CIS <lb/>
			</note>

			<note place="headnote">H <lb/>
			i g h <lb/>
			C <lb/>
			o u r t o f H <lb/>
			. P . <lb/>
			</note>

			<page>11 <lb/>
			</page>

			<body>parents from one station to another, a portion of the teachers may <lb/>
			have to be hired on contractual basis due to revenue constraints. <lb/>
			The proportion shall be dictated by the respective BoA based on the <lb/>
			forecast of movement of units and formations from respective <lb/>
			garrisons. When adopted, the terms shall be as follows: <lb/>
			(a) Regular. This category shall be the Nucleus Staff employed <lb/>
			through deep selection and shall be the backbone of the School <lb/>
			faculty. <lb/>
			(b) Fixed-term. These appointments will be made on contract for a <lb/>
			term of three academic sessions. The contract will only be for <lb/>
			one term and shall not be extendable or renewable. On <lb/>
			completion of the term, a teacher of this category will have <lb/>
			option to appear in a fresh selection process for regular <lb/>
			category, provided a vacancy in the given subject exists. <lb/>
			Teachers once completing such a term shall not be allowed to <lb/>
			take another term based assignment in the same school in the <lb/>
			following session. Exception to this rule of &apos;only one term&apos; may <lb/>
			be given by the Chairman BoA for a specific period or <lb/>
			individual. <lb/>
			(c) Adhoc. These appointments may be made for a limited period <lb/>
			not exceeding 11 months to fill up a leave vacancy or a <lb/>
			vacancy which may arise due to midsession resignation/ <lb/>
			removal of a teacher. Such vacancy may also occur if the <lb/>
			management is unable to find a suitable teacher for <lb/>
			employment due to remote/peculiar location and as a <lb/>
			compulsion a teacher is required to be hired who may not be <lb/>
			meeting all the QR and standard as expected. Such <lb/>
			employment should not exceed one academic session. On <lb/>
			completion of such employment, an adhoc teacher will have <lb/>
			option to appear in a fresh selection process for <lb/>
			contractual/regular category provided there is a vacancy and <lb/>
			the individual meets the QR for that employment. <lb/>
			(d) Casual. A casual employee is an employee whose employment <lb/>
			is of a casual/seasonal/daily nature for which a vacancy <lb/>
			does not exist in Authorized Establishment. Such employment <lb/>
			may be given by the Principal with the permission of the <lb/>
			Chairman on an urgent emerging situation and later ratified in <lb/>
			the SAMC. <lb/>
			(e) Part-time. He/She is to be appointed on a part-time basis for <lb/>
			specific hours. Such employment may be given by the Principal <lb/>
			with the permission of the Chairman on an urgent emerging <lb/>
			situation and later ratified in the SAMC. <lb/>
			Notes:-<lb/>
			1. All regular teachers will be on probation as per Article 132. <lb/>
			Their suitability for confirmation shall be assessed within the <lb/>
			period of probation. Any extension of probation shall only be <lb/>
			allowed by the Chairman Board of Administration based on <lb/>
			specific reasons of inability to judge the efficacy of the <lb/>
			probationer within the stipulated time. <lb/>
			</body>

			<note place="footnote">::: Downloaded on -12/07/2022 00:11:52 :::CIS <lb/></note>
			
			<note place="headnote">H <lb/>
			i g h <lb/>
			C <lb/>
			o u r t o f H <lb/>
			. P . <lb/>
			</note>

			<page>12 <lb/>
			</page>

			<body>2. The emoluments payable to teachers employed on Fixed-term <lb/>
			basis will be at par with the regular teachers. They shall also <lb/>
			be given annual increments at par with regular teachers. <lb/>
			3. The salary admissible to Adhoc, Casual and Part-time <lb/>
			Teachers may be determined by the SAMC. In case of Part-<lb/>
			time Teachers it will be based on number of days/hours of <lb/>
			engagement per day/week.&quot; <lb/>
			Clause 119 of this Chapter reads as under:-<lb/>
			&quot;119. Teachers. <lb/>
			Selection of teachers will be in accordance <lb/>
			with SOP in vogue issue by HQ AWES, as amended from time to <lb/>
			time. Appointments will be made strictly in accordance with the <lb/>
			Authorized Establishment as laid down in Article 115.&quot; <lb/>
			4(i)(d). <lb/>
			Reliance placed by learned counsel for <lb/>
			respondent No.1 upon isolated reading of a few lines of Rule <lb/>
			128(j) of AWES Rules &amp; Regulations, 2011, for <lb/>
			regularization of her services, is misplaced. This rule is <lb/>
			subject to percentage laid down for regular and contractual <lb/>
			TGTs in the Standard Operating Procedure (SOP). The SOP <lb/>
			for teachers&apos; selection were framed vide circular No.8, dated <lb/>
			25.09.2006 (relevant part already extracted above). A <lb/>
			combined reading of the Rules and SOP does not point out <lb/>
			any vested right of the TGT (appointed for a fixed term on <lb/>
			the basis of a contract) for regularization of his/her services <lb/>
			merely on the strength of having completed five years of <lb/>
			contractual service. The rules entail different procedure for <lb/>
			regularization. The Rules have also undergone amendment. <lb/>
			Hon&apos;ble Apex Court in the judgment dated <lb/>
			24.03.2022 delivered in Civil Appeal No.1951 of 2022, <lb/>
			</body>

			<note place="footnote">::: Downloaded on -12/07/2022 00:11:52 :::CIS <lb/></note>
			
			<note place="headnote">H <lb/>
			i g h <lb/>
			C <lb/>
			o u r t o f H <lb/>
			. P . <lb/>
			</note>

			<page>13 <lb/>
			</page>

			<body>titled The State of Gujarat and others Versus R.J. <lb/>
			Pathan and others, was considering a case, where <lb/>
			respondents were appointed on contractual basis on a fixed <lb/>
			salary on a particular project for a period of eleven months <lb/>
			in the year 2004. They continued to serve as such. On <lb/>
			closure of the project, the State Government took a decision <lb/>
			to place them in services of Indian Red Cross Society. The <lb/>
			respondents approached the High Court for regularization <lb/>
			of their services and also challenged their placement in the <lb/>
			Red Cross Society. Their writ petition was dismissed by the <lb/>
			learned Single Judge, but allowed by the Division Bench. <lb/>
			Before the Hon&apos;ble Apex Court, the respondents, relying <lb/>
			upon (2006) 4 SCC 1, titled State of Karnataka Versus Uma <lb/>
			Devi (3) and (2018) 8 SCC 238, titled Narendra Kumar <lb/>
			Tiwari Versus State of Jharkhand, defended the impugned <lb/>
			judgment of the Division bench of the High Court, on the <lb/>
			ground of their long continuation. The Apex Court held as <lb/>
			under:-<lb/>
			&quot;6. The order passed by the learned Single Judge dismissing the <lb/>
			writ petition was in the year 2011. The order passed by the <lb/>
			learned Single Judge was challenged by the respondents by <lb/>
			way of LPA. In the year 2011, the Division Bench granted the <lb/>
			interim relief and directed to maintain status quo and <lb/>
			pursuant to the said interim order, the respondents were <lb/>
			continued in service with the Government. In the year 2021, <lb/>
			when the said LPA was taken up for further hearing, it was <lb/>
			submitted on behalf of the respondents that as by now the <lb/>
			respondents have worked for seventeen years, the State may <lb/>
			be directed to absorb them in the Government and their <lb/>
			</body>

			<note place="footnote">::: Downloaded on -12/07/2022 00:11:52 :::CIS <lb/>
			</note>

			<note place="headnote">H <lb/>
			i g h <lb/>
			C <lb/>
			o u r t o f H <lb/>
			. P . <lb/>
			</note>

			<page>14 <lb/>
			</page>

			<body>services may be regularised. By observing that as the <lb/>
			respondents have worked for a long time, i.e., for seventeen <lb/>
			years, the Division Bench has directed the State to consider <lb/>
			the cases of the respondents for absorption/regularisation <lb/>
			and if required, by creating supernumerary posts. However, <lb/>
			while issuing such a direction, the High Court has not at all <lb/>
			considered the fact that the respondents were continued in <lb/>
			service pursuant to the interim order passed by the High <lb/>
			Court. The Division Bench has also not appreciated the fact <lb/>
			and/or considered the fact that the respondents were initially <lb/>
			appointed for a period of eleven months and on a fixed salary <lb/>
			and that too, in a temporary unit -&quot;Project Implementation <lb/>
			Unit&quot;, which was created only for the purpose of <lb/>
			rehabilitation pursuant to the earthquake for &quot;Post-<lb/>
			Earthquake Redevelopment Programme&quot;. Therefore, the unit <lb/>
			in which the respondents were appointed was itself a <lb/>
			temporary unit and not a regular establishment. The posts on <lb/>
			which the respondents were appointed and working were not <lb/>
			the sanctioned posts in any regular establishment of the <lb/>
			Government. Therefore, when the respondents were <lb/>
			appointed on a fixed term and on a fixed salary in a <lb/>
			temporary unit which was created for a particular project, no <lb/>
			such direction could have been issued by the Division Bench <lb/>
			of the High Court to absorb them in Government service and <lb/>
			to regularise their services. The High Court has observed that <lb/>
			even while absorbing and/or regularising the services of the <lb/>
			respondents, <lb/>
			the <lb/>
			State <lb/>
			Government <lb/>
			may <lb/>
			create <lb/>
			supernumerary posts. Such a direction to create <lb/>
			supernumerary posts is unsustainable. Such a direction is <lb/>
			wholly without jurisdiction. No such direction can be issued <lb/>
			by the High Court for absorption/regularisation of the <lb/>
			employees who were appointed in a temporary unit which <lb/>
			was created for a particular project and that too, by creating <lb/>
			supernumerary posts. <lb/>
			7. 
			From the impugned judgment and order passed by the <lb/>
			Division Bench of the High Court, it appears that what has <lb/>
			weighed with the High Court was that the respondents were <lb/>
			continued in service for a long time, i.e., seventeen years. <lb/>
			However, the High Court has not considered that out of <lb/>
			seventeen years, the respondents continued in service for ten <lb/>
			years pursuant to the interim order passed by the High Court. <lb/>
			Therefore, even considering the decision of this Court in the <lb/>
			case of Umadevi (supra), the period for which the employees <lb/>
			have continued in service pursuant to the interim order is to <lb/>
			be excluded and not to be counted. The High Court has totally <lb/>
			missed the aforesaid aspect. <lb/>
			8. 
			Now, so far as the reliance placed upon the decision of this <lb/>
			Court in the case of Umadevi (supra) and the subsequent <lb/>
			decision of this Court in the case of Narendra Kumar Tiwari <lb/>
			(supra), relied upon by the learned counsel appearing on <lb/>
			behalf of the respondents is concerned, none of the aforesaid <lb/>
			</body>

			<note place="footnote">::: Downloaded on -12/07/2022 00:11:52 :::CIS <lb/>
			</note>

			<note place="headnote">H <lb/>
			i g h <lb/>
			C <lb/>
			o u r t o f H <lb/>
			. P . <lb/>
			</note>

			<page>15 <lb/>
			</page>

			<body>decisions shall be applicable to the facts of the case on hand. <lb/>
			The purpose and intent of the decision in Umadevi (supra) <lb/>
			was, (1) to prevent irregular or illegal appointments in the <lb/>
			future, and (2) to confer a benefit on those who had been <lb/>
			irregularly appointed in the past and who have continued for <lb/>
			a very long time. The decision of Umadevi (supra) may be <lb/>
			applicable in a case where the appointments are irregular on <lb/>
			the sanctioned posts in regular establishment. The same does <lb/>
			not apply to temporary appointments made in a project/ <lb/>
			programme. <lb/>
			8.1. Even in the case of Narendra Kumar Tiwari (supra) also, it <lb/>
			was a case of irregularly appointed employees. Even <lb/>
			otherwise, in view the facts and circumstances of Narendra <lb/>
			Kumar Tiwari (supra), the said decision shall not be <lb/>
			applicable to the facts of the case on hand. The case before <lb/>
			this Court was with respect to the employees working with <lb/>
			the State of Jharkhand which was created only on <lb/>
			15.11.2000 and therefore it was contended on behalf of the <lb/>
			irregularly appointed employees that no one could have <lb/>
			completed ten years of service with the State of Jharkhand on <lb/>
			the cut-off date of 10.04.2006, which was the cut-off date <lb/>
			fixed under the relevant rules of the State of Jharkhand. <lb/>
			9. <lb/>
			Even otherwise, it is to be noted that though not required, the <lb/>
			State, instead of putting an end to the services of the <lb/>
			respondents, graciously placed the respondents in the Indian <lb/>
			Red Cross Society. No duty was cast upon the State to <lb/>
			transfer them to another establishment in a case where it is <lb/>
			found that the employees are appointed in a temporary unit <lb/>
			and on a temporary contractual basis and on a fixed term <lb/>
			salary and on closure of the temporary unit, their services are <lb/>
			not required. However, the State Government was gracious <lb/>
			enough to place the respondents in the Indian Red Cross <lb/>
			Society, which the respondents did not accept. <lb/>
			10. From the impugned order passed by the Division Bench of the <lb/>
			High Court it appears that the High Court has observed <lb/>
			hereinabove that in the peculiar facts and circumstances of <lb/>
			the case, it is directed that the order of absorption and <lb/>
			regularisation and if necessary, by creating supernumerary <lb/>
			posts, will not be treated as a precedent in other cases. Even <lb/>
			such a direction could not have been passed by the Division <lb/>
			Bench of the High Court as there were no peculiar facts and <lb/>
			circumstances which warranted the above observation. No <lb/>
			such order of absorption and/or regularisation even if <lb/>
			required for creating supernumerary posts and not to treat <lb/>
			the same as precedent could have been passed by the High <lb/>
			Court in exercise of powers under Article 226 of the <lb/>
			Constitution of India.&quot; <lb/>
			In view of above, in the facts of the case and <lb/>
			applicable rules/circulars, services of respondent No.1 <lb/>
			</body>

			<note place="footnote">::: Downloaded on -12/07/2022 00:11:52 :::CIS <lb/>
			</note>

			<note place="headnote">H <lb/>
			i g h <lb/>
			C <lb/>
			o u r t o f H <lb/>
			. P . <lb/>
			</note>

			<page>16 <lb/>
			</page>

			<body>engaged on a fixed contractual period, cannot be ordered to <lb/>
			be regularized merely on completion of five years of service. <lb/>
			4(ii). <lb/>
			It is not in dispute that respondent No.1 was <lb/>
			appointed initially on temporary basis w.e.f. 08.04.2006 to <lb/>
			31.03.2007, 09.04.2007 to 31.03.2008 and 08.04.2008 to <lb/>
			31.03.2009 and thereafter on contractual basis w.e.f. <lb/>
			03.04.2009 to 02.04.2012, 10.04.2012 to 09.04.2015, <lb/>
			17.04.2015 to 16.04.2016 and 25.04.2016 to 24.04.2017. <lb/>
			The appointment of respondent No.1 on temporary and <lb/>
			contractual basis in different spells was made by the <lb/>
			appellants after conducting the selection process as per the <lb/>
			then prevailing circulars and Rules &amp; Regulations. <lb/>
			4(iii). <lb/>
			In the appointment/engagement letters issued <lb/>
			to respondent No.1, be it on temporary or on contractual <lb/>
			basis, it was clearly stipulated that after the expiry of the <lb/>
			contract, she will have no lien on the post. That after the <lb/>
			expiry of temporary/contractual service period, she will <lb/>
			automatically cease to be in service of appellants&apos; school. <lb/>
			Respondent No.1, at the time of entering into temporary/ <lb/>
			contractual appointment, was fully aware of the fact that <lb/>
			the appointment being offered to her was temporary/ <lb/>
			contractual in nature and for a fixed period. That she will <lb/>
			have to participate in the fresh selection process after <lb/>
			</body>

			<note place="footnote">::: Downloaded on -12/07/2022 00:11:52 :::CIS <lb/></note>
			
			<note place="headnote">H <lb/>
			i g h <lb/>
			C <lb/>
			o u r t o f H <lb/>
			. P . <lb/>
			</note>

			<page>17 <lb/>
			</page>

			<body>expiry of her temporary/contractual tenure of service. It is <lb/>
			for this reason that she had been applying and appearing in <lb/>
			the selection process for the post of TGT (Music) year after <lb/>
			year and competing with other candidates. Respondent <lb/>
			No.1 had no lien over the post. <lb/>
			4(iv). <lb/>
			The appellants had issued fresh advertisement <lb/>
			in March, 2017 for the posts of TGTs including TGT <lb/>
			(Music). Respondent No.1, who had been applying and <lb/>
			appearing for the post of TGT (Music) in the previous years, <lb/>
			did not apply this time for the said post. The appellants <lb/>
			went ahead with the selection process as the contractual <lb/>
			period of respondent No.1 on the post of TGT (Music) was <lb/>
			coming to an end on 24.04.2017. The interviews were held <lb/>
			in April, 2017. One Smt. Sangeeta Sahota emerged <lb/>
			meritorious amongst the participating candidates. She was <lb/>
			selected and appointed as TGT (Music) on 21.04.2017. In <lb/>
			her writ petition, respondent No.1 concealed these material <lb/>
			facts. Smt. Sangeeta Sahota was not impleaded as a party <lb/>
			in the writ petition. Interim order was passed in the case on <lb/>
			24.04.2017, directing the appellants to allow respondent <lb/>
			No.1 to discharge her duties as TGT (Music) on the same <lb/>
			terms &amp; conditions. The fact remains that respondent No.1 <lb/>
			had not participated in the fresh selection process <lb/>
			</body>

			<note place="footnote">::: Downloaded on -12/07/2022 00:11:52 :::CIS <lb/>
			</note>

			<note place="headnote">H <lb/>
			i g h <lb/>
			C <lb/>
			o u r t o f H <lb/>
			. P . <lb/>
			</note>

			<page>18 <lb/>
			</page>

			<body>conducted by the appellants in April, 2017 and further that <lb/>
			another person, Smt. Sangeeta Sahota, stood already <lb/>
			selected for the post of TGT (Music), which was earlier <lb/>
			occupied by respondent No.1. Smt. Sangeeta Sahota was <lb/>
			appointed on the post in question on 21.04.2017. <lb/>
			Respondent No.1 had automatically ceased to be an <lb/>
			employee of the appellants on the expiry of her contractual <lb/>
			period of service. She could not be regularized against the <lb/>
			post in view of above discussion. Also, Smt. Sangeeta <lb/>
			Sahota&apos;s rights, who was not a party to the case, had also <lb/>
			intermingled and involved on the post in question. <lb/>
			5. <lb/>
			For all the forgoing reasons, the direction issued <lb/>
			in the impugned judgment to regularize the services of <lb/>
			respondent No.1 cannot be sustained. The appeal is <lb/>
			accordingly allowed. The impugned judgment dated <lb/>
			04.05.2021 passed by the learned Single Judge in CWP <lb/>
			No.480 of 2017 is set aside. <lb/>
			It is, however, clarified that remuneration, if <lb/>
			any, paid by the appellants to respondent No.1 for the <lb/>
			period after 24.04.2017, i.e. after the expiry of her <lb/>
			contractual service period, on account of interim directions <lb/>
			passed in her writ petition, shall not be recovered from her. <lb/>
			</body>

			<note place="footnote">::: Downloaded on -12/07/2022 00:11:52 :::CIS <lb/>
			</note>

			<note place="headnote">H <lb/>
			i g h <lb/>
			C <lb/>
			o u r t o f H <lb/>
			. P . <lb/>
			</note>

			<page>19 <lb/>
			</page>

			<body>The issue as to whether the appellants-School is <lb/>
			amenable to the writ jurisdiction was not urged before us. <lb/>
			We leave this question open for the appellants to be raised <lb/>
			in appropriate proceedings. <lb/>
			The appeal stands disposed of in the above <lb/>
			terms, so also the pending miscellaneous application(s), if <lb/>
			any. <lb/>
			CWP No.2693 of 2021 <lb/>
			Heard learned counsel for the parties. <lb/>
			Petitioner in this petition is Smt. Sangeeta <lb/>
			Sahota, who was appointed in the respondent-School <lb/>
			initially as an ad hoc teacher [TGT(Music)] for a fixed period <lb/>
			from 21.04.2017 to 16.03.2018 and thereafter on <lb/>
			contractual basis for a fixed tenure of three years, i.e. with <lb/>
			effect from 09.04.2018 to 31.03.2021. She has prayed for <lb/>
			direction to the respondents (i) to allow her to continue as <lb/>
			TGT (Music); (ii) for regularization of her services and (iii) for <lb/>
			retention of school accommodation given to her in lieu of <lb/>
			her engagement as TGT (Music). <lb/>
			In view of ratio of the above judgment rendered <lb/>
			in the connected LPA No.97 of 2021, the writ petitioner, <lb/>
			Smt. Sangeeta Sahota, was entitled to discharge her duties <lb/>
			as TGT (Music) in the respondent-School only as per the <lb/>
			</body>

			<note place="footnote">::: Downloaded on -12/07/2022 00:11:52 :::CIS <lb/></note>
			
			<note place="headnote">H <lb/>
			i g h <lb/>
			C <lb/>
			o u r t o f H <lb/>
			. P . <lb/>
			</note>

			<page>20 <lb/>
			</page>

			<body>terms &amp; conditions of her appointment letter. Prayers made <lb/>
			in the writ petition cannot be accepted. In the peculiar facts <lb/>
			of the case, it is ordered that any remuneration paid to the <lb/>
			petitioner beyond the tenure of her appointment, pursuant <lb/>
			to the interim orders passed in the petition, shall not be <lb/>
			withdrawn from her. <lb/>
			No other point was urged. <lb/>
			The writ petition stands disposed of in the above <lb/>
			terms, so also the pending miscellaneous application(s), if <lb/>
			any. <lb/>
			(Mohammad Rafiq) <lb/>
			Chief Justice <lb/>
			(Jyotsna Rewal Dua) <lb/>
			March 30, 2022 <lb/>
			Judge <lb/>
			Mukesh <lb/>
			</body>

			<note place="footnote">::: Downloaded on -12/07/2022 00:11:52 :::CIS </note>


	</text>
</tei>
