<?xml version="1.0" ?>
<tei xml:space="preserve">
	<teiHeader>
		<fileDesc xml:id="0"/>
	</teiHeader>
	<text xml:lang="en">
			<page>Page 1 of 1 <lb/></page>
			
			<front>HIGH COURT OF TRIPURA <lb/>
			AGARTALA <lb/>
			A.B. 114 /2020 <lb/>
			Sujit Chakraborty <lb/>
			----Petitioner(s) <lb/>
			Versus <lb/>
			The State of Tripura <lb/>
			----Respondent(s) <lb/>
			For Petitioner(s) 
			: <lb/>
			Mr. AK Banerjee, Advocate <lb/>
			For Respondent(s) 
			: <lb/>
			Mr. Ratan Datta, PP <lb/>
			HON&apos;BLE MR. JUSTICE ARINDAM LODH <lb/>
			Order <lb/>
			20/10/2020 <lb/>
			</front>

			<body>Heard Mr. AK Banerjee, learned counsel appearing for the petitioner as <lb/>
			well as Mr. Ratan Datta, learned PP appearing for the State-respondent. <lb/>
			This is an application filed under Section 438 Cr.P.C. for granting <lb/>
			anticipatory bail to the petitioner who is wanted in connection with East <lb/>
			Agartala PS case No. 59 of 2020 registered under Sections 21(c)/29 read <lb/>
			with Section 8 of the NDPS Act, 1985. <lb/>
			I have perused the case diary, as submitted by learned PP. <lb/>
			Having found sufficient materials in the case diary and keeping in mind <lb/>
			the restrictions imposed under Section 37 of the NDPS Act, in my opinion, <lb/>
			the present anticipatory bail application is devoid of any merit. <lb/>
			Accordingly, the instant application stands rejected. <lb/>
			Return back the case diary. <lb/>
			JUDGE <lb/>
			Saikat<lb/> </body>


	</text>
</tei>
