<?xml version="1.0" ?>
<tei xml:space="preserve">
	<teiHeader>
		<fileDesc xml:id="0"/>
	</teiHeader>
	<text xml:lang="en">
			<page>Page 1 of 1 <lb/></page>
			
			<front>HIGH COURT OF TRIPURA <lb/>
			AGARTALA <lb/>
			RFA No.17 of 2015 <lb/>
			For Appellant(s) 
			: <lb/>
			Petitioner-in-Person <lb/>
			For Respondent(s) 
			: <lb/>
			Mr. M. Debbarma, Addl. G.A. <lb/>
			HON&apos;BLE MR. JUSTICE S. TALAPATRA <lb/>
			HON&apos;BLE MR. JUSTICE ARINDAM LODH <lb/>
			Order <lb/>
			20/10/2020 <lb/>
			</front>

			<body>Record has been reconstructed. <lb/>
			Mr. P. Samanta, appellant-in-person is present before us. <lb/>
			Mr. M. Debbarma, learned Addl. G.A. represents the <lb/>
			respondents. <lb/>
			List this matter on 17.11.2020 for order. <lb/>
			JUDGE <lb/>
			JUDGE <lb/>
			Moumita<lb/> </body>


	</text>
</tei>
