<?xml version="1.0" ?>
<tei xml:space="preserve">
	<teiHeader>
		<fileDesc xml:id="0"/>
	</teiHeader>
	<text xml:lang="en">
			<page>Page 1 of 1 <lb/></page>
			
			<front>HIGH COURT OF TRIPURA <lb/>
			A_G_A_R_T_A_L_A <lb/>
			RSA. No. 02 of 2017 <lb/>
			For Appellant(s) 
			: <lb/>
			Mr. D. R. Chowdhury, Advocate. <lb/>
			For Respondent(s) 
			: <lb/>
			Mr. G. S. Bhattacharjee, Advocate. <lb/>
			HON&apos;BLE MR. JUSTICE ARINDAM LODH <lb/>
			O_r_d_e_r <lb/>
			20.10.2020 <lb/>
			</front>

			<body>As prayed for by the learned counsel appearing for the <lb/>
			parties, let the matter be listed on 14.12.2020 for hearing, as <lb/>
			part heard. <lb/>
			JUDGE <lb/>
			A.Ghosh<lb/> </body>


	</text>
</tei>
