<?xml version="1.0" ?>
<tei xml:space="preserve">
	<teiHeader>
		<fileDesc xml:id="0"/>
	</teiHeader>
	<text xml:lang="en">
			<front>HIGH COURT OF TRIPURA <lb/>
			AGARTALA <lb/>
			I.A. No.1 of 2020 <lb/>
			in L.A. App. No.27 of 2020. <lb/>
			For Appellant-Applicant (s) 
			: <lb/>
			Mr. A.K. Deb, Adv. <lb/>
			For Respondent(s) 
			: <lb/>
			Mr. P. Gautam, Adv. <lb/>
			HON&apos;BLE MR. JUSTICE S. TALAPATRA <lb/>
			Order <lb/>
			20.10.2020 <lb/>
			None appears for the respondent No.1 when the matter is called out. <lb/>
			List this matter on 01.12.2020. <lb/>
			Mr. A.K. Deb, learned counsel appears for the applicants and Mr. P. <lb/>
			Gautam, learned counsel appears for the respondent No.2. <lb/>
			JUDGE <lb/>
			</front>

			<note place="footnote">Sujay<lb/> </note>


	</text>
</tei>
