<?xml version="1.0" ?>
<tei xml:space="preserve">
	<teiHeader>
		<fileDesc xml:id="0"/>
	</teiHeader>
	<text xml:lang="en">
			<front>BA1 No.1845 of 2021 <lb/>
			WITH <lb/>
			BA1 No.1132 of 2021 <lb/>
			WITH <lb/>
			BA1 No.1160 of 2021 <lb/>
			Hon&apos;ble Ravindra Maithani, J. <lb/>
			Mr. B.N. Molakhi, Advocate for <lb/>
			the applicants. <lb/>
			Mr. S.S. Adhikari, Deputy <lb/>
			Advocate General with Mr. Balwinder <lb/>
			Singh, Brief Holder for the State. <lb/>
			List this case on 23.09.2022. <lb/>
			Urgency Application (IA) No.2 of <lb/>
			2022, stands disposed of. <lb/>
			(Ravindra Maithani, J.) <lb/>
			06.08.2022 <lb/>
			</front>

			<body>Sanjay<lb/> </body>


	</text>
</tei>
