<?xml version="1.0" ?>
<tei xml:space="preserve">
	<teiHeader>
		<fileDesc xml:id="0"/>
	</teiHeader>
	<text xml:lang="en">
			<front>HIGH COURT OF UTTARAKHAND AT NAINITAL <lb/>
			Criminal Misc. Bail Application No. 1062 of 2022 <lb/>
			Mohammad Mumtaz @ Waseem <lb/>
			...Applicant <lb/>
			Versus <lb/>
			State of Uttarakhand <lb/>
			….Respondent <lb/>
			Present:-<lb/>
			Mr. Abhishek Verma, Advocate with Mr. Tajhar Qayyum, Advocate <lb/>
			for the applicant. <lb/>
			Mr. V.K. Jemini, Deputy Advocate General with Ms. Meena Bisht, <lb/>
			Brief Holder for the State. <lb/>
			With <lb/>
			Criminal Misc. Bail Application No. 1057 of 2022 <lb/>
			Mohammad Abrar <lb/>
			...Applicant <lb/>
			Versus <lb/>
			State of Uttarakhand <lb/>
			….Respondent <lb/>
			Present:-<lb/>
			Mr. Abhishek Verma, Advocate with Mr. Tajhar Qayyum, Advocate <lb/>
			for the applicant. <lb/>
			Mr. V.K. Jemini, Deputy Advocate General with Ms. Meena Bisht, <lb/>
			Brief Holder for the State. <lb/>
			Hon&apos;ble Ravindra Maithani, J. (Oral) <lb/>
			Since both these bail applications arise from one <lb/>
			and the same FIR, they are being decided together by this <lb/>
			common order. <lb/>
			</front>

			<page>2 <lb/>
			</page>

			<body>2. 
			Applicants Mohammad Mumtaz alias Waseem and <lb/>
			Mohammad Abrar are in judicial custody in FIR No. 570 of 2021, <lb/>
			under Sections 364-A &amp; 387 IPC, P.S. Patel Nagar, Dehradun. <lb/>
			They have sought their release on bail. <lb/>
			3. 
			Heard learned counsel for the parties and perused <lb/>
			the record. <lb/>
			4. 
			A child aged 13 years went missing from house on <lb/>
			31.10.2021 at about 11:00 in the morning, while he was playing <lb/>
			outside in the house. On the same day, at about 01:52 p.m., the <lb/>
			father of the child got a call demanding Rs. 2,00,000/-for the <lb/>
			release of the child, or else the father of the child was extended <lb/>
			the threat to kill the child. The call was recorded. The father of <lb/>
			the child lodged the FIR. <lb/>
			5. 
			It is the prosecution case that subsequently the <lb/>
			informant was instructed by the police to take money at the <lb/>
			designated place told by the kidnapper and the police followed <lb/>
			the informant. As soon as the informant gave the money to the <lb/>
			kidnapper, the kidnapper took the money and started running <lb/>
			towards the forest, but he was apprehended. It was the <lb/>
			applicant Mohammad Mumtaz @ Waseem, from whom <lb/>
			Rs. 1,50,000/-, which was taken from the informant was also <lb/>
			recovered and at the instance of the applicant Mohammad <lb/>
			Mumtaz @ Waseem, the kidnapped child was recovered. <lb/>
			</body>

			<page>3 <lb/>
			</page>

			<body>6. 
			It is the case that the applicant Mohammad <lb/>
			Mumtaz alias Waseem told the police that he along with the <lb/>
			applicant Mohammad Abrar and one Mustakim had planned to <lb/>
			kidnap the child. <lb/>
			7. 
			Learned counsel for the Mohammad Abrar would <lb/>
			submit that there is no evidence against him, except the <lb/>
			statement of the co-accused Mohammad Mumtaz alias Nadeem. <lb/>
			8. 
			Learned State Counsel would submit that the <lb/>
			money was recovered from the applicant Mohammad Mumtaz @ <lb/>
			Waseem and at his instance, the kidnapped child was recovered. <lb/>
			Learned State Counsel could not indicate any other evidence <lb/>
			against the applicant Mohammad Abrar. <lb/>
			9. 
			A young child was kidnapped for money. According <lb/>
			to the prosecution, money was taken by the applicant <lb/>
			Mohammad Mumtaz alias Waseem. He was arrested along with <lb/>
			the money and at his instance the kidnapped child was <lb/>
			recovered. Therefore, there is no occasion to enlarge the <lb/>
			applicant Mohammad Mumtaz alias Waseem on bail. <lb/>
			Accordingly, the bail application of the applicant Mohammad <lb/>
			Mumtaz @ Waseem is rejected. <lb/>
			</body>

			<page>4 <lb/>
			</page>

			<body>10. 
			In so far as the case of applicant Mohammad Abrar <lb/>
			is concerned, he has been implicated only on the basis of the <lb/>
			statement of co-accused Mohammad Mumtaz alias Waseem. No <lb/>
			other corroborating or any other evidence has been shown on <lb/>
			behalf of the prosecution against the applicant Mohmmad Abrar. <lb/>
			Therefore, this Court is of the view that there are reasons to <lb/>
			enlarge the applicant Mohammad Abrar on bail. Accordingly, the <lb/>
			bail application of the applicant Mohammad Abrar deserves to <lb/>
			be allowed. <lb/>
			11. 
			In view of the aforesaid, Bail Application No. 1062 <lb/>
			of 2022 is rejected and the Bail Application No. 1057 of 2022 is <lb/>
			allowed. <lb/>
			12. 
			Let the applicant Mohammad Abrar be released on <lb/>
			bail on his executing personal bond and furnishing two sureties, <lb/>
			each in the like amount, to the satisfaction of the court <lb/>
			concerned. <lb/>
			13. 
			Let a certified copy of this order be issued today <lb/>
			itself on payment of usual charges. <lb/>
			(Ravindra Maithani, J.) <lb/>
			06.08.2022 <lb/>
			Avneet/<lb/> </body>


	</text>
</tei>
