<?xml version="1.0" ?>
<tei xml:space="preserve">
	<teiHeader>
		<fileDesc xml:id="0"/>
	</teiHeader>
	<text xml:lang="en">
			<front>HIGH COURT OF UTTARAKHAND AT NAINITAL <lb/>
			First Bail Application No.974 of 2022 <lb/>
			Kamal <lb/>
			...Applicant <lb/>
			Versus <lb/>
			State of Uttarakhand <lb/>
			...Respondent <lb/>
			Present:-<lb/>
			Mr. Rajendra Arya, Advocate for the applicant. <lb/>
			Mr. V.K. Jemini, D.A.G. with Ms. Meena Bisht, Brief <lb/>
			Holder for the State. <lb/>
			Hon&apos;ble Ravindra Maithani, J. (Oral) <lb/>
			Applicant Kamal is in judicial custody in FIR <lb/>
			No.225 of 2020, under Section 302 IPC, Police Station <lb/>
			Gadarpur, District Udham Singh Nagar. He has sought his <lb/>
			release on bail. <lb/>
			2. 
			</front>

			<body>Heard learned counsel for the parties and perused <lb/>
			the record. <lb/>
			3. 
			According to the FIR, on 02.07.2020, at 6:30 in <lb/>
			the evening, the deceased, a boy aged 2 years was picked up <lb/>
			by the applicant and he hit him on the ground. Due to <lb/>
			which, the child became unconscious. He was taken to <lb/>
			hospital. FIR was lodged by the father of the child. <lb/>
			Subsequently, the child died. <lb/>
			4. 
			The applicant is uncle of the deceased (father&apos;s <lb/>
			elder brother). <lb/>
			</body>

			<page>2 <lb/>
			</page>

			<body>5. 
			Learned counsel for the applicant would argue <lb/>
			that it is mere an accident. The child slipped from the lap of <lb/>
			the applicant. He did not hit the child on the ground. It is <lb/>
			argued that had he hit the child on the ground, the injury on <lb/>
			the child would be entirely different. <lb/>
			6. 
			On the other hand, learned State counsel would <lb/>
			submit that it is a case of killing a child. The applicant hit <lb/>
			the child on the ground. The mother of the child has <lb/>
			categorically stated about it and the medical supports it. <lb/>
			7. 
			The informant in the case is father of the <lb/>
			deceased. He was not at his residence, when the incident <lb/>
			took place. The trial is underway. PW3 is the mother of the <lb/>
			deceased. She has stated that the applicant called the <lb/>
			deceased under the pretext of giving some sweets, then he <lb/>
			smashed the child on the ground and the child became <lb/>
			unconscious. Subsequently, he died. <lb/>
			8. 
			The post mortem report reveals that there was <lb/>
			swelling on the head. The doctor, who conducted post <lb/>
			mortem has also stated that the child died of head injury. <lb/>
			Another doctor told to the Investigating Officer that when the <lb/>
			child was brought to the hospital on 05.07.2020, he was in <lb/>
			coma. <lb/>
			</body>

			<page>3 <lb/>
			</page>

			<body>9. 
			Having considered the entirety of facts, this Court <lb/>
			is of the view that there is no reason to enlarge the applicant <lb/>
			on bail. Accordingly, the bail application deserves to be <lb/>
			rejected. <lb/>
			10. 
			The bail application is rejected. <lb/>
			(Ravindra Maithani, J.) <lb/>
			06.08.2022 <lb/>
			Jitendra<lb/> </body>


	</text>
</tei>
