<?xml version="1.0" ?>
<tei xml:space="preserve">
	<teiHeader>
		<fileDesc xml:id="0"/>
	</teiHeader>
	<text xml:lang="en">
			<front>HIGH COURT OF UTTARAKHAND AT NAINITAL <lb/>
			First Bail Application No.1135 of 2022 <lb/>
			Mithun Ray <lb/>
			...Applicant <lb/>
			Versus <lb/>
			State of Uttarakhand <lb/>
			...Respondent <lb/>
			Present:-<lb/>
			Mr. S.R.S. Gill, Advocate for the applicant. <lb/>
			Mr. Lalit Miglani, A.G.A. with Ms. Sonika Khulbe, Brief <lb/>
			Holder for the State. <lb/>
			Hon&apos;ble Ravindra Maithani, J. (Oral) <lb/>
			Applicant Mithun Ray is in judicial custody in FIR <lb/>
			No.64 of 2022, under Section 306 and 376 IPC, Police <lb/>
			Station Sitarganj, District Udham Singh Nagar. He has <lb/>
			sought his release on bail. <lb/>
			2. 
			Heard learned counsel for the parties and perused <lb/>
			</front>

			<body>the record. <lb/>
			3. 
			According to the FIR, the applicant befriended the <lb/>
			victim and made her obscene video. He would blackmail the <lb/>
			victim. The father of the victim was told, but nothing <lb/>
			happened. On 14.02.2022, the deceased committed suicide <lb/>
			and left a suicide note. <lb/>
			4. 
			It is argued that the suicide note has yet not been <lb/>
			confirmed by the forensic report. Even it does not make out a <lb/>
			</body>

			<page>2 <lb/>
			</page>

			<body>case under Section 306 IPC. There has been no video. No <lb/>
			witness has stated about any video. <lb/>
			5. 
			On the other hand, learned State counsel would <lb/>
			submit that the applicant befriended the victim and made a <lb/>
			video of her and thereafter, exploited her. The deceased <lb/>
			committed suicide and left the suicide note. He would also <lb/>
			referred to the telephonic conversation of the deceased with <lb/>
			the police and a report dated 13.02.2022, which was filed on <lb/>
			behalf of the informant. <lb/>
			6. 
			In fact, on the telephonic conversation which is <lb/>
			part of annexure 2 to the affidavit filed on behalf of the <lb/>
			informant, learned counsel for the applicant would argue <lb/>
			that it is not a telephonic conversation, it is one sided <lb/>
			dialogue. A CD has also been filed, which run before the <lb/>
			Court also. <lb/>
			7. 
			In the suicide note, the deceased writes that 2 <lb/>
			years prior to the date of incident, the applicant raped her, <lb/>
			made a video and blackmailed. On 10.02.2022 again he took <lb/>
			the victim in the back of her kitchen and raped her, but the <lb/>
			mother-in-law of the victim noticed it. <lb/>
			8. 
			Admittedly, there is no videograph. Does the act of <lb/>
			the applicant may termed to be abetment to suicide? <lb/>
			Perhaps it would require deliberations. Admittedly, according <lb/>
			</body>

			<page>3 <lb/>
			</page>

			<body>to the suicide note, for the two years, the applicant was <lb/>
			exploiting the victim. It is also the case that on 10.02.2022, <lb/>
			the victim and the applicant were spotted by the mother-in-<lb/>
			law of the victim. <lb/>
			9. 
			Having considered, this Court is of the view that <lb/>
			the applicant deserves to be enlarged on bail. <lb/>
			10. 
			The bail application is allowed. <lb/>
			11. 
			Let the applicant Mithun Ray be released on bail, <lb/>
			on his executing a personal bond and furnishing two reliable <lb/>
			sureties, each of the like amount, to the satisfaction of the <lb/>
			Court concerned. <lb/>
			(Ravindra Maithani, J.) <lb/>
			06.08.2022 <lb/>
			

			Jitendra<lb/></body> 


	</text>
</tei>
