<?xml version="1.0" ?>
<tei xml:space="preserve">
	<teiHeader>
		<fileDesc xml:id="0"/>
	</teiHeader>
	<text xml:lang="en">
			<front>HIGH COURT OF UTTARAKHAND AT NAINITAL <lb/>
			First Bail Application No. 1061 of 2022 <lb/>
			Akshay and others <lb/>
			….....Applicants <lb/>
			Versus <lb/>
			State of Uttarakhand <lb/>
			….….Respondent <lb/>
			Present:-<lb/>
			Mr. Shubhr Rastogi and Mr. D.P. Mittal, Advocates for the <lb/>
			applicants. <lb/>
			Mr. V.K. Jemini, Deputy Advocate General for the State. <lb/>
			Hon&apos;ble Ravindra Maithani, J. (Oral) <lb/>
			Applicants Akshay, Noshad and Sharan Nath are <lb/>
			in judicial custody in FIR No.42 of 2022, under Sections <lb/>
			395 and 412 IPC, Police Station Raiwala, District Dehradun. <lb/>
			</front>

			<body>They have sought their release on bail. <lb/>
			2. 
			Heard learned counsel for the parties and <lb/>
			perused the record. <lb/>
			3. 
			According to the FIR, on 15.02.2022, at about <lb/>
			02:30 in the afternoon, 3-4 persons entered into the house <lb/>
			of the informant and attacked her mother. They looted their <lb/>
			jewellery and money and threatened the informant and her <lb/>
			mother. A report was lodged on the same day. <lb/>
			4. 
			It is the prosecution case that the applicants <lb/>
			were arrested on 07.03.2022, when they were moving on a <lb/>
			</body>

			<page>2 <lb/>
			</page>

			<body>motorcycle, the informant identified them, their looted <lb/>
			jewellery was also allegedly recovered from them. <lb/>
			5. 
			Learned counsel for the applicants would submit <lb/>
			that applicants has been falsely implicated in the case; the <lb/>
			applicants have not criminal history; it is highly improbable <lb/>
			that after a long period the persons who looted the article <lb/>
			would again visit in the same area with the looted jewellery. <lb/>
			Hence, it is argued that it is a case fit for bail. <lb/>
			6. 
			On the other hand, learned State counsel would <lb/>
			submit that the applicants were arrested and the looted <lb/>
			jewellery were recovered from them, which was identified by <lb/>
			the informant; the informant also identified the applicants <lb/>
			as the persons, who looted her mother and their house. <lb/>
			Apart from it, it is also argued that the applicants were <lb/>
			identified in the CCTV footages. It is recorded in para 6 of <lb/>
			the bail rejection order. <lb/>
			7. 
			In bail rejection order, para 6, it is recorded that <lb/>
			the applicants were identified by CCTV footages. It&apos;s a day <lb/>
			light incident. The informant had identified the assailants at <lb/>
			the time of incident. She had the opportunity to do so and <lb/>
			subsequently, it is a prosecution case that when <lb/>
			apprehended, the informant identified the applicants and <lb/>
			also identified the jewellery which was recovered from him. <lb/></body>
			
			<page>3 <lb/></page>
			
			<body>This is a very grave offence. It is a threat to the society. <lb/>
			There are definitely chances of repeats of offences. <lb/>
			8. 
			Having considered, this Court is of the view that it is <lb/>
			not a case fit for bail and the bail application deserves to be <lb/>
			rejected. <lb/>
			9. 
			The bail application is rejected. <lb/>
			(Ravindra Maithani, J.) <lb/>
			06.08.2022 <lb/>
			Sanjay<lb/> </body>


	</text>
</tei>
