<?xml version="1.0" ?>
<tei xml:space="preserve">
	<teiHeader>
		<fileDesc xml:id="0"/>
	</teiHeader>
	<text xml:lang="en">
			<front>IN THE HIGH COURT OF JUDICATURE AT PATNA <lb/>
			Civil Writ Jurisdiction Case No.9745 of 2021 <lb/>
			====================================================== <lb/>
			Anil Prasad Son of Awadh Kishore Prasad Resident of Village-Dhadhaur, <lb/>
			P.S.-Sikandra, District-Jamui. <lb/>
			... ... Petitioner/s <lb/>
			Versus <lb/>
			1. The State of Bihar through the Chief Secretary, Government of Bihar, Patna. <lb/>
			2. The Director, Animal Husbandry, Government of Bihar, Patna. <lb/>
			3. The Joint Director, (Head Office), Animal Husbandry Directorate, Bihar, <lb/>
			Patna. <lb/>
			4. District Animal Husbandry Officer, Jamui. <lb/>
			5. Assistant Director, Animal Husbandry Department, Large Animal <lb/>
			Development Project/Planning, Regional Bose, Jamui, District-Jamui. <lb/>
			6. District Animal Husbandry Officer, Patna. <lb/>
			7. Regional Director Animal Husbandry, Bhagalpur Region, Bhagalpur. <lb/>
			... ... Respondent/s <lb/>
			====================================================== <lb/>
			Appearance : <lb/>
			For the Petitioner/s <lb/>
			: <lb/>
			Mr. Anand Kishore Sinha <lb/>
			: <lb/>
			Mr. Brij Nandan Prasad <lb/>
			: <lb/>
			Mr. Dhirendra Nath Jha <lb/>
			For the Respondent/s <lb/>
			: <lb/>
			Mr. Lalit Kishore (Ag) <lb/>
			====================================================== <lb/>
			CORAM: HONOURABLE MR. JUSTICE P. B. BAJANTHRI <lb/>
			ORAL JUDGMENT <lb/>
			</front>

			<body>Date : 18-02-2022 <lb/>
			The matter is heard via video conferencing due to <lb/>
			circumstances prevailing on account of the COVID-19 pandemic. <lb/>
			2. State counsel accepts notice for respondents. <lb/>
			3. In the instant petition, petitioner has prayed for the <lb/>
			following relief/reliefs: <lb/>
			&quot;i. For issuance of writ in the nature of <lb/>
			Mandamus Commanding and directing the respondent <lb/>
			specially respondent No. 2, the Director, Animal <lb/>
			Husbandry, Patna to pay the rest salary for the period <lb/>
			of suspension, 23.06.1997 to 23.08.1997 and thereafter <lb/>
			give the benefit of A.C.P. keeping in mind that <lb/>
			petitioner has already retired in the month of February, <lb/>
			2016. <lb/></body>
			
			<note place="headnote">Patna High Court CWJC No.9745 of 2021 dt.18-02-2022 <lb/></note>
			

			<page>2/2 <lb/>
			</page>

			<body>ii. For issuance of further writ in the nature <lb/>
			of mandamus commanding and directing the <lb/>
			Respondents to make available the due amount of <lb/>
			salary for suspension period so that benefit of A.C.P. <lb/>
			be made to the petitioner. And/or pass such other order <lb/>
			and orders as deem fit and proper in the interest of <lb/>
			Justice.&quot; <lb/>
			4. The aforesaid relief is supported by applications and <lb/>
			legal notice, therefore, the concerned respondent is hereby directed <lb/>
			to examine the service particulars of the petitioner as to verify <lb/>
			whether petitioner is entitled to A.C.P. and consequential monetary <lb/>
			benefits or not? Such a decision shall be taken by the competent <lb/>
			authority within a period of three months from the date of receipt <lb/>
			of this order. If the petitioner is eligible, in that event, necessary <lb/>
			order shall be passed in extending A.C.P and other monetary <lb/>
			benefits. If petitioner is not otherwise eligible, in that event, <lb/>
			necessary speaking order shall be passed as to why the petitioner is <lb/>
			not entitled. <lb/>
			5. With the above observations, writ petition stands <lb/>
			disposed off <lb/>
			GAURAV S./-<lb/>
			(P. B. Bajanthri, J) <lb/>
			

			AFR/NAFR <lb/>
			CAV DATE <lb/>
			Uploading Date <lb/>
			23.02.2022 <lb/>
			Transmission Date<lb/></body> 


	</text>
</tei>
