<?xml version="1.0" ?>
<tei xml:space="preserve">
	<teiHeader>
		<fileDesc xml:id="0"/>
	</teiHeader>
	<text xml:lang="en">
			<front>IN THE HIGH COURT OF KERALA AT ERNAKULAM <lb/>PRESENT <lb/>THE HONOURABLE MR.JUSTICE V.G.ARUN <lb/>FRIDAY, THE 8 TH DAY OF JULY 2022 / 17TH ASHADHA, 1944 <lb/>WP(C) NO. 21321 OF 2022 <lb/>PETITIONER: <lb/>1 <lb/>M/S. NAAJCO AUTOMOBILES PVT LTD., <lb/>IV/351 GRACE BUILDING, NH-17 THYKKAVU, <lb/>CHERANELLORE P.O. KOCHI -682034 <lb/>REP. BY ITS MANAGING DIRECTOR SHAJI SUBAIR SAHIB, <lb/>S/O SUBAIR SAHIB, AGED 48 YEARS RESIDING AT VILLA NO. A5 <lb/>KENT HYDE PARK, NEAR CHOICE SCHOOL THRIPUNITHURA 682301. <lb/>BY ADVS. <lb/>SAIBY JOSE KIDANGOOR <lb/>BENNY ANTONY PAREL <lb/>ANOOP SEBASTIAN <lb/>PRAMITHA AUGUSTINE <lb/>IRINE MATHEW <lb/>ADITHYA KIRAN V.E <lb/>ANJALI NAIR <lb/>NAAIL FATHIMA ABDULLA A. <lb/>RESPONDENTS: <lb/>1 <lb/>COCHIN PORT TRUST, <lb/>REP BY ITS CHAIRMAN COCHIN PORT TRUST, <lb/>WILLINGDON ISLAND, KOCHI -682009. <lb/>2 <lb/>THE SECRETARY, <lb/>COCHIN PORT TRUST, WILLINGDON ISLAND, <lb/>KOCHI 682009. <lb/>3 <lb/>TRAFFIC MANAGER, <lb/>COCHIN PORT TRUST, WILLINGDON ISLAND, <lb/>KOCHI -682009. <lb/>BY ADV.SRI.M. GOPIKRISHNAN NAMBIAR, STANDING COUNSEL <lb/>THIS WRIT PETITION (CIVIL) HAVING COME UP FOR ADMISSION ON <lb/>08.07.2022, THE COURT ON THE SAME DAY DELIVERED THE FOLLOWING: <lb/></front>

			<note place="headnote">WP(C) NO. 21321 OF 2022 <lb/></note>

			<page>2 <lb/></page>

			<front>JUDGMENT <lb/>Dated this the 08 th day of July, 2022 <lb/></front>

			<body>The petitioner has been allotted 80 ares (0.8 ha) <lb/>of land by the Cochin Port Trust, for developing and <lb/>operating a Truck Parking Terminal and allied activities. <lb/>As per the terms of the lease agreement executed <lb/>between the petitioner and the Port Trust, 10% of the <lb/>area could be utilised for allied activities. This writ <lb/>petition is filed, aggrieved by Ext.P4 communication, <lb/>cancelling its proposal for constructing a three star <lb/>hotel in the 10% area, as part of allied activities. <lb/>Under Ext.P4, petitioner is required to submit fresh <lb/>proposal with the Floor Area Ratio applicable for the <lb/>10% area alone. <lb/>2. <lb/>Learning <lb/>Counsel <lb/>for <lb/>the <lb/>petitioner <lb/>submitted that, for the time being, petitioner will be <lb/>satisfied with a direction to consider Ext.P5 <lb/>representation. <lb/>3. <lb/>Learned Standing Counsel submitted that <lb/>the competent authority has already passed an order <lb/></body>

			<note place="headnote">WP(C) NO. 21321 OF 2022 <lb/></note>

			<page>3 <lb/></page>

			<body>on Ext.P5 representation. Thereupon, learned Counsel <lb/>for the petitioner sought permission to withdraw the <lb/>writ petition, with liberty to challenge the fresh order. <lb/>The writ petition is accordingly dismissed as <lb/>withdrawn, with the liberty sought. <lb/>Sd/-<lb/>V.G.ARUN <lb/>JUDGE <lb/>NB/8-7 <lb/></body>

			<note place="headnote">WP(C) NO. 21321 OF 2022 <lb/></note>

			<page>4 <lb/></page>

			<body>APPENDIX OF WP(C) 21321/2022 <lb/>PETITIONER&apos;S EXHIBITS: <lb/>EXHIBIT P1 <lb/>TRUE COPY OF THE ORDER NO. EM/T/166/TP-<lb/>BOLGHATTY/2017 <lb/>PASSED <lb/>BY <lb/>THE <lb/>RESPONDENT <lb/>ALLOTTING THE ABOVE-MENTIONED PROPERTY TO THE <lb/>PETITIONER DATED 23.04.2018 . <lb/>EXHIBIT P2 <lb/>TRUE COPY OF THE REQUEST/PROPOSAL MADE BY THE <lb/>PETITIONER. <lb/>EXHIBIT P3 <lb/>TRUE <lb/>COPY <lb/>OF <lb/>THE <lb/>APPROVAL <lb/>INTIMATION <lb/>NO./17/LANDS/1044/2018-C/5655(W) <lb/>DATED <lb/>17.03.2021. <lb/>EXHIBIT P4 <lb/>TRUE COMMUNICATION DATED 14.02.2022 SENT BY THE <lb/>RESPONDENT. <lb/>EXHIBIT P5 <lb/>TRUE COPY OF THE REPRESENTATION SUBMITTED BY <lb/>THE PETITIONER DATED 09.06.2022. <lb/>RESPONDENTS&apos; EXHIBITS: NIL <lb/>TRUE COPY <lb/>P.A. TO JUDGE </body>


	</text>
</tei>
