<?xml version="1.0" ?>
<tei xml:space="preserve">
	<teiHeader>
		<fileDesc xml:id="0"/>
	</teiHeader>
	<text xml:lang="en">
			<front>IN THE HIGH COURT OF JUDICATURE AT PATNA <lb/>
			Civil Writ Jurisdiction Case No.9740 of 2021 <lb/>
			====================================================== <lb/>
			Akhaury Sushil Kumar Son of Akhaury Damodar Prasad Resident of Village-<lb/>
			Seora, Post Office-Phulwaria, District-Gaya. <lb/>
			... ... Petitioner/s <lb/>
			Versus <lb/>
			1. The State of Bihar through Principal Secretary, Finance Department, <lb/>
			Government of Bihar, Patna <lb/>
			2. The Secretary, Department of Finance, Government of Bihar, Patna. <lb/>
			3. The Divisional Commissioner, Magadh Division, Gaya. <lb/>
			4. The District Collector, Gaya. <lb/>
			5. The Sub Divisional Officer, Sadar, Gaya. <lb/>
			6. The Treasury Officer, Gaya. <lb/>
			7. The Accountant General (A and E), Bihar, Patna. <lb/>
			... ... Respondent/s <lb/>
			====================================================== <lb/>
			Appearance : <lb/>
			For the Petitioner/s <lb/>
			: <lb/>
			Mr. Virendra Prasad <lb/>
			For the Respondent/s <lb/>
			: <lb/>
			Mr. Lalit Kishore ( Ag ) <lb/>
			====================================================== <lb/>
			CORAM: HONOURABLE MR. JUSTICE P. B. BAJANTHRI <lb/>
			ORAL JUDGMENT <lb/>
			</front>

			<body>Date : 18-02-2022 <lb/>
			The matter is heard via video conferencing due to <lb/>
			circumstances prevailing on account of the COVID-19 pandemic. <lb/>
			2. State counsel accepts notice for respondents. <lb/>
			3. In the instant petition, petitioner has prayed for the <lb/>
			following relief/reliefs: <lb/>
			&quot;That this application is being filed <lb/>
			for issuance of a writ in the nature of <lb/>
			Mandamus <lb/>
			directing/commanding <lb/>
			the <lb/>
			Respondents authority to grant promotion of <lb/>
			IIIrd ACP in the light of Government Letter <lb/>
			dated 14.07.2010 issued by the Finance <lb/>
			Department and pay the differential amount of <lb/>
			arrears of salary, re-fix pension and pay the <lb/></body>
			
			<note place="headnote">Patna High Court CWJC No.9740 of 2021 dt.18-02-2022 <lb/></note>
			
			<page>2/2 <lb/>
			</page>

			<body>differential amount of pensionary benefits with <lb/>
			up-to-date penal interest @ 8 % in the light of <lb/>
			judicial order passed by the Hon&apos;ble Supreme <lb/>
			Court in the case of D.D. Tiwary and several <lb/>
			other cases. <lb/>
			That any other relief or reliefs for <lb/>
			which the petitioner is entitled may be granted <lb/>
			by this Hon&apos;ble Court.&quot; <lb/>
			4. The aforesaid relief is not supported by legal and <lb/>
			statutory right followed by demand before the competent authority. <lb/>
			For issuance of writ of mandamus, the aforesaid ingredients are <lb/>
			warranted in terms of the Apex Court decision in the case of Mani <lb/>
			Subrat Jain Vs. State of Haryana reported in (1977) 1 SCC 486. <lb/>
			5. Accordingly, petition stands dismissed, reserving <lb/>
			liberty to the petitioner to file a detailed representation before the <lb/>
			competent authority with reference to service particulars read with <lb/>
			the relevant provisions of law. If such a detailed representation is <lb/>
			submitted, the competent authority is hereby directed to examine <lb/>
			the petitioner&apos;s grievance and redress the same at the earliest. <lb/>
			GAURAV S./-<lb/>
			(P. B. Bajanthri, J) <lb/>
			

			AFR/NAFR <lb/>
			CAV DATE <lb/>
			Uploading Date <lb/>
			23.02.2022 <lb/>
			Transmission Date<lb/></body> 


	</text>
</tei>
