<?xml version="1.0" ?>
<tei xml:space="preserve">
	<teiHeader>
		<fileDesc xml:id="0"/>
	</teiHeader>
	<text xml:lang="en">
			<front>IN THE HIGH COURT OF JUDICATURE AT PATNA <lb/>
			Civil Writ Jurisdiction Case No.1806 of 2022 <lb/>
			====================================================== <lb/>
			Gulzar Ansari Son of Ansar Ansari Resident of Village-Jalley (West), Nadaf <lb/>
			Mohalla, Post Office-Jalley, Police Station-Jalley, District-Darbhanga, <lb/>
			State-Bihar, Mobile No. 9939092910. <lb/>
			... ... Petitioner/s <lb/>
			Versus <lb/>
			1. The State of Bihar through the Principal Secretary, Excise, Prohibition and <lb/>
			Registration Department, Government of Bihar, Patna. <lb/>
			2. The Collector-cum-District Magistrate, Sitamarhi. <lb/>
			3. The Superintendent of Excise, Sitamarhi. <lb/>
			4. The Deputy Superintendent of Police, Pupri, District-Sitamarhi. <lb/>
			5. The Officer-In-Charge of Pupri Police Station, District-Sitamarhi. <lb/>
			... ... Respondent/s <lb/>
			====================================================== <lb/>
			Appearance : <lb/>
			For the Petitioner/s <lb/>
			: <lb/>
			Mr.Mazharul Hassan, Advocate <lb/>
			For the Respondent/s <lb/>
			: <lb/>
			Mr.Vikash Kumar (S.C. 11) <lb/>
			</front>

			<body>====================================================== <lb/>
			CORAM: HONOURABLE THE CHIEF JUSTICE <lb/>
			and <lb/>
			HONOURABLE MR. JUSTICE S. KUMAR <lb/>
			ORAL JUDGMENT <lb/>
			(Per: HONOURABLE MR. JUSTICE S. KUMAR) <lb/>
			(The proceedings of the Court are being conducted through Video Conferencing and the <lb/>
			Advocates joined the proceedings through Video Conferencing from their residence.) <lb/>
			Date : 18-02-2022 <lb/>
			Heard learned counsel for the parties. <lb/>
			Petitioner has prayed for the following relief(s). <lb/>
			&quot;(i) That this is an application for issuance of an <lb/>
			appropriate writ/order/direction for release of <lb/>
			petitioner&apos;s 
			Apache 
			Motorcycle 
			bearing <lb/>
			Registration No. BR07AC-5014, Engine No. B.E. <lb/>
			4AI2752509, Chassis No. MD634BE4012A54621, <lb/>
			which has been seized by Pupri Police on <lb/>
			13.12.2021 and registered a case vide Pupri Police <lb/>
			Station Case No. 409 of 2021 under Section 414 of <lb/>
			Indian Penal Code and 30(a) of Bihar Prohibition <lb/>
			and Excise, Amendment Act, 2016 and further to <lb/>
			order for giving possession of the Apache <lb/>
			Motorcycle in question to the petitioner.&quot; <lb/></body>
			
			<note place="headnote">Patna High Court CWJC No.1806 of 2022 dt.18-02-2022 <lb/></note>
			

			<page>2/3 <lb/>
			</page>

			<body>Petitioner claims to be the owner of the seized <lb/>
			motorcycle and as per FIR and seizure memo, no recovery was <lb/>
			made from seized motorcycle and allegation of recovery of 750 <lb/>
			ml. illicit liquor is from accused Sonu Sah. <lb/>
			Petitioner is not named in the FIR and nothing has <lb/>
			been recovered from his motorcycle. <lb/>
			In the facts and circumstances of the case, District <lb/>
			Magistrate/Confiscating Authority, Sitamarhi is directed to <lb/>
			provisionally release the vehicle of petitioner after due <lb/>
			identification of ownership of the vehicle on production of <lb/>
			ownership and registration papers with respect to vehicle in <lb/>
			question in his name with two sureties (one local) to the extent <lb/>
			of the value of the vehicle as indicated in the insurance <lb/>
			document. <lb/>
			The petitioner while submitting the sureties shall also <lb/>
			furnish the following affidavits/undertakings: <lb/>
			(i) That the petitioner shall not indulge in creating <lb/>
			any third party right or interest in respect of the <lb/>
			vehicle during the pendency of the confiscation <lb/>
			proceeding and shall not alienate the vehicle during <lb/>
			this period. <lb/>
			(ii) The petitioner shall furnish an undertaking to <lb/>
			produce the vehicle before the confiscating authority <lb/></body>
			
			<note place="headnote">Patna High Court CWJC No.1806 of 2022 dt.18-02-2022 <lb/></note>
			

			<page>3/3 <lb/>
			</page>

			<body>as and when required. <lb/>
			(iii) Prior to release of the vehicle, a Panchanama <lb/>
			would be prepared wherein the photograph of the <lb/>
			vehicle shall be taken and will be certified by the <lb/>
			petitioner and same shall be kept on record so that in <lb/>
			future if so required, it may be used as a secondary <lb/>
			evidence. The petitioner shall furnish an undertaking <lb/>
			not to challenge the said Panchanama. <lb/>
			The release shall be allowed within a period of 14 <lb/>
			days from the date of submission of the sureties and the <lb/>
			undertakings as stated above, which would however be subject <lb/>
			to finalization of the confiscation proceeding. <lb/>
			With said observations, this writ petition is disposed <lb/>
			of. <lb/>
			Rajiv/veena-<lb/>
			(Sanjay Karol, CJ) <lb/>
			( S. Kumar, J) <lb/>
			

			AFR/NAFR <lb/>
			CAV DATE <lb/>
			Uploading Date <lb/>
			Transmission Date<lb/> </body>


	</text>
</tei>
