<?xml version="1.0" ?>
<tei xml:space="preserve">
	<teiHeader>
		<fileDesc xml:id="0"/>
	</teiHeader>
	<text xml:lang="en">
			<front>IN THE HIGH COURT OF JUDICATURE AT PATNA <lb/>
			Civil Writ Jurisdiction Case No.9800 of 2021 <lb/>
			====================================================== <lb/>
			Yogendra Kumar Singh @ Yogendra Kumar Singh Chauhan Son of Late Babu <lb/>
			Singh Resident of Village-Ramgarh, P.S.-Labedi, District-Etawah U.P. <lb/>
			... ... Petitioner/s <lb/>
			Versus <lb/>
			1. The Union of India through the Secretary, Ministry of Home Affairs, Govt. <lb/>
			of India, New Delhi. <lb/>
			2. The Secretary, Department of Personnel and Training Ministry of Personal, <lb/>
			Public Grievances and Pensions Govt. of India at New Delhi. <lb/>
			3. The Director General, Sashatra Seema Bal Block-V (East) R.K. Puram New <lb/>
			Delhi. <lb/>
			4. The Inspector General, Frontier Head Quarter S.S.B. Rukhanpura House, <lb/>
			New Bailey Road, Patna. <lb/>
			5. The Assistant Director (Admin), Frontier Head Quarter S.S.B. Rukhanpura <lb/>
			House, New Bailey Road, Patna. <lb/>
			6. The Commandant, 12th Batalian, S.S.B., Valmiki Nagar, District-West <lb/>
			Champaran. <lb/>
			7. The Deputy Commandant, 12th Batalian, S.S.B. Valmiki Nagar, District-<lb/>
			West Champaran. <lb/>
			8. The Commandant, 40th Batalian, S.S.B., Patna. <lb/>
			... ... Respondent/s <lb/>
			====================================================== <lb/>
			Appearance : <lb/>
			For the Petitioner/s <lb/>
			: <lb/>
			Mr. Prabhat Kumar Singh <lb/>
			: <lb/>
			Mr. Anirudh Kumar Singh <lb/>
			For the Respondent/s : <lb/>
			Dr. K. N. Singh, ASG <lb/>
			: <lb/>
			Mr. Ravinder Kumar Sharma <lb/>
			====================================================== <lb/>
			CORAM: HONOURABLE MR. JUSTICE P. B. BAJANTHRI <lb/>
			ORAL JUDGMENT <lb/>
			</front>

			<body>Date : 18-02-2022 <lb/>
			The matter is heard via video conferencing due to cir-<lb/>
			cumstances prevailing on account of the COVID-19 pandemic. <lb/>
			2. In the instant petition, petitioner has prayed for the <lb/>
			following relief/reliefs: <lb/></body>
			
			<note place="headnote">Patna High Court CWJC No.9800 of 2021 dt.18-02-2022 <lb/></note>
			

			<page>2/3 <lb/>
			</page>

			<body>&quot;(a) A writ in the nature of mandamus or <lb/>
			any other appropriate writ / writs order / orders as di-<lb/>
			rection directing the respondents to appoint the peti-<lb/>
			tioner from the post of follower to the post of constable <lb/>
			(G.D.) in sashatra Seema Bal (bearing the referred to <lb/>
			as S.S.B.) <lb/>
			(b) A writ in the nature of mandamus or <lb/>
			any other appropriate writ / order or directing directing <lb/>
			the respondents to disposed of the representation dated <lb/>
			4.3.2017 sent by the petitioner to the director General, <lb/>
			S.S.B., New Delhi. <lb/>
			(c) Any other appropriate writ / order a di-<lb/>
			rection which your lordships may deem fit and <lb/>
			proper.&quot; <lb/>
			3. Petitioner&apos;s brother Late Pramod Singh who was a <lb/>
			constable, CT/GD bearing No. 0689073 in S.S.B, Patna died in <lb/>
			harness on 07.07.2008 when he was working in 12 th Batallion, <lb/>
			S.S.B, Balmiki Nagar whereas the petitioner submitted an applica-<lb/>
			tion on 27.03.2009. Petitioner slept over the matter from 2009 to <lb/>
			2021. There may be inaction on the part of the respondents in not <lb/>
			taking necessary steps on the petitioner&apos;s subsequent application <lb/>
			however his application dated 27.03.2009 was rejected on <lb/>
			04.12.2009 itself. The petitioner has not questioned the validity of <lb/>
			communication dated 04.12.2009, thereafter, keep on making vari-<lb/>
			ous correspondence with the respondents. <lb/>
			4. In the light of above facts and circumstances on the <lb/>
			ground of delay and laches, the petitioner is not entitled for com-<lb/></body>
			
			<note place="headnote">Patna High Court CWJC No.9800 of 2021 dt.18-02-2022 <lb/></note>
			

			<page>3/3 <lb/>
			</page>

			<body>passionate appointment. Apex Court in the following three deci-<lb/>
			sions examined delay and laches in respect of claiming compas-<lb/>
			sionate appointment. These are: <lb/>
			(i) Union Of India &amp; Another vs. Shashank Goswami <lb/>
			&amp; Another reported in 2012 11 SCC 307. <lb/>
			(ii) Shreejith. L vs. Deputy Director (Education) Ker-<lb/>
			ala and Others reported in 2012 7 SCC 248. <lb/>
			(iii) Dhalla Ram vs. Union Of India And Others re-<lb/>
			ported in 1997 11 SCC 201. <lb/>
			(iv) State of Uttar Pradesh and Others vs. Premlata re-<lb/>
			ported in (2022) 1 SCC 30. <lb/>
			5. In the light of principles laid down in the aforesaid <lb/>
			decisions, the petitioner has not made out a case so as to examine <lb/>
			whether petitioner is entitled to compassionate appointment with <lb/>
			reference to petitioner&apos;s brother death date and in not challenging <lb/>
			the 04.12.2009 communication (Annexure 1). <lb/>
			6. Accordingly, writ petition stands dismissed. <lb/>
			GAURAV S./-<lb/>
			(P. B. Bajanthri, J) <lb/>
			

			AFR/NAFR <lb/>
			CAV DATE <lb/>
			Uploading Date <lb/>
			25.02.2022 <lb/>
			Transmission Date<lb/> </body>


	</text>
</tei>
