<?xml version="1.0" ?>
<tei xml:space="preserve">
	<teiHeader>
		<fileDesc xml:id="0"/>
	</teiHeader>
	<text xml:lang="en">
			<front>IN THE HIGH COURT OF JUDICATURE AT PATNA <lb/>
			Civil Writ Jurisdiction Case No.9609 of 2021 <lb/>
			====================================================== <lb/>
			Shabista Begam W/o Tahzeeb Alam Resident of Village-Dhangarha, Samiti <lb/>
			Tola, P.O. Dhangarha P.S.-Korhobarhi, District-Kishanganj. <lb/>
			... ... Petitioner/s <lb/>
			Versus <lb/>
			1. The State of Bihar Bihar <lb/>
			2. Secretary cum Commissioner, Social Welfare Department, Government of <lb/>
			Bihar. <lb/>
			3. Director, Social Welfare Department, Integrated Child Development <lb/>
			Services (I.C.D.S.), Directorate <lb/>
			4. District Programme Officer (I.C.D.S.) Collectorate, Kishanganj. <lb/>
			5. Child Development Programme Officer, Dighalbank Block, Kishanganj. <lb/>
			... ... Respondent/s <lb/>
			====================================================== <lb/>
			Appearance : <lb/>
			For the Petitioner/s <lb/>
			: <lb/>
			Mr. Sanjesh Kumar Singh <lb/>
			For the Respondent/s <lb/>
			: <lb/>
			Mr. Lalit Kishore (AG) <lb/>
			====================================================== <lb/>
			CORAM: HONOURABLE MR. JUSTICE P. B. BAJANTHRI <lb/>
			ORAL JUDGMENT <lb/>
			</front>

			<body>Date : 18-02-2022 <lb/>
			The matter has been heard via video conferencing <lb/>
			due to circumstances prevailing on account of the COVID-19 <lb/>
			pandemic. <lb/>
			In the instant petition, petitioner has prayed for the <lb/>
			following relief/reliefs: <lb/>
			&quot;This is an application on <lb/>
			behalf of the petitioner for <lb/>
			quashing/setting aside the order dated <lb/>
			19.12.2020 passed/issued by the <lb/>
			District Programme Officer, (Zila <lb/>
			</body>

			<note place="headnote">Patna High Court CWJC No.9609 of 2021 dt.18-02-2022 <lb/>
			</note>

			<page>2/4 <lb/>
			</page>

			<body>Programme <lb/>
			Padadhikari), <lb/>
			Kishanganj, by which the District <lb/>
			Programme Officer, Kishanganj, has <lb/>
			removed the petitioner from the post <lb/>
			of Aanganbadi Sevika, Aanganbadi <lb/>
			Kendra, Dhangarha Samittee Tola, <lb/>
			Kendra Sankhya 104, Dhangarha <lb/>
			Panchayat <lb/>
			District-Kishanganj. <lb/>
			Further, for a direction to the <lb/>
			respondents, <lb/>
			particularly <lb/>
			to <lb/>
			respondent no.4, to reinstate the <lb/>
			petitioner on the post she has been <lb/>
			removed (Chayanmukt) from.&quot; <lb/>
			The petitioner without exhausting statutory remedy <lb/>
			of appeal presented this petition and petition is not maintainable <lb/>
			in view of the Apex Court decision in the case of State of <lb/>
			Jammu and Kashmir Vs. R.K. Zalpuri and others reported in <lb/>
			AIR 2016 SC 3006, Paragraph-20, which is held as under: <lb/>
			&quot;20. Having stated thus, it is useful to <lb/>
			refer to a passage from City and Industrial <lb/>
			Development Corporation Vs. Dosu <lb/>
			Aardeshir Bhiwandiwala and others {(2009) <lb/></body>
			
			<note place="headnote">Patna High Court CWJC No.9609 of 2021 dt.18-02-2022 <lb/></note>
			
			

			<page>3/4 <lb/>
			</page>

			<body>1 SCC 168}, wherein this Court while <lb/>
			dwelling upon jurisdiction under Article 226 <lb/>
			of the Constitution, has expressed thus:-<lb/>
			&quot;The Court while exercising its <lb/>
			jurisdiction under Article 226 is duty-bound <lb/>
			to consider whether: <lb/>
			(a) Adjudication of writ petition <lb/>
			involves any complex and disputed question <lb/>
			of facts and whether they can be <lb/>
			satisfactorily resolved; <lb/>
			(b) The petition reveals all material <lb/>
			facts; <lb/>
			(c) The petitioner has any alternative <lb/>
			or effective remedy for the resolution of the <lb/>
			dispute; <lb/>
			(d) Person invoking the jurisdiction is <lb/>
			guilty of unexplained delay and laches; <lb/>
			(e) Ex facie barred by any laws of <lb/>
			limitation; <lb/>
			(f) Grant of relief is against public <lb/>
			policy or barred by any valid law; and host <lb/>
			of other factors&quot;. <lb/>
			</body>

			<note place="headnote">Patna High Court CWJC No.9609 of 2021 dt.18-02-2022 <lb/>
			</note>

			<page>4/4 <lb/>
			</page>

			<body>In view of the aforesaid decision, the present <lb/>
			petition is premature, therefore, the petitioner is at liberty to <lb/>
			prefer appeal before the appellate authority within a period of <lb/>
			eight weeks from the date of receipt of this order. If such appeal <lb/>
			is preferred by the petitioner, the appellate authority is hereby <lb/>
			directed to decide the petitioner&apos;s appeal after giving ample <lb/>
			opportunity of hearing to the petitioner. Such exercise shall be <lb/>
			completed within a period of three months from the date of <lb/>
			receipt of the petitioner&apos;s appeal. <lb/>
			Accordingly, writ petition stands disposed of. <lb/>
			Ankit/-<lb/>
			(P. B. Bajanthri, J) <lb/>
			AFR/NAFR <lb/>
			NAFR <lb/>
			CAV DATE <lb/>
			NA <lb/>
			Uploading Date <lb/>
			23.02.2022 <lb/>
			Transmission Date <lb/>
			NA<lb/> </body>


	</text>
</tei>
