<?xml version="1.0" ?>
<tei xml:space="preserve">
	<teiHeader>
		<fileDesc xml:id="0"/>
	</teiHeader>
	<text xml:lang="en">
			<front>IN THE HIGH COURT OF JUDICATURE AT PATNA <lb/>
			Civil Writ Jurisdiction Case No.9744 of 2021 <lb/>
			====================================================== <lb/>
			Indra Narayan Mishra Son of Late Rama Nand Mishra resident of village and <lb/>
			P.o.-Bar Majhiya, P.s.-Kanchanpur, District-Sapatari (Nepal), Retired from <lb/>
			the post of Junior Engineer under Irrigation Division, Murliganj, Madhepura, <lb/>
			District-Madhepura (Bihar) <lb/>
			... ... Petitioner/s <lb/>
			Versus <lb/>
			1. The State of Bihar through the Chief Secretary, Government of Bihar, patna <lb/>
			2. The Principal Secretary, Water Resources Department, Government of Bihar, <lb/>
			Patna <lb/>
			3. The Engineer in Chief, Water Resources Department, Government of Bihar, <lb/>
			Patna <lb/>
			4. The Under Secretary (management) Water Resources Department, <lb/>
			Government of Bihar, Patna <lb/>
			5. The Chief Engineer Water Resources Department, Saharsa, District-Saharsa <lb/>
			6. The Superintending Engineer, Irrigation Circle Punia, District-Purnia <lb/>
			7. The Executive Engineer, Irrigation Division, Murliganj, Madhepura <lb/>
			... ... Respondent/s <lb/>
			====================================================== <lb/>
			Appearance : <lb/>
			For the Petitioner/s <lb/>
			: <lb/>
			Mr. Amrit Abhijat <lb/>
			: <lb/>
			Mr. Sunil Kumar Pandey <lb/>
			: <lb/>
			Mr. Manoj Kr. Gupta <lb/>
			For the Respondent/s <lb/>
			: <lb/>
			Mr. Anjani Kumar, AAG 4 <lb/>
			====================================================== <lb/>
			CORAM: HONOURABLE MR. JUSTICE P. B. BAJANTHRI <lb/>
			ORAL JUDGMENT <lb/>
			</front>

			<body>Date : 18-02-2022 <lb/>
			The matter is heard via video conferencing due to <lb/>
			circumstances prevailing on account of the COVID-19 pandemic. <lb/>
			2. State counsel accepts notice for respondents. <lb/>
			3. Counsel for the petitioner is hereby directed to serve <lb/>
			copy of the petition to the counsel for the State/respondents, if it is <lb/>
			not already served. <lb/></body>
			
			<note place="headnote">Patna High Court CWJC No.9744 of 2021 dt.18-02-2022 <lb/></note>
			
			<page>2/4 <lb/>
			</page>

			<body>4. In the instant petition, petitioner has prayed for the <lb/>
			following relief/reliefs: <lb/>
			&quot;(i) To issue a writ in the nature of <lb/>
			mandamus directing/commanding the Respondents and <lb/>
			in particular Respondent No. 3 namely the Engineer-<lb/>
			in-Chief, Water Resources Department, Government of <lb/>
			Bihar, Patna to make payment of interest amount for <lb/>
			the period from September, 2012 to July, 2015 to <lb/>
			26.03.2020 with regard to illegally recovered amount <lb/>
			of Rs. 4,31,512/-recovered between the period from <lb/>
			September, 2012 to July, 2015 as the principal amount <lb/>
			has been paid without interest on 26.03.2020. <lb/>
			(ii) To issue a writ in nature of mandamus <lb/>
			commanding/directing the Respondents and in <lb/>
			particular the Respondent No. 1, the Chief Secretary, <lb/>
			Government of Bihar, Patna to take suitable action <lb/>
			against erring officers who in their colourable exercise <lb/>
			of power with malafide intention harassed the <lb/>
			petitioner by instituting false departmental proceeding <lb/>
			as well as wrong F.I.R and also against officers who <lb/>
			illegally reviewed his earlier order cancelling <lb/>
			exoneration of petitioner. <lb/>
			(iii) To issue a writ in the nature of <lb/>
			mandamus of commanding/directing the Respondents <lb/>
			to make payment of compensation amount to the <lb/>
			petitioner for mental and physical harassment as well <lb/>
			as for lowering his image in public. <lb/>
			(iv) And/or for any other relief/reliefs <lb/>
			which this Hon&apos;ble Court may think fit and proper in <lb/>
			the facts and circumstances of this case.&quot; <lb/>
			5. Earlier petitioner filed C.W.J.C. No. 11462 of 2012 <lb/>
			and it was decided on 14.07.2015. In the first prayer it is sought as <lb/>
			under: <lb/>
			&quot;1(i) To issue a writ in the nature of <lb/>
			certiorari setting aside the order dated 19.03.2012 <lb/>
			contained in letter No. 09/HQ-067-048/2009 145 <lb/>
			issued from the office of Respondent No. 3, Under <lb/>
			Secretary (Management) directing the Respondent <lb/>
			No.8, the Executive Engineer, Irrigation Division, <lb/></body>
			
			<note place="headnote">Patna High Court CWJC No.9744 of 2021 dt.18-02-2022 <lb/></note>
			

			<page>3/4 <lb/>
			</page>

			<body>Murliganj, Madhepura to initiate Departmental <lb/>
			Proceeding because of accomplishment in theft of <lb/>
			boulder 231.064 M3 with a further direction to recover <lb/>
			an amount of Rs. 4,31,512/-, the value of stolen Nepali <lb/>
			boulder.&quot; <lb/>
			6. The petitioner has a cause of action in claiming <lb/>
			interest on the recovered amount of Rs. 4,31,512/-in C.W.J.C. No. <lb/>
			11462 of 2012 itself whereas he has failed to claim interest in <lb/>
			earlier litigation. Further, this Court while deciding the matter on <lb/>
			14.07.2015 has not made any observation reserving liberty to the <lb/>
			petitioner to approach the respondent in seeking interest along <lb/>
			with recovered amount. <lb/>
			7. In the light of above facts and circumstances and the <lb/>
			fact that the petitioner has been paid principle amount of Rs. <lb/>
			4,31,512/-, question of entertaining the present petition for <lb/>
			payment of interest is not warranted. <lb/>
			8. Accordingly, the present petition stands dismissed. <lb/>
			9. At this stage, learned counsel for the petitioner <lb/>
			insisted that cause of action in seeking interest would arise as and <lb/>
			when principle amount is paid, the same is hereby rejected for the <lb/>
			reasons that he is aware of the fact that certain amount has been <lb/>
			recovered from him and he had presented the litigation in respect <lb/>
			of principle amount. At the same time he should have sought for <lb/>
			interest along with principle amount, therefore, cause of action <lb/></body>
			
			<note place="headnote">Patna High Court CWJC No.9744 of 2021 dt.18-02-2022 <lb/></note>
			

			<page>4/4 <lb/>
			</page>

			<body>accrued in respect of interest as on the date of filing earlier <lb/>
			petition. <lb/>
			GAURAV S./-<lb/>
			(P. B. Bajanthri, J) <lb/>
			AFR/NAFR <lb/>
			CAV DATE <lb/>
			Uploading Date <lb/>
			23.02.2022 <lb/>
			Transmission Date<lb/> </body>


	</text>
</tei>
