<?xml version="1.0" ?>
<tei xml:space="preserve">
	<teiHeader>
		<fileDesc xml:id="0"/>
	</teiHeader>
	<text xml:lang="en">
			<front>IN THE HIGH COURT OF JUDICATURE AT PATNA <lb/>
			Civil Writ Jurisdiction Case No.9779 of 2021 <lb/>
			====================================================== <lb/>
			1. Ravi Shankar Sinha, S/o-Arjun Prasad Ambashth, Resident of Mohalla-<lb/>
			Tilak Nagar, P.O and P.S-Begusarai, District-Begusarai. <lb/>
			2. Chandan Kumar Bhatt, S/o-Shri Gopal Krishna Bhatt, Resident of <lb/>
			Musallapur, Chai Tola, P.O-Mahendur, P.S-Kadamkuan, District-Patna. <lb/>
			3. Nand Kishor Kumar Singh, S/o-Ram Narayan Singh, Resident Vill.-Malahi <lb/>
			Naikaa Tola, P.O and P.S-Malahi, District-East Champaran, Motihari. <lb/>
			4. Uday Prakash , S/o-Late Laxmi Prasad Choudhary , Resident of Vill and <lb/>
			P.O-Asogi, P.S-Bairagania, District-Patna. <lb/>
			5. Mukul Kumar Shrivastava, S/o-Sunil Kumar Shrivastav, Resident of Vill <lb/>
			and P.O and P.S-Thakraha, District-West Champaran, Betiah. <lb/>
			6. Ajit Kumar, S/o-Late Dewaki Paswan, Resident of Vill -Nigari, P.O-Farha, <lb/>
			P.S-Akbarpur, District-Nawada. <lb/>
			7. Thakur Amod Kumar, S/o-Rupnarayan Kumar , Resident of Vill -Dumri <lb/>
			Baiju, P.S-Patahi, District-West Champaran, Betiah. <lb/>
			8. Bharat Bhusan, S/o-Bhikam Prasad, Resident of Vill -Silwatiya Badgo, P.O <lb/>
			and P.S-Ramnagar, District-West Champaran, Betiah. <lb/>
			9. Naresh Das, S/o-Late Ramdeo Das, Resident of Vill -Machha, P.O-Sirsa <lb/>
			Colony, P.S-Motihari, District-West Champaran, Betiah. <lb/>
			10. Devanand Prasad, S/o-Kanahiya Prasad, Resident of Vill -Motihari, P.O <lb/>
			and P.S-Chatauni District-East Champaran, Motihari. <lb/>
			11. Anil Kumar Bharti, S/o-Ram Ekwal Prasad, Resident of Vill -Lal Tola <lb/>
			Lokhan, P.O-Lokhan, P.S-Ghorasahan, District-East Champaran, Motihari. <lb/>
			12. Krishan Kumar, S/o-Sukhdeo Prasad, Resident of Vill-Paharpur, P.O-<lb/>
			Madhurapur, P.S-Kauaakol, District-Nawada. <lb/>
			13. Rakesh Ranjan Paswan, S/o-Muneshwar Paswan, Resident of Vill and P.O-<lb/>
			Bara, P.S-Ben, District-Nalanda. <lb/>
			14. Prem Prakash Prashant, S/o-Maheshwar Sharma, Resident of Vill-and P.O-<lb/>
			Rahta, P.S-Kumarkhand, District-Madhepura. <lb/>
			15. Krishna Marandi, S/o-Babu Ram Marandi, Resident of Vill-Bakhari Fulbari <lb/>
			P.O-Kursakanta, District-Araria. <lb/>
			16. Arvind Kumar, S/o-Saty Narayan Ram, Resident of Vill and P.O-Rahua, <lb/>
			Madhurapur, District-Purnea. <lb/>
			17. Hira Lal Biswash, S/o-Late Jhauli Biswash, Resident of Vill and P.O and <lb/>
			P.S-Fulparas, District-Madhubani. <lb/>
			18. Rakesh Ranjan, S/o-Late Rameshwar Dubey, Resident of North Temple, <lb/>
			Chhakan Tola, Opp.-Raj House, P.o.-G.P.O., District-Patna <lb/>
			19. Anmol Kumar Paswan S/o Prem Narayan Paswan, Resident of vill and P.o.-<lb/>
			Maaldiha, District-Purnea <lb/>
			20. Rajesh Ranjan, S/o-Ramparwesh Paswan, Resident of Vill-Bhewar, P.O-<lb/>
			Sikaria, P.S-Karauna, District-Jehanabad <lb/></front>
			
			<note place="headnote">Patna High Court CWJC No.9779 of 2021 dt.18-02-2022 <lb/></note>
			
			<page>2/7 <lb/></page>
			
			<front>21. Manoj Mandal, S/o-Shiv Dayal Yadav, Resident of Vill-Nudhariya P.O-<lb/>
			Bijuvigha, P.S-Buniyadganj, District-Gaya. <lb/>
			22. Shalendra Das, S/o-Gulcharan Das, Resident of Vill and P.O-Aefani, P.S-<lb/>
			Kasaar, District-Shekhpur. <lb/>
			23. Anup Rajak, S/o-Fagu Rajak, Resident of Vill-Raniganj, P.O-Raniganj, P.S-<lb/>
			Imamganj, District-Gaya. <lb/>
			24. Anup Kumar Chaudhari, S/o-Late Nand Kishor Pasi, resident of Vill-<lb/>
			Taswan p.o and p.s-Bakebazar District-Gaya. <lb/>
			25. Rajiv Ranjan, S/o-Baldev Chaudhary, Resident of Vill-Panditpur, P.O and <lb/>
			P.S-Rajgir, District-Nalanda. <lb/>
			26. Neeraj Kumar, S/o-Dhaneshwar Prasad, Resident of Vill and P.O-New <lb/>
			Godown, P.S-Kotwali Thana, District-Gaya. <lb/>
			27. Mukesh Kumar, S/o-Late Nageshwar Ravidas, Resident of Vill-Matihani, <lb/>
			P.O-Itwa, P.S-Mohanpur, District-Gaya. <lb/>
			28. Santosh Kumar, S/o-Late Baroh Choudhary, Resident of Vill-Godawari <lb/>
			Road, P.O-Chand Chura, P.S-Rampur, District-Gaya. <lb/>
			29. Vijay Choudhary, S/o-Butai Choudhary, Resident of Vill and P.O Chiraily, <lb/>
			P.S-Khijrasrai, District-Gaya. <lb/>
			30. Naveen Kumar, S/o-Ganesh Paswan, Resident of Vill-Noni, P.O-Nimsar, <lb/>
			P.S-Tikari, District-Gaya. <lb/>
			31. Jagannath Mahto, S/o-Hanuman Mahto, Resident of Vill-Kothiya Rai, P.O-<lb/>
			Duarikali, District-Sitamarhi <lb/>
			32. Kashi Lal Prasad, S/o-Sanchit Sah, Resident of Vill-Barharwa, P.O-<lb/>
			Bankatwa, P.S-Jitna, District-East Champaran, Motihari <lb/>
			33. Surya Prakash Kumar, S/o-Suresh Prajapati, Resident of Vill and P.O and <lb/>
			P.S-Obra, District-Aurangabad. <lb/>
			34. Sunil Kumar Paul, S/o-Dharm Raj Paul, Resident of Vill-Isadi, P.O and P.S-<lb/>
			Durgawati, District-Kaimur <lb/>
			35. Mithlesh Sah, S/o-Marrikant Sah, Resident of Vill-Amarpur, P.S-<lb/>
			Sonebarsaky, District-Saharsa. <lb/>
			36. Jairam Prasad, S/o-Ganouri Parsad, Resident of Vill-Srivanw, P.O-Dibiri <lb/>
			(Mau) P.S-Konch, District-Gaya. <lb/>
			37. Umesh Prasad, S/o Late Lal Bahadur Paswan, Resident of Vill-Khangah P.O <lb/>
			and P.S -Arwal District-Arwal <lb/>
			38. Raghwendra Das, S/o-Sakaldip Das, Resident of Vill-Koni, P.O-Sonbadhra, <lb/>
			P.S-Karpi, District-Arwal. <lb/>
			39. Vinod Kumar Sharma, S/o-Surydev Sharma, Resident of Vill-Khajuri, P.O-<lb/>
			Banjari, District-Rohtas. <lb/>
			40. Jai Shankar Prasad, S/o-Jyotish Narain Singh, Resident of Vill-Lalganj, P.O <lb/>
			and P.S-Sasaram, District-Rohtas. <lb/>
			41. Chandani Kumari, D/o-Ashok Prasad Gupta, Resident of Vill. and P.O-<lb/>
			Hatta P.S-Chainpur, District-Kaimur, (Bhabhua). <lb/>
			42. Md. Sabir Ali, S/o-Sohrab Ali, Resident of Vill and P.O-Sandalpur, District-<lb/>
			</front>

			<note place="headnote">Patna High Court CWJC No.9779 of 2021 dt.18-02-2022 <lb/>
			</note>

			<page>3/7 <lb/>
			</page>

			<front>Katihar. <lb/>
			43. Anil Kumar Singh, S/o-Late Ram Chela Singh, Resident of Vill and P.O-<lb/>
			Amaon, P.S-Karmchat, District-Kaimur, (Bhabhua). <lb/>
			44. Bramh Dayal Ram, S/o-Ram Jee Ram, Resident of Vill-Noni, P.O-Nimsar, <lb/>
			P.S-Tikari, and District-Kaimur (Bhabua). <lb/>
			45. Kamkhya Baitha, S/o-Late Indra Deo Baitha, Resident of Vill-Baswariya, <lb/>
			P.O-Patura, P.S-Motihar, District-East Champaran, Motihari. <lb/>
			46. Karan Kumar Paswan, S/o-Khairu Paswan, Resident of Vill-Fuluat, P.S-<lb/>
			Chausa, District-Saharsa. <lb/>
			47. Ajay Prasad, S/o-Shri Nandan Prasad, Resident of Vill-Alalpur, P.O and P.S-<lb/>
			Belaganj District-Gaya. <lb/>
			48. Suryadev Kumar, S/o-Ram Charitra Prasad, Resident of Vill-Berwa,P.O-<lb/>
			Khajhapur,P.S-Muffasil, District-Gaya. <lb/>
			49. Harendra Kumar, S/o-Dhruvapati Prasad, Resident of Vill-Barew, P.O-<lb/>
			Khajahapur P.S-Muffassil, District-Gaya. <lb/>
			50. Ranjana Kumari, W/o-Anil Kumar, Resident of Vill.-Maibi, P.O-<lb/>
			Kishanpur, P.S-Bathnaha, District-Sitamarhi. <lb/>
			51. Surendra Kumar Raut, S/o-Late Dev Narayan Raut, Resident of Vill-Domo, <lb/>
			P.O-Kumarpur, Via-Shambhuganj, District-Banka. <lb/>
			52. Pintu Kumar Sharma, S/o-Janardan Prasad Sharma, Resident of Vill-Bidan <lb/>
			Chak, P.O-Amarpur, District-Banka. <lb/>
			53. Sargun Das, S/o-Late Jitan Das, Resident of Vill-Uper Tola Lillbaran, P.S-<lb/>
			Auria, District-Banka. <lb/>
			54. Dhananjay Kumar, S/o-Ganauri Mahto, Resident of Vill-Punawa, P.O and <lb/>
			P.S-Bajirganj, District-Gaya. <lb/>
			55. Dharmendra Kumar, S/o-Naresh Chandra Pandey, Resident of Vill and P.O-<lb/>
			Parsawa, P.S-Pandarak District-Patna. <lb/>
			56. Vinod Kumar, S/o-Jawahar Bhagat, Resident of Vill-Parari, P.O-Rampur <lb/>
			Bakhri, P.S-Sitamarhi District-Sitamarhi. <lb/>
			57. Arjun Mahto, S/o-Late Anandi Mahto, Resident of Vill-Birpur Sevi <lb/>
			Inderpant, P.O-Hasanpur Sugarmil, District-Sitamarhi. <lb/>
			58. Suresh Mahto, S/o-Late Khageshwar Mahto, Resident of Vill and P.O-<lb/>
			Kudhwa, P.S-Chakmehasi, District-Samastipur. <lb/>
			59. Santosh Kumar Ray, S/o-Late Siyaram Ray, Resident of Vill-Gudar Ghat, <lb/>
			P.O-Shripur Gahar, P.S-Khanpur, District-Samstipur. <lb/>
			60. Md. Naushad, S/o-Md. Mahmood, Resident of Vill-Ballipur, P.S-Hathodi <lb/>
			District-Samastipur. <lb/>
			61. Sanjay Kumar Ray, S/o-Surendra Ray, Resident of Vill and P.O-Kacha, <lb/>
			District-Samastipur. <lb/>
			62. Khalid Husain, S/o-Md. Abul Hasan, Resident of Vill-Mokhtiyarpur <lb/>
			Salkhani, P.S-Dalsing Saray, District-Samastipur. <lb/>
			63. Om Prakash Sharma, S/o-Ramjeet Thakur, Resident of Vill-Banwariya, P.O-<lb/>
			Anjua, P.S-Shikarpur, District-West Champaran, Betiah. <lb/>
			</front>

			<note place="headnote">Patna High Court CWJC No.9779 of 2021 dt.18-02-2022 <lb/>
			</note>

			<page>4/7 <lb/>
			</page>

			<front>64. Jully Kumari, W/o-Raju Kumar, Resident of Vill and P.O-Poawan, P.S-<lb/>
			Masurhi, District-Patna. <lb/>
			65. Manoj Kumar Rajak, S/o-Ram Chandra Rajak, Resident of Vill-<lb/>
			Narayanpur, P.O-Daultpur, P.S-Khanpur, District-Begusrai. <lb/>
			66. Sashikant Sah, S/o-Mahesh Prasad Sah, Resident of Late Naresh Sah, <lb/>
			Mahadev Singh College Road, Sarai, P.O-Naya Bazar, P.S-Tatarpur, <lb/>
			District-Bhagalpur. <lb/>
			67. Suraj Kumar, S/o-Sudarshan Ram, Resident of JKS/D-77 Shivajee Nagar, <lb/>
			P.S-Jakkanpur, P.O-G.P.O, District-Patna. <lb/>
			68. Ramakrit Pandit, S/o-Shir Shankar Pandit, R/o Vill and P.O-Vishuanpur. <lb/>
			District-Gaya. <lb/>
			69. Shailendra Kumar, S/o-Late-Kedarnath singh, Resident of Vill-Tiwari <lb/>
			bigaha, P.O-sakri chauki, P.S-and ,District-Arwal. <lb/>
			70. Krishna Prasad kushwaha, S/o-Chotelal Prasad, Resident of Vill-Gahiri Tola <lb/>
			gamhariya, P.O-Jhakhra, P.S-Noutan, District-West-Champaran,Betiah. <lb/>
			71. Dharmendra Kumar, S/o-Rajgir Paswan, Resident of Vill and P.O-Azampur, <lb/>
			P.S-Desari, District-Vaishali. <lb/>
			... ... Petitioner/s <lb/>
			Versus <lb/>
			1. THE STATE OF BIHAR THROUGH THE CHIEF SECRETARY, STATE <lb/>
			OF BIHAR, PATNA <lb/>
			2. THE PRINCIPAL SECRETARY DEPARTMENT OF LAND REFORMS <lb/>
			AND REVENUE GOVERMENT OF BIHAR <lb/>
			3. THE DIRECTOR DEPARTMENT OF LAND REFORMS AND REVNUE <lb/>
			GOVERMENT OF BIHAR, PATNA <lb/>
			4. THE ADDITIONAL SECRETARY DEPARTMENT OF LAND REFORMS <lb/>
			AND REVENUE GOVERMENT OF BIHAR, PATNA <lb/>
			5. THE DEPUTY DIRECTOR DEPARTMENT OF LAND REFORMS AND <lb/>
			REVENUE GOVERNMENT OF BIHAR, PATNA <lb/>
			6. THE DISTRICT MAGISTRATE PATNA <lb/>
			7. THE DISTRICT MAGISTRATE SAHARSA <lb/>
			8. THE DISTRICT MAGISTRATE JEHANABAD <lb/>
			9. THE DISTRICT MAGISTRATE BEGUSARAI <lb/>
			10. THE DISTRICT MAGISTRATE WEST CHAMAPRAN BETIAH <lb/>
			11. THE DISTRICT MAGISTRATE EAST CHAMAPRAN MOTIHARI <lb/>
			12. THE DISTRICT MAGISTRATE NAWADA <lb/>
			13. THE DISTRICT MAGISTRATE SHEIKHPURA <lb/>
			14. THE DISTRICT MAGISTRATE NALANDA <lb/>
			15. THE DISTRICT MAGISTRATE MADHEPURA <lb/>
			16. THE DISTRICT MAGISTRATE ARARIA <lb/>
			17. THE DISTRICT MAGISTRATE PURNIA <lb/>
			</front>

			<note place="headnote">Patna High Court CWJC No.9779 of 2021 dt.18-02-2022 <lb/>
			</note>

			<page>5/7 <lb/>
			</page>

			<front>18. THE DISTRICT MAGISTRATE KATIHAR <lb/>
			19. THE DISTRICT MAGISTRATE SAMASTIPUR <lb/>
			20. THE DISTRICT MAGISTRATE GAYA <lb/>
			21. THE DISTRICT MAGISTRATE SITAMARHI <lb/>
			22. THE DISTRICT MAGISTRATE KAIMUR BHABUA <lb/>
			23. THE DISTRICT MAGISTRATE VAISHALI <lb/>
			24. THE DISTRICT MAGISTRATE ARWAL <lb/>
			25. THE DISTRICT MAGISTRATE ROHTAS <lb/>
			26. THE DISTRICT MAGISTRATE BANKA <lb/>
			... ... Respondent/s <lb/>
			====================================================== <lb/>
			Appearance : <lb/>
			For the Petitioner/s 
			: <lb/>
			Mr. Rajkumar Rajesh <lb/>
			: <lb/>
			Mr. Girish Chandra <lb/>
			For the Respondent/s 
			: <lb/>
			Mr. Lalit Kishore ( Ag ) <lb/>
			====================================================== <lb/>
			CORAM: HONOURABLE MR. JUSTICE P. B. BAJANTHRI <lb/>
			ORAL JUDGMENT <lb/>
			</front>

			<body>Date : 18-02-2022 <lb/>
			The matter is heard via video conferencing due to <lb/>
			circumstances prevailing on account of the COVID-19 pandemic. <lb/>
			2. State counsel accepts notice for respondents. <lb/>
			3. Counsel for the petitioners is hereby directed to serve <lb/>
			copy of the petition to the counsel for the State/respondents, if it is <lb/>
			not already served. <lb/>
			4.. In the instant petition, petitioners have prayed for the <lb/>
			following relief/reliefs: <lb/>
			&quot;(i) That the petitioners crave indulgence <lb/>
			for issuance of an appropriate writ or writs in the <lb/>
			nature of mandamus directing to the respondent <lb/>
			authorities to absorb or regularize to the petitioner on <lb/>
			the regular vacant posts of Amin in light of their long <lb/>
			period service good qualification and experience and <lb/>
			still continued in the post of Amin in several district <lb/></body>
			
			<note place="headnote">Patna High Court CWJC No.9779 of 2021 dt.18-02-2022 <lb/></note>
			

			<page>6/7 <lb/>
			</page>

			<body>within the State of Bihar in view of the decision taken <lb/>
			by the respondent authorities vide letter dated <lb/>
			19.05.2015 issued under the signature of principle <lb/>
			secretary, as being member of committee to completed <lb/>
			the process of absorption of appointees. <lb/>
			(ii) For the further commanding and <lb/>
			directing to the respondent authorities to not making <lb/>
			any hindrance against the petitioner so concern who <lb/>
			are continued in their service in the post of Amin <lb/>
			within the State of Bihar by due process of selection <lb/>
			fixed by the respondents through competitive <lb/>
			examination, on contract basis initially, then, there <lb/>
			after by way of extension of service they have been <lb/>
			discharging their duty, on the regular vacant post of <lb/>
			Amin since long under which they are liable to be <lb/>
			considered in the interest of justice. <lb/>
			(iii) For that the further direction may be <lb/>
			given to the respondent authorities, to maintain and <lb/>
			follow the principle of welfare state, which is enabled <lb/>
			in our constitution, regarding these petitioners as these <lb/>
			poor petitioners have scarified their long golden period <lb/>
			of life, including their age for rendering the service, <lb/>
			which has been extended ever after lapse of their <lb/>
			agreement are liable to be considered for absorption on <lb/>
			same regular post, in accordance of law for justice to <lb/>
			these petitioners. <lb/>
			(iv) For the further direction may be given <lb/>
			to take appropriate decision for regularization of the <lb/>
			petitioner initiated by the respondent under the State <lb/>
			authority within stipulated time in the interest of <lb/>
			justice to the petitioners above named. <lb/>
			(v) For that the appropriate of any reliefs <lb/>
			may be given to the petitioners so concern which your <lb/>
			lordship deem fit and proper in this matter.&quot; <lb/>
			5. The petitioners have not established their statutory <lb/>
			and legal right before the competent authority in submitting a <lb/>
			detailed representation. In the absence of such demand before the <lb/>
			competent authority, the present petition is not maintainable in the <lb/></body>
			
			<note place="headnote">Patna High Court CWJC No.9779 of 2021 dt.18-02-2022 <lb/></note>
			

			<page>7/7 <lb/>
			</page>

			<body>light of Apex Court decision in the case of Mani Subrat Jain Vs. <lb/>
			State of Haryana reported in (1977) 1 SCC 486. <lb/>
			6. Accordingly, present petition stands dismissed, <lb/>
			reserving liberty to the petitioners to file detailed representation <lb/>
			while highlighting service particulars of each of the petitioner and <lb/>
			relevant <lb/>
			judicial <lb/>
			pronouncements/policies <lb/>
			relating <lb/>
			to <lb/>
			regularization. If such representation is submitted within a period <lb/>
			of eight weeks from the date of receipt of this order, the competent <lb/>
			authority is hereby directed to examine each of the petitioners&apos; <lb/>
			service particulars with reference to relevant judicial <lb/>
			pronouncements as to whether each of the petitioner is entitled to <lb/>
			regularization or not? Such a decision shall be taken within a <lb/>
			reasonable period of time. <lb/>
			GAURAV S./-<lb/>
			(P. B. Bajanthri, J) <lb/>
			

			AFR/NAFR <lb/>
			CAV DATE <lb/>
			Uploading Date <lb/>
			23.02.2022 <lb/>
			Transmission Date<lb/></body> 


	</text>
</tei>
