<?xml version="1.0" ?>
<tei xml:space="preserve">
	<teiHeader>
		<fileDesc xml:id="0"/>
	</teiHeader>
	<text xml:lang="en">
			<front>IN THE HIGH COURT OF JUDICATURE AT PATNA <lb/>
			 Civil Writ Jurisdiction Case No.9649 of 2021 <lb/>
			 ====================================================== <lb/>
			 Reena Devi, D/o Doman Mandal, W/o Shambhu Mandal, Resident of village-<lb/>
			 Beriya, P.S-Satperiya, PS-Sahkund, District-Bhagalpur. <lb/>
			 ... ... Petitioner/s <lb/>
			 Versus <lb/>
			 1. The State of Bihar through the Principal Secretary, Health Department, <lb/>
			 Government of Bihar, Patna <lb/>
			 2. The Principal Secretary, Health Department, Government of Bihar, Patna <lb/>
			 3. The mission Directorate, State Health Committee, Bihar, Patna. <lb/>
			 4. The Collector-Cum-President of District Health Society, Bhagalpur, District-<lb/>
			 Bhagalpur. <lb/>
			 5. The District Complaint Redressal Officer, Bhagalpur, District-Bhagalpur. <lb/>
			 6. The Civil Surgeon-cum-Chief Medical Officer-cum-Secretary, District <lb/>
			 Health Society, Bhagalpur, District-Bhagalpur. <lb/>
			 7. The Incharge Medical Officer, Sahkund, District-Bhagalpur. <lb/>
			 8. The District Panchayat Raj Officer, Bhagalpur, District-Bhagalpur <lb/>
			 9. The Mukhiya, Sarouni, Panchayat-Sahkund, District-Bhagalpur. <lb/>
			 10. The Deputy Mukhiya, Sarouni, Panchayat-Sahkund, District-Bhagalpur. <lb/>
			 ... ... Respondent/s <lb/>
			 ====================================================== <lb/>
			 Appearance : <lb/>
			 For the Petitioner/s <lb/>
			 : <lb/>
			 Mr. Sharda Nand Mishra <lb/>
			 For the Respondent/s <lb/>
			 : <lb/>
			 Mr. Lalit Kishore (AG) <lb/>
			 ====================================================== <lb/>
			 CORAM: HONOURABLE MR. JUSTICE P. B. BAJANTHRI <lb/>
			 ORAL JUDGMENT <lb/>
			 </front>

			<body>Date : 18-02-2022 <lb/>
			 The matter has been heard via video conferencing <lb/>
			 due to circumstances prevailing on account of the COVID-19 <lb/>
			 pandemic. <lb/>
			 Learned counsel for the State accepts notice for the <lb/>
			 respondents. <lb/>
			 In the instant petition, petitioner has prayed for the <lb/>
			 following relief/reliefs: <lb/></body>
			 
			 <note place="headnote">Patna High Court CWJC No.9649 of 2021 dt.18-02-2022 <lb/></note>
			 

			<page>2/3 <lb/>
			 </page>

			<body>&quot;This writ application is <lb/>
			 being filed in nature of mandamus for <lb/>
			 direction to the respondents consider <lb/>
			 the application of the petitioner in the <lb/>
			 light of letter bearing Memo No. 828 <lb/>
			 dated 19.02.2020 passed by District <lb/>
			 Complaint <lb/>
			 Redressal <lb/>
			 Officer, <lb/>
			 Bhagalpur, District-Bhalgalpur by <lb/>
			 which directed to the petitioner to file <lb/>
			 application before the Respondent <lb/>
			 No.6 the Civil Surgeon-cum-Chief <lb/>
			 Medical Officer, Bhagalpur regarding <lb/>
			 termination of the service on the post <lb/>
			 of Asha worker, for which petitioner <lb/>
			 filed application on 30.01.2021, same <lb/>
			 has not been considered as yet and <lb/>
			 further issue direction to respondent <lb/>
			 consider the application dated <lb/>
			 30.01.2021 and further give and other <lb/>
			 legal consequential benefit.&quot; <lb/>
			 Respondent No.6-Civil Surgeon/Chief Medical <lb/>
			 Officer, Bhagalpur is hereby directed to examine the petitioner&apos;s <lb/></body>
			 
			 <note place="headnote">Patna High Court CWJC No.9649 of 2021 dt.18-02-2022 <lb/></note>
			 

			<page>3/3 <lb/>
			 </page>

			<body>application dated 30 th January, 2021 in the light of Memo No. <lb/>
			 828 dated 19.02.2020 issued by the District Complaint <lb/>
			 Redressal Officer, Bhagalpur. The petitioner&apos;s application be <lb/>
			 considered and pass appropriate order within a period of four <lb/>
			 weeks from the date of receipt of this order failing which the <lb/>
			 petitioner is entitled to litigation cost and it is quantified at <lb/>
			 Rs.10,000/-(Rupees Ten Thousand). The cost shall be paid by <lb/>
			 respondent no.6-Civil Surgeon-cum-Chief Medical Officer, <lb/>
			 District Health Society, Bhagalpur, District-Bhagalpur from his <lb/>
			 pocket and not from the State Government or society. <lb/>
			 With the above observation, writ petition stands <lb/>
			 disposed of. <lb/>
			 Ankit/-<lb/>
			 (P. B. Bajanthri, J) <lb/>
			 AFR/NAFR <lb/>
			 NAFR <lb/>
			 CAV DATE <lb/>
			 NA <lb/>
			 Uploading Date <lb/>
			 23.02.2022 <lb/>
			 Transmission Date <lb/>
			 NA<lb/> </body>


	</text>
</tei>
