<?xml version="1.0" ?>
<tei xml:space="preserve">
	<teiHeader>
		<fileDesc xml:id="0"/>
	</teiHeader>
	<text xml:lang="en">
			<front>IN THE HIGH COURT OF JUDICATURE AT PATNA <lb/>
			Civil Writ Jurisdiction Case No.9454 of 2021 <lb/>
			====================================================== <lb/>
			Er. Jagdish Singh Son of Late Hriday Narayan Singh, Resident of Village-<lb/>
			Bazar Kona, P.O. and P.S. Kudra, Distt.-Kaimur (Bhabua), At present R/o Plot <lb/>
			No. 609, Vaishno Nagar Colony, Chittupur Lanka, Varanasi-221005 (Uttar <lb/>
			Pradesh). <lb/>
			... ... Petitioner/s <lb/>
			Versus <lb/>
			1. The Union of India through the Secretary, Ministry of Road Transport and <lb/>
			Highways, Govt. of India, New Delhi. <lb/>
			2. The General Manager (Tech) National Highways and Infrastructure <lb/>
			Development Corporation Limited (NHIDCL) 3rd Floor, PTI Building 4, <lb/>
			Parliament Street, New Delhi-110001. <lb/>
			3. The General Manager (P), Branch Office, Sikkim, NHIDCL, Dr. Sandeep <lb/>
			Pradhan Building, Sichey Link Road, Middle Sichey, Gangtok, East Sikkim <lb/>
			737101. <lb/>
			4. The Deputy General Manager (P) NHIDCL Flat No. BA1, Vinayak <lb/>
			Apartment, Shiv Mandir, Near B.D.O. Office, Silliguri, District-Darjeeling-<lb/>
			734011 (West Bengal). <lb/>
			5. The Executive Director (P) NHIDCL, Sikkim, Gangtok (Sikkim). <lb/>
			6. Dr. Vandana, General Manager (Projects), Redecon (India) Private Limited, <lb/>
			H-54A Ground floor, Kalkaji, New Delhi 110019. <lb/>
			7. S.K. Pandey, Team Leader (JV) cum Authorized Representative, Redecon <lb/>
			(India) Pvt. Ltd. Project Office Manas Deb, First Floor, 3 S.N. Bose Road, <lb/>
			Post-Kadam Tola, Thana-Matigara, District-Siliguri 734011 (West Bengal). <lb/>
			... ... Respondent/s <lb/>
			====================================================== <lb/>
			Appearance : <lb/>
			For the Petitioner/s <lb/>
			: <lb/>
			Mr.Manendra Kumar Sinha <lb/>
			For the Respondent/s <lb/>
			: <lb/>
			Mr.Dr. Krishna Nandan Singh (Asg) <lb/>
			====================================================== <lb/>
			CORAM: HONOURABLE MR. JUSTICE P. B. BAJANTHRI <lb/>
			ORAL JUDGMENT <lb/>
			</front>

			<body>Date : 18-02-2022 <lb/>
			The matter is heard via video conferencing due to <lb/>
			circumstances prevailing on account of the COVID-19 <lb/>
			pandemic. <lb/>
			2. State counsel accept notice for respondents. <lb/>
			3. In the instant petition, petitioner has prayed for <lb/></body>
			
			<note place="headnote">Patna High Court CWJC No.9454 of 2021 dt.18-02-2022 <lb/></note>
			

			<page>2/3 <lb/>
			</page>

			<body>following reliefs: <lb/>
			&quot;1. That this writ application is <lb/>
			being filed by the petitioner for issuance <lb/>
			of appropriate writ or writs/order or <lb/>
			orders/direction or directions against the <lb/>
			respondent authorities and the petitioner <lb/>
			seeks for the following relief/reliefs: <lb/>
			i) To declare the order of <lb/>
			termination of petitioner dated 21.11.2019 <lb/>
			from service of Resident Engineer, illegal <lb/>
			and invalid as it has been passed by <lb/>
			respondent no. 6 in violation of natural <lb/>
			justice. <lb/>
			ii) To quash the order dated <lb/>
			14.12.2020 regarding debarment of <lb/>
			petitioner from engagement of NHIDCL <lb/>
			Project for a period of two years passed <lb/>
			by the respondent no. 5 inter alia declare <lb/>
			the said order unconstitutional by which <lb/>
			the CV of petitioner on INFRACON <lb/>
			Portal has been blocked and freezed. <lb/>
			iii) To direct the concerned <lb/>
			respondent authorities of National <lb/>
			Highways <lb/>
			And <lb/>
			Infrastructure <lb/>
			Development Corporation Ltd. hereafter <lb/>
			mentioned as NHIDCL to unfreeze the <lb/>
			INFRACON Id of petitioner registered as <lb/>
			singhjagdish <lb/>
			1962@gmail.com <lb/>
			on <lb/>
			INFRACON Portal. <lb/>
			iv) To secure the welfare of <lb/>
			petitioner as he has every right given by <lb/>
			the consttition of India to choose his <lb/>
			profession/job according to his choice for <lb/>
			betterment of his life and career. <lb/>
			v) To grant any other <lb/>
			relief/reliefs for which the petitioner is <lb/>
			entitled too.&quot; <lb/>
			4. 
			Perusal of the petition it is evident that <lb/>
			petitioner&apos;s grievance is against REDECON (India) pvt. Ltd. <lb/>
			The company do not fall under definition &apos;Article 12 of the <lb/></body>
			
			<note place="headnote">Patna High Court CWJC No.9454 of 2021 dt.18-02-2022 <lb/></note>
			

			<page>3/3 <lb/>
			</page>

			<body>Constitution&apos; so as to entertain the present petition under Article <lb/>
			226 of the Constitution. <lb/>
			5. Accordingly, the writ petition stands dismissed <lb/>
			reserving liberty to the petitioner to look out for appropriate <lb/>
			forum. <lb/>
			rakhi/-<lb/>
			(P. B. Bajanthri, J) <lb/>
			AFR/NAFR <lb/>
			CAV DATE <lb/>
			Uploading Date <lb/>
			Transmission Date<lb/> </body>


	</text>
</tei>
