<?xml version="1.0" ?>
<tei xml:space="preserve">
	<teiHeader>
		<fileDesc xml:id="0"/>
	</teiHeader>
	<text xml:lang="en">
			<front>IN THE HIGH COURT OF JUDICATURE AT PATNA <lb/>
			Civil Writ Jurisdiction Case No.9517 of 2021 <lb/>
			====================================================== <lb/>
			Anuj Kumar Sharma Son of Nunu Sharma @ Shyam Bihari Singh Resident of <lb/>
			village-Pahleja, Post-Jaipur Dist.-Arwal and present address 20 MACTI <lb/>
			Sadan, Indrapuri Road No. 12, Ratun Road, P.s.-Sukhdeo Nagar Hill, Ranchi, <lb/>
			Jharkhand <lb/>
			... ... Petitioner/s <lb/>
			Versus <lb/>
			1. The State of Bihar through the Chief Secretary, Government of Bihar, Old <lb/>
			Secretariat, Patna <lb/>
			2. The Principal Secretary, Personal and Administrative Reform Department, <lb/>
			Government of Bihar, Old Secretariat, Patna <lb/>
			3. The Labour Resources Department, Government of Bihar, New Secretariat, <lb/>
			Patna <lb/>
			4. The Principal Secretary, Finance Department, Government of Bihar, having <lb/>
			his office Old Secretariat, Bihar, Patna <lb/>
			5. The Commissioner, Labour Resources Department, Government of Bihar, <lb/>
			having his office New Secretariat, Patna <lb/>
			6. The joint Commissioner, Labour Resources Department, Government of <lb/>
			Bihar, having his office New Secretariat, Patna <lb/>
			7. The Deputy Secretary, Labour Resources Department, Government of Bihar, <lb/>
			having his office New Secretariat, Patna <lb/>
			8. The Deputy Secretary, Personal and Administrative Reform Department, <lb/>
			Government of Bihar, having his office New Secretariat, Patna <lb/>
			9. The Deputy Secretary, Finance Department, Government of Bihar, having <lb/>
			his office Old Secretariat, Patna <lb/>
			10. The Labour Superintendent (Shram Adhikshak), Nalanda <lb/>
			... ... Respondent/s <lb/>
			====================================================== <lb/>
			Appearance : <lb/>
			For the Petitioner/s 
			: <lb/>
			Mr.Shekhar Kumar Singh <lb/>
			For the Respondent/s 
			: <lb/>
			Mr.Anuradha Singh (Sc21) <lb/>
			====================================================== <lb/>
			CORAM: HONOURABLE MR. JUSTICE P. B. BAJANTHRI <lb/>
			ORAL JUDGMENT <lb/>
			</front>

			<body>Date : 18-02-2022 <lb/>
			The matter is heard via video conferencing due to <lb/>
			circumstances prevailing on account of the COVID-19 <lb/>
			pandemic. <lb/>
		

			2. State Counsel accept notice for respondents. <lb/>
				</body>

			<note place="headnote">Patna High Court CWJC No.9517 of 2021 dt.18-02-2022 <lb/>
			</note>

			<page>2/3 <lb/>
			</page>

			<body>Petitioner&apos;s counsel to serve copy of the petition to the State <lb/>
			counsel. <lb/>
			3. In the instant petition, petitioner has sought for <lb/>
			following reliefs: <lb/>
			&quot;i) For issuance of Writ/Writs <lb/>
			Order/orders Direction/Directions in the <lb/>
			nature of mandamus commanding the <lb/>
			respondents to immediately grant 2 nd and 3 rd <lb/>
			A.C.P./ M.A.C.P. / M.A.C.P./ M.A.C.P. <lb/>
			Scheme (Assured Arrear Progression) and <lb/>
			also to pay 6 th Revised Pay Difference <lb/>
			Amount which has not been paid by the <lb/>
			respondents till today. <lb/>
			ii) For further direction upon the <lb/>
			respondents to immediately grant and pay the <lb/>
			2 nd and 3 rd A.C.P./ M.A.C.P. with Interest 18% <lb/>
			per annum. <lb/>
			iii) For further any other <lb/>
			relief/reliefs, order/orders direction/directions <lb/>
			may deem fit and proper in the fact and <lb/>
			circumstances of this case.&quot; <lb/>
			4. Short question for consideration in the present <lb/>
			petition is whether petitioner is entitled to 2 nd ACP and 3 rd <lb/>
			MACP and consequential benefits or not? In this regard, <lb/>
			petitioner has submitted representations, vide Annexure-1, 2, 3, <lb/>
			4A and 5 respectively. <lb/>
			5. In the light of these facts and circumstances, the <lb/>
			concerned respondent is hereby directed to examine the service <lb/>
			particulars of the petitioner read with ACP and MACP Rules so <lb/>
			as to find out whether petitioner is entitled to 2 nd ACP and 3 rd <lb/>
			MACP or not. If he is entitled, necessary order shall be passed <lb/>
			including monetary benefits. If he is not entitled in that event, a <lb/>
			detailed speaking order shall be passed as to why petitioner is <lb/>
			not entitled for 2 nd ACP and 3 rd MACP. The above exercise shall <lb/>
			</body>

			<note place="headnote">Patna High Court CWJC No.9517 of 2021 dt.18-02-2022 <lb/>
			</note>

			<page>3/3 <lb/>
			</page>

			<body>be completed within a period of four months from the date of <lb/>
			receipt of this order and communicate the decision to the <lb/>
			petitioner. <lb/>
			6. With the above observations, the instant petition <lb/>
			stands disposed of. <lb/>
			rakhi/-<lb/>
			(P. B. Bajanthri, J) <lb/>
			AFR/NAFR <lb/>
			CAV DATE <lb/>
			Uploading Date <lb/>
			02.03.2022 <lb/>
			Transmission Date<lb/> </body>


	</text>
</tei>
