<?xml version="1.0" ?>
<tei xml:space="preserve">
	<teiHeader>
		<fileDesc xml:id="0"/>
	</teiHeader>
	<text xml:lang="en">
			<note place="headnote">W. P. (C) No. 40662 of 2016 <lb/>
			</note>
			
			<page>-1-<lb/>
			</page>
			
			
		<front>IN THE HIGH COURT OF KERALA AT ERNAKULAM <lb/>
		PRESENT <lb/>
		THE HONOURABLE MR. JUSTICE SHAJI P.CHALY <lb/>
		FRIDAY, THE 8 TH DAY OF JULY 2022 / 17TH ASHADHA, 1944 <lb/>
		WP(C) NO. 40662 OF 2016 <lb/>
		PETITIONER/S: <lb/>
		KOCHUTHRESSIA <lb/>
		AGED 73 YEARS <lb/>
		W/O.DEVASSI, AGED 73 YEARS, THATTIL PUZHUNGARAN <lb/>
		HOUSE, ALLENGGAD, MUTTITHADI P.O., TRHISSUR, PIN <lb/>
		-680317. <lb/>
		BY ADVS. <lb/>
		SRI.K.B.PRADEEP <lb/>
		SMT.J.HARIPRIYA <lb/>
		RESPONDENT/S: <lb/>
		THRIKKUR GRAMA PANCHAYAT <lb/>
		REPRESENTED BY ITS SECRETARY, KALLOOR <lb/>
		P.O.,THRISSUR, PIN -680 317. <lb/>
		BY ADVS. <lb/>
		SMT.R.RAJITHA <lb/>
		SRI.SANTHOSH P.PODUVAL <lb/>
		THIS WRIT PETITION (CIVIL) HAVING COME UP FOR <lb/>
		ADMISSION ON 08.07.2022, THE COURT ON THE SAME DAY <lb/>
		DELIVERED THE FOLLOWING: <lb/>
		</front>
		
		<note place="headnote">W. P. (C) No. 40662 of 2016 <lb/>
		</note>
		
		<page>-2-<lb/>
		</page>
		
		<front>J U D G M E N T <lb/>
		</front>

			<body>This writ petition is filed by the petitioner seeking the following <lb/>
			reliefs:-<lb/>
			&quot;(a) Call for the records leading to exhibit P-2 and P-4 <lb/>
			and quash the same by issuing a writ of certiorari; <lb/>
			(b) Direct the respondent to either serve copy of the <lb/>
			complaint referred in Exhibits P-2 and P-4 or inform the <lb/>
			petitioner about the details of alleged violation / deviation from <lb/>
			the approved Building Plan so as to enable the petitioner to make <lb/>
			a proper application for regularization for any irregular <lb/>
			construction.&quot; <lb/>
			2. The grievance of the petitioner is that though a building was <lb/>
			constructed by the petitioner after securing building permit from the <lb/>
			Thrikkur Grama Panchayat, Thrissur District and thereafter issued with <lb/>
			the occupancy and building number, later the same was sought to be <lb/>
			cancelled as per Exts. P2 and P4 notices dated 29.08.2016 and <lb/>
			02.12.2016. <lb/>
			3. The case projected by the petitioner is that having constructed <lb/>
			the building in accordance with the permit secured and as per the <lb/>
			</body>

			<note place="headnote">W. P. (C) No. 40662 of 2016 <lb/>
			</note>
			
			<page>-3-<lb/>
			</page>

			<body>Kerala Panchayat Building Rules, 2011 and the Kerala Panchayat Raj <lb/>
			Act, 1994, the Secretary of the Grama Panchayat is not at liberty to <lb/>
			cancel the building number already granted. <lb/>
			4. A detailed deliberation and adjudication of the matter is not <lb/>
			required since the learned Standing Counsel for the Grama Panchayat <lb/>
			fairly submitted that in Exts. P2 and P4 notices, the violation in the <lb/>
			matter of construction of the building is not reflected and therefore the <lb/>
			Secretary of the Grama Panchayat may be given the liberty to issue a <lb/>
			fresh notice. <lb/>
			5. In that view of the matter, Exts. P2 and P4 notices would be <lb/>
			treated as withdrawn and the Secretary of the Grama Panchayat is <lb/>
			given the liberty to issue a fresh notice explaining the circumstances <lb/>
			under which the Secretary of the Grama Panchayat is proposed to <lb/>
			cancel the building number. If any such notice is received by the <lb/>
			petitioner, petitioner is entitled to submit suitable objection and contest <lb/>
			the proceedings, in accordance with law. <lb/>
			I also make it clear that if any application is submitted by the <lb/>
			petitioner seeking regularization of the building before the Secretary <lb/>
			W. P. (C) No. 40662 of 2016 <lb/>
			-4-<lb/>
			and if it is in accordance with the Building Rules, 2011, the Secretary <lb/>
			would be liberty to consider the same, in accordance with law. <lb/>
			Sd/-<lb/>
			SHAJI P. CHALY <lb/>
			JUDGE <lb/>
			Eb <lb/>
			///TRUE COPY/// <lb/>
			P. A. TO JUDGE <lb/>
			W. P. (C) No. 40662 of 2016 <lb/>
			-5-<lb/>
			APPENDIX OF WP(C) 40662/2016 <lb/>
			PETITIONER EXHIBITS <lb/>
			EXHIBIT-P1: <lb/>
			TRUE COPY OF THE BUILDING PERMIT DATED <lb/>
			04.05.2015. <lb/>
			EXHIBIT-P2: <lb/>
			TRUE COPY OF THE NOTICE DATED 29.08.2016 <lb/>
			ISSUED BY THE RESPONDENT. <lb/>
			EXHIBIT-P3: <lb/>
			TRUE COPY OF THE REPLY NOTICE TO EXHIBIT <lb/>
			P-2, DATED 09.09.2016. <lb/>
			EXHIBIT-P4: <lb/>
			TRUE COPY OF THE NOTICE DATED 02.12.2016 <lb/>
			ISSUED BY THE RESPONDENT. <lb/>
			EXHIBIT-P5: <lb/>
			TRUE COPY OF THE REPLY FILED BY THE <lb/>
			PETITIONER TO EXHIBIT-P4.<lb/> </body>


	</text>
</tei>
