<?xml version="1.0" ?>
<tei xml:space="preserve">
	<teiHeader>
		<fileDesc xml:id="0"/>
	</teiHeader>
	<text xml:lang="en">
			<note place="headnote">W.P.(C) No.18609 &amp; 18610 of 2016 <lb/></note>

			<page>1 <lb/></page>

			<front>IN THE HIGH COURT OF KERALA AT ERNAKULAM <lb/>PRESENT <lb/>THE HONOURABLE MR. JUSTICE SHAJI P.CHALY <lb/>FRIDAY, THE 8 TH DAY OF JULY 2022 / 17TH ASHADHA, 1944 <lb/>WP(C) NO. 18609 OF 2016 <lb/>PETITIONER: <lb/>USHADEVI <lb/>AGED 52 YEARS <lb/>W/O.K.PUSHPARAJAN ACHARI, AGED 52 YEARS T.C.19/2040(1), <lb/>ROHINI, VANIYATH LANE MUDAVANMUGHAL, POOJAPPURA P.O., <lb/>THIRUVANANTHAPURAM. <lb/>BY ADV SRI.GEORGEKUTTY MATHEW <lb/>RESPONDENTS: <lb/>1 <lb/>THE SECRETARY, THIRUVANANTHAPURAM CORPORATION <lb/>THIRUVANANTHAPURAM P.O., PIN-695001. <lb/></front>

			<page>2 <lb/></page>

			<body>PREMALATHA <lb/>AGED 45 YEARS, W/O.ASHOK, KIRAN NIVAS T.C.19/746(1), <lb/>MUDAVANMUGHAL, POOJAPPURA P.O. THIRUVANANTHAPURAM, <lb/>PIN-695012. <lb/>3 <lb/>ASHOKAN <lb/>AGED 50 YEARS, KIRAN NIVAS T.C.19/746(1), MUDAVANMUGHAL, <lb/>POOJAPPURA P.O. THIRUVANANTHAPURAM, PIN-695012. <lb/>BY ADVS. <lb/>R2 &amp; R3 BY SRI.N.NANDAKUMARA MENON (SR.) <lb/>R1 BY SRI.P.K.MANOJ KUMAR, STANDING COUNSEL <lb/>THIS WRIT PETITION (CIVIL) HAVING COME UP FOR ADMISSION ON <lb/>08.07.2022, ALONG WITH WP(C).18610/2016, THE COURT ON THE SAME DAY <lb/>DELIVERED THE FOLLOWING: <lb/></body>

			<note place="headnote">W.P.(C) No.18609 &amp; 18610 of 2016 <lb/></note>

			<page>2 <lb/></page>

			<front>IN THE HIGH COURT OF KERALA AT ERNAKULAM <lb/>PRESENT <lb/>THE HONOURABLE MR. JUSTICE SHAJI P.CHALY <lb/>FRIDAY, THE 8 TH DAY OF JULY 2022 / 17TH ASHADHA, 1944 <lb/>WP(C) NO. 18610 OF 2016 <lb/>PETITIONER: <lb/>USHADEVI <lb/>AGED 52 YEARS <lb/>W/O. K. PUSHPARAJAN ACHARI,AGED 52 YEARS, <lb/>T.C 19/2040(1)ROHINI, VANIYATH LANE, MUDAVANMUGHAL, <lb/>POOJAPPURA P.O, THIRUVANANTHAPURAM <lb/>BY ADV SRI.GEORGEKUTTY MATHEW <lb/>RESPONDENTS: <lb/>1 <lb/>THE SECRETARY <lb/>THIRUVANANTHAPURAM CORPORATION, THIRUVANANTHAPURAM P.O, <lb/>PIN 695 001 <lb/>2 <lb/>PREMALATHA <lb/>AGED 45 YEARS,W/O. ASHOK, KIRAN NIVAS, <lb/>T.C 19/746(1)MUDAVANMUGHAL, POOJAPPURA P.O, <lb/>THIRUVANANTHAPURAM, PIN 695 012 <lb/>3 <lb/>ASHOKAN <lb/>AGED 50 YEARS, KIRAN NIVAS, T.C 19/746(1) MUDAVANMUGHAL, <lb/>POOJAPPURA P.O, THIRUVANANTHAPURAM, PIN 695 012 <lb/>BY ADVS. <lb/>R2 &amp; R3 BY SRI.N.NANDAKUMARA MENON (SR.) <lb/>R1 BY SRI.P.K.MANOJ KUMAR, STANDING COUNSEL <lb/>THIS WRIT PETITION (CIVIL) HAVING COME UP FOR ADMISSION ON <lb/>08.07.2022, ALONG WITH WP(C).18609/2016, THE COURT ON THE SAME DAY <lb/>DELIVERED THE FOLLOWING: <lb/></front>
			
			<note place="headnote">W.P.(C) No.18609 &amp; 18610 of 2016 <lb/></note>

			<page>3 <lb/></page>

			<front>JUDGMENT <lb/>
			Dated this the 8 th day of July, 2022 <lb></lb></front>
			
			<body>In W.P.(C) No.18609/2016, the petitioner has sought for the following reliefs: <lb/>(i) Set aside the illegal right given in para 17 of the Ext.P3 order that &quot;it is <lb/>opened to the 2 nd respondent to make necessary changes in the said building so <lb/>as to make it conformity with the building rules&quot; as illegal. <lb/>(ii) Issue a writ of mandamus directing 1 st respondent to ensure that <lb/>respondents No. 2 and 3 are not occupying in their unauthorized and illegally <lb/>constructed building, in the interest of justice. <lb/>(ii) Issue a writ of mandamus directing the 1st respondent to verify whether the <lb/>buildings of the respondents No. 2 and 3 are having the features of apartments <lb/>as provided in rule 2(1) (g) of K.M.B.R and if so treat them as separate <lb/>apartments while considering application for regularization of the buildings <lb/>pursuant to Ext.P3 order. <lb/>(iv) Issue a writ of mandamus directing the 1 st respondent to procure the <lb/>assistance of an expert as provided under Rule 11 (A) of KMBR. <lb/>(v) Issue such other appropriate writ, order direction as this Hon&apos;ble Court may <lb/>deem fit and proper in the facts and circumstances of the case. <lb/>2. In W.P.(C) No.18610/2016, the following reliefs are sought for by the <lb/>petitioner: <lb/>(ii) Issue a writ of mandamus directing respondent No.1 to take immediate legal <lb/>actions for the demolishing and removing of the illegal and unauthorised <lb/>platform for washing clothes constructed by respondent Nos.2 and 3 close to the <lb/></body>

			<note place="headnote">W.P.(C) No.18609 &amp; 18610 of 2016 <lb/></note>

			<page>4 <lb/></page>

			<body>residential house of the petitioner, in the interest of justice. <lb/>(ii) Issue such other appropriate writ, order or direction as this Hon&apos;ble Court may <lb/>deem fit and proper in the facts and circumstances of the case. <lb/>3. Basically the issues raised by the petitioner are in respect of the building <lb/>construction carried out by the party respondents in the writ petitions viz., <lb/>Premalatha &amp; Ashokan, who are neighbours of the petitioner. I do not think a <lb/>detailed deliberation of these writ petitions is required, basically for the reason <lb/>that pursuant to the order passed by the Tribunal, the Secretary of the <lb/>Thiruvananthapuram Corporation -1 st respondent, re-considered the matter and <lb/>on the basis of the application submitted by the party respondents, an order of <lb/>regularisation of the construction is passed. <lb/>4. Learned counsel appearing for party respondents has produced an order <lb/>of the Thiruvananthapuram Corporation dated 3.2.2017, whereby it is evident that <lb/>a decision was taken at Adalat to regularise the construction put up by the party <lb/>respondents. According to the learned counsel for the petitioner, against the <lb/>nuisance caused due to the putting up of the washing stone by the party <lb/>respondents, petitioner has submitted a representation before the Secretary of the <lb/>Thiruvananthapuram Corporation, which is still pending consideration. <lb/>5. If the petitioner still has any cause of action against the nuisance caused <lb/>by the putting up of the washing stone, in my considered opinion, the petitioner <lb/>has to approach the competent civil court. This I say because, the putting up of <lb/></body>

			<note place="headnote">W.P.(C) No.18609 &amp; 18610 of 2016 <lb/></note>

			<page>5 <lb/></page>

			<body>washing stone or causing any nuisance consequent to it, would not be a subject <lb/>matter for the adjudication of the Secretary since there is no violation of the <lb/>provisions of the Kerala Municipality Building Rules, 1999 enabling the Secretary <lb/>to consider the abatement of nuisance consequent to the putting up of washing <lb/>stone. <lb/>6. These writ petitions are pending before this Court from the year 2016 <lb/>without securing any interim orders. Therefore, I dispose of the writ petitions, <lb/>recording that already the unauthorised construction of the building is regularised <lb/>and therefore the first among the captioned writ petition has become infructuous; <lb/>and leaving open the liberty of the petitioner to approach the competent civil <lb/>court, if he has still any grievance to be vindicated in regard to the washing stone, <lb/>however in accordance with law. Be that as it may, if the petitioner is making any <lb/>application for securing a copy of the regularisation order specified above, the <lb/>Secretary of the Municipality shall consider the same, and if there are no legal <lb/>impediments standing in the way, it shall be issued to the petitioner. <lb/>Sd/-<lb/>SHAJI P.CHALY <lb/>

			smv <lb/>

			JUDGE <lb/></body>

			<note place="headnote">W.P.(C) No.18609 &amp; 18610 of 2016 <lb/></note>

			<page>6 <lb/></page>

			<body>APPENDIX OF WP(C) 18609/2016 <lb/>PETITIONER&apos;S EXHIBITS <lb/>P1 <lb/>TRUE COPY OF THE ORDER DT.7-6-14 IN APPEAL NO.928/13 <lb/>PASSED BY TRIBUNAL FOR LOCAL SELF GOVERNMENT <lb/>INSTITUION. <lb/>P2 <lb/>TRUE COPY OF THE ORDER DT.4-11-14 ISSUED BY R2. <lb/>P3 <lb/>TRUE COPY OF THE ORDER DT.10-2-16 IN APPEAL NO.1312/14 <lb/>PASSED BY THE TRIBUNAL FOR LOCAL SELF GOVERNMENT <lb/>INSTITUTIONS. <lb/>P4 <lb/>TRUE COPY OF THE MEMORANDUM OF APPEAL NO.83/15 IN THE <lb/>FILE OF TRIBUNAL FOR LOCAL SELF GOVERNMENT <lb/>INSTITUTIONS. <lb/>P5 <lb/>TRUE COPY OF THE COMMISSION REPORT IN APPEAL NO.83/15 <lb/>IN THE FILE OF TRIBUNAL FOR LOCAL SELF GOVERNMENT <lb/>INSTITUTIONS. <lb/></body>
			
			<note place="headnote">W.P.(C) No.18609 &amp; 18610 of 2016 <lb/></note>

			<page>7 <lb/></page>

			<body>APPENDIX OF WP(C) 18610/2016 <lb/>PETITIONER EXHIBITS <lb/>P1 <lb/>TRUE COPY OF THE COMPLAINT DATED 08/07/2015 SUBMITTED <lb/>BY THE PETITIONER BEFORE THE 1ST RESPONDENT <lb/>P2 <lb/>TRUE COPY OF THE ORDER IN APPEALNO. 886/2015 DATED <lb/>10/02/2016 PASSED BY THE LSGI TRIBUNAL </body>


	</text>
</tei>
