<?xml version="1.0" ?>
<tei xml:space="preserve">
	<teiHeader>
		<fileDesc xml:id="0"/>
	</teiHeader>
	<text xml:lang="en">
			<front>IN THE HIGH COURT OF JUDICATURE AT PATNA <lb/>
			Civil Writ Jurisdiction Case No.9626 of 2021 <lb/>
			====================================================== <lb/>
			Nitu Kumari @ Nitu Devi wife of Pradip Das, resident of village -Pipra <lb/>
			Santpur, Ward No. 04, Police Station and Anchal Mainatand, District-West <lb/>
			Champaran. <lb/>
			... ... Petitioner/s <lb/>
			Versus <lb/>
			1. The State of Bihar through the Additional Chief Secretary, Department of <lb/>
			Welfare, Bihar, Patna. <lb/>
			2. The Director, I.C.D.S., Patna, Bihar. <lb/>
			3. The District Magistrate, Bettiah, West Champaran. <lb/>
			4. The District Programme Officer, Bettiah, West Champaran. <lb/>
			5. The Child Development Project Officer, Block, Mainatand, West <lb/>
			Champaran. <lb/>
			6. Asha Kumari, wife of Rajnikant Kumar, resident of village -Pipara Santpur, <lb/>
			Ward No. 04, Police Station and Anchal Mainatand, District-West <lb/>
			Champaran. <lb/>
			... ... Respondent/s <lb/>
			====================================================== <lb/>
			Appearance : <lb/>
			For the Petitioner/s <lb/>
			: <lb/>
			Mr. Ram Kishun Prasad <lb/>
			For the Respondent/s <lb/>
			: <lb/>
			Mr. Gyan Prakash Ojha (GA-7) <lb/>
			====================================================== <lb/>
			CORAM: HONOURABLE MR. JUSTICE P. B. BAJANTHRI <lb/>
			ORAL JUDGMENT <lb/>
			</front>

			<body>Date : 18-02-2022 <lb/>
			The matter has been heard via video conferencing <lb/>
			due to circumstances prevailing on account of the COVID-19 <lb/>
			pandemic. <lb/>
			Learned counsel for State accepts notice for <lb/>
			respondent nos. 1 to 5. <lb/>
			Service of notice to respondent no. 6-Asha Kumari <lb/></body>
			
			<note place="headnote">Patna High Court CWJC No.9626 of 2021 dt.18-02-2022<lb/></note>
			

			<page>2/5 <lb/>
			</page>

			<body>is dispensed since no adverse order is passed against her. <lb/>
			In the instant petition, petitioner has prayed for the <lb/>
			following relief/reliefs: <lb/>
			&quot;For issuance of writ/writs, <lb/>
			direction/directions, order/orders to <lb/>
			the respondents authority: <lb/>
			I. For direction for taking fresh <lb/>
			process for selection of Angan Bari <lb/>
			Sevika at Centre No. 192 of Ward <lb/>
			No.04. <lb/>
			II. For further direction to cancel the <lb/>
			earlier process of selection of <lb/>
			Anganbari Sevika at aforesaid Centre. <lb/>
			III. For direction of staying of training <lb/>
			process of private respondent no.6 <lb/>
			which is likely to sent. <lb/>
			IV. For any other relief/reliefs for <lb/>
			which petitioner is found entitled in <lb/>
			the facts and circumstances of the <lb/>
			present case.&quot; <lb/>
			The petitioner is stated to have submitted <lb/>
			representation on 11.02.2022 to different authorities. However, <lb/></body>
			
			<note place="headnote">Patna High Court CWJC No.9626 of 2021 dt.18-02-2022 <lb/></note>
			

			<page>3/5 <lb/>
			</page>

			<body>his grievance is relates to selection and appointment of <lb/>
			respondent no.6-Asha Kumari. The petitioner has not questioned <lb/>
			the validity of selection and appointment of respondent no.6-<lb/>
			Asha Kumari before the appellate authority. <lb/>
			The petitioner without exhausting statutory remedy <lb/>
			of appeal presented this petition and petition is not maintainable <lb/>
			in view of the Apex Court decision in the case of State of <lb/>
			Jammu and Kashmir Vs. R.K. Zalpuri and others reported in <lb/>
			AIR 2016 SC 3006, Paragraph-20, which is held as under: <lb/>
			&quot;20. Having stated thus, it is useful to <lb/>
			refer to a passage from City and Industrial <lb/>
			Development Corporation Vs. Dosu <lb/>
			Aardeshir Bhiwandiwala and others {(2009) <lb/>
			1 SCC 168}, wherein this Court while <lb/>
			dwelling upon jurisdiction under Article 226 <lb/>
			of the Constitution, has expressed thus:-<lb/>
			&quot;The Court while exercising its <lb/>
			jurisdiction under Article 226 is duty-bound <lb/>
			to consider whether: <lb/>
			(a) Adjudication of writ petition <lb/>
			involves any complex and disputed question <lb/>
			of facts and whether they can be <lb/></body>
			
			<note place="headnote">Patna High Court CWJC No.9626 of 2021 dt.18-02-2022 <lb/></note>
			

			<page>4/5 <lb/>
			</page>

			<body>satisfactorily resolved; <lb/>
			(b) The petition reveals all material <lb/>
			facts; <lb/>
			(c) The petitioner has any alternative <lb/>
			or effective remedy for the resolution of the <lb/>
			dispute; <lb/>
			(d) Person invoking the jurisdiction is <lb/>
			guilty of unexplained delay and laches; <lb/>
			(e) Ex facie barred by any laws of <lb/>
			limitation; <lb/>
			(f) Grant of relief is against public <lb/>
			policy or barred by any valid law; and host <lb/>
			of other factors&quot;. <lb/>
			In view of the aforesaid decision, the present <lb/>
			petition is premature, therefore, the petitioner is at liberty to <lb/>
			prefer appeal before the appellate authority in questioning the <lb/>
			validity of selection and appointment of respondent no.6-Asha <lb/>
			Kumari within a period of eight weeks from the date of receipt <lb/>
			of this order. If such appeal is preferred by the petitioner, the <lb/>
			appellate authority is hereby directed to decide the petitioner&apos;s <lb/>
			appeal after giving ample opportunity of hearing to the <lb/>
			petitioner as well as respondent no. 6-Asha Kumari. Such <lb/></body>
			
			<note place="headnote">Patna High Court CWJC No.9626 of 2021 dt.18-02-2022 <lb/></note>
			
			<page>5/5 <lb/>
			</page>

			<body>exercise shall be completed within a period of three months <lb/>
			from the date of receipt of the petitioner&apos;s appeal to be filed. <lb/>
			With the above observation, writ petition stands <lb/>
			disposed of. <lb/>
			Ankit/-<lb/>
			(P. B. Bajanthri, J) <lb/>
			AFR/NAFR <lb/>
			NAFR <lb/>
			CAV DATE <lb/>
			NA <lb/>
			Uploading Date <lb/>
			23.02.2022 <lb/>
			Transmission Date <lb/>
			NA<lb/> </body>


	</text>
</tei>
