<?xml version="1.0" ?>
<tei xml:space="preserve">
	<teiHeader>
		<fileDesc xml:id="0"/>
	</teiHeader>
	<text xml:lang="en">
			<front>WP(C). No. 299/2017 <lb/>
			BEFORE <lb/>
			THE HON&apos;BLE MR. JUSTICE S.R.SEN <lb/>
			</front>

			<body>08-12-2017 <lb/>
			Mr. S.Dey, learned counsel for the petitioner is present. <lb/>
			As per the order dated 07-12-2017, Mr. Singh, Post <lb/>
			Master, GPO, Shillong, is present in Court. He is directed to co-<lb/>
			operate with the learned members of the Bar as and when they <lb/>
			approach for status report or any other matter under the <lb/>
			direction of the Court. <lb/>
			Mr. KP Bhattacharjee, learned State counsel seeks further <lb/>
			time to file the counter affidavit. <lb/>
			Prayer is granted. <lb/>
			List the matter after winter vacation for counter affidavit <lb/>
			and further order. <lb/>
			JUDGE <lb/>
			S.Rynjah<lb/> </body>


	</text>
</tei>
