<?xml version="1.0" ?>
<tei xml:space="preserve">
	<teiHeader>
		<fileDesc xml:id="0"/>
	</teiHeader>
	<text xml:lang="en">
			<front>BEFORE <lb/>
			HON&apos;BLE THE CHIEF JUSTICE <lb/>
			WP(C) No. 344 of 2017 <lb/>
			07.12.2017 <lb/>
			</front>

			<body>Having regard the submission sought to be made, <lb/>
			learned counsel appearing on behalf of the respondents is <lb/>
			granted time for filing counter affidavit. <lb/>
			List this matter admission in the month of <lb/>
			February, 2018. <lb/>
			CHIEF JUSTICE <lb/>
			V. Lyndem <lb/>
			Item No. 2<lb/> </body>


	</text>
</tei>
