<?xml version="1.0" ?>
<tei xml:space="preserve">
	<teiHeader>
		<fileDesc xml:id="0"/>
	</teiHeader>
	<text xml:lang="en">
			<front>WP(C). No. 172/2017 <lb/>
			BEFORE <lb/>
			THE HON&apos;BLE MR. JUSTICE S.R.SEN <lb/>
			</front>

			<body>15-12-2017 <lb/>
			Heard Ms. S.Momin, learned counsel for the petitioner <lb/>
			who seeks further time to file the rejoinder affidavit and prayed <lb/>
			that the matter may be fixed after winter vacation. <lb/>
			Last chance is given to file the rejoinder affidavit. <lb/>
			Mr. P.Yobin, learned counsel for the respondent No. 4 is <lb/>
			present. <lb/>
			None has appeared on behalf of the State respondents. <lb/>
			List the matter after winter vacation for rejoinder affidavit <lb/>
			and further order, as prayed for. <lb/>
			JUDGE <lb/>
			S.Rynjah<lb/> </body>


	</text>
</tei>
