<?xml version="1.0" ?>
<tei xml:space="preserve">
	<teiHeader>
		<fileDesc xml:id="0"/>
	</teiHeader>
	<text xml:lang="en">
			<front>WP(C). No. 323/2016 <lb/>
			BEFORE <lb/>
			</front>

			<body>THE HON&apos;BLE MR. JUSTICE S.R.SEN <lb/>
			06-12-2017 <lb/>
			Ms. Tenzin Yangkyi, learned counsel for the petitioner is <lb/>
			present. <lb/>
			Mr. R.Debnath, learned CGC seeks further time to file the <lb/>
			counter affidavit. <lb/>
			Prayer is granted. <lb/>
			Post the matter after winter vacation for counter affidavit <lb/>
			and further order. <lb/>
			JUDGE <lb/>
			S.Rynjah<lb/> </body>


	</text>
</tei>
