<?xml version="1.0" ?>
<tei xml:space="preserve">
	<teiHeader>
		<fileDesc xml:id="0"/>
	</teiHeader>
	<text xml:lang="en">
			<front>BEFORE <lb/>
			HON&apos;BLE THE CHIEF JUSTICE <lb/>
			WP (C) NO. 338 OF 2017 <lb/>
			21.11.2017 <lb/>
			</front>

			<body>Having regard to the submissions sought to be made, it appears <lb/>
			appropriate to take up this matter for consideration after counter <lb/>
			affidavit from the respondents. <lb/>
			Learned Government Advocate Shri S Sen Gupta appearing for <lb/>
			the respondents prays for and is granted time for filing counter affidavit. <lb/>
			List this matter for admission in the month of February 2018, as <lb/>
			prayed <lb/>
			CHIEF JUSTICE <lb/>
			Sylvana <lb/>
			Item No. 3<lb/> </body>


	</text>
</tei>
