<?xml version="1.0" ?>
<tei xml:space="preserve">
	<teiHeader>
		<fileDesc xml:id="0"/>
	</teiHeader>
	<text xml:lang="en">
			<front>BEFORE <lb/>
			HON&apos;BLE THE CHIEF JUSTICE <lb/>
			WP(C) No. 378 of 2017 <lb/>
			20.12.2017 <lb/>
			</front>

			<body>Learned counsel for the respondents prays for and <lb/>
			is granted time to complete his instructions. <lb/>
			List this matter in the month of February, 2018 as <lb/>
			prayed. <lb/>
			CHIEF JUSTICE <lb/>
			V. Lyndem <lb/>
			Item No. 1<lb/> </body>


	</text>
</tei>
