<?xml version="1.0" ?>
<tei xml:space="preserve">
	<teiHeader>
		<fileDesc xml:id="0"/>
	</teiHeader>
	<text xml:lang="en">
			<note place="headnote">WP(C)No.309/2015 <lb/>
			</note>

			<front>BEFORE <lb/>
			HON&apos;BLE MR. JUSTICE T. NANDAKUMAR SINGH <lb/>
			09.12.2015 <lb/>
			Heard Mr. SP Sharma, learned counsel for the petitioner, Ms. <lb/>
			PS Nongbri, learned counsel for the respondents No.1-4 and Mr. P Nongbri, <lb/>
			</front>

			<body>learned counsel for the respondents No.5 &amp; 6. <lb/>
			Issue Notice returnable within four weeks. <lb/>
			Petitioner is to take steps for service of notice to the <lb/>
			respondents No.7-9 by Registered Post with AD within five days. <lb/>
			List this case on 28.01.2016. <lb/>
			JUDGE <lb/>
			Lam<lb/> </body>


	</text>
</tei>
