<?xml version="1.0" ?>
<tei xml:space="preserve">
	<teiHeader>
		<fileDesc xml:id="0"/>
	</teiHeader>
	<text xml:lang="en">
			<front>THE HON&apos;BLE THE CHIEF JUSTICE UJJAL BHUYAN <lb/>
			AND <lb/>
			THE HON&apos;BLE SRI JUSTICE C.V.BHASKAR REDDY <lb/>
			WRIT PETITION Nos.15082, 15973, 17171 of 2018; <lb/>
			1622, 1638, 8772, 11515, 13882, 20325 &amp; 23250 of 2019; <lb/>
			3810, 6522, 11063 &amp; 14791 of 2020; and <lb/>
			34431 &amp; 34437 of 2021 <lb/>
			COMMON ORDER: (Per the Hon&apos;ble the Chief Justice Ujjal Bhuyan) <lb/>
			This order will dispose of Writ Petition Nos.15082, 15973, <lb/>
			17171 of 2018; 1622, 1638, 8772, 11515, 13882, 20325 &amp; <lb/>
			23250 of 2019; 3810, 6522, 11063 &amp; 14791 of 2020; and <lb/>
			34431 &amp; 34437 of 2021. <lb/>
			2. 
			We have heard Mr. V.Raghuraman, learned Senior <lb/>
			Counsel, Mr. Bharath Raichandani, Mr. Karan Talwar and <lb/>
			Mr. S.Suri Babu, learned counsel for the petitioners. We have <lb/>
			also heard Mr. B.Mukherjee, Mr. B.Narasimha Sarma, <lb/>
			Mr. K.Raji Reddy and Mr. Swaroop Oorilla, learned counsel for <lb/>
			the respondents. <lb/>
			3. 
			This bunch of writ petitions have been filed before <lb/>
			this Court seeking a direction to the respondents to grant <lb/>
			</front>

			<note place="headnote">HCJ &amp; CVBRJ <lb/>
			</note>

			<note place="headnote">W.P.Nos.15082 of 2018 &amp; batch <lb/>
			</note>

			<page>2 <lb/>
			</page>

			<body>further time to the petitioners to file revised Form GST TRAN-1 <lb/>
			and TRAN-2 or to file fresh Form GST TRAN-1 and TRAN-2 for <lb/>
			various reasons as mentioned in the respective writ petitions. <lb/>
			4. 
			The writ petitions were extensively heard on <lb/>
			20.07.2022 and was reserved for judgment. In the meanwhile, <lb/>
			we were informed that the issue raised in this bunch of writ <lb/>
			petitions have been decided by the Supreme Court in Union of <lb/>
			India v. Filco Trade Centre Pvt. Ltd. 1 . <lb/>
			Accordingly on <lb/>
			mention being made, the bunch of writ petitions has again been <lb/>
			listed today. <lb/>
			5. 
			We have perused the order of the Supreme Court in <lb/>
			Filco Trade Centre Pvt. Ltd. (supra). The order reads as <lb/>
			under: <lb/>
			&quot;3. 
			Having heard learned Additional Solicitor General, <lb/>
			learned counsel appearing for different States and learned <lb/>
			counsel appearing for different private parties and having <lb/>
			perused the record, we are of the view that it is just and proper <lb/>
			to issue the following directions in these cases: <lb/>
			</body>

			<note place="footnote">1 2022 SCC OnLine SC 912 <lb/></note>
			
			<note place="headnote">HCJ &amp; CVBRJ <lb/></note>
			

			<note place="headnote">W.P.Nos.15082 of 2018 &amp; batch <lb/>
			</note>

			<page>3 <lb/>
			</page>

			<body>1. 
			Goods and Service Tax Network (GSTN) is directed <lb/>
			to open common portal for filing concerned forms <lb/>
			for availing Transitional Credit through TRAN-1 <lb/>
			and TRAN-2 for two months i.e. w.e.f. 01.09.2022 <lb/>
			to 31.10.2022. <lb/>
			2. 
			Considering the judgments of the High Courts on <lb/>
			the then prevailing peculiar circumstances, any <lb/>
			aggrieved registered assessee is directed to file the <lb/>
			relevant form or revise the already filed form <lb/>
			irrespective of whether the taxpayer has filed writ <lb/>
			petition before the High Court or whether the case <lb/>
			of the taxpayer has been decided by Information <lb/>
			Technology <lb/>
			Grievance <lb/>
			Redressal <lb/>
			Committee <lb/>
			(ITGRC). <lb/>
			3. 
			GSTN has to ensure that there are no technical <lb/>
			glitch during the said time. <lb/>
			4. 
			The concerned officers are given 90 days <lb/>
			thereafter to verify the veracity of the <lb/>
			claim/transitional credit and pass appropriate <lb/>
			orders thereon on merits after granting <lb/>
			appropriate reasonable opportunity to the parties <lb/>
			concerned. <lb/>
			5. 
			Thereafter, the allowed Transitional credit is to be <lb/>
			reflected in the Electronic Credit Ledger. <lb/>
			6. 
			If required GST Council may also issue <lb/>
			appropriate guidelines to the field formations in <lb/>
			scruitinizing the claims.&quot; <lb/>
			6. 
			Learned counsel for the parties are in agreement <lb/>
			that the above direction of the Supreme Court sufficiently <lb/>
			</body>

			<note place="headnote">HCJ &amp; CVBRJ <lb/>
			</note>

			<note place="headnote">W.P.Nos.15082 of 2018 &amp; batch <lb/>
			</note>

			<page>4 <lb/>
			</page>

			<body>covers the interest of the petitioners. No grievance of the <lb/>
			petitioners subsist thereafter. <lb/>
			7. 
			In view of above and in the light of the decision of <lb/>
			the Supreme Court in Filco Trade Centre Pvt. Ltd. (supra), <lb/>
			this bunch of Writ Petitions are disposed of. However, there <lb/>
			shall be no order as to costs. <lb/>
			8. 
			Miscellaneous applications pending, if any, in these <lb/>
			Writ Petitions shall stand closed. <lb/>
			__________________________ <lb/>
			UJJAL BHUYAN, CJ <lb/>
			_____________________________ <lb/>
			C.V.BHASKAR REDDY, J <lb/>
			Date: 08.08.2022 <lb/>
			KL<lb/> </body>


	</text>
</tei>
