<?xml version="1.0" ?>
<tei xml:space="preserve">
	<teiHeader>
		<fileDesc xml:id="0"/>
	</teiHeader>
	<text xml:lang="en">
			<front>IN THE HIGH COURT OF JUDICATURE OF ANDHRA PRADESH <lb/>
			AT HYDERABAD <lb/>
			WEDNESDAY, THE TWENTY SECOND DAY OF MAY <lb/>
			TWO THOUSAND AND THIRTEEN <lb/>
			:PRESENT: <lb/>
			THE HON&apos;BLE SRI JUSTICE K.G.SHANKAR <lb/>
			WP .NO:15098 of 2013 <lb/>
			Between: <lb/>
			Pragati Maha Vidyalaya Junior College, Managed by Shri Gujarati <lb/>
			Pragati Samaj, 4-3-148, Hanuman Takdi, Kandaswamy Lane, <lb/>
			Hyderabad-500 095, rep. by its Secretary and Correspondent Sri <lb/>
			Rajesh C. Shah, S/o Chunilal M. Shah <lb/>
			..... Petitioner <lb/>
			AND <lb/>
			1. The Govt. of A.P., rep. by its Principal Secretary, Intermediate <lb/>
			Education, AP, Secretariat, Hyderabad <lb/>
			2. The Commissioner of Intermediate Education, Nampally, <lb/>
			A.P., Hyderabad. <lb/>
			3. The Board of Intermediate Education, Nampally, A.P., <lb/>
			Hyderabad, rep. by its Secretary <lb/>
			4. The District Vocational Educational Officer, Hyderabad <lb/>
			District, Hyderabad. <lb/>
			.....Respondents <lb/>
			WP. NO. 15098 OF 2013: <lb/>
			</front>

			<body>Petition under Article 226 of the Constitution of India, <lb/>
			praying that in the circumstances stated in the petition and the <lb/>
			affidavit filed herein, the High Court may be pleased to issue an <lb/>
			order, direction or writ more particularly one in the nature of Writ of <lb/>
			Mandamus or any other appropriate writ declaring the action of the <lb/>
			respondents in issuing the proceedings Rc. No. Admn.I-B-<lb/>
			1/16744/2011, dated: 30-4-2013 to the petitioner is illegal and <lb/>
			arbitrary and consequently set aside the said proceedings; <lb/>
			WPMP. NO. 18287 OF 2013: <lb/>
			Petition under Section 151 of CPC, praying that in the <lb/>
			circumstances stated in the petition and the affidavit filed in WP, the <lb/>
			High Court may be pleased to stay the operation of the proceedings <lb/>
			Rc. No. Admn.I-B-1/16744/2011, dated 30-4-2013 issued by the <lb/>
			respondents. <lb/>
			The petition coming on for hearing, upon perusing the <lb/>
			petition and the affidavit filed herein and upon hearing the arguments <lb/>
			of Sri G. Vidyasagar, Advocate for the Petitioner and of the Asst. <lb/>
			Government Pleader for Education, for the Respondent No.2, the <lb/>
			Court made the following. <lb/>
			ORDER: <lb/>
			&quot;Learned Assistant Government Pleader representing <lb/>
			respondent No.2 sought time to file counter-affidavit. <lb/>
			Learned Standing Counsel for respondent No.3 is also <lb/>
			present. <lb/>
			Post immediately after Summer Vacation, 2013. <lb/>
			In the meanwhile, there shall be interim stay restraining <lb/>
			operation of the impugned order.&quot; <lb/>
			Sd/-P.S.KAMESWARA RAO <lb/>
			ASSISTANT REGISTRAR <lb/>
			//TRUE COPY// <lb/>
			For ASSISTANT REGISTRAR <lb/>
			To <lb/>
			1. The Principal Secretary, Intermediate Education, Govt. of <lb/>
			A.P., AP, Secretariat, Hyderabad <lb/>
			2. The Commissioner of Intermediate Education, Nampally, <lb/>
			A.P., Hyderabad. <lb/>
			3. The Secretary, Board of Intermediate Education, Nampally, <lb/>
			A.P., Hyderabad <lb/>
			4. The District Vocational Educational Officer, Hyderabad <lb/>
			District, Hyderabad. (Addressees 1 to 4 BY RPAD) <lb/>
			5. Two CCs to G.P. for Education, High Court of A.P., <lb/>
			Hyderabad (OUT) <lb/>
			6. One CC to Sri G.Vidyasagar, Advocate (OPUC) <lb/>
			7. One Spare Copy <lb/>
			HIGH COURT <lb/>
			AB <lb/>
			DRAFTED ON 22-5-2013 <lb/>
			KGSJ <lb/>
			DATE: 22-5-2013 <lb/>
			NOTE: POST AFTER <lb/>
			SUMMER VACATION, 2013 <lb/>
			ORDER <lb/>
			WP. NO. 15098 OF 2013 <lb/>
			INTERIM STAY<lb/> </body>


	</text>
</tei>
