<?xml version="1.0" ?>
<tei xml:space="preserve">
	<teiHeader>
		<fileDesc xml:id="0"/>
	</teiHeader>
	<text xml:lang="en">
			<front>IN THE HIGH COURT OF JUDICATURE OF ANDHRA PRADESH <lb/>
			AT HYDERABAD <lb/>
			WEDNESDAY, THE TWELFTH DAY OF FEBRUARY <lb/>
			TWO THOUSAND AND FOURTEEN <lb/>
			:PRESENT: <lb/>
			THE HON&apos;BLE SRI JUSTICE NOOTY RAMAMOHANA RAO <lb/>
			WP .NO:4003 of 2014 <lb/>
			Between: <lb/>
			1 G.Tirupathi Naidu, S/o. G.Venkat Naidu, Aged about 43 years, Occ: <lb/>
			Business, Licensee of M.S Naidu Wines, Ward No.5, Saluru Municipality, <lb/>
			Saluru, Vizianagaram District. <lb/>
			..... Petitioner(s) <lb/>
			AND <lb/>
			1 The Government of Andhra Pradesh, (Prohibition and Excise <lb/>
			Department), Secretariat, Hyderabad. Rep. by its Secretary. <lb/>
			2 The Commissioner for Prohibition and Excise, Government of Andhra <lb/>
			Pradesh, at Hyderabad. <lb/>
			3 The Prohibition and Excise Superintendent, Parvathipuram, Srikakulam <lb/>
			District. <lb/>
			</front>

			<body>.....Respondent(s) <lb/>
			Petition under Article 226 of the Constitution of India praying <lb/>
			that in the circumstances stated in the affidavit filed herein,the High Court <lb/>
			may be pleased to issue a writ of mandamus or any other appropriate writ <lb/>
			or direction declaring the proceedings of the 3rd respondent issued in <lb/>
			Rc.No.109/ 2012/A, dated 07.02.2014, as illegal, arbitrary and in violation of <lb/>
			principles of natural justice and contrary to the order passed in WP No. <lb/>
			2012/2014 dated 28.01.2014 and pass. . <lb/>
			The petition coming on for hearing, upon perusing the <lb/>
			Petition and the affidavit filed in support thereof and the order of the High <lb/>
			Court order dated 12/02/2014 made herein and upon hearing the arguments <lb/>
			of SRI OMANOHER REDDY Advocate for the Petitioner(s) and the Court <lb/>
			made the following. <lb/>
			ORDER <lb/>
			ASSISTANT REGISTRAR <lb/>
			//TRUE COPY// <lb/>
			For ASSISTANT REGISTRAR <lb/>
			To <lb/>
			

			1 The Government of Andhra Pradesh, (Prohibition and Excise <lb/>
			Department), Secretariat, Hyderabad. Rep. by its Secretary. <lb/>
			2 The Commissioner for Prohibition and Excise, Government of Andhra <lb/>
			Pradesh, at Hyderabad. <lb/>
			3 The Prohibition and Excise Superintendent, Parvathipuram, Srikakulam <lb/>
			District.<lb/> </body>


	</text>
</tei>
