<?xml version="1.0" ?>
<tei xml:space="preserve">
	<teiHeader>
		<fileDesc xml:id="0"/>
	</teiHeader>
	<text xml:lang="en">
			<front>HIGH COURT OF JUDICATURE AT HYDERABAD <lb/>
			FOR THE STATE OF TELANGANA AND THE STATE OF ANDHRA PRADESH <lb/>
			WEDNESDAY, THE SIXTEENTH DAY OF MARCH <lb/>
			TWO THOUSAND AND SIXTEEN <lb/>
			:PRESENT: <lb/>
			THE HON&apos;BLE SRI JUSTICE M.S.RAMACHANDRA RAO <lb/>
			WP .NO:6929 of 2016 <lb/>
			Between: <lb/>
			1. Smt. Bondugula Sandya Rani, W/o. Bondugula Rambabu, Proprietor <lb/>
			of M/s. Vedasree Medical Corporation, Pharmaceutical Distributors, <lb/>
			D.No.3-5-98, Shutter No.1, Ground Floor, Sainadgar, Karimnagar-<lb/>
			505001. <lb/>
			2. M/s. VEDASREE MEDICAL CORPORATION, Pharmaceutical <lb/>
			Distributors, Rep. by its Managing Partner, Sint. Bondugula <lb/>
			Sandyarani, W/o. Bondugula Rambabu, D.No.3-5-98, Shutter No.1, <lb/>
			Ground Floor, Sainagar, Karimnagar-505001. <lb/>
			..... Petitioners <lb/>
			AND <lb/>
			</front>

			<body>1. Te State of Telangana, Rep. by its Special Chief Secretary, <lb/>
			Medical Health &amp; Family Welfare Department, Secretariat Buildings, <lb/>
			Hyderabat-500022. <lb/>
			2. The District Medical &amp; Health Officer, 0/o. The D.M. &amp; H.O., Borgaon, <lb/>
			Nizamabad-503 001. <lb/>
			3. The District Collector, O/o. The District Collector, Nizamabad-<lb/>
			503001. <lb/>
			.....Respondents <lb/>
			Petition under Article 226 of the Constitution of India praying <lb/>
			that in the circumstances stated in the affidavit filed herein, the High Court <lb/>
			may be pleased to issue a Writ, Order or direction, more particularly one in <lb/>
			the nature of &quot;Writ of Mandamus&quot; and declaring of Non-payment of <lb/>
			Rs.15,84,900/-towards purchased life saving drugs and medicines by the <lb/>
			2nd Respondent under the control of the other Respondents under <lb/>
			Reference No. Rc.No.111-2/Stores/DM&amp;HO/Nzb/2014 dated. 8-9-2014 of <lb/>
			the 2nd Respondent, purchased from the Petitioners covered under credit <lb/>
			bill No.2CR2098 dated.15-9-2014, for Rs.15,84,900/-of 2nd Petitioner M/s. <lb/>
			Vedasree Medical Corporation Pharmaceutical Distributors, H.No.3-5-<lb/>
			98,shutter No.1, Ground floor, Sainagar, Karimnagar-505001, supplied as <lb/>
			per the second work order of the 2nd Respondent [The District Medical &amp; <lb/>
			Health Officer, Nizamabad] under Reference No. Rc.No.111-<lb/>
			2/Stores/DM&amp;HO/Nzb/2014 dated. 8-9-2014 as being arbitrary, illegal, <lb/>
			discriminatory, violative of Article 14 of the Constitute of India and Directing <lb/>
			the Respondents to immediately pay the amount of Rs.15,84,040/-[Rupees <lb/>
			Fifteen Lakhs eighty four thousand forty only] of supplied life saving drugs <lb/>
			and medicines covered under credit bill. No.2CR2098 date.15-9-2014, for <lb/>
			Rs.15,84,900/-of M/s. Vedasree Medical Corporation Pharmaceutical <lb/>
			Distributors, Karimnagar, as per second work order of the 2nd Respondent <lb/>
			[The District Medical &amp; Health Officer] under Reference No. Rc.No.111-<lb/>
			2/Stores/DM&amp;HO/Nzb/2014 dated.8-9-2014 on basing approved file on 8-9-<lb/>
			2014 by the 3rd Respondent [District Collector] to the Writ petitioners <lb/>
			together with interest at 20% per annum from the date of credit bill dated 15-<lb/>
			9-2014 to till realization with all consequential benefits, further grant any <lb/>
			relief as the Petitioners are entitled, in the interest of natural justice and <lb/>
			equity <lb/>
			The petition coming on for hearing, upon perusing the Petition <lb/>
			and the affidavit filed in support thereof and upon hearing the arguments of <lb/>
			SRI.Y.S.YELLA NAND GUPTA Advocate for the Petitioners, and GP for <lb/>
			Medical &amp; Health (TG), for Respondent Nos.1&amp;2 and G.P.for Revenue (TG), <lb/>
			for respondent No.3, the Court made the following. <lb/>
			ORDER: <lb/>
			The learned Special Government Pleader appearing for <lb/>
			respondents states that the respondents would make payment of <lb/>
			admitted amount to the petitioners within three weeks from today. He <lb/>
			also states that an additional counter affidavit will be filed by the <lb/>
			respondents as to why the entire amount claimed by the petitioner <lb/>
			cannot be given by the next date of hearing. <lb/>
			The presence of 3 rd respondent-District Collector, Nizamabad <lb/>
			District, is dispensed with. <lb/>
			ASSISTANT REGISTRAR <lb/>
			//TRUE COPY// <lb/>
			For ASSISTANT REGISTRAR <lb/>
			To <lb/>
			1. The Special Chief Secretary, Medical Health &amp; Family Welfare <lb/>
			Department, Secretariat Buildings, Hyderabat-500022. <lb/>
			2. The District Medical &amp; Health Officer, 0/o. The D.M. &amp; H.O., Borgaon, <lb/>
			Nizamabad-503 001. <lb/>
			3. The District Collector, O/o. The District Collector, Nizamabad-503001. <lb/>
			(RR-1 to 3 by RPAD) <lb/>
			4. Two CCs to the GP for Medical &amp; Health (TG), High Court of <lb/>
			Judicature at Hyderabad (OUT) <lb/>
			5. Two CCs to the GP for Revenue (TG), High Court of Judicature at <lb/>
			Hyderabad (OUT) <lb/>
			6. One CC to SRI Y S YELLA NAND GUPTA,Advocate (OPUC) <lb/>
			7. One Spare copy <lb/>
			TRk <lb/>
			HIGH COURT <lb/>
			MSR.J <lb/>
			DATED:16.3.2016 <lb/>
			WP.NO.6929 OF 2016 <lb/>
			DIRECTION <lb/>
			TRk <lb/>
			Dated:17.3.2016 <lb/>
			HIGH COURT <lb/>
			MSR.J <lb/>
			DATED:16.3.2016 <lb/>
			WP.NO.6929 OF 2016 <lb/>
			DIRECTION<lb/> </body>


	</text>
</tei>
