<?xml version="1.0" ?>
<tei xml:space="preserve">
	<teiHeader>
		<fileDesc xml:id="0"/>
	</teiHeader>
	<text xml:lang="en">
			<front>HIGH COURT OF JUDICATURE AT HYDERABAD <lb/>
			FOR THE STATE OF TELANGANA AND THE STATE OF ANDHRA PRADESH <lb/>
			FRIDAY , THE FIFTH DAY OF SEPTEMBER <lb/>
			TWO THOUSAND AND FOURTEEN <lb/>
			:PRESENT: <lb/>
			THE HON&apos;BLE SRI KALYAN JYOTHI SENGUPTA, THE CHIEF <lb/>
			JUSTICE <lb/>
			AND <lb/>
			THE HON&apos;BLE SRI JUSTICE SANJAY KUMAR <lb/>
			</front>

			<body>WP .NO:22229 of 2014 <lb/>
			Between: <lb/>
			The Airport Authority of India, Begumpet, Hyderabad 500016 Represented <lb/>
			by its DGM (Law), Mr. S.K.Inde <lb/>
			..... Petitioner <lb/>
			AND <lb/>
			1 The Union of India Rep. by the Secretary Ministry of Defense, New <lb/>
			Delhi. <lb/>
			2 Secunderabad Cantonment Board Rep. by its Chief executive Officer, <lb/>
			Secunderabad, Cantonment Secunderabad. <lb/>
			.....Respondents <lb/>
			Petition under Article 226 of the Constitution of India praying <lb/>
			that in the circumstances stated in the affidavit filed herein, the High Court <lb/>
			may be pleased to pass an Order or Orders or Writ more particularly one in <lb/>
			the nature of Writ of Mandamus declaring Section 66, 68, 71 and Section 72 <lb/>
			of the Cantonment Act, 2006 in so far as they authorize the levy of property <lb/>
			tax on properties situated in cantonment areas as being unconstitutional, <lb/>
			illegal, and ultravires of the Constitution of India apart from being violative of <lb/>
			Article 246 and Entry 49 of List II of Schedule VII of the Constitution of India <lb/>
			and consequently set aside the impugned Notice No. ARV 53952312 dated <lb/>
			1612-2013 for Rs.1,32,72,269/-, issued by the 2nd Respondent towards <lb/>
			property tax and pass. <lb/>
			The petition coming on for hearing, upon perusing the <lb/>
			Petition and the affidavit filed herein and upon hearing the arguments of SRI <lb/>
			VIKRAM POOSERLA Advocate for the Petitioner, Sri B. Narayana Reddy, <lb/>
			Asst. Solicitor General for Respondent No.1 and of Sri Y.V. Ravi Prasad, <lb/>
			Standing Counsel for Respondent No.2, the Court made the following. <lb/>
			ORDER: <lb/>
			Post after two weeks for counter. <lb/>
			We make it clear that during the pendency of the writ <lb/>
			petition, if the writ petitioner decides to accept the services of the <lb/>
			Cantonment Board, he has to accept the same. It is further made <lb/>
			clear that during the pendency of the writ petition, it would be <lb/>
			open for the respondents to take steps in accordance with law in <lb/>
			the event, the dues of the Cantonment Board are not paid. <lb/>
			</body>

			<front>ASSISTANT REGISTRAR <lb/>
			//TRUE COPY// <lb/>
			For ASSISTANT REGISTRAR <lb/>
			To <lb/>
			1 The Secretary Ministry of Defense, Union of India New Delhi. <lb/>
			2 The Chief executive Officer, Secunderabad Cantonment Board , <lb/>
			Secunderabad, Cantonment Secunderabad.(1 &amp; 2 by RPAD) <lb/>
			3. One CC to SRI VIKRAM POOSERLA Advocate (OPUC) <lb/>
			4. One spare copy. <lb/>
			Tvr <lb/>
			HIGH COURT <lb/>
			HCJ &amp; SKJ <lb/>
			ORDER <lb/>
			DATED: 05-09-2014 <lb/>
			WP NO.22229 OF 2014 <lb/>
			DIRECTION <lb/>
			POST AFTER TWO WEEKS <lb/>
			DRAFTED: TVR <lb/>
			DATED: 10-09-2014 <lb/>
			HIGH COURT <lb/>
			HCJ &amp; SKJ <lb/>
			ORDER <lb/>
			</front>

			<body>DATED: 05-09-2014 <lb/>
			WP NO.22229 OF 2014 <lb/>
			DIRECTION <lb/>
			AFTER TWO WEEKS </body>


	</text>
</tei>
