<?xml version="1.0" ?>
<tei xml:space="preserve">
	<teiHeader>
		<fileDesc xml:id="0"/>
	</teiHeader>
	<text xml:lang="en">
			<page>1 <lb/>
			</page>

			<note place="headnote">16.12.13 <lb/>
			1/ skp. <lb/></note>
			
			<front>F.M.A. 2268 of 2000 <lb/>
			Mr. Rabindra Nath Mahato … for the <lb/>
			Appellant/Petitioner. <lb/>
			Mr. Parimal Kumar Pahari … for the <lb/>
			

			Respondents. <lb/></front>
			
			<body>Learned Advocate for the appellant submits that the exhibited <lb/>
			documents, which were taken from the records of the lower court, have been <lb/>
			returned to the department under Filing no. A-19605 dated 12.12.2013 . <lb/>
			Let the report be called for from the department to ascertain whether <lb/>
			the exhibited documents have already been returned. <lb/>
			Learned Advocate for the appellant has filed two copies of informal <lb/>
			paper books in the court, which are kept on record. <lb/>
			Let the matter appear in the list for hearing along with the <lb/>
			report one week after the ensuing Christmas Vacation. <lb/>
			(Tapan Kumar Dutt, J. ) <lb/>
			( R. K. Bag, J. ) </body>


	</text>
</tei>
