<?xml version="1.0" ?>
<tei xml:space="preserve">
	<teiHeader>
		<fileDesc xml:id="0"/>
	</teiHeader>
	<text xml:lang="en">
			<page>1 <lb/></page>
			
			<note place="headnote">(10) <lb/>
			24.12.2014 <lb/>
			(k.c. &amp; p.j.) <lb/></note>
			
			<front>FMA 4501 of 2014 <lb/>
			With <lb/>
			CAN 12399 of 2014 (stay) <lb/>
			Aditya Karmakar <lb/>
			-Versus-<lb/>
			Bank of India &amp; Ors. <lb/>
			Mr. Partha Ghosh <lb/>
			Mr. Kunal Ganguly <lb/>
			… for the appellant <lb/>
			Mr. R.N. Majumder <lb/>
			Mr. Sourav Chakraborty <lb/>
			Mr. Supratim Bhattacharjee <lb/>
			… for the respondents <lb/>
			</front>

			<body>The matter was heard in part by the other Division Bench. The heard in part was cancelled <lb/>
			in view of the change of determination. <lb/>
			Today, learned counsel prays for accommodation that Mr. Majumder opposes on the <lb/>
			ground, the management is suffering in view of the interim order of stay. <lb/>
			We expedite the hearing of the appeal. <lb/>
			Mr. Majumder, learned counsel, represents all the respondents. <lb/>
			Hence, service of notice of appeal is dispensed with. <lb/>
			The appellant is given liberty to prepare and file requisite number of informal composite <lb/>
			paper books-printed, typewritten or cyclostyled, incorporating all the papers and documents <lb/>
			</body>

			<page>2 <lb/></page>
			

			<body>used before the learned Single Judge, as the case may be, out of Court, within one week after <lb/>
			X&apos;mas Vacation. <lb/>
			As soon the paper books are filed, place the appeal for &apos;Hearing&apos;. In default, place it for <lb/>
			final orders. <lb/>
			The interim orders to continue till the disposal of the appeal. <lb/>
			The application being CAN 12399 of 2014 is thus disposed of. <lb/>
			Certified copy of this order, if applied for, be supplied to the parties as early as possible. <lb/>
			( Banerjee, J.) <lb/>
			(Ashis Kumar Chakraborty, J.)<lb/> </body>


	</text>
</tei>
