<?xml version="1.0" ?>
<tei xml:space="preserve">
	<teiHeader>
		<fileDesc xml:id="0"/>
	</teiHeader>
	<text xml:lang="en">
			<front>IN THE HIGH COURT OF GUJARAT AT AHMEDABAD <lb/>
			FIRST APPEAL No 732 of 1999 <lb/>
			to <lb/>
			FIRST APPEAL No 761 of 1999 <lb/>
			For Approval and Signature: <lb/>
			Hon&apos;ble MR.JUSTICE M.H.KADRI <lb/>
			and <lb/>
			Hon&apos;ble MR.JUSTICE C.K.BUCH <lb/>
			============================================================ <lb/>
			1. Whether Reporters of Local Papers may be allowed <lb/>
			: NO <lb/>
			to see the judgements? <lb/>
			2. To be referred to the Reporter or not? <lb/>
			: NO <lb/>
			3. Whether Their Lordships wish to see the fair copy <lb/>
			: NO <lb/>
			of the judgement? <lb/>
			4. Whether this case involves a substantial question <lb/>
			: NO <lb/>
			of law as to the interpretation of the Constitution <lb/>
			of India, 1950 of any Order made thereunder? <lb/>
			5. Whether it is to be circulated to the Civil Judge? <lb/>
			: NO <lb/>
			--------------------------------------------------------------<lb/>
			SPECIAL LAND ACQUISITON <lb/>
			OFFICER <lb/>
			Versus <lb/>
			MANUBHAI CHHOTABHAI PATEL <lb/>
			--------------------------------------------------------------<lb/>
			Appearance: <lb/>
			MR KG SHETH, AGP for Appellant No.1 <lb/>
			MISS SEJAL MANDAVIA, for Appellant No.2 <lb/>
			MR AJ PATEL, for Respondent No. 1 <lb/>
			--------------------------------------------------------------<lb/>
			CORAM : MR.JUSTICE M.H.KADRI <lb/>
			and <lb/>
			MR.JUSTICE C.K.BUCH <lb/>
			Date of decision: 06/04/2000 <lb/>
			</front>

			<body>COMMON JUDGEMENT ( PER : M.H.KADRI, J) <lb/>
			Appellants, by filing these First Appeals under <lb/>
			Sec.54 of the Land Acquisition Act, 1894 (tobe referred <lb/>
			to as the &quot;Act&quot; for short), read with sec.96 of the Code <lb/>
			of Civil Procedure, 1908, have questioned the validity <lb/>
			and legality of the common judgment and award dated 16th <lb/>
			May, 1998 of the learned 2nd Assistant Judge, Kheda at <lb/>
			Nadiad in a group of Land Reference Case Nos. 1159/96 to <lb/>
			1178/96, 1035/96 to 1044/96. As these appeals arise from <lb/>
			a common judgment and award of the Reference Court and as <lb/>
			common questions of facts and law are involved in these <lb/>
			First Appeals, we propose to dispose of them by this <lb/>
			common judgment. <lb/>
			Executive Engineer, Narmada Canal, Division 3/3, <lb/>
			Kapadwanj, by his letter dated 7th November, 1990 made a <lb/>
			proposal for acquisition of agricultural lands of village <lb/>
			Antroli, Ta: <lb/>
			Kapadwanj, for the public purpose of <lb/>
			Narmada Canal. Said proposal was scrutinised by the <lb/>
			State Government and notification under Sec.4(1) of the <lb/>
			Act was published in the Government Gazette on 27th <lb/>
			June,1991. <lb/>
			In response to the notice issued to the <lb/>
			respondents, they appeared before the Land Acq. <lb/>
			Officer <lb/>
			and claimed compensation of the acquired lands at the <lb/>
			rate of Rs. 10,000/ per Are. Land Acq. Officer, on the <lb/>
			basis of the material placed before him, made his award <lb/>
			on 21st October, 1992 and offered compensation for the <lb/>
			acquired lands of village Antroli at the rate of Rs. <lb/>
			2.20 ps. <lb/>
			per sq.mt. for non-irrigated lands and at the <lb/>
			rate of Rs. <lb/>
			3.30 per sq.mt. <lb/>
			for irrigated lands. <lb/>
			Claimants were of the opinion that the compensation <lb/>
			offered by the Land Acq. <lb/>
			Officer was inadequate and, <lb/>
			therefore, they filed written applications under Sec.18 <lb/>
			of the Act requiring the Land Acq. <lb/>
			Officer to refer <lb/>
			their applications to the District Court, Kheda for <lb/>
			determination of the market value of the acquired lands. <lb/>
			Accordingly, said applications were referred by the Land <lb/>
			Acq. Officer to the District Court,Kheda at Nadiad which <lb/>
			came to be numbered as Land Reference Cases as referred <lb/>
			to above. <lb/>
			All the reference cases were consolidated. <lb/>
			Parties led common evidence in Land Reference Case <lb/>
			No.1169/96. <lb/>
			In the applications, respondents claimed that <lb/>
			market <lb/>
			value <lb/>
			offered by the Land Acq.Officer was <lb/>
			inadequate looking to the prevailing market price of the <lb/>
			lands of surrounding area. It was further claimed that <lb/>
			looking to the great potentiality and fertility of the <lb/>
			acquired lands, amount of compensation offered by Land <lb/>
			Acq.Officer was inadequate which required to be enhanced. <lb/>
			In the applications, respondents claimed compensation of <lb/>
			the acquired lands at the rate of Rs.10,000/ per Are. <lb/>
			It is averred that their agricultural lands were highly <lb/>
			fertile and they used to raise three crops in year and <lb/>
			were earning net profit of Rs.25,000/ per vigha per year <lb/>
			from the <lb/>
			acquired <lb/>
			lands. <lb/>
			It <lb/>
			was claimed that <lb/>
			agricultural lands of the same village were acquired in <lb/>
			the month of June,1990 and August,1990 for the same <lb/>
			purpose wherein market price was determined at the rate <lb/>
			of Rs.2000/ per Are. <lb/>
			Therefore, the claimants claimed <lb/>
			that compensation offered by the Land Acq.Officer was <lb/>
			inadequate <lb/>
			and <lb/>
			they <lb/>
			should <lb/>
			at least be awarded <lb/>
			compensation at the rate of Rs.2000/ per Are viz Rs.20.00 <lb/>
			per sq.mt. <lb/>
			The appellants filed their reply at exh.5, inter <lb/>
			alia, contending that the compensation offered by the <lb/>
			Land Acq.Officer was adequate and the Land Acq.Officer <lb/>
			had taken into consideration all the relevant aspects for <lb/>
			fixing market price of the acquired lands. It is further <lb/>
			averred <lb/>
			that <lb/>
			Land <lb/>
			Acq.Officer <lb/>
			had <lb/>
			taken <lb/>
			into <lb/>
			consideration fertility of the lands, income and crop <lb/>
			pattern of the acquired lands and had awarded just <lb/>
			compensation and, therefore, applications be dismissed. <lb/>
			On the basis of rival assertions made by the <lb/>
			parties, Reference Court raised common issues at exh.6. <lb/>
			Claimants, <lb/>
			to <lb/>
			substantiate <lb/>
			their claim of <lb/>
			enhanced compensation of the acquired lands, examined <lb/>
			Javansinh Jibhabhai Parmar at exh.33 who was claimant of <lb/>
			Land Ref.Case No. 1177/96. The witness deposed that his <lb/>
			other agricultural lands bearing survey no.151/5 were <lb/>
			acquired in the month of June 90 for the public purpose <lb/>
			of Narmada Canal Project, wherein compensation of the <lb/>
			lands of the same village was determined by the Reference <lb/>
			Court as on June,1990 at the rate of Rs.2000/ per Are. <lb/>
			He claimed that the claimants of present acquired lands <lb/>
			should also be awarded compensation at the rate of <lb/>
			Rs.2000/ per Are viz. Rs.20.00 per sq.mt. <lb/>
			He deposed <lb/>
			that <lb/>
			earlier <lb/>
			acquired lands of same village were <lb/>
			comparable with the present acquired lands and crop <lb/>
			pattern of the present acquired lands is similar to that <lb/>
			of earlier acquired lands. During his deposition, the <lb/>
			witness had produced, certified copy of the judgment and <lb/>
			award rendered in Land Ref. Case Nos. <lb/>
			356/94, 1077/92 <lb/>
			to 1085/92 <lb/>
			etc. <lb/>
			at exh.32. The witness was not <lb/>
			cross-examined by the learned counsel for the appellants <lb/>
			in the Reference Court. The claimants had also produced <lb/>
			certified copies of 7/12 extracts of the acquired lands <lb/>
			at exh.16 to 31. It may be mentioned that previous award <lb/>
			produced by the claimants&apos; witness Juvansinh was admitted <lb/>
			in evidence with the consent of the learned counsel for <lb/>
			the appellants. <lb/>
			The appellants did not lead oral as well as <lb/>
			documentary <lb/>
			evidence <lb/>
			before <lb/>
			the <lb/>
			Reference Court. <lb/>
			Reference Court, appreciating totality of the evidence <lb/>
			adduced, mainly relied on the previous award exh.32 with <lb/>
			respect to the acquired lands of the same village for <lb/>
			determination of the market value of the acquired lands. <lb/>
			Reference Court observed that previous award exh.32 was <lb/>
			in <lb/>
			all <lb/>
			respect, <lb/>
			relevant and comparable for the <lb/>
			determination of the market value and further observed <lb/>
			that present acquired lands and the acquired lands of <lb/>
			previous award exh.32 are of the same village, were <lb/>
			having same fertility and agriculturists of both the <lb/>
			agricultural lands were raising same crops with same crop <lb/>
			pattern. As stated earlier, lands which were the subject <lb/>
			matter of the previous award exh.32, were acquired in <lb/>
			between June 1990 to August 1990 for which Reference <lb/>
			Court had determined the market value at the rate of <lb/>
			Rs.2000/ per Are. Reference Court, therefore, relying on <lb/>
			the previous award exh.32, had determined the market <lb/>
			value of the present acquired lands of village Antroli as <lb/>
			on 27th June,1991 at the rate of Rs.2000/ per Are which <lb/>
			is challenged in these appeals by the appellants. <lb/>
			We have perused the record and proceedings of the <lb/>
			Reference Court at the time of hearing of these appeals. <lb/>
			Learned AGP Mr. Sheth for the appellants has submitted <lb/>
			that previous award exh.32 which was in respect of the <lb/>
			agricultural lands of village Antroli, was not at all <lb/>
			relevant and comparable in determining the market value <lb/>
			of the present acquired lands. Learned counsel for the <lb/>
			Government has vehemently submitted that the compensation <lb/>
			determined by the Reference Court is excessive. He has <lb/>
			further submitted that the claimants had not produced any <lb/>
			relevant piece of evidence for determination of market <lb/>
			value of present acquired lands of village Antroli. <lb/>
			Learned AGP, next, contended that claimants had not led <lb/>
			sufficient <lb/>
			evidence <lb/>
			with regard to enhancement of <lb/>
			compensation claimed in the <lb/>
			Reference <lb/>
			Court <lb/>
			and, <lb/>
			therefore, appeals be entertained and allowed. Learned <lb/>
			counsel for the Respondents has supported the judgment <lb/>
			and award of the Reference Court and has submitted that <lb/>
			just and adequate compensation is awarded <lb/>
			by <lb/>
			the <lb/>
			Reference Court and, therefore, appeals be dismissed. <lb/>
			It is well settled that previous award of the <lb/>
			Reference Court in respect of similar lands of the same <lb/>
			village or nearby village and which has become final <lb/>
			between the parties can be relied upon for the purpose of <lb/>
			ascertaining <lb/>
			market <lb/>
			value <lb/>
			of <lb/>
			the lands acquired <lb/>
			subsequently from adjoining village. <lb/>
			Previous award <lb/>
			provides good guidelines for determination of the market <lb/>
			value of the acquired <lb/>
			lands <lb/>
			which <lb/>
			are <lb/>
			acquired <lb/>
			subsequently <lb/>
			by a latter notification issued under <lb/>
			sec.4(1) of the Act. In absence of any other evidence <lb/>
			such as sale transaction, evidence with regard to yield <lb/>
			of agricultural lands, the evidence produced in the <lb/>
			nature of previous award is also one of the method for <lb/>
			determination of the market value of the acquired lands. <lb/>
			In <lb/>
			the <lb/>
			present case, claimants&apos; witness Juvansinh <lb/>
			Jibhabhai had demonstrated before the Reference Court <lb/>
			that the agricultural lands referred to in the previous <lb/>
			award and the present acquired lands are of the same <lb/>
			village Antroli and were in all respect having same <lb/>
			fertility and agriculturists of both the acquired lands <lb/>
			were used to produce similar crops. It is borne out from <lb/>
			the <lb/>
			evidence <lb/>
			produced <lb/>
			in <lb/>
			the present case that <lb/>
			agricultural lands of previous award as well as present <lb/>
			acquired lands, are of same village Antroli and were of <lb/>
			similar kind and agriculturists used to raise crops of <lb/>
			the same pattern. Therefore, we are of the opinion that <lb/>
			the Reference Court has not committed any error in <lb/>
			placing reliance on the previous award exh.32 which was <lb/>
			with regard to the acquired lands of the same village <lb/>
			Antroli for determination of the market value of the <lb/>
			present acquired lands. It is required to be stated that <lb/>
			the previous award at exh.32 was challenged in this Court <lb/>
			by filing First Appeal Nos. 4682/98 to 4807/98 and the <lb/>
			Division Bench of this Court ( Coram : M.R. Calla &amp; <lb/>
			R.P.Dholakia, JJ ), by the judgment and order dated 30th <lb/>
			April, 1999, confirmed the determination of the market <lb/>
			value of the acquired lands as on June 1990 &amp; August 1990 <lb/>
			at the rate of Rs.2000/ per Are viz. Rs.20.00 per sq.mt. <lb/>
			Therefore, the award exh.32 on which reliance was placed <lb/>
			by the Reference Court for determination of the market <lb/>
			value of the present acquired landss, had become final. <lb/>
			Claimants&apos; witness Juvanisnh at exh.33 had proved that <lb/>
			the lands of previous award exh.32 and the present <lb/>
			acquired <lb/>
			lands, <lb/>
			in all respect, were having same <lb/>
			fertility and agriculturists of both the lands used to <lb/>
			raise same crops and said lands were irrigated lands. <lb/>
			Taking over all view of the matter, we are of the opinion <lb/>
			that the Reference Court had not committed any error in <lb/>
			placing reliance on the previous award exh.32 which had <lb/>
			become final and which was comparable for determination <lb/>
			of the market value of the present acquired lands. It is <lb/>
			not brought to the notice of this Court that judgment of <lb/>
			this court rendered in First Appeal Nos. 4682/98 to <lb/>
			4807/98 is challenged in the higher forum. Therefore, <lb/>
			determination of the market value of the acquired lands <lb/>
			of village Antroli at the rate of Rs. 2000/ per Are had <lb/>
			become final. We, therefore, do not find any merits in <lb/>
			the submissions of learned counsel for the appellants <lb/>
			that determination of market value of the <lb/>
			present <lb/>
			acquired lands is highly excessive. <lb/>
			As a result of foregoing discussion, we do not <lb/>
			find any merits in this appeals and they deserve to be <lb/>
			rejected. <lb/>
			Hence, market value of the acquired lands <lb/>
			determined at the rate of Rs.2000/ per Are viz. Rs.20.00 <lb/>
			per sq.mt. as on 27th June, 1991, is hereby confirmed. <lb/>
			Benefits extended in favour of the respondents under the <lb/>
			statutory provisions of the Act are also eminently just <lb/>
			and proper and do not call for any interference by this <lb/>
			Court. However, it is made clear that respondents shall <lb/>
			not be entitled to interest on the amount of solatium and <lb/>
			on additional amount under sec. 23(1-A) of the Act as <lb/>
			per the settled legal position. Appeals are dismissed. <lb/>
			There shall be no order as to costs. <lb/>
			06.04.2000 <lb/>
			[ M.H. KADRI, J] <lb/>
			[ C.K. BUCH, J ] <lb/>
			*rawal<lb/> </body>


	</text>
</tei>
