<?xml version="1.0" ?>
<tei xml:space="preserve">
	<teiHeader>
		<fileDesc xml:id="0"/>
	</teiHeader>
	<text xml:lang="en">
			<front>IN THE HIGH COURT OF GUJARAT AT AHMEDABAD <lb/>
			  FIRST APPEAL No 699 of 1979 <lb/>
			  For Approval and Signature: <lb/>
			  Hon&apos;ble MR.JUSTICE D.C.SRIVASTAVA sd/-<lb/>
			  ============================================================ <lb/>
			  1. Whether Reporters of Local Papers may be allowed 
			  :<lb/> NO <lb/>
			  to see the judgements? <lb/>
			  No <lb/>
			  2. To be referred to the Reporter or not? <lb/>
			  No : <lb/>
			  3. Whether Their Lordships wish to see the fair copy <lb/>
			  : NO <lb/>
			  of the judgement? <lb/>
			  No <lb/>
			  4. Whether this case involves a substantial question <lb/>
			  : NO <lb/>
			  of law as to the interpretation of the Constitution <lb/>
			  of India, 1950 of any Order made thereunder? <lb/>
			  No <lb/>
			  5. Whether it is to be circulated to the Civil Judge? No : <lb/>
			  --------------------------------------------------------------<lb/>
			  BAI CHAMPA WD/O AMBALAL <lb/>
			  Versus <lb/>
			  PRAMODCHANDRA R MODY <lb/>
			  --------------------------------------------------------------<lb/>
			  Appearance: <lb/>
			  MR RN SHAH for Petitioners <lb/>
			  MR MJ THAKORE for Respondent No. 1, 2, 3, 4 <lb/>
			  --------------------------------------------------------------<lb/>
			  CORAM : MR.JUSTICE D.C.SRIVASTAVA <lb/>
			  Date of decision: 06/04/2000 <lb/>
			  ORAL JUDGEMENT <lb/>
			  1. This is plaintiffs&apos; Appeal against the Judgment <lb/>
			  and 
			  Decree 
			  dated 
			  20.3.1979 of City Civil Judge, <lb/>
			  Ahmedabad, dismissing the Suit of the plintiffs 
			  -<lb/>
			  Appellants. <lb/>
			  2. Brief facts are that a Suit for <lb/>
			  </front>

			<body>permanent <lb/>
			  injunction was filed by the plaintiffs against the <lb/>
			  defendants -respondents alleging that the disputed land <lb/>
			  was their exclusive property and the defendants raised <lb/>
			  unauthorised construction which are <lb/>
			  liable 
			  to 
			  be <lb/>
			  demolished. 
			  Further, they are to be restrained from <lb/>
			  raising further construction over the land belonging to <lb/>
			  the plaintiffs. <lb/>
			  3. The Suit was resisted on following grounds taking <lb/>
			  the plea of estoppel and acquiences and also pleading <lb/>
			  that the plaintiffs are not the sole owners of the <lb/>
			  disputed land rather the defendants are the owners of the <lb/>
			  disputed land. They also pleaded that the Suit for <lb/>
			  injunction only is not maintainable. They also denied <lb/>
			  that they have raised unauthorised construction <lb/>
			  by <lb/>
			  putting up the latrine and chokadi upon the suit land. <lb/>
			  They are also in possession of the suit land since more <lb/>
			  than twelve years and that they have become owners of the <lb/>
			  suit land by adverse possession and in the alternative, <lb/>
			  according to them, the <lb/>
			  latrine 
			  and 
			  chokdi 
			  were <lb/>
			  constructed in the year 1964 openly within the knowledge <lb/>
			  of the plaintiff and since the plaintiffs never objected <lb/>
			  to the construction of chokdi and latrine they are <lb/>
			  estopped from claiming demolition or injunction with <lb/>
			  respect to the land in Suit. <lb/>
			  4. The trial Court held that the parties are joint <lb/>
			  owners of the property in Suit. <lb/>
			  It repelled 
			  the <lb/>
			  contention of the plaintiff that they are sole owners of <lb/>
			  the property. 
			  It also 
			  refused 
			  to 
			  consider 
			  the <lb/>
			  defendants&apos; plea that they are owners of the property. <lb/>
			  Finding that the land in dispute was joint property of <lb/>
			  the parties the trial Court observed that the parties <lb/>
			  have right to use joint property and the defendants have <lb/>
			  right to put up drainage pipe so long the discharge of <lb/>
			  drain water does not obstruct plaintiffs&apos; enjoyment of <lb/>
			  the Suit 
			  land. 
			  With these findings the Suit was <lb/>
			  dismissed. <lb/>
			  5. Shri R.N.Shah, learned Counsel for the appellants <lb/>
			  has been heard and the Judgment under Appeal has been <lb/>
			  examined. <lb/>
			  6. Shri R.N.Shah <lb/>
			  points 
			  out 
			  that 
			  in 
			  Civil <lb/>
			  Application No.1404 of 1979 this Court passed an order <lb/>
			  directing the parties to maintain status-quo and that <lb/>
			  order still continues. 
			  He however informs that after <lb/>
			  dismissal of the Suit on legal advise another Suit was <lb/>
			  filed by the plaintiffs vide Civil Suit No.411 of 1980 <lb/>
			  claiming relief that they being joint owners of the <lb/>
			  property in dispute they have right to construct latrine <lb/>
			  and chokdi thereon. The said Suit was decreed by the <lb/>
			  City Civil Court No.7 on 11.10.1984. <lb/>
			  The operative <lb/>
			  portion of the order in Civil Suit No.411 of 1980 runs as <lb/>
			  under : <lb/>
			  &quot;The Suit is decreed. It is hereby declared that <lb/>
			  the plaintiffs are entitled to claim permanent <lb/>
			  injunction restraining 
			  the 
			  defendants 
			  from <lb/>
			  obstructing 
			  the 
			  plaintiffs 
			  in 
			  causing to <lb/>
			  construct one water closet on the suit land in <lb/>
			  such manner as would not obstruct enjoyment <lb/>
			  thereof by the other co-owners <lb/>
			  or <lb/>
			  persons <lb/>
			  claiming through such other co-owners subject to <lb/>
			  any further order that may be passed in Civil <lb/>
			  Application No.1404 of 1979 or decision in First <lb/>
			  Appeal No.699 of 1979 (emphasis supplied. The <lb/>
			  order of injunction may be issued only after <lb/>
			  disposal of First Appeal No.699 of 1979 by the <lb/>
			  Hon&apos;ble High Court of Gujarat.&quot; <lb/>
			  After this Decree the appellants moved another Civil <lb/>
			  Application No.2398 of 1984 intimating about the decision <lb/>
			  of the subsequent Suit and praying for modification of <lb/>
			  the order passed in Civil Application No.1404 of 1979 on <lb/>
			  8.5.1979. That Application is also pending. <lb/>
			  7. Shri R.N. Shah has argued that in view of the <lb/>
			  Judgment and Decree in Civil Suit No.411 of 1980 for all <lb/>
			  purposes this Appeal has become infructuous. He further <lb/>
			  argues that the Appeal may be dismissed as infructuous <lb/>
			  and the Civil Application No.1404 of 1979 and Civil <lb/>
			  Application No.2390 of 1984 may be decided vacating the <lb/>
			  order granting status-quo in favour of the parties so <lb/>
			  that the judgment and Decree dated 11.10.1984 in Civil <lb/>
			  Suit No.411 of 1980 may operate. <lb/>
			  8. In view of above discussion and contentions of <lb/>
			  Shri R.N.Shah, First Appeal No.699 of 1979 is dismissed <lb/>
			  having become infructuous with no order as to costs. <lb/>
			  Civil Application No.2390 of 1984 is allowed and the <lb/>
			  interim 
			  order 
			  directing 
			  the 
			  parties to maintain <lb/>
			  status-quo in Civil Application No.1404 of 1979 is hereby <lb/>
			  discharged. <lb/>
			  sd/-<lb/>
			  Date : 06.04.2000 (D. C. Srivastava, J.) <lb/>
			  *sas*<lb/> </body>


	</text>
</tei>
