<?xml version="1.0" ?>
<tei xml:space="preserve">
	<teiHeader>
		<fileDesc xml:id="0"/>
	</teiHeader>
	<text xml:lang="en">
			<front>IN THE HIGH COURT OF GUJARAT AT AHMEDABAD <lb/>
			
			FIRST APPEAL No 93 of 1997 <lb/>
			
			For Approval and Signature: <lb/>
			
			Hon&apos;ble MR.JUSTICE D.C.SRIVASTAVA sd/-<lb/>
			
			and <lb/>
			
			Hon&apos;ble MR.JUSTICE H.K.RATHOD <lb/>
			
			sd/-<lb/>
			
			============================================================ <lb/>
			
			1. Whether Reporters of Local Papers may be allowed <lb/>
			
			: NO <lb/>
			
			to see the judgements? <lb/>
			
			2. To be referred to the Reporter or not? <lb/>
			
			Yes <lb/>
			
			: <lb/>
			
			3. Whether Their Lordships wish to see the fair copy <lb/>
			
			: NO <lb/>
			
			of the judgement? <lb/>
			
			4. Whether this case involves a substantial question <lb/>
			
			: NO <lb/>
			
			of law as to the interpretation of the Constitution <lb/>
			
			of India, 1950 of any Order made thereunder? <lb/>
			
			No <lb/>
			
			5. Whether it is to be circulated to the Civil Judge?No <lb/>
			
			: <lb/>
			
			--------------------------------------------------------------<lb/>
			
			RAJKOT MUNICIPAL CORP. <lb/>
			
			Versus <lb/>
			
			LAVJIBHAI M PATEL THRO&apos;HIS <lb/>
			
			P.O.A.HOLDER RAJESH J DOSHI <lb/>
			
			--------------------------------------------------------------<lb/>
			
			Appearance: <lb/>
			
			1. First Appeal No. 93 of 1997 <lb/>
			
			MR AK CLERK for Petitioner <lb/>
			
			MR HARIN P RAVAL for Respondent No. 1 <lb/>
			
			SERVED BY RPAD -(N) for Respondent No. 2 <lb/>
			
			NOTICE SERVED for Respondent No. 3 <lb/>
			
			MR RC JANI for Respondent No. 4 <lb/>
			
			GOVERNMENT PLEADER for Respondent No. 5 <lb/>
			
			2. First AppealNo 5036 <lb/>
			
			of 1996 <lb/>
			
			MR AK CLERK for Petitioner <lb/>
			
			MR HARIN P RAVAL for Respondent No. 1 <lb/>
			
			SERVED BY RPAD -(N) for Respondent No. 2 <lb/>
			
			NOTICE SERVED for Respondent No. 3 <lb/>
			
			MR RC JANI for Respondent No. 4 <lb/>
			
			GOVERNMENT PLEADER for Respondent No. 5 <lb/>
			
			--------------------------------------------------------------<lb/>
			
			CORAM : MR.JUSTICE D.C.SRIVASTAVA <lb/>
			
			and <lb/>
			
			MR.JUSTICE H.K.RATHOD <lb/>
			
			Date of decision: 06/04/2000 <lb/>
			
			C.A.V. JUDGEMENT <lb/>
			
			1. Rajkot Municipal Corporation -defendant No.1 has <lb/>
			
			filed this Appeal against the Judgment and Decree dated <lb/>
			
			14.10.1996 of 2nd Joint Civil Judge (SD), Rajkot. <lb/>
			
			2. Brief facts giving rise to this Appeal are as <lb/>
			
			under : <lb/>
			
			Plaintiff 
			-
			Lavjibhai 
			Mandanbhai 
			Patel, <lb/>
			
			respondent No.2, filed Special Civil Suit No.35 of 1992 <lb/>
			
			in the Court below for declaration, permanent injunction <lb/>
			
			and mandatory injunction against the defendants. He also <lb/>
			
			</front>

			<body>claimed 
			mesne 
			profits 
			and 
			compensation from the <lb/>
			
			defendants. The plaintiff claimed to be owner of the <lb/>
			
			agricultural land of Survey No.479 measuring 4 Acres -7 <lb/>
			
			Gunthas in Rajkot City, Race Course Road. <lb/>
			
			It was <lb/>
			
			acquired by the father of the plaintiff Mandan Jaga and <lb/>
			
			is in the ownership of the plaintiff and his father since <lb/>
			
			more than 100 years. Madan Jaga obtained this land from <lb/>
			
			erstwhile Ruler of Rajkot city through a grant contained <lb/>
			
			in Lekh No.78 dated 16.4.1946. Entries were made in the <lb/>
			
			Revenue Records as well as village form No. VI, VII and <lb/>
			
			VIII. After the death of Mandan Jaga there was partition <lb/>
			
			between the plaintiff and his brothers which was noted in <lb/>
			
			village Form No.6, 7, 7/12. Again partition took place <lb/>
			
			amongst brothers of the present plaintiff and this land <lb/>
			
			was received by the present plaintiff in partition. <lb/>
			
			Entries in the revenue records were accordingly made vide <lb/>
			
			entry No.3057 which was affirmed by the Deputy Collector. <lb/>
			
			In this way the plaintiff claimed to be the owner of the <lb/>
			
			land of Survey No.479 Area 4 Acres -7 Gunthas, which <lb/>
			
			approximately comes to 16900 sq.mtrs. <lb/>
			
			It was alleged <lb/>
			
			that the defendant No.1 made fencing around the open land <lb/>
			
			and had wrongfully sold 4355 sq.mtrs. from the remaining <lb/>
			
			land to the defendants No.3 &amp; 4. <lb/>
			
			This land measuring <lb/>
			
			4355 sq.mtrs. <lb/>
			
			was alleged to have been encroached upon <lb/>
			
			by the defendant No.1 and it is shown in light blue <lb/>
			
			colour in the map annexed with the plaint. This land, <lb/>
			
			according to the plaintiff, is situate in Rajkot city. <lb/>
			
			Upon enforcement of the Urban Land (Ceiling &amp; Regulation) <lb/>
			
			Act, 1976, the plaintiff filled in form No.1 under <lb/>
			
			Section 6 of the ULC Act before the competent Authority <lb/>
			
			wherein also plot No.479 was shown to be belonging to the <lb/>
			
			plaintiff. The Government has recently remanded the case <lb/>
			
			in respect of that land so that the scheme under Section <lb/>
			
			21 of the Act can be applied for the said land. <lb/>
			
			According to the plaintiff, Survey No.478, Area 1 Acre 9 <lb/>
			
			gunthas belongs to one Rameshchandra Jasani whereas <lb/>
			
			Survey No.479, area 4 Acres -7 Gunthas belongs to the <lb/>
			
			plaintiff and Survey No.626 belongs to Rajkot Municipal <lb/>
			
			Corporation having an area of 10998 sq.mtrs. According <lb/>
			
			to the plaintiff the defendant No.1 is entitled to hold, <lb/>
			
			enjoy and manage Survey No.626 only. The defendant No.1 <lb/>
			
			had sold to the defendant No.3 the land admeasuring <lb/>
			
			7654.50 sq.mtrs. <lb/>
			
			which is shown in black colour in the <lb/>
			
			map annexed with the plaint. <lb/>
			
			The defendant No.4 also <lb/>
			
			purchased land measuring 4925.84 sq.mtrs. <lb/>
			
			from the <lb/>
			
			defendant No.1 which is shown by brown colour in the map <lb/>
			
			annexed with the plaint. According to the plaintiff the <lb/>
			
			defendant No.1 is entitled to manage only 10998 sq.mtrs. <lb/>
			
			of land whereas this defendant has used 15353.47 sq.mtrs. <lb/>
			
			land. <lb/>
			
			In this way the defendant No.1uses 4355 sq.mtrs. <lb/>
			
			more land than coming to its part. The plaintiff alleged <lb/>
			
			that the defendant No.1 had sold the land to the <lb/>
			
			defendant No.3 which inter-alia includes 627 sq.mtrs. <lb/>
			
			land belonging to the plaintiff shown with black cross <lb/>
			
			lines between brown and red line in the map. It was also <lb/>
			
			alleged that the defendant No.1 made wire fencing in an <lb/>
			
			unauthorised manner on the remaining land of Survey <lb/>
			
			No.479. <lb/>
			
			It was further alleged that the defendant No.3 <lb/>
			
			started raising constructions on the land purchased from <lb/>
			
			the defendant No.1. <lb/>
			
			Upon inquiry the plaintiff found <lb/>
			
			that by mistake the plaintiff&apos;s land of Survey No.479 was <lb/>
			
			also sold by the defendant No.1 to the defendant No.3. <lb/>
			
			It was pleaded that the defendant No.3 had no right to <lb/>
			
			raise constructions over the land belonging to the <lb/>
			
			plaintiff. <lb/>
			
			Likewise the plaintiff alleged that the <lb/>
			
			defendant No.4 who is also purchaser from the defendant <lb/>
			
			No.1 intended to make constructions over the plaintiff&apos;s <lb/>
			
			land. On 21.10.1991 the plaintiff came to know that the <lb/>
			
			defendant No.1 erected fencing over his land. <lb/>
			
			The <lb/>
			
			plaintiff requested through letter to the defendatn No.1 <lb/>
			
			to remove the fencing and cancel the Sale Deed of the <lb/>
			
			portion of the land belonging to the plaintiff and sold <lb/>
			
			to the defendants No.3 &amp; 4, but no reply was given. <lb/>
			
			Reminders and personal representations were also made by <lb/>
			
			the plaintiff to the defendant No.1, but with no effect. <lb/>
			
			Accordingly the plaintiff prayed for injunction and asked <lb/>
			
			for restoration of possession of his land and further <lb/>
			
			prayed for cancellation of the Sale Deed in favour of <lb/>
			
			defendants No.3 &amp; 4. Compensation was also claimed by <lb/>
			
			the plaintiff from the Municipal Corporation -appellant. <lb/>
			
			3. The Suit was resisted by the appellant. <lb/>
			
			No <lb/>
			
			written statement was filed by the defendants No.2 &amp; 4. <lb/>
			
			The defendant No.5 was subsequently impleaded. <lb/>
			
			The <lb/>
			
			defendant No.3 however filed written statement <lb/>
			
			and <lb/>
			
			contested the Suit. <lb/>
			
			4. The <lb/>
			
			defendant <lb/>
			
			No.1 pleaded in its written <lb/>
			
			statement that the Suit is not maintainable and that it <lb/>
			
			is further not maintainable for want of notice under Sec. <lb/>
			
			478 of the B.P.M.C. <lb/>
			
			Act. It was also pleaded that the <lb/>
			
			Suit is time barred and the Suit filed by the Power of <lb/>
			
			Attorney holder is not maintainable because the said <lb/>
			
			power of Attorney is not genuine. Title of the plaintiff <lb/>
			
			in the disputed land was denied. It was pleaded that the <lb/>
			
			wire fencing was raised over the land belonging to the <lb/>
			
			appellant -defendant No.1. It was alleged that the land <lb/>
			
			of Survey No.479 was declared as excess land by the <lb/>
			
			competent Authority under the ULC Act. <lb/>
			
			There were 88 <lb/>
			
			huts on the land of Survey No.479 and the ccupants of the <lb/>
			
			huts were in adverse possession of the land against the <lb/>
			
			plaintiff since long. <lb/>
			
			It was also pleaded that the <lb/>
			
			appellant was entitled to get 20 % of the surplus land <lb/>
			
			declared excess by the competent Authority under the ULC <lb/>
			
			Act. <lb/>
			
			88 hut owners were removed by the defendant No.1 <lb/>
			
			and were allotted alternative site. It was also pleaded <lb/>
			
			that 88 hut owners became owners of the land by adverse <lb/>
			
			possession against the plaintiff and the defendant No.1 <lb/>
			
			also became owner of the disputed land by adverse <lb/>
			
			possession. According to the appellant, against the <lb/>
			
			order of the competent Authority declaring surplus land, <lb/>
			
			appeal was preferred by the plaintiff before the Urban <lb/>
			
			Land Ceiliing Tribunal which was dismissed. Thereafter <lb/>
			
			Special Civil Application was preferred by the plaintiff <lb/>
			
			against <lb/>
			
			the order of the Tribunal which was also <lb/>
			
			dismiisised. Letter Patent Appeal was also filed by the <lb/>
			
			plaintiff against the order in Special Civil Application <lb/>
			
			which <lb/>
			
			was <lb/>
			
			subsequently <lb/>
			
			unconditionally <lb/>
			
			withdrawn. <lb/>
			
			Thereafter <lb/>
			
			the <lb/>
			
			plaintiff&apos;s <lb/>
			
			son <lb/>
			
			Vinod <lb/>
			
			moved <lb/>
			
			an <lb/>
			
			applicatiion to the State Government under Section 34 of <lb/>
			
			the ULC Act for review of the decision of the competent <lb/>
			
			Authrity. The Government, according to the appellant, <lb/>
			
			wrongly reviewed the case and remanded the same to the <lb/>
			
			competent Authority. The order of the State Government <lb/>
			
			is said to be without jurisdiction null and void. <lb/>
			
			According to the defendant No.1 land was sold to the <lb/>
			
			defendant No.3 after making due publication in news <lb/>
			
			paper, but no objection was raised by the plaintiff. <lb/>
			
			It <lb/>
			
			was also pleaded that the land sold to the defendants <lb/>
			
			No.3 &amp; 4 is part of land of survey No.626. <lb/>
			
			With these <lb/>
			
			pleadings <lb/>
			
			the <lb/>
			
			appellant pleaded that the Suit be <lb/>
			
			dismissed. <lb/>
			
			5. The defendant No.3 in its written statement took <lb/>
			
			the plea that this defendant is bonafide purchaser of the <lb/>
			
			land for value without notice of any defect in the title <lb/>
			
			of the defendant No.1 or dispute of title between the <lb/>
			
			plaintiff and <lb/>
			
			the <lb/>
			
			defendant <lb/>
			
			No.1. <lb/>
			
			Plea <lb/>
			
			of <lb/>
			
			multiferiousness was also taken by this defendant so also <lb/>
			
			the plea of under valuation. It was also pleaded that <lb/>
			
			the Suit is bad for non-joinder of necessary parties and <lb/>
			
			that it is also bad for want of service of statutory <lb/>
			
			notice. <lb/>
			
			It was also pleaded that the ownership and <lb/>
			
			possession of the plaintiff over the land for Suit is <lb/>
			
			disputed. <lb/>
			
			6. On the application of the defendant No.1 the <lb/>
			
			State of Gujarat -defendant No.5 was impleaded in the <lb/>
			
			Suit. <lb/>
			
			The State Government -defendant No.5 took the <lb/>
			
			plea that the suit is bad for want of notice under <lb/>
			
			Section 80 of the Code of Civil Procedure. It was the <lb/>
			
			stand of the State of Gujarat that the proceedings <lb/>
			
			conducted by the State Government and the Subordinate <lb/>
			
			officers under the ULC Act were in accordance with law <lb/>
			
			and the orders passed by them are perfectly legal and <lb/>
			
			within their jurisdiction. It was also pleaded that the <lb/>
			
			plaintiff was allowed to prepare scheme under Sec. 21 of <lb/>
			
			the ULC Act for people belonging to the weaker section. <lb/>
			
			7. The trial Court framed 19 issues arising out of <lb/>
			
			the pleadings of the parties. The trial Court found that <lb/>
			
			the plaintiff is the owner of Survey No.479, Area 4 Acres <lb/>
			
			-7 Gunthas and that the boundries of Survey Nos.478, 479 <lb/>
			
			and 626 were duly established by the plaintiff and that <lb/>
			
			its measurements were also established by the plaintiff. <lb/>
			
			The trial Court further found that no portion of land of <lb/>
			
			Survey No.479 was sold by the defendant No.1 to the <lb/>
			
			defendants No.2 and 4, but portion of land of Survey <lb/>
			
			No.479 was sold by the defendant No.1 to the defendant <lb/>
			
			No.3 by <lb/>
			
			mistake. <lb/>
			
			Accordingly, <lb/>
			
			compensation <lb/>
			
			of <lb/>
			
			Rs.25,08,000/was ordered to be paid by the appellant to <lb/>
			
			the plaintiff -respondent No.1. It also found that the <lb/>
			
			defendant No.1 had no right to make fencing over the land <lb/>
			
			belonging to the plaintiff. <lb/>
			
			It further found that the <lb/>
			
			defendant No.1 failed to prove that it has become owner <lb/>
			
			of the land in Suit by adverse possession. The trial <lb/>
			
			Court negatived the plea of the defendant No.1 that the <lb/>
			
			order <lb/>
			
			of <lb/>
			
			the <lb/>
			
			Government regarding review of ULC <lb/>
			
			proceedings is void abinitio. It further found that the <lb/>
			
			Suit was not bad for mis-joinder or non-joinder of <lb/>
			
			parties nor itis bad for non-service of notice under <lb/>
			
			Section 487 of the B.P.M.C. Act and that the Suit was <lb/>
			
			maintainable. It was further held that the Civil Court <lb/>
			
			has jurisdiction to try such Suit and the plaintiff was <lb/>
			
			entitled to the reliefs sought. Plea of multiferiousness <lb/>
			
			of causes of action was also answered in negative. <lb/>
			
			The <lb/>
			
			trial court found that the defendant No.1 encroached upon <lb/>
			
			the land belonging to the plaintiff. It further found <lb/>
			
			that the plaintiff is the owner of Survey No.479 and no <lb/>
			
			land of this Survey number was declared as surplus. It <lb/>
			
			further found that the order of the State Government <lb/>
			
			granting review was not null and void and that the Suit <lb/>
			
			is not barred by any provision of the Transfer of <lb/>
			
			Property Act. <lb/>
			
			It further found that there is no effect <lb/>
			
			of constructions raised by the defendant No.3 over the <lb/>
			
			plaintiff&apos;s land except that the plaintiff was entitled <lb/>
			
			to receive compensatiion. In the last it held that there <lb/>
			
			is no effect of non-service of statutory notice on the <lb/>
			
			defendant No.3. <lb/>
			
			8. Shri B.P.Tanna, learned Senior Advocate for the <lb/>
			
			appellant, Shri K.C.Shah, learned A.G.P. <lb/>
			
			for <lb/>
			
			the <lb/>
			
			respondent No.5, Shri Harin P. Raval for respondent No.1 <lb/>
			
			and Shri Pranav G. <lb/>
			
			Desai for the respondent No.3 were <lb/>
			
			heard at length and in detail and the records were <lb/>
			
			examined. The respondents No.2 &amp; 4 did not appear. <lb/>
			
			9. This First Appeal No.93 of 1997 has been filed by <lb/>
			
			the defendant No.1 -Rajkot Municipal Corporation whereas <lb/>
			
			the First Appeal No.1500 of 1997 was filed by State of <lb/>
			
			Gujarat and the First Appeal No.5036 of 1996 was filed by <lb/>
			
			the defendant No.3 -respondent No.3 -<lb/>
			
			Income-tax <lb/>
			
			Commissioner. <lb/>
			
			The contentions raised by Shri K.C.Shah, <lb/>
			
			learned A.G.P. and Shri P.G.Desai, learned Counsel for <lb/>
			
			the respondent No.3 will be seperately considered in <lb/>
			
			First Appeal Nos.1500/97 and First Appeal No.5036/96 <lb/>
			
			respectively. <lb/>
			
			In the present Appeal contentions raised <lb/>
			
			by learned Senior Advocate Shri B.P.Tanna for <lb/>
			
			the <lb/>
			
			appellant and Shri H.P.Raval for the respondent No.1 will <lb/>
			
			be considered. <lb/>
			
			10. Shri Tanna, learned Counsel for the appellant did <lb/>
			
			not challenge the findings recorded by the trial Court on <lb/>
			
			Issues No.6,7,8,9,10,13 &amp; 17. <lb/>
			
			11. It is pertinent to mention that no decree was <lb/>
			
			passed by the trial Court against the State of Gujarat <lb/>
			
			defendant No.5. <lb/>
			
			Shri P.G.Desai for the defendant No.3 <lb/>
			
			respondent No.3 challenged the findings recorded by the <lb/>
			
			trial Court on Issues No.4,18 and 19. <lb/>
			
			12. The first point for determination in this Appeal <lb/>
			
			is whether the plaintiff is the owner of Survey No.479, <lb/>
			
			area 4 Acres -7 Gunthas. <lb/>
			
			In Paras : 1 &amp; 2 of the <lb/>
			
			plaint. The plaintiff&apos;s power of attrney holder has <lb/>
			
			given history as to how the plaintiff became owner of <lb/>
			
			Survey No.479, area 4 Acres -7 gunthas. The said power <lb/>
			
			of attorney holder Shri S.B.Patel was examined in the <lb/>
			
			Court below. He producted village form Nos.6,7, 7/12 and <lb/>
			
			8/A in respect of Survey No.479 where the name of the <lb/>
			
			plaintiff is recorded vide Ex.130,131 and 132. Ex.129 is <lb/>
			
			the Lekh (deed) issued by the erstwhile ruler of Rajkot <lb/>
			
			wherein the name of Mandan Jaga ancestor of the plaintiff <lb/>
			
			is mentioned. It is through this document that the <lb/>
			
			plaintiff is tracing the ownership as well as possession. <lb/>
			
			The name of Lavji Mandan, father of the plaintiff was <lb/>
			
			mutated in village form No.6 as well as form No.7/12. <lb/>
			
			From form No.7/.12, 8/A and 8 it seems that the plaintiff <lb/>
			
			was owner of Survey No.479. It is not the case of the <lb/>
			
			defendant No.1 that the plaintiff is not the owner of <lb/>
			
			Survey No.479. On the other hand the contest is that the <lb/>
			
			plaintiff is not the owner of the disputed land. It is <lb/>
			
			not the case of the defendant No.1 that the Municipal <lb/>
			
			Corporation is the owner of Survey No.479. The real <lb/>
			
			dispute is as to whether the disputed land is portion of <lb/>
			
			Survey No.479 or not. For this in addition to the oral <lb/>
			
			and documentary evidence filed by the plaintiff the <lb/>
			
			documentary evidence of the defendant No.1 also supports <lb/>
			
			that the plaintiff is the owner of Survey No.479. <lb/>
			
			For <lb/>
			
			this Ex.221 report of the then Commissioner of Rajkot <lb/>
			
			Municipal Corporation made in June 19, 1990, to the State <lb/>
			
			Gvernment can be referred. In Para : 14 of this note it <lb/>
			
			was admitted by the Commissioner of Rajkot Municipal <lb/>
			
			Corporation that the plaintiff is owner of Survey No.479 <lb/>
			
			area 4 Acres -7 gunthas. <lb/>
			
			Admission of responsible <lb/>
			
			officer, namely, Commissioner of the Rajkot Municipal <lb/>
			
			Corporation, defendant No.3 is the best evidence in <lb/>
			
			favour of the plaintiff and it could not be proved that <lb/>
			
			this note of the Commissioner of Rajkot <lb/>
			
			Municipal <lb/>
			
			Corporatiooon was prepared under some mistake nor it was <lb/>
			
			explained in evidence that it was mistaken note which <lb/>
			
			could be resiled. Thus, this letter of 19.6.1990 of the <lb/>
			
			Commissioner of Rajkot Municipal Corporation supports the <lb/>
			
			case of the plaintiff. <lb/>
			
			12(a) When Urban Land Ceiling Act came into force the <lb/>
			
			plaintiff filled in form No.1 under Sec.6 of the ULC Act <lb/>
			
			before the Competent Authority and he had shown this land <lb/>
			
			to be in his ownership and possession though as karta of <lb/>
			
			the joint Hindu family. <lb/>
			
			The order of the competent <lb/>
			
			Authority as well as of the Appellate Authority also does <lb/>
			
			not show that the form No.1, u/s.6, was filled wrongly by <lb/>
			
			the plaintiff treating himself as the owner of this land. <lb/>
			
			As against the order of declaration of surplus land by <lb/>
			
			the competent Authority, an Appeal was filed which was <lb/>
			
			dismissed. Thus, the competent Authority as well as the <lb/>
			
			Appellate <lb/>
			
			Authority under the ULC Act treated the <lb/>
			
			plaintiff as owner of plot No.479. Even in review, the <lb/>
			
			Government of Gujarat while setting aside the order of <lb/>
			
			the Appellate Authority remanded the matter to the <lb/>
			
			competent Authority and in that order Ex.142 it was no <lb/>
			
			where mentioned that the plaintiff is not the owner of <lb/>
			
			the Survey No.479. <lb/>
			
			Thus, right from the beginning when <lb/>
			
			the &apos;Lekh&apos; was granted by the erstwhile ruler of Rajkot <lb/>
			
			in favour of the plaintiff&apos;s ancestor till the latest <lb/>
			
			entry in the revenue record the plaintiiff was shown as <lb/>
			
			owner of the disputed Survey No.479, area 4 Acres -7 <lb/>
			
			gunthas., Lekh from the erstwhile state of Rajkot was of <lb/>
			
			the year <lb/>
			
			1946-47. <lb/>
			
			Its <lb/>
			
			genuinness could not be <lb/>
			
			successfully challenged by the learned Counsel for the <lb/>
			
			appellant. <lb/>
			
			Therefore, through this lekh Mandan Jaga, <lb/>
			
			father of the plaintiff, became owner of survey No.479, <lb/>
			
			Area 4 Acres 7 gunthas. Ex.129 was duly proved by P.W.1 <lb/>
			
			Savjibhai. <lb/>
			
			13. Another evidence in favour of the plaintiff is <lb/>
			
			the written statement of the State Government defendant <lb/>
			
			No.5 wherein it is admitted in para : 4 that the land <lb/>
			
			admeasuring 4 Acres -7 gunthas of Survey No.479 is of <lb/>
			
			the ownership of the plaintiff. It is further admitted <lb/>
			
			in Para : <lb/>
			
			7 of the written statement of the State <lb/>
			
			Government that application under Sec.21 of the ULC Act <lb/>
			
			was granted on 12.10.1991 by the Deputy Secretary, <lb/>
			
			Revenue Department in favour of the plaintiff. Thus, the <lb/>
			
			State Government also admitted in the written statement <lb/>
			
			that Survey No.479 area 4 Acres -7 gunthas was owned by <lb/>
			
			the plantiff. <lb/>
			
			14. From Ex.181 and 182, Tippan of Survey Nos.479 and <lb/>
			
			478 plantiff&apos;s ownership in Survey No.479 is prima facie <lb/>
			
			established. <lb/>
			
			15. So far as oral evidence is concerned Vallabhbhai <lb/>
			
			Sidhpara, witness of defendant No.1 admitted in Para : 3 <lb/>
			
			of his statement that the ownership of Survey No.479 is <lb/>
			
			of Lavji Mandan. <lb/>
			
			In Ex.232 which confidential note by <lb/>
			
			Rajkot Municipal Corporation to the Additional Collector, <lb/>
			
			ULC, dated 18.2.1992 it is admitted that Survey No.479 <lb/>
			
			was of the holder and of the ownership of Lavji Mandan. <lb/>
			
			16. Thus, from the above evidence plaintiff succeeded <lb/>
			
			in establishing his title of survey No.479, area 4 Acres <lb/>
			
			-7 gunthas and none of the defendants could by any <lb/>
			
			reliable evidence demolish the above evidence adduced by <lb/>
			
			the plaintiff. The trial Court was therefore justified <lb/>
			
			in holding that the plaintiff is the owner of Survey <lb/>
			
			No.479, area 4 Acres -7 gunthas. <lb/>
			
			16. The next point for consideration is whether <lb/>
			
			inspite of this finding recorded by the trial Court, the <lb/>
			
			State Government -defendant No.5 can be said to have <lb/>
			
			become owner of this land in persuance of the order <lb/>
			
			passed by the competent Authority and the Appellate <lb/>
			
			Authority under the ULC Act, 1976. <lb/>
			
			If this point is <lb/>
			
			answered in affirmative then at present the plaintiff <lb/>
			
			cannot be said to be the owner of the aforesaid survey <lb/>
			
			Number. <lb/>
			
			16. It is clear from the evidence on record that on <lb/>
			
			15.9.1984 the Competent Authority under the ULC Act <lb/>
			
			declared 40000 sq.mtrs. of surplus land from the holding <lb/>
			
			of the respondent No.1. <lb/>
			
			The respondent No.1 herein <lb/>
			
			preferred Appeal under Section 33 of the ULC Act against <lb/>
			
			this order of the competent Authority, <lb/>
			
			which <lb/>
			
			was <lb/>
			
			dismissed on <lb/>
			
			8.8.1988. <lb/>
			
			The respondent No.1 herein <lb/>
			
			thereafter preferred Special Civil Application No.8674 of <lb/>
			
			1989 which was dismissed on 16.11.1990. <lb/>
			
			Thereafter <lb/>
			
			Letters Patent Appeal No.287 of 1990 was filed by the <lb/>
			
			respondent No.1 herein against the order of the learned <lb/>
			
			Single Judge in the aforesaid Special Civil Application, <lb/>
			
			but it was withdrawn unconditionally on <lb/>
			
			17.9.1994. <lb/>
			
			Vinod, son of the respondent No.1 approached the State <lb/>
			
			Government to take up the matter in revision under <lb/>
			
			Section 34 of the ULC Act on 29.8.1991. The Government <lb/>
			
			exercised the powers under Section 34 of the ULC Act and <lb/>
			
			remanded the matter to the competent Authority for fresh <lb/>
			
			disposal after affording an opportunity of hearing to <lb/>
			
			Vinod. <lb/>
			
			Thereafter the competent Authority under order <lb/>
			
			dated 8.5.1992 passed consequential order in compliance <lb/>
			
			of the order of the State Government in revision. Shri <lb/>
			
			B.P.Tanna, learned Counsel for the appellant has urged <lb/>
			
			that the order of the State Government under Section 34 <lb/>
			
			is totally without jurisdiction and illegal for various <lb/>
			
			reasons. <lb/>
			
			Firstly, according to him, when the Letters <lb/>
			
			Patent Appeal was withdrawn unconditionally by the father <lb/>
			
			of Vinod, Vinod could not have reagitated the matter <lb/>
			
			inasmuch as no form under Sec.6 of the ULC Act was filed <lb/>
			
			by him and his name was shown in the form under sec.6 <lb/>
			
			filed by his father as member of the joint Hindu Family <lb/>
			
			and the frather filled in the form as Karta of the joint <lb/>
			
			family. <lb/>
			
			Consequentally son was bound by the declaration <lb/>
			
			of surplus land by the Competent Authority which attained <lb/>
			
			finality not only in Appeal, but also in Special Civil <lb/>
			
			Application and Letters Patent Appeal filed before this <lb/>
			
			Court. <lb/>
			
			His further contention was that the <lb/>
			
			State <lb/>
			
			Government could not have re-written the Judgment of this <lb/>
			
			Court in Special Civil Application passed by the learned <lb/>
			
			Single Judge, more particularly when the Letters Patent <lb/>
			
			Appeal <lb/>
			
			was <lb/>
			
			withdrawn <lb/>
			
			by <lb/>
			
			the <lb/>
			
			father <lb/>
			
			of <lb/>
			
			Vinod <lb/>
			
			unconditionally. He also contended that the principle <lb/>
			
			anologus <lb/>
			
			to <lb/>
			
			resjudicata will apply even to these <lb/>
			
			proceedings and after all some finality to the litigation <lb/>
			
			has to be attached at some stage and not that in <lb/>
			
			intervals one or other coparceners should be permitted to <lb/>
			
			re-agitate the matter again and again. <lb/>
			
			He further <lb/>
			
			contended that since Vinod was claiming under the same <lb/>
			
			title, namely, as coparcener and since form under Sec.6 <lb/>
			
			was filed by his father as Karta of the <lb/>
			
			family, <lb/>
			
			declaration of surplus land by the competent Authority, <lb/>
			
			which was ultimately up-held, is binding upon Vinod also. <lb/>
			
			The case of Bhagvandas T. Tandel v/s. <lb/>
			
			S.N.Sinha, 1996 <lb/>
			
			(1) G.L.H. <lb/>
			
			433 cited by Shri Tanna, to our mind, is <lb/>
			
			distinguishable on facts. In this case it was held that <lb/>
			
			the doctrine of resjudicata or constructive resjudicata <lb/>
			
			or principles anologus to them simpliciter can not apply <lb/>
			
			in case <lb/>
			
			of <lb/>
			
			order of withdrawal simpliciter. <lb/>
			
			For <lb/>
			
			applicability of principles under Sec.11 of the Code of <lb/>
			
			Civil Procedure or anologus principle the matter must <lb/>
			
			have been heard and finally decided on merit. <lb/>
			
			Since <lb/>
			
			Letters Patent Appeal was not decided on merit it cannot <lb/>
			
			be said that withdrawal of Letters Patent Appeal amounts <lb/>
			
			to constructive resjudicata. <lb/>
			
			Of course the order of <lb/>
			
			learned Single Judge in Special <lb/>
			
			Civil <lb/>
			
			Application <lb/>
			
			attained finality after withdrawal of Letters Patent <lb/>
			
			Appeal. The case of Natvar Textile v/s. Union of India, <lb/>
			
			reported in <lb/>
			
			1990(1) <lb/>
			
			G.L.R. <lb/>
			
			338 <lb/>
			
			is <lb/>
			
			likewise <lb/>
			
			distinguishable. <lb/>
			
			All <lb/>
			
			that <lb/>
			
			is laid down is that <lb/>
			
			principles anologus to Order : 23 Rule : 1 C.P.C. <lb/>
			
			are <lb/>
			
			applicable to proceedings under Article 226/227 of the <lb/>
			
			Constitution of India. It was held that it is true that <lb/>
			
			there would be no bar of resjudicata, but on the ground <lb/>
			
			of public policy the second petition on the same cause of <lb/>
			
			action cannot be permitted to be filed. <lb/>
			
			In the case <lb/>
			
			before us there was no attempt to file second Letters <lb/>
			
			Patent Appeal after withdrawing the first Letters Patent <lb/>
			
			Appeal unconditionally, hence the view taken in this case <lb/>
			
			cannot be applied to the facts of the case before us. <lb/>
			
			The same was the view taken by the Apex Court in Sarbhuja <lb/>
			
			Transport Service v/s. <lb/>
			
			S.T.A. <lb/>
			
			Tribunal, <lb/>
			
			Gwalior, <lb/>
			
			reported in AIR 1987 SC 88 wherein it was laid down that <lb/>
			
			withdrawal of petition under Article <lb/>
			
			226 <lb/>
			
			of <lb/>
			
			the <lb/>
			
			constitution of India without permission to institute <lb/>
			
			fresh petition in respect of the same cause of action <lb/>
			
			bars subsequent petition. In the case before us no fresh <lb/>
			
			Letters Patent Appeal was filed after withdrawal of the <lb/>
			
			earlier Appeal. <lb/>
			
			17. Shri Raval contended that Vinod, son of the <lb/>
			
			respondent No.1 was coparcener in the Joint Hindu Family, <lb/>
			
			still <lb/>
			
			he was entitled to receive notice from the <lb/>
			
			Competent Authority and since no notice was issued to him <lb/>
			
			by the CompetentAuthority he could have approached the <lb/>
			
			State Government to take action under Sec.34 of the ULC <lb/>
			
			Act. Two cases were cited by him in support of his <lb/>
			
			contention. The case of R.I.Sorathia v/s. ULC Tribunal, <lb/>
			
			1996 (2) G.L.H. <lb/>
			
			432 relied upon by Shri Raval is <lb/>
			
			apparently distinguishable on facts. Here it was a case <lb/>
			
			of ancestral land where the original holder died before <lb/>
			
			the ULC Act came into force leaving behind his widow, <lb/>
			
			four sons and a daughter. All the heirs were members of <lb/>
			
			HUF. Widow and four sons filled form No.1 u/s.6 and the <lb/>
			
			Comepetent <lb/>
			
			Authority <lb/>
			
			declared <lb/>
			
			excess vacant land. <lb/>
			
			Daughters did not file form No.1 nor her share was <lb/>
			
			disclosed in the form filed by her brother and mother. <lb/>
			
			No notice under Rule : <lb/>
			
			5 was issued to her by the <lb/>
			
			Competent Authority nor her case was considered by the <lb/>
			
			Competent Authority. <lb/>
			
			The ULC Tribunal confirmed the <lb/>
			
			order. It was held that the claim of the daughter who is <lb/>
			
			otherwise entitled to share in the ancestral property <lb/>
			
			under the Hindu Succession Act could not be refused <lb/>
			
			without issuing notice under Rule : 5 and affording an <lb/>
			
			opportunity of being heard. The claimant as such cannot <lb/>
			
			be divested of her right under the act. The facts before <lb/>
			
			us are however different. <lb/>
			
			Here the original holder of <lb/>
			
			the land was alive and the form No.1 u/s.6 was filled in <lb/>
			
			by him showing all the members of the HUF. Consequently <lb/>
			
			notice to the Karta was sufficient notice to all the <lb/>
			
			coparceners and no seperate notice was required to be <lb/>
			
			issued to Vinod, son of the original holder. <lb/>
			
			The case of Babuben Haribhai v/s. <lb/>
			
			Competent <lb/>
			
			Authority, reported in 1995 (2) G.C.D. <lb/>
			
			239 (Guj) is <lb/>
			
			likewise distinguishable on facts. Here the claimant did <lb/>
			
			not file form No.1 u/s.6 within the prescribed period <lb/>
			
			under the Rules framed under the ULC Act. She was basing <lb/>
			
			her claim on the rights under the Hindu Succession Act <lb/>
			
			and it was her case that she came to know about the ULC <lb/>
			
			proceeding only in the year 1986 and no notice under Rule <lb/>
			
			: 5 was served upon her. The case was remanded on the <lb/>
			
			ground that keeping in view the hardship caused to the <lb/>
			
			petitioner and also the fact that no notice under Rule ; <lb/>
			
			5 was issued to the petitioner by <lb/>
			
			the <lb/>
			
			Competent <lb/>
			
			Authority. <lb/>
			
			In the case before us it cannot be said that <lb/>
			
			Vindo, son of the plaintiff -respondent No.1, had no <lb/>
			
			knowledge of ULC proceedings. <lb/>
			
			The said proceedings <lb/>
			
			continued before the Competent Authority, Tribunal, the <lb/>
			
			State Government as well as the High Court. There is no <lb/>
			
			allegation that the father of Vinod was hostile to his <lb/>
			
			interest. <lb/>
			
			As such this case also does not help Shri <lb/>
			
			Raval. <lb/>
			
			18. It was next contended that after dismissal of <lb/>
			
			Appeal by the Tribunal u/s.33 of the ULC Act the State <lb/>
			
			Government could not have exercised revisional powers <lb/>
			
			u/s.34. Reliance was placed upon the case of Jagdishbhai <lb/>
			
			M. Patel v/s. <lb/>
			
			State, reported in 1996 (2) G.L.R. 499. <lb/>
			
			Learned Single Judge of this Court in this case has held <lb/>
			
			that revisional powers cannot be resorted to by the State <lb/>
			
			Government in case where the order of the Competent <lb/>
			
			Authority was questioned before the Appellate Authority <lb/>
			
			under Section 33 of the Act and the Appeal was dismissed. <lb/>
			
			The order of the Competent Authority would merge with the <lb/>
			
			order of the Appellate Authority and as such revision <lb/>
			
			u/s. 34 will not be maintainable if the same order was <lb/>
			
			questioned and decided in an Appeal. <lb/>
			
			In Nagindas v/s. <lb/>
			
			Competent Authority, reported <lb/>
			
			in AIR 1988 (Guj) 162, this question was not considered <lb/>
			
			that the revision could not be entertained u/s.34 where <lb/>
			
			the Appeal was decided u/s.33. On the other hand in this <lb/>
			
			case the point laid down was that the powers of the <lb/>
			
			appellate Authority u/s.33 are almost equal to the powers <lb/>
			
			of the State Government u/s.34 and this is with a view to <lb/>
			
			exercise check on the powers of the Competent Authority. <lb/>
			
			19. Another contention has been that the revisional <lb/>
			
			power of the State Government could be exercised within <lb/>
			
			reasonable <lb/>
			
			time <lb/>
			
			and <lb/>
			
			not <lb/>
			
			after inordinate delay. <lb/>
			
			According to Shri Tanna the order of the Competent <lb/>
			
			Authority was passed on 15.9.1984 whereas the Appeal was <lb/>
			
			decided on 8.,8.1988 and the order of <lb/>
			
			the <lb/>
			
			State <lb/>
			
			Government was passed on 28.8.1991. It was argued that <lb/>
			
			thus the revisional jurisdiction was exercised by the <lb/>
			
			State Government after about three years of the order of <lb/>
			
			the Appellate Authority and seven years after the order <lb/>
			
			of the Competent Authority and such exerise of powers by <lb/>
			
			the Government was bad in the eyes of law. The case of <lb/>
			
			M/s. M. <lb/>
			
			Ravji v/s. State of Gujarat, reported in 1993 <lb/>
			
			(2) GLH 57 was referred so also the case of State of <lb/>
			
			Gujarat v/s. <lb/>
			
			Patel Raghav Natha, reported in 1969 SC <lb/>
			
			1297. It was also contended that no reason was given by <lb/>
			
			the State Government why delayed action was taken in <lb/>
			
			exercising the revisional power by the State Government <lb/>
			
			and that serious prejudice was caused on account of <lb/>
			
			belated exercise of powers u/.s 34. Reliance was placed <lb/>
			
			on the case of Mansukhlal Gordhandas v/s. <lb/>
			
			State of <lb/>
			
			Gujarat, reported in 1995 (1) GLH 264. <lb/>
			
			</body>

			<page>20. Shri Raval on the other hand contended that where <lb/>
			
			</page>

			<body>no period of limitation was prescribed under the Tenancy <lb/>
			
			and <lb/>
			
			Land Laws of Orissa for filing revision, the <lb/>
			
			revisional power must be exercised within a reasonable <lb/>
			
			time, but in State of Orissa vs. <lb/>
			
			Vrundavan Sharma, <lb/>
			
			reported in 1995 Suppl. (3) SCC 249, according to him, <lb/>
			
			the delay of about 27 years was condoned by the Apex <lb/>
			
			Court and quashing of the order by Board of Revenue was <lb/>
			
			held justified by the Apex Court. <lb/>
			
			21. On the above submissions it was further contended <lb/>
			
			that the order of the State Government u/s. 34 of the <lb/>
			
			Act is void order. Consequentally the plea of nullity <lb/>
			
			can be set up at any stage and even in colateral <lb/>
			
			proceedings. <lb/>
			
			Reliance was placed upon the case of <lb/>
			
			Charity Commissioner v/s. State of Bombay, 1993 (1) GLH <lb/>
			
			94. It was held in this case that finding which is <lb/>
			
			nulity can be set up in colateral proceedings even though <lb/>
			
			it is not challenged earlier. <lb/>
			
			22. As against this, on behalf of the respondent No.1 <lb/>
			
			reliance was placed upon the case of Bai Dhani v/s. <lb/>
			
			State of Gujarat, 1996 (3) GCD 15 (Guj) wherein it was <lb/>
			
			held by learned Single Judge that exercise of revisional <lb/>
			
			power by the State Government u/s.34 of the ULC Act is <lb/>
			
			justified even though the Appeal u/s.33 of the Act was <lb/>
			
			filed and decided. It was further held that Appeal filed <lb/>
			
			by the third party cannot be considered as impediment in <lb/>
			
			the <lb/>
			
			exercise <lb/>
			
			of powers of revision by the State <lb/>
			
			Government. <lb/>
			
			23. It was also urged by Shri Tanna that u/s.21 of <lb/>
			
			the ULC Act sanction was granted by the State Government <lb/>
			
			to the respondent No.1 for framing scheme as to how the <lb/>
			
			vacant land is to be treated not as excess in certain <lb/>
			
			cases where the land holder intends to construct dwelling <lb/>
			
			units for weaker sections of the society. <lb/>
			
			24. We have given our thoughful consideration to the <lb/>
			
			above submissions of Shri Tanna. In our view detailed <lb/>
			
			discussion is not required on the above points raised by <lb/>
			
			Shri Tanna in view of the Repeal of the Urban Land <lb/>
			
			Ceiling Act through the Repeal Act of 1999. Whether the <lb/>
			
			order of the State Government u/s.34 of the ULC Act is <lb/>
			
			valid or void and nulity makes no difference for the <lb/>
			
			obvious reason that the provisions of Section 3 of the <lb/>
			
			Repeal Act are applicable to the facts of the case before <lb/>
			
			us. It is evident from the record that so far possession <lb/>
			
			of the excess land has not been taken over by the State <lb/>
			
			Government or any person duly authorised by the State <lb/>
			
			Government in this behalf or the Competent Authority. If <lb/>
			
			the Competent Authority has not taken possession of the <lb/>
			
			excess land nor the State Government or any person duly <lb/>
			
			authorised by the State Government has taken possession <lb/>
			
			of the excess land as provided in Section 10(3) and 10(6) <lb/>
			
			of the Act, the notional vesting of the vacant land in <lb/>
			
			the State Government will not render the State Government <lb/>
			
			to be owner of excess vacant land. <lb/>
			
			25. Section 3(1) of the Repeal Act provides that the <lb/>
			
			repeal of the principal act shall not affect vesting of <lb/>
			
			any vacant land under Sub.Section 3 of Section 10 <lb/>
			
			possession of which has been taken over by the State <lb/>
			
			Government or any person duly authorised by the State <lb/>
			
			Government in this behalf or the Competent Authority. <lb/>
			
			26. It therefore follows from this provision that if <lb/>
			
			excess land has been declared by the competent Authority <lb/>
			
			which has been confirmed in Appeal, but possession of <lb/>
			
			vacant land was not taken over by the State Government or <lb/>
			
			any person duly authorised by the State Government in <lb/>
			
			this behalf then under the aforesaid provision the State <lb/>
			
			Government cannot be treated as owner of the excess land. <lb/>
			
			It is only where the possession is taken over by the <lb/>
			
			State Government u/s.10(3) of the Act that the provisions <lb/>
			
			of the Repeal Act shall not affect the right and title of <lb/>
			
			the State Government. <lb/>
			
			27. It would be convenient to refer to Section 4 of <lb/>
			
			the Repeal Act also. <lb/>
			
			If the State Government has <lb/>
			
			remanded the matter to the Competent Authority then all <lb/>
			
			proceedings relating to any order made or purported to be <lb/>
			
			made under the Principal Act pending immediately before <lb/>
			
			the commencement of this Act before or any Court, <lb/>
			
			Tribunal or other Authority shall abate. Even the writ <lb/>
			
			petitions pending on the day of enforcement of Repeal Act <lb/>
			
			will <lb/>
			
			also <lb/>
			
			abate has laid down in M.M.Patel v/s. <lb/>
			
			Competent Authority, 1999 (2) G.L.H. 350. <lb/>
			
			28. For the reasons stated above since the possession <lb/>
			
			of vacant land was not taken over by the State Government <lb/>
			
			u/s.10(3) of the Act and since it is also established <lb/>
			
			that the plaintiff continues to remain in possession of <lb/>
			
			Survey No.479, area 4 Acres -7 gunthas, the ownership of <lb/>
			
			the plaintiff can not be disturbed and the <lb/>
			
			State <lb/>
			
			Government, defendant No.5 cannot be held to be the owner <lb/>
			
			of the land in dispute. <lb/>
			
			29. The appellant Municipal Corporation by no stretch <lb/>
			
			of imagination can be considered to be the owner of <lb/>
			
			Survey No.479, Area 4 Acres -7 Gunthas. At no point of <lb/>
			
			time the appellant claimed to be the owner of this Survey <lb/>
			
			Number. <lb/>
			
			On the other hand the Appellant is claiming <lb/>
			
			title over Survey No.626. <lb/>
			
			Consequently the Municipal <lb/>
			
			Corporation appellant cannot be said to be the owner of <lb/>
			
			Survey No.479 belonging to the plaintiff. <lb/>
			
			30. The appellant, however, claimed <lb/>
			
			that <lb/>
			
			under <lb/>
			
			resolution of theGovernment the appellant is entitled to <lb/>
			
			hold and manage 25 % or 30 % of excess vacant land. <lb/>
			
			Since we have held above that the State Government has <lb/>
			
			not become owner of any portion of Survey No.479 it <lb/>
			
			cannot be said that the Municipal Corporation -appellant <lb/>
			
			is entitled under any resolution of the state Government <lb/>
			
			to hold and manage 25 % or 30 % of the surplus land. The <lb/>
			
			resolution pointed out by Shri Tanna is all together <lb/>
			
			ineffective. <lb/>
			
			31. After hearing the arguments of the two sides it <lb/>
			
			seems that the real dispute raised by the appellant is <lb/>
			
			regarding location of the disputed land. The appellant <lb/>
			
			felt that it was part of Survey No.626 and under this <lb/>
			
			mistaken belief portion of the plaintiff&apos;s land was sold <lb/>
			
			to the respondent No.3. The controversy about location <lb/>
			
			of the disputed land has been resolved by the trial Court <lb/>
			
			on the basis of oral and documentary evidence and also on <lb/>
			
			the basis of report and map prepared by the Commissioner. <lb/>
			
			Shri Tanna raised objection that the report of the <lb/>
			
			Commissioner appointed by the Court with consent of the <lb/>
			
			parties is unreliable inasmuch as measurements were done <lb/>
			
			by the Commissioner in the absence of any representative <lb/>
			
			of the appellant. <lb/>
			
			According to him, it was ex-parte <lb/>
			
			report hence it cannot be relied upon. We, however, feel <lb/>
			
			that no such objections were filed in the trial Court <lb/>
			
			that the report of the Commissioner was liable to be set <lb/>
			
			aside being exparte. As such at this stage in this <lb/>
			
			Appeal the challenge to the map and the report of the <lb/>
			
			Commissioner cannot be sustained. <lb/>
			
			32. It cannot be said that the Commissioner was <lb/>
			
			inexperienced. <lb/>
			
			The Court Commissioner was appointed by <lb/>
			
			this Court with the consent of the parties. He was none <lb/>
			
			else than Shri Patel, Deputy Town Planner of the Town <lb/>
			
			Planning and Valuation Department. He prepared map and <lb/>
			
			report on the basis of old tippans and measurement sheet <lb/>
			
			of Survey No.626. The measurement was carried out by <lb/>
			
			adopting plain <lb/>
			
			table system. <lb/>
			
			This system is more <lb/>
			
			accurate for the purpose of the measurement of the kind <lb/>
			
			of Suit land. <lb/>
			
			The Chief Town Planner of Gujarat State <lb/>
			
			was examined and it cannot be said that inexperienced <lb/>
			
			officer <lb/>
			
			of <lb/>
			
			the <lb/>
			
			State <lb/>
			
			carried <lb/>
			
			out <lb/>
			
			measurement. <lb/>
			
			Consequently from the map and report of the Court <lb/>
			
			Commissioner, the controversy regarding location of the <lb/>
			
			disputed land stands resolved and it was correctly found <lb/>
			
			by the trial Court that the disputed land is part of <lb/>
			
			Survey No.479. <lb/>
			
			We do not find any force in <lb/>
			
			the <lb/>
			
			contention of the learned Counsel for the appellant that <lb/>
			
			the Court Commissioner was in hot hurry and he conducted <lb/>
			
			measurements behind the back of the defendant No.1. <lb/>
			
			Information was given by the Commissioner <lb/>
			
			to <lb/>
			
			the <lb/>
			
			defendant No.1, namely, the appellant before us and if <lb/>
			
			despite this information nobody appeared on behalf of the <lb/>
			
			appellant, the report of the Court Commissioner cannot be <lb/>
			
			said to be unreliable or illegal. <lb/>
			
			33. From the report of the Court Commissioner and <lb/>
			
			other evidence the trial Court rightly concluded that the <lb/>
			
			boundries of Survey nos.626 and 479 as well as 478 were <lb/>
			
			clearly demarcated and from the report of the Court <lb/>
			
			Commissioner it was also rightly concluded that the <lb/>
			
			disputed land sold to the defendant -respondent No.3 <lb/>
			
			belonged to the plaintiff and not to the appellant. Oral <lb/>
			
			evidence was also to the same effect. It seems from the <lb/>
			
			evidence on record that under bonafide mistake the <lb/>
			
			defendant No.1 sold the disputed land to the defendant <lb/>
			
			No.3 believing that it formed part of Survey No.626. <lb/>
			
			34. Shri Tanna contended that advertisement <lb/>
			
			for <lb/>
			
			auction of the disputed land was given in news paper <lb/>
			
			Ex.230, but the plaintiff did not file any objection. <lb/>
			
			However, advertisement in the news paper and failure of <lb/>
			
			the plaintiff to file objections can not operate as <lb/>
			
			estoppel against the plaintiff. It is admitted case of <lb/>
			
			both the parties, namely, the plaintiff and the defendant <lb/>
			
			No.1 that they were proceeding under the mistake that the <lb/>
			
			disputed land belonged to the defendant No.1. <lb/>
			
			If the <lb/>
			
			disputed land did not form part of Survey No.626 it could <lb/>
			
			not be owned by the appellant. The appellant has never <lb/>
			
			contended that plot No.479 was under its management, <lb/>
			
			supervision and control. <lb/>
			
			35. Thus, in the first instance the appellant could <lb/>
			
			not establish by any oral and documentary evidence that <lb/>
			
			Survey No.479 belonged to it or was under its management. <lb/>
			
			It also could not be established that survey No.479 <lb/>
			
			belonged to the State of Gujarat. Thus, the title of the <lb/>
			
			State of Gujarat, defendant No.5 as well as the title of <lb/>
			
			the defendant No.1 -appellant could not be established. <lb/>
			
			36. The next contentin of Shri Tanna had been that <lb/>
			
			through adverse possession the plaintiff has lost right, <lb/>
			
			title and interest over the land in suit and that the <lb/>
			
			defendant No.1 -appellant became owner by adverse <lb/>
			
			possession. The law of adverse possession is quite <lb/>
			
			settled. <lb/>
			
			</body>

			<page>Person claiming adverse possession is required <lb/>
			
			</page>

			<body>to prove that he was in possession adverse and hostile to <lb/>
			
			the title of the real owner for a continuous period of 12 <lb/>
			
			years or more. The possession should be of the person <lb/>
			
			claiming adverse possession and not of tress-passers or a <lb/>
			
			strangers. <lb/>
			
			From the written statement of the appellant <lb/>
			
			it appears in the first instance that adverse possession <lb/>
			
			of 88 hutment dwellers who encroached upon the land of <lb/>
			
			the Municipal Corporation -appellant was alleged against <lb/>
			
			the plaintiff -respondent No.1. Those hutment dwellers <lb/>
			
			have been removed and according to the appellant they <lb/>
			
			have been allotted alternative site. Shri Raval however <lb/>
			
			contended that all the 88 hutments were not over Survey <lb/>
			
			No.479. On the other hand according to him only 3-1/2 <lb/>
			
			hutments were existing over Survey No.479. Consequently <lb/>
			
			according to him it is incorrect to say that all the <lb/>
			
			hutment dwellers acquired title by adverse possession. <lb/>
			
			It may be mentioned at this stage that those hutments <lb/>
			
			dwellers did not apply for impleadment in the Suit and <lb/>
			
			they did not claim title over the land in dispute or over <lb/>
			
			the land of Survey No.626 by adverse possession. As such <lb/>
			
			the Suit of the plaintiff cannot be dismissed on the <lb/>
			
			ground that some unauthorised persons occupied portion of <lb/>
			
			the disputed land and raised 3 -1/2 unauthorised <lb/>
			
			hutments. The so called encroachment and possession of <lb/>
			
			the hutment dwellers over a portion of the land could not <lb/>
			
			ennure to the benefit of the Appellant. The appellant <lb/>
			
			was not in actual possession of the land in dispute for a <lb/>
			
			period of 12 years or more. <lb/>
			
			As such the Municipal <lb/>
			
			Corporation appellant can not claim title by adverse <lb/>
			
			possession over the plaintiff&apos;s land. <lb/>
			
			37. There may be two kinds of cases where a plaintiff <lb/>
			
			can claim title. One is where the title is claimed under <lb/>
			
			Title Deed. <lb/>
			
			In that case the plaintiff is not required <lb/>
			
			to establish that he remained in continuous possession <lb/>
			
			for a period of 12 years. <lb/>
			
			On the other hand in the <lb/>
			
			second category of cases where the plaintiff alleges <lb/>
			
			title on the ground of long and continuous possession <lb/>
			
			exceeding 12 years that he is required to establish such <lb/>
			
			long and continuous possession for a period exceeding 12 <lb/>
			
			years to perfect his title by possession. <lb/>
			
			Continuous <lb/>
			
			possession exceeding 12 years is not required to be <lb/>
			
			established where the claim of the plaintiff is based on <lb/>
			
			title. <lb/>
			
			The Apex Court recently in the case of Indira <lb/>
			
			v/s. Aru Mugan, AIR 1999 SC 1549 considered the scope of <lb/>
			
			old Article 142 and new Article 65 of the Limitation Act <lb/>
			
			and observed that it is obvious that when the Suit is <lb/>
			
			based on title for possession once the <lb/>
			
			title <lb/>
			
			is <lb/>
			
			established on the basis of relevant documents and other <lb/>
			
			evidence unless the defendant proves adverse possession <lb/>
			
			for the prescriptive period, the plaintiff cannot be <lb/>
			
			non-suited. This observation of the Apex Court applies <lb/>
			
			with full force to the facts of the case before us. <lb/>
			
			38. In Gurvinder Singh V/s. Lal Singh, reported in <lb/>
			
			AIR 1965 SC 1553 the Apex Court has held that burden is <lb/>
			
			on the defendant to establish that he was in adverse <lb/>
			
			possession for 12 years before the date of the Suti and <lb/>
			
			for computation of this period he can avail of the <lb/>
			
			adverse possession of any person or persons through whom <lb/>
			
			he claims, but not adverse possession of independent <lb/>
			
			tres-passers. <lb/>
			
			This observation of the <lb/>
			
			Apex <lb/>
			
			Court <lb/>
			
			compells us to repel the contention of Shri Tanna. The <lb/>
			
			appellant did not claim that the hutment dwellers were <lb/>
			
			persons through whom the appellant was claiming adverse <lb/>
			
			possession. On the other hand even according to the <lb/>
			
			appellant the hutment dwellers were tres-passers who made <lb/>
			
			encroachment upon the land under the management and <lb/>
			
			control of the appellant. <lb/>
			
			Consequently, the alleged <lb/>
			
			possession of the hutment dwellers tres-passers cannot be <lb/>
			
			considered to be adverse possession of the appellant as <lb/>
			
			against the plaintiff. <lb/>
			
			Thus, even on the basis of <lb/>
			
			adverse possession the appellant cannot be said to have <lb/>
			
			become owner of the disputed land nor <lb/>
			
			the <lb/>
			
			State <lb/>
			
			Government can be said to have become owner of the <lb/>
			
			disputed land by adverse possession. <lb/>
			
			39. We do not find any merit in the contention of <lb/>
			
			Shri Raval that even though the order of the state <lb/>
			
			Government is alleged to be void and illegal it cannot be <lb/>
			
			ignored unless it was set aside by a competent Court in <lb/>
			
			competent proceedings. <lb/>
			
			Since that order was challenged <lb/>
			
			in the Suit out of which the present Appeal arose the <lb/>
			
			appellant was not obliged to file seperate Suit. Void <lb/>
			
			and null orders can be ignored at any stage even though <lb/>
			
			not questioned and set aside earlier. <lb/>
			
			40. We, however, find force in the contention of Shri <lb/>
			
			Raval that since no application under Sec.23 of the ULC <lb/>
			
			Act has been moved and no allotment has been made the <lb/>
			
			State Govrnment can not claim title by vesting under the <lb/>
			
			ULC Act. He was justified in contending that since the <lb/>
			
			proceedings under the ULC Act did not reach upto the <lb/>
			
			stage provided under Sec. 10 of the Act notional vesting <lb/>
			
			could not have conferred title in favour of the State <lb/>
			
			Government. <lb/>
			
			41. We do not find force in the plea that the Suit is <lb/>
			
			bad for want of notice under the B.P.M.C. Act. The <lb/>
			
			reason is that the Suit was not under the B.P.M.C. <lb/>
			
			Act <lb/>
			
			nor any action was taken under this Act. On the other <lb/>
			
			hand action was taken under the ULC Act hence no notice <lb/>
			
			under the BPMC Act was required to be served by the <lb/>
			
			plaintiff. <lb/>
			
			42. We also do not find merit in the contention and <lb/>
			
			plea of the State Government that the Suit is bad for <lb/>
			
			want of notice u/s.80 C.P.C. Since the state Government <lb/>
			
			defendant No.5 was impleaded during the pendency of the <lb/>
			
			Suit on the objection of the appellant -defendant No.1 <lb/>
			
			the plaintiff was not obliged to serve notice u/s.80 <lb/>
			
			C.P.C. during the pendency of the Suit. Moreover since <lb/>
			
			no relief was sought by the plaintiff against the <lb/>
			
			defendant No.5 no notice u/s. 80 CPC was required to be <lb/>
			
			served on the State Government. <lb/>
			
			43. It was not a case of summary relief of recovery <lb/>
			
			of possession hence provisions of Section 6 of the <lb/>
			
			Specific Relief Act are not attracted and since the <lb/>
			
			plaintiff sought possession of the disputed land from the <lb/>
			
			defendant Nos.1 &amp; 3 on the basis of title Regular Civil <lb/>
			
			Suit was the only course open to the plaintiff for <lb/>
			
			redressal of his grievance. <lb/>
			
			44. The last contention of Shri Tanna has been that <lb/>
			
			the compensation was awarded by the court below at an <lb/>
			
			exorbitant rate of Rs.4000/-per sq.mtr. He urged that <lb/>
			
			in the year 1986 the lands in the vicinity were sold at <lb/>
			
			the rate of Rs.2000/-per sq.mtr. <lb/>
			
			hence award of <lb/>
			
			compensation at the rate of Rs.4000/-per sq.mtr. is <lb/>
			
			unjustified. The trial court has however given cogent <lb/>
			
			reasons <lb/>
			
			for <lb/>
			
			awarding compensation at the rate of <lb/>
			
			Rs.4000/-per sq.mtrs. It was argued in the trial Court <lb/>
			
			on behalf of the plaintiff that he must be awarded <lb/>
			
			compensation at the rate of the market value and the <lb/>
			
			market value of the land was more than Rs.8000/-per <lb/>
			
			sq.mtr. The Trial Court rightly found that the claim of <lb/>
			
			compensation at <lb/>
			
			this <lb/>
			
			rate <lb/>
			
			was <lb/>
			
			exaggerated. <lb/>
			
			The <lb/>
			
			reasonable amount of compensation, according to the trial <lb/>
			
			Court, was Rs.4000/-per sq.mtr. <lb/>
			
			which the defendant <lb/>
			
			No.1 is bound to pay to the plaintiff. The reasons for <lb/>
			
			coming to this figure have been given by the trial Court <lb/>
			
			in its judgment. The trial Court has relied upon Ex.221 <lb/>
			
			which is report of June, 1990 made by <lb/>
			
			the <lb/>
			
			then <lb/>
			
			Commissioner of the appellant to the Secretary of the <lb/>
			
			State Government. In Para : <lb/>
			
			7 of this report he <lb/>
			
			mentioned that the market value of the land around the <lb/>
			
			disputed land can fetch between Rs.4000/-to Rs.4200/per <lb/>
			
			sq.mtrs. <lb/>
			
			Not only this admission regarding market value <lb/>
			
			of the land in June 1990 there was also a written offer <lb/>
			
			made by the Bank of India to the defendant No.1 to <lb/>
			
			purchase the land at the rate of Rs.4000/-per sq.mtr. <lb/>
			
			This offer was from the Bank of India regarding this very <lb/>
			
			land. <lb/>
			
			</body>

			<page>As such in the first place there was admission of <lb/>
			
			</page>

			<body>the Commissioner of the Rajkot Municipal Corporation that <lb/>
			
			the market value of the land could be between Rs.4000/to <lb/>
			
			Rs.4200/-per sq.mtr. in June, 1990. Subsequently there <lb/>
			
			was offer by the Bank of India to purchase this land at <lb/>
			
			the rate of Rs.4000/-per sq.mtr. <lb/>
			
			There was thus <lb/>
			
			sufficient material before the trial Court at the time of <lb/>
			
			delivering the judgment on 14.10.1996 that the land could <lb/>
			
			fetch market value at the rate of Rs.4000/-per sq.mtr. <lb/>
			
			If this amount could be reaosnable market value of the <lb/>
			
			land in June, 1990 judicial notice can be taken that <lb/>
			
			during a period of six years the prices of land must have <lb/>
			
			increased. The trial court ignored the increase of price <lb/>
			
			of land during the interval of six years and based its <lb/>
			
			judgment <lb/>
			
			on <lb/>
			
			the market value as admitted by the <lb/>
			
			Commissioner of defendant No.1 at Rs.4000/-in June, <lb/>
			
			1990. <lb/>
			
			Thus, the compensation awarded by the trial Court <lb/>
			
			cannot be said to be excessive and exorbitant. <lb/>
			
			45. To sum up therefore it can be said that the <lb/>
			
			plaintiff succeeded in establishing that he is owner of <lb/>
			
			Survey No.479, area 4 Acres -7 gunthas. <lb/>
			
			He further <lb/>
			
			succeded <lb/>
			
			in <lb/>
			
			establishing <lb/>
			
			that <lb/>
			
			neither the State <lb/>
			
			Government nor the Rajkot Municipal Corporation is owner <lb/>
			
			of this <lb/>
			
			land. <lb/>
			
			The <lb/>
			
			plaintiff also succeeded in <lb/>
			
			establishing that the Appellant made encroachment over <lb/>
			
			portion of Survey No.479 by raising wire fencing. He <lb/>
			
			further succeeded in establishing that a portion of his <lb/>
			
			land was sold by the defendant No.1 to defendant No.3. <lb/>
			
			Of course the sale was conducted under mistake of <lb/>
			
			boundary. <lb/>
			
			As such the trial Court was justified in <lb/>
			
			refusing to pass order for demolition of multistoreyed <lb/>
			
			building <lb/>
			
			constructed <lb/>
			
			by <lb/>
			
			the Income-tax Department <lb/>
			
			represented by the respondent No.3. <lb/>
			
			The plaintiff has <lb/>
			
			further succeeded in establishing that he was entitled to <lb/>
			
			receive compensation for unauthorised sale of his land. <lb/>
			
			On these established facts the trial court was justified <lb/>
			
			in granting decree in favour of the plaintiff, against <lb/>
			
			the defendants No.1 &amp; 3. The trial Court was further <lb/>
			
			justified in dismissing the Suit against the defendant <lb/>
			
			Nos.2 and 4 because it was established that no portion of <lb/>
			
			land belonging to the plaintiff was sold to these <lb/>
			
			defendants. <lb/>
			
			The trial Court was further justified in <lb/>
			
			dismissing the Suit against the defendant No.5. <lb/>
			
			The <lb/>
			
			decree passed by the trial court, therefore, requires no <lb/>
			
			interference. In our opinion the Appeal is without merit <lb/>
			
			and is bound to fail. <lb/>
			
			46. The Appeal is hereby dismissed with no order as <lb/>
			
			to costs. <lb/>
			
			sd/-<lb/>
			
			( D. C. Srivastava, J. ) <lb/>
			
			Date : April 06 ,2000 <lb/>
			
			sd/-<lb/>
			
			( H. K. Rathod, J. ) <lb/>
			
			*sas* <lb/>
			
			FURTHER ORDER : <lb/>
			
			---------------<lb/>
			
			At this stage Shri B.P.Tanna, learned Counsel for <lb/>
			
			the appellant requests for eight weeks time to approach <lb/>
			
			the Apex Court. We, however, find that no stay order was <lb/>
			
			passed in this Appeal at any stage. However, on 23.6.1998 <lb/>
			
			learned Counsel Shri H.P.Raval for the respondent No.1 <lb/>
			
			made a statement before this Court that the respondent <lb/>
			
			No.1 shall not execute the Decree challenged in all the <lb/>
			
			Appeals till the disposal of the Appeal. Shri Raval now <lb/>
			
			agrees that this statement may be continued for a period <lb/>
			
			of two months from today to enable the appellant to <lb/>
			
			approach the Apex Court for appropriate relief and the <lb/>
			
			words &quot;till the disposal of the Appeal&quot; made in his <lb/>
			
			statement under order dated 23.6.1998 be read as for a <lb/>
			
			period of two months from today. <lb/>
			
			Date : April 6, 2000 Sd/-Sd/-<lb/>
			
			(D.C.Srivastava,J.) (H.K.Rathod,J.) <lb/>
			
			*sas*<lb/> 
			</body>


	</text>
</tei>
