<?xml version="1.0" ?>
<tei xml:space="preserve">
	<teiHeader>
		<fileDesc xml:id="0"/>
	</teiHeader>
	<text xml:lang="en">
			<front>IN THE HIGH COURT OF GUJARAT AT AHMEDABAD <lb/>
			FIRST APPEAL No 1414 of 1984 <lb/>
			For Approval and Signature: <lb/>
			Hon&apos;ble MR.JUSTICE D.C.SRIVASTAVA sd/-<lb/>
			============================================================ <lb/>
			1. Whether Reporters of Local Papers may be allowed <lb/>
			: NO <lb/>
			to see the judgements? <lb/>
			No <lb/>
			2. To be referred to the Reporter or not? <lb/>
			No : <lb/>
			3. Whether Their Lordships wish to see the fair copy <lb/>
			: NO <lb/>
			of the judgement? <lb/>
			No <lb/>
			4. Whether this case involves a substantial question <lb/>
			: NO <lb/>
			of law as to the interpretation of the Constitution <lb/>
			of India, 1950 of any Order made thereunder? <lb/>
			No <lb/>
			5. Whether it is to be circulated to the Civil Judge? No : <lb/>
			--------------------------------------------------------------<lb/>
			NEW INDIA ASSURANCE CO.LTD. <lb/>
			Versus <lb/>
			PURIBEN ALIAS GAYATRIDEVI <lb/>
			C MEHTA <lb/>
			--------------------------------------------------------------<lb/>
			Appearance: <lb/>
			MR RAJNI H MEHTA for Petitioner <lb/>
			MR JITENDRA M PATEL for Respondent No. 1 <lb/>
			MR JS PARMAR for Respondent No. 2, 3 <lb/>
			--------------------------------------------------------------<lb/>
			CORAM : MR.JUSTICE D.C.SRIVASTAVA <lb/>
			Date of decision: 06/04/2000 <lb/>
			ORAL JUDGEMENT <lb/>
			</front>

			<body>1. The New India Assurance Co., opposite party No.3, <lb/>
			in the claim petition, has filed this Appeal challengng <lb/>
			the Award of the Motor Accident Claims Tribunal, Narol, <lb/>
			rendered on 19.1.1984. <lb/>
			2. Brief facts are that Anilkumar Chandrakant Mehta, <lb/>
			doing the work of wireman and dealing in electric goods <lb/>
			purchased some electrical goods. <lb/>
			On 20.6.1980, he was <lb/>
			going in Truck No.GTS 6155 from Vitthal Vadi to Bhimnath. <lb/>
			At about 8.00 or 8.30 p.m. <lb/>
			when he was near village <lb/>
			Barvala the truck overturned. <lb/>
			The deceased who was <lb/>
			sitting over the goods loaded in the truck was crushed <lb/>
			under the iron bars, etc. loaded in the truck. He died <lb/>
			at the spot. The claim petition was preferred by his <lb/>
			legal representatives. <lb/>
			3. The petition was contested by the owner, driver <lb/>
			as well as by the appellant. The plea of the appellant <lb/>
			was that the truck was no doubt insured with the <lb/>
			Insurance Co. <lb/>
			but since the deceased was gratituous <lb/>
			passenger in the said truck hence the Insurance Company <lb/>
			was not liable to pay any compensation. <lb/>
			4. Shri R.H.Mehta, learned Counsel for the appellant <lb/>
			and Shri T.J.Patel, for and on behalf of Shri J.M.Patel <lb/>
			for the respondent No.1 have been heard. <lb/>
			5. Admittedly it was a goods vehicle in which <lb/>
			deceased was travelling along with his goods. The truck <lb/>
			was loaded with iron bars which did not belong to the <lb/>
			deceased. The accident and involvement of the truck <lb/>
			No.GTS 6155 is not disputed by the appellant. <lb/>
			The <lb/>
			appellant however placed reliance upon the Apex Court&apos;s <lb/>
			verdict in Smt. Mallawwa, etc. v/s. Oriental Insurance <lb/>
			Co. Ltd., reported in JT 1998 (8) 217. On the facts <lb/>
			stated above the law laid down by the Apex Court in Smt. <lb/>
			Mallawwa&apos;s case (Supra) is fully applicable to the <lb/>
			present case with all force. It was a goods vehicle in <lb/>
			which the deceased was travelling. <lb/>
			It matters little <lb/>
			that he was travelling with his own electric goods. <lb/>
			Basically the truck was used for carriage of iron bars. <lb/>
			The iron bars did not <lb/>
			belong <lb/>
			to <lb/>
			the <lb/>
			deceased. <lb/>
			Consequently the vehicle cannot be said to have been used <lb/>
			regularly for carriaage of passengers. <lb/>
			If this is so <lb/>
			then the Insurance Company could not be held liable for <lb/>
			payment of any compensation to the respondent No.1. The <lb/>
			Award of the Tribunal against the appellant cannot be <lb/>
			sustained. <lb/>
			6. The Appeal, therefore, succeeds and is hereby <lb/>
			allowed. The impugned order dated 19.1.1984 is quashed <lb/>
			only against the appellant New India Assurance Co.Ltd. <lb/>
			The Award of the Tribunal against opponents No.1 &amp; 2 who <lb/>
			are respondents No.2 &amp; 3 in this Appeal is maintained. <lb/>
			The claimant -respondent No.1 is at liberty to execute <lb/>
			Award against the respondents No.2 &amp; 3 forthwith. The <lb/>
			amount of compensation, cost and interest, if any, <lb/>
			deposited by the appellant, and not disbursed wholly or <lb/>
			partly, shall be refunded to the appellant on proper <lb/>
			application. No order as to costs. <lb/>
			sd/-<lb/>
			Date : April 06, 2000 ( D. C. Srivstava, J. ) <lb/>
			*sas*<lb/> </body>


	</text>
</tei>
