<?xml version="1.0" ?>
<tei xml:space="preserve">
	<teiHeader>
		<fileDesc xml:id="0"/>
	</teiHeader>
	<text xml:lang="en">
			<front>IN THE HIGH COURT OF GUJARAT AT AHMEDABAD <lb/>
			FIRST APPEAL No 460 of 1980 <lb/>
			For Approval and Signature: <lb/>
			Hon&apos;ble MR.JUSTICE D.C.SRIVASTAVA sd/-<lb/>
			============================================================ <lb/>
			1. Whether Reporters of Local Papers may be allowed <lb/>
			: NO <lb/>
			to see the judgements? <lb/>
			No <lb/>
			2. To be referred to the Reporter or not? <lb/>
			No : <lb/>
			3. Whether Their Lordships wish to see the fair copy <lb/>
			: NO <lb/>
			of the judgement? <lb/>
			No <lb/>
			4. Whether this case involves a substantial question <lb/>
			: NO <lb/>
			of law as to the interpretation of the Constitution <lb/>
			of India, 1950 of any Order made thereunder? <lb/>
			No <lb/>
			5. Whether it is to be circulated to the Civil Judge? No : <lb/>
			--------------------------------------------------------------<lb/>
			GUJARAT AGRICULTURAL <lb/>
			UNIVERSITY <lb/>
			Versus <lb/>
			M/S. CONCRETE CONSTRUCTION <lb/>
			--------------------------------------------------------------<lb/>
			Appearance: <lb/>
			MR JR NANAVATI for Petitioner <lb/>
			MR MAULIK BHATT for Respondent No. 1 <lb/>
			--------------------------------------------------------------<lb/>
			CORAM : MR.JUSTICE D.C.SRIVASTAVA <lb/>
			Date of decision: 06/04/2000 <lb/>
			ORAL JUDGEMENT <lb/>
			</front>

			<body>1. This is defendantg&apos;s Appeal against the Judgment <lb/>
			and Decree dated 31.7.1979 of lower court directing the <lb/>
			defendant -appellant to refund a sum of Rs.3,852/-, out <lb/>
			of the total security deposit of Rs.7704/-to the <lb/>
			plaintiff with 6 % interest from the date of the Suit <lb/>
			till payment. <lb/>
			2. List has been revised twice but none appeared for <lb/>
			the respondent. Shri J.R.Nanavati for the appellant has <lb/>
			been heard and the Judgment under Appeal has been <lb/>
			examined. <lb/>
			3. The dispute centers in a very narrow compass. <lb/>
			Findings of the Court below on issue Nos.3 &amp; 5 cannot be <lb/>
			sustained either on law or on fact. The Court below has <lb/>
			categorically observed that it is the plaintiff&apos;s firm <lb/>
			which has committed breach of contract and not the <lb/>
			defendant University. It further observed and found that <lb/>
			&quot;the plaintiff&apos;s firm has failed and neglected to carry <lb/>
			out the construction work according to the terms and <lb/>
			conditions of the contract. Plaintiff firm left the work <lb/>
			half way and has abandoned the same <lb/>
			without <lb/>
			any <lb/>
			justifiable ground to do so. The excuse put-forth by the <lb/>
			plaintiff firm for not carrying out the Suit construction <lb/>
			work are most unjustificable and if I may say so, false.&quot; <lb/>
			Still in face of these observations the trial Court <lb/>
			decreed the Suit and directed the defendant to refund <lb/>
			half of the security deposit. The total security deposit <lb/>
			was Rs.7704/-. <lb/>
			In para : 12 of the Judgment the Trial <lb/>
			Court further observed that the plaintiff firm would <lb/>
			naturally not be entitled to get any amount as refund <lb/>
			from the said security deposit in the normal course. Yet <lb/>
			the trial Court did not indicate what were the abnormal <lb/>
			facts in the case which entitled the contractor plaintiff <lb/>
			to seek refund of half of the security deposit. <lb/>
			4. Even according to the trial Court, clause : 3(a) <lb/>
			of Contract, Ex.45, entitled the Director, Purchase and <lb/>
			Property on behalf of the defendant -University to <lb/>
			exercise discretion in forfeiting the lesser amount than <lb/>
			the amount actually deposited by the Contractor as <lb/>
			security. If the contract Agreement Ex.45 authorised the <lb/>
			defendant University under clause : 3(a) to forfeit the <lb/>
			security in case of breach of contract the trial Court, <lb/>
			to my mind, was hardly justified in holding that the ends <lb/>
			of justice would be met if the defendant University is <lb/>
			directed to refund a sum of Rs.3852/-out of the total <lb/>
			deposit. <lb/>
			This discretion was exercised by the trial <lb/>
			Court on the pretext of meeting the ends of justice, but <lb/>
			I believe that ends of justice have not been met by this <lb/>
			observation rather the ends of justice <lb/>
			have <lb/>
			been <lb/>
			frustrated once the trial Court itself observed that the <lb/>
			defendant University who is appellant, was entitled to <lb/>
			forfeit the earnest money or security in case the <lb/>
			contract was not completed in accordance with the order. <lb/>
			Thus, on facts the findings recorded by the trial Court <lb/>
			are found perverse and patently illegal. <lb/>
			5. So far as legal aspect is concerned the trial <lb/>
			Court has taken shelter behind Section 74 of the Indian <lb/>
			Contract Act. This section hardly applies to the facts <lb/>
			of the case. <lb/>
			The defendant University never complained <lb/>
			or claimed or filed Suit for recovery of damages for <lb/>
			breach of 
			contract. <lb/>
			Consquentlyy this section was <lb/>
			unnecessarily quoted by the trial Court and on the <lb/>
			strength of this section in the Contract Act the Judgment <lb/>
			and Decree of the trial Court cannot be sustained. <lb/>
			6. In view of above discussion the Judgment and <lb/>
			Decree of the trial court are illegal hence the same <lb/>
			cannot be maintained. The Appeal, therefore, succeeds and <lb/>
			is allowed. The Judgment and Decree of the trial Court <lb/>
			dated 31.7.1979 are hereby set aside. No order as to <lb/>
			costs. <lb/>
			sd/-<lb/>
			Date : April 06, 2000 ( D. C. Srivastava, J. ) <lb/>
			*sas*<lb/> </body>


	</text>
</tei>
