<?xml version="1.0"?>
<tei xml:space="preserve">
	<teiHeader>
		<fileDesc xml:id="0" />
	</teiHeader>
	<text xml:lang="en">
		<front>
			HIGH COURT OF JUDICATURE FOR RAJASTHAN
			<lb />
			BENCH AT JAIPUR
			<lb />
			S.B. Criminal Miscellaneous (Petition) No. 6990/2018
			<lb />
			Hansram S/o Shri Aneksingh B/c Gurjar
			<lb />
			----Petitioner
			<lb />
			Versus
			<lb />
			State Of Rajasthan Through Pp
			<lb />
			----Respondent
			<lb />
			For Petitioner(s)
			<lb />
			: Mr. Dushyant Jain
			<lb />
			For Respondent(s)
			<lb />
			: Mr. V.S. Godara, PP
			<lb />
			HON&apos;BLE MR. JUSTICE KANWALJIT SINGH AHLUWALIA
			<lb />
			Order
			<lb />
			31/01/2019
			<lb />
			To Be Mentioned
			<lb />
		</front>
		<body>
			Office has pointed out that the cause title has been
			<lb />
			wrongly typed in the order dated 24.01.2019.
			<lb />
			Registry is directed to correct the cause title and after
			<lb />
			correction is carried, corrigendum be issued, if required.
			<lb />
			A further direction is issued to the Registry to make
			<lb />
			corrections in the order already uploaded in the website.
			<lb />
			(KANWALJIT SINGH AHLUWALIA),J
			<lb />
			Heena/187
		</body>
	</text>
</tei>
