<?xml version="1.0"?>
<tei xml:space="preserve">
	<teiHeader>
		<fileDesc xml:id="0" />
	</teiHeader>
	<text xml:lang="en">
		<page>
			1
		</page>
		<front>
			<lb />
			IN THE SUPREME COURT OF INDIA
			<lb />
			INHERENT JURISDICTION
			<lb />
			REVIEW PETITION (CIVIL) D. NO. 28176 OF 2020
			<lb />
			IN
			<lb />
			SPECIAL LEAVE PETITION (CIVIL) NO.17673 OF 2014
			<lb />
			RAM GOPAL
			<lb />
			…Petitioner
			<lb />
			Versus
			<lb />
			THE JOINT SECRETARY DEVELOPMENT AND
			<lb />
			…Respondents
			<lb />
			PANCHAYAT DEPARTMENT AND ANR.
			<lb />
			O R D E R
			<lb />
		</front>
		<body>
			<lb />
			There is delay of 2323 days in preferring the instant Review Petition. We have
			<lb />
			gone through the contents of the application seeking condonation of delay. The
			<lb />
			explanation offered is far from being satisfactory. The application for condonation
			<lb />
			of delay is, therefore, rejected.
			<lb />
			Consequently, the Review Petition stands rejected on the ground of delay.
			<lb />
			…………………………J.
			<lb />
			[Uday Umesh Lalit]
			<lb />
			…………………………J.
			<lb />
			[L. Nageswara Rao]
			<lb />
			…………………………J.
			<lb />
			[Vineet Saran]
			<lb />
			New Delhi;
			<lb />
			December 14, 2021.
		</body>
		<note place="footnote">
			<lb />
			Digitally signed by Dr.
			<lb />
			Mukesh Nasa
			<lb />
			Date: 2021.12.17
			<lb />
			15:51:58 IST
			<lb />
			Reason:
			<lb />
			Signature Not Verified
		</note>
	</text>
</tei>
