<?xml version="1.0"?>
<tei xml:space="preserve">
	<teiHeader>
		<fileDesc xml:id="0" />
	</teiHeader>
	<text xml:lang="en">
		<front>
			HIGH COURT OF SIKKIM
			<lb />
			Record of proceedings through Video Conferencing
			<lb />
			Crl Rev.P. No.03 of 2020
			<lb />
			STATE OF SIKKIM THROUGH VIGILANCE DEPARTMENT
			<lb />
			.... PETITIONER
			<lb />
			VERSUS
			<lb />
			ASAL KUMAR THAPA &amp; ORS. .... RESPONDENTS
			<lb />
			Date:15.10.2020
			<lb />
			CORAM
			<lb />
			HON&apos;BLE MR. JUSTICE BHASKAR RAJ PRADHAN, J.
			<lb />
			For Petitioner
			<lb />
			:
			<lb />
			Dr. Doma T. Bhutia, Public Prosecutor.
			<lb />
			Mr. S. K. Chettri, Additional Public Prosecutor.
			<lb />
			For Respondents:
			<lb />
			Mr. Ajay Rathi, Advocate,
			<lb />
			No. 1, 2 and 3.
			<lb />
			..........
			<lb />
		</front>
		<body>
			I.A. No.02 of 2020
			<lb />
			This is an application for placing on record the charge
			<lb />
			sheet as well as the statements recorded under Section 161 of
			<lb />
			the Code of Criminal Procedure, 1973 of prosecution
			<lb />
			witnesses before the learned Special Judge. Considered. The
			<lb />
			application is allowed. The documents are taken on record.
			<lb />
			The application is disposed of.
			<lb />
			Crl Rev.P. No.03 of 2020
			<lb />
			Heard Dr. Doma T. Bhutia, learned Public Prosecutor
			<lb />
			assisted by Mr. S. K. Chettri, learned Additional Public
			<lb />
			Prosecutor and Mr. Ajay Rathi, learned counsel for the
			<lb />
			respondent nos. 1, 2 and 3.
			<lb />
			Order reserved.
			<lb />
		</body>
		<note place="footnote">
			Judge
			<lb />
			Index: yes/No
			<lb />
			to/
			<lb />
			Internet: yes/No
			<lb />
			BHASKAR
			<lb />
			RAJ
			<lb />
			PRADHAN
			<lb />
			Digitally signed
			<lb />
			by BHASKAR RAJ
			<lb />
			PRADHAN
			<lb />
			Date: 2020.10.16
			<lb />
			10:33:33 +05&apos;30&apos;
		</note>
	</text>
</tei>
