<?xml version="1.0"?>
<tei xml:space="preserve">
	<teiHeader>
		<fileDesc xml:id="0" />
	</teiHeader>
	<text xml:lang="en">
		<front>
			$~12
			<lb />
			*
			<lb />
			IN THE HIGH COURT OF DELHI AT NEW DELHI
			<lb />
			%
			<lb />
			Date of decision: 17.05.2021
			<lb />
			+
			<lb />
			W.P.(C) 5277/2021
			<lb />
			RKKR FOUNDATION
			<lb />
			.....Petitioner
			<lb />
			Through: Mr. Rohit Jain with Mr. Aniket D.
			<lb />
			Agrawal, Advocates.
			<lb />
			versus
			<lb />
			NATIONAL FACELESS ASSESSMENT CENTRE DELHI
			<lb />
			(EARLIER NATIONAL EASSESSMENT CENTRE DELHI) &amp;
			<lb />
			ANR.
			<lb />
			.....Respondents
			<lb />
			Through: Mr. Puneet Rai, Sr. Standing
			<lb />
			Counsel with Ms. Adeeba Mujahid and Ms.
			<lb />
			Niharika Rathore, Advocates.
			<lb />
			CORAM:
			<lb />
			HON&apos;BLE MR. JUSTICE RAJIV SHAKDHER
			<lb />
			HON&apos;BLE MR. JUSTICE TALWANT SINGH
			<lb />
			[Court hearing convened via video-conferencing on account of COVID-19]
			<lb />
			RAJIV SHAKDHER, J.: (ORAL)
			<lb />
			CM APPL. 16238/2021
			<lb />
			1.
			<lb />
			Allowed, subject to just exceptions.
			<lb />
			CM APPL. 16239/2021
			<lb />
			2.
			<lb />
			The prayer made in the captioned application is to grant exemption
			<lb />
			from filing requisite court-fee and sworn/notarised/affirmed affidavit(s)
			<lb />
			along with the writ petition. The prayer made in the captioned application
			<lb />
		</front>
		<note place="footnote">
			By:VIPIN KUMAR RAI
			<lb />
			Signing Date:22.05.2021
			<lb />
			18:14:21
			<lb />
			Signature Not Verified
			<lb />
		</note>
		<note place="footnote">
			W.P.(C)5277/2021
			<lb />
		</note>
		<page>
			Page 1 of 7
			<lb />
		</page>
		<body>
			is allowed, subject to the petitioner depositing the requisite court-fee and
			<lb />
			filing sworn/notarised/affirmed affidavit(s), within three days of the
			<lb />
			resumption of the normal and usual work pattern by this court.
			<lb />
			3.
			<lb />
			The application is, accordingly, disposed of.
			<lb />
			W.P.(C) 5277/2021 and CM APPL. 16237/2021
			<lb />
			4.
			<lb />
			Issue notice.
			<lb />
			4.1 Mr. Puneet Rai, accepts notice on behalf of the respondents. Mr.
			<lb />
			Rai says that, in view of the directions that we propose to pass, he does
			<lb />
			not wish to file a counter-affidavit/reply and that he would argue the
			<lb />
			matter based on the record, presently, available before us.
			<lb />
			4.2. Given the fact that the respondent no. 1 is located in the National
			<lb />
			Capital Territory of Delhi [in short &quot;Delhi&quot;], Mr. Rai cannot, but accept,
			<lb />
			that this Court would have the jurisdiction in the matter, though, the
			<lb />
			discretion to entertain the same, would vest with the Court.
			<lb />
			4.3. In our view, we are inclined to exercise jurisdiction in the matter, as
			<lb />
			this would, one way or the other, conclude the matter. It would save time
			<lb />
			and expense both, for the revenue, as well as the assessee and lend
			<lb />
			certainty as to how parties are to proceed further in the matter.
			<lb />
			Preface: -
			<lb />
			5.
			<lb />
			This writ petition is directed against the assessment order dated
			<lb />
			30.04.2021, passed by respondent no. 1, in exercise of powers under
			<lb />
			Section 143(3) read with Section 144B of the Income Tax Act, 1961 (in
			<lb />
			short &apos;the Act&apos;).
			<lb />
			5.1 The impugned assessment order concerns assessment year 2018-
			<lb />
		</body>
		<note place="footnote">
			By:VIPIN KUMAR RAI
			<lb />
			Signing Date:22.05.2021
			<lb />
			18:14:21
			<lb />
			Signature Not Verified
			<lb />
		</note>
		<note place="footnote">
			W.P.(C)5277/2021
			<lb />
		</note>
		<page>
			Page 2 of 7
			<lb />
		</page>
		<body>
			2019.
			<lb />
			5.2 Apart from the aforesaid, challenge is also laid by the petitioner to
			<lb />
			the notice of demand dated 30.04.2021 issued under Section 156 and the
			<lb />
			notice for initiation of penalty proceedings issued under Section 274 read
			<lb />
			with Section 270A of the Act of even date, i.e., 30.04.2021.
			<lb />
			Background facts:
			<lb />
			6. For the disposal of the writ petition, the following relevant facts are
			<lb />
			required to be noted:
			<lb />
			(i)
			<lb />
			The petitioner had filed its return concerning the aforementioned
			<lb />
			assessment year, i.e., 2018-2019 on 03.10.2018.
			<lb />
			(ii) The petitioner was issued notice under Section 143(2) of the Act on
			<lb />
			23.09.2019.
			<lb />
			Consequently, the petitioner&apos;s return was scrutinised
			<lb />
			pursuant to the said notice. The petitioner filed its reply on 05.11.2019.
			<lb />
			7.
			<lb />
			Furthermore, the petitioner was also issued notices under Section
			<lb />
			142(1) of the Act between 11.12.2020 and 21.01.2021. The petitioner
			<lb />
			claims that it had filed replies qua various issues raised in the said notices.
			<lb />
			7.1 In this behalf, petitioner has adverted to replies dated 28.12.2020,
			<lb />
			14.01.2021, 16.01.2021, 20.01.2021 and 21.01.2021.
			<lb />
			7.2 It appears, the petitioner was also served with another notice under
			<lb />
			Section 142(1) of the Act on 05.03.2021, to which, the petitioner, once
			<lb />
			again, claims that replies dated 12.03.2021 and 24.03.2021, were
			<lb />
			submitted.
			<lb />
			8.
			<lb />
			It is in this background; respondent no. 1 issued a show cause
			<lb />
			notice-cum-draft assessment dated 22.04.2021. Via this show cause
			<lb />
		</body>
		<note place="footnote">
			By:VIPIN KUMAR RAI
			<lb />
			Signing Date:22.05.2021
			<lb />
			18:14:21
			<lb />
			Signature Not Verified
			<lb />
		</note>
		<note place="footnote">
			W.P.(C)5277/2021
			<lb />
		</note>
		<page>
			Page 3 of 7
			<lb />
		</page>
		<body>
			notice, the petitioner was called upon to file its objections qua the same
			<lb />
			by 27.04.2021.
			<lb />
			9.
			<lb />
			Pertinently, on 24.04.2021, the Central Board of Direct Taxes
			<lb />
			(CBDT) extended timelines for certain set of compliances required to be
			<lb />
			made by the assessees&apos; under the Act.
			<lb />
			10. Insofar as the assessment proceedings were concerned, the timeline
			<lb />
			was extended till 30.06.2021.
			<lb />
			11. Since the time granted to the petitioner, to respond to the show
			<lb />
			cause notice dated 22.04.2021, was short, a request for accommodation of
			<lb />
			15 days was made by it, via a formal application, on 27.04.2021. The
			<lb />
			application was submitted through the designated e-portal; the receipt of
			<lb />
			application is, thus, not disputed.
			<lb />
			11.1 However, it appears that respondent no. 1 neither rejected the
			<lb />
			request for accommodation, nor did it allow the same, and instead,
			<lb />
			proceeded to pass the impugned assessment order dated 30.04.2021.
			<lb />
			12. Furthermore, as noted above, respondent no. 1 also issued notice of
			<lb />
			demand and a notice for initiation of penalty proceedings, via two
			<lb />
			separate orders of even date.
			<lb />
			13. It is in these circumstances that the petitioner has approached the
			<lb />
			Court via the instant writ petition.
			<lb />
			Submissions on behalf of the petitioner:
			<lb />
			14. Mr. Rohit Jain, who appears on behalf of the petitioner, contends
			<lb />
			that the impugned order has been passed in complete breach of principles
			<lb />
			of natural justice.
			<lb />
		</body>
		<note place="footnote">
			By:VIPIN KUMAR RAI
			<lb />
			Signing Date:22.05.2021
			<lb />
			18:14:21
			<lb />
			Signature Not Verified
			<lb />
		</note>
		<note place="footnote">
			W.P.(C)5277/2021
			<lb />
		</note>
		<page>
			Page 4 of 7
			<lb />
		</page>
		<body>
			14.1 It is Mr. Jain&apos;s contention that the petitioner had asked for personal
			<lb />
			hearing via its application dated 27.04.2021, which was not granted, apart
			<lb />
			from respondent no. 1&apos;s unreasonable approach in not accommodating the
			<lb />
			petitioner, although the limitation for passing the assessment order had
			<lb />
			been extended by the CBDT till 30.06.2021.
			<lb />
			Submissions on behalf of the respondents:
			<lb />
			15. Mr. Puneet Rai, who appears on behalf of the respondents, has
			<lb />
			contended that, as noted above by the Court, and upon perusal of the
			<lb />
			record, it is clear that several opportunities were given to the petitioner to
			<lb />
			respond qua various issues.
			<lb />
			15.1 Mr. Rai, thus, contended that merely because the respondent no. 1
			<lb />
			did not respond to the petitioner&apos;s request for accommodation made via
			<lb />
			the application dated 27.04.2021, it could not be said that there was a
			<lb />
			breach of principles of natural justice.
			<lb />
			Analysis and Reasons:
			<lb />
			16. We have heard the learned counsel for the parties and have perused
			<lb />
			the record.
			<lb />
			16.1 According to us, what has emerged clearly is that, a request for
			<lb />
			accommodation was made by the petitioner on 27.04.2021, wherein a
			<lb />
			reference was made to the CBDT circular dated 24.04.2021, whereby, the
			<lb />
			limitation for passing the assessment order had been extended till
			<lb />
			30.06.2021.
			<lb />
			16.2 The respondent no. 1, in our opinion, at that juncture, had two
			<lb />
			options;
			<lb />
		</body>
		<note place="footnote">
			By:VIPIN KUMAR RAI
			<lb />
			Signing Date:22.05.2021
			<lb />
			18:14:21
			<lb />
			Signature Not Verified
			<lb />
		</note>
		<note place="footnote">
			W.P.(C)5277/2021
			<lb />
		</note>
		<page>
			Page 5 of 7
			<lb />
		</page>
		<body>
			(i)
			<lb />
			First, to decline the request for accommodation; which may,
			<lb />
			possibly, have been unreasonable, given the fact that the limitation had
			<lb />
			been extended till 30.06.2021.
			<lb />
			(ii) Second, which was perhaps a more reasonable and equitable option,
			<lb />
			was to give, if not fifteen days, at least a little leeway to the petitioner to
			<lb />
			respond to the show cause notice dated 22.04.2021.
			<lb />
			16.3 The submission of Mr. Rai that since a notice under Section 143(2)
			<lb />
			was issued followed by several notices under Section 142 (1) of the Act,
			<lb />
			and therefore, no further time was required to be granted by respondent
			<lb />
			no. 1 to the petitioner, in our opinion, is a submission that is completely
			<lb />
			untenable.
			<lb />
			16.4. The reason we say so, is that once respondent no. 1 issued a show
			<lb />
			cause notice-cum-draft assessment order calling upon the petitioner to file
			<lb />
			its objections qua the same, this argument cannot be taken on behalf of
			<lb />
			respondent no. 1 in view of the fact that the impugned show cause notice-
			<lb />
			cum-draft assessment order dated 22.04.2021 has brought about a
			<lb />
			variation in the returned income of the petitioner.
			<lb />
			Conclusion:
			<lb />
			17. Therefore, for the foregoing reasons, we are inclined to allow the
			<lb />
			writ petition. It is ordered accordingly. The impugned assessment order,
			<lb />
			the notice of demand and the notice for initiation of penalty proceedings,
			<lb />
			are quashed.
			<lb />
			17.1. Liberty is, however, granted to respondent no. 1 to pass a fresh
			<lb />
			assessment order after giving an opportunity of a personal hearing to the
			<lb />
		</body>
		<note place="footnote">
			By:VIPIN KUMAR RAI
			<lb />
			Signing Date:22.05.2021
			<lb />
			18:14:21
			<lb />
			Signature Not Verified
			<lb />
		</note>
		<note place="footnote">
			W.P.(C)5277/2021
			<lb />
		</note>
		<page>
			Page 6 of 7
			<lb />
		</page>
		<body>
			authorised representative of the petitioner, qua the show cause notice-
			<lb />
			cum-draft assessment dated 22.04.2021. While granting the personal
			<lb />
			hearing, the respondent no. 1 will inter alia bear in mind the provisions of
			<lb />
			Clauses (vii) to (xii) of Section 144B (7) of the Act.
			<lb />
			17.2. Respondent no. 1 will, thus, serve upon the petitioner, a written
			<lb />
			notice indicating therein, the date and time as to when the hearing will be
			<lb />
			convened, albeit via virtual mode, given the fact that the pandemic is
			<lb />
			raging in Delhi.
			<lb />
			17.3. Needless to add, once the assessment proceedings are concluded, a
			<lb />
			copy of the assessment order will also be served upon the petitioner.
			<lb />
			17.4. To hasten the proceedings, the petitioner is directed to file its
			<lb />
			objections, if any, to the show cause notice-cum-draft assessment order
			<lb />
			dated 22.04.2021 within seven days of receiving a copy of the order
			<lb />
			passed today.
			<lb />
			18. The writ petition and the pending application are disposed of in the
			<lb />
			aforesaid terms. Parties will act on the digitally signed copy of the order.
			<lb />
			RAJIV SHAKDHER, J.
			<lb />
			TALWANT SINGH, J.
			<lb />
			MAY 17, 2021
			<lb />
			tr/sh
			<lb />
			Click here to check corrigendum, if any
		</body>
		<note place="footnote">
			By:VIPIN KUMAR RAI
			<lb />
			Signing Date:22.05.2021
			<lb />
			18:14:21
			<lb />
			Signature Not Verified
			<lb />
		</note>
		<note place="footnote">
			W.P.(C)5277/2021
			<lb />
		</note>
		<page>
			Page 7 of 7
			<lb />
		</page>
	</text>
</tei>
