<?xml version="1.0"?>
<tei xml:space="preserve">
	<teiHeader>
		<fileDesc xml:id="0" />
	</teiHeader>
	<text xml:lang="en">
		<front>
			HIGH COURT OF JUDICATURE FOR RAJASTHAN AT
			<lb />
			JODHPUR
			<lb />
			S.B. Civil Writ Petition No. 17450/2018
			<lb />
			M/s. Sri Ram Marble Company, Through Its Proprietor Vijay
			<lb />
			Ladha Son Of Late Shri Satya Narayan Ladha, Aged 48 Years, By
			<lb />
			Caste Maheshwari, Resident Of Ramdeora Mohalla, Tehsil
			<lb />
			Makrana, Dist.-Nagaur (Raj.).
			<lb />
			----Petitioner
			<lb />
			Versus
			<lb />
			1.
			<lb />
			Ajmer Vidhyut Vitran Nigam Limited, Through Its
			<lb />
			Chairman And Managing Director, Avvnl, Ajmer (Raj.).
			<lb />
			2.
			<lb />
			Corporate Level Grievance Redressal Cum Settlement
			<lb />
			Forum, Through Its Chairman And Managing Director,
			<lb />
			Ajmer Vidhyut Vitran Nigam Limited.
			<lb />
			3.
			<lb />
			Superintending Engineer, Ajmer Vidhyut Vitran Nigam
			<lb />
			Limited, Nagaur.
			<lb />
			4.
			<lb />
			Executive Engineer, (O And M), Ajmer Vidhyut Vitran
			<lb />
			Nigam Limited Makrana, Dist.-Nagaur.
			<lb />
			5.
			<lb />
			Assistant Engineer (City), Ajmer Vidhyut Vitran Nigam
			<lb />
			Limited, Makrana, Dist.-Nagaur (Raj.).
			<lb />
			----Respondents
			<lb />
			For Petitioner(s)
			<lb />
			: Mr. Piyush Bhandari
			<lb />
			For Respondent(s)
			<lb />
			: Mr. Dhanesh Sarswat
			<lb />
			HON&apos;BLE DR. JUSTICE PUSHPENDRA SINGH BHATI
			<lb />
			Order
			<lb />
			02/05/2019
			<lb />
		</front>
		<body>
			1.
			<lb />
			The petitioner has preferred this writ petition claiming
			<lb />
			the following reliefs:
			<lb />
			&quot;(i) to quash and set aside the order dated 22.06.2018 whereby
			<lb />
			a non-speaking and perverse order has been passed by the
			<lb />
			Corporate level grievance redressal cum settlement forum
			<lb />
			without considering the detailed representation submitted by the
			<lb />
			petitioner.
			<lb />
			(ii) to quash and set aside the impugned illegal demand raised
			<lb />
			through electricity bill for an amount of Rs.13,34,878/-by
			<lb />
		</body>
		<page>
			(2 of 6)
			<lb />
		</page>
		<note place="headnote">
			[CW-17450/2018]
			<lb />
		</note>
		<body>
			respondent for the month of Nov. 2014 on the basis of MCO
			<lb />
			No.39095.
			<lb />
			(iii) to quash and set aside the order dated 16.05.2015 whereby
			<lb />
			the electricity supply connection of the petitioner business unit
			<lb />
			was disconnected.
			<lb />
			(iv) to direct the respondent to restore the electricity supply
			<lb />
			connection of the petitioner firm for regular running the business
			<lb />
			of marble.
			<lb />
			(v) Any other appropriate order or direction, which this Hon&apos;ble
			<lb />
			Court consider just, fit and proper in the facts and circumstances
			<lb />
			of the case, may kindly be passed in favour of the petitioner.&quot;
			<lb />
			2.
			<lb />
			Brief facts of the case, as noticed by this Court are that
			<lb />
			the petitioner was carrying on the business of marble through his
			<lb />
			sole proprietorship concern since 1976. The petitioner-Firm is
			<lb />
			holding commercial electricity connection whose sanctioned load is
			<lb />
			of 19 Kilowatt in NDSLT category for regular running of business of
			<lb />
			the Firm. The electricity account number of the petitioner-Firm is
			<lb />
			0807/0286, which was being used for running the business of
			<lb />
			petitioner-Firm. The connection was running till 16.05.2015. The
			<lb />
			petitioner had claimed that he was not utilizing the sanctioned
			<lb />
			load of 19 Kilowatt due to non-availability of the water in tubewell
			<lb />
			and was using motor of 7½ H.P. only. The change of meter in the
			<lb />
			premises of the Firm was undertaken by MCO (Meter Change
			<lb />
			Order) No.39095 as issued by the respondents authorities on
			<lb />
			28.07.2014, whereby the defective meter was removed from the
			<lb />
			premises, wherein the last reading of the meter was 1,99,308
			<lb />
			units, as noted by the Meter Reader.
			<lb />
			3.
			<lb />
			Learned counsel for the petitioner-Firm claims that the
			<lb />
			MCO does not bear signatures of the petitioner, which was
			<lb />
			disputed by the respondents.
			<lb />
			4.
			<lb />
			Learned counsel for the petitioner-Firm submits that on
			<lb />
			a bare perusal of the MCO issued by the respondents authorities,
			<lb />
			it is clearly revealed that figures in the display of the meter were
			<lb />
			cut and were not clearly visible and thus, the meter reader
			<lb />
		</body>
		<page>
			(3 of 6)
			<lb />
		</page>
		<note place="headnote">
			[CW-17450/2018]
			<lb />
		</note>
		<body>
			probably made a mistake while noting 1,99,308 units in the MCO,
			<lb />
			while issuing bill for the month of November, 2014 to the tune of
			<lb />
			Rs.13,34,878/-.
			<lb />
			5.
			<lb />
			Learned counsel for the petitioner-Firm submits that by
			<lb />
			no stretch of imagination, the petitioner-Firm could have
			<lb />
			consumed the electricity of 1,83,919 units, and that the petitioner
			<lb />
			filed an application for correction of the bill on 23.12.2014 with no
			<lb />
			respite.
			<lb />
			6.
			<lb />
			Learned counsel for the petitioner-Firm submits that
			<lb />
			the meter reading on an earlier occasion just before the so called
			<lb />
			faulty reading, which reads as follows:
			<lb />
			7.
			<lb />
			By this document, learned counsel for the petitioner-
			<lb />
			Firm has demonstrated that the petitioner-Firm on the earlier
			<lb />
		</body>
		<page>
			(4 of 6)
			<lb />
		</page>
		<note place="headnote">
			[CW-17450/2018]
			<lb />
		</note>
		<body>
			occasion was consuming lesser electricity i.e. about 1300 units
			<lb />
			approximately and the meter reading itself as in five figures.
			<lb />
			8.
			<lb />
			Learned counsel for the petitioner-Firm submits that on
			<lb />
			a bare perusal, the meter reading, which was existing, touched a
			<lb />
			figure of 15,742 only and thus, could not have suddenly jump to
			<lb />
			1,99,308, which was the meter reading in the MCO dated
			<lb />
			28.07.2014.
			<lb />
			9.
			<lb />
			Learned counsel for the petitioner-Firm was asked to
			<lb />
			submit the bill amount from March, 2014 to May, 2015, which
			<lb />
			reads as follow:
			<lb />
		</body>
		<page>
			(5 of 6)
			<lb />
		</page>
		<note place="headnote">
			[CW-17450/2018]
			<lb />
		</note>
		<body>
			10.
			<lb />
			The bill amount at most was Rs.12,000/-per month,
			<lb />
			and therefore, by no means, it could reach to Rs.13,34,878 for the
			<lb />
			month of November suddenly.
			<lb />
			11.
			<lb />
			Learned counsel for the respondents is not in a position
			<lb />
			to refute the meter reading of the bills provided by the petitioner-
			<lb />
			Firm.
			<lb />
			12.
			<lb />
			Learned counsel for the respondents however, submits
			<lb />
			that the respondents shall go with the meter reading given the
			<lb />
			MCO and cannot reduce the same at the instance of the petitioner.
			<lb />
			13.
			<lb />
			Learned counsel for the respondents has further
			<lb />
			justified the meter reading.
			<lb />
			14.
			<lb />
			After hearing learned counsel for the parties as well as
			<lb />
			perusing the record of the case, this Court finds that by all
			<lb />
			reasonable and prudent indications, the petitioner-Firm&apos;s meter
			<lb />
			reading climbing from 397 on 04.01.2013 to 15,742 on
			<lb />
			13.10.2014 could not have jumped to 1,99,308 in November,
			<lb />
			2014..
			<lb />
			15.
			<lb />
			This Court has also seen the bills of the complete year,
			<lb />
			which recorded maximum billing amount of Rs.12,420/-per
			<lb />
			month, and therefore, even by all the utilization possible, the
			<lb />
			petitioner-Firm could not have reached the amount of
			<lb />
			Rs.13,34,878/-for November, 2014. On the face of the record, it
			<lb />
			is clear that the meter reader has given 1,99,308 instead of
			<lb />
			19,308 and a bill of Rs.13,348/-has been escalated to
			<lb />
			Rs.13,34,878/-. The doctrine of res ipsa loquitur is clearly
			<lb />
			applicable and the petitioner&apos;s version is established on the face of
			<lb />
			the record.
			<lb />
			16.
			<lb />
			By all comparison and perusal of the complete record,
			<lb />
			this Court finds that in the given facts when the respondents are
			<lb />
			not in a position to refute the meter readings earlier recorded as
			<lb />
			well as the bills provided by the petitioner, the present petition
			<lb />
		</body>
		<page>
			(6 of 6)
			<lb />
		</page>
		<note place="headnote">
			[CW-17450/2018]
			<lb />
		</note>
		<body>
			deserves to be allowed and the same is hereby allowed. The
			<lb />
			orders dated 22.06.2018 and 16.05.2015; and the demand raised
			<lb />
			through electricity bill for an amount of Rs.13,34,878/-for the
			<lb />
			month of November, 2014 on the basis of MCO No.39095 are
			<lb />
			hereby quashed and set aside. The petitioner-Firm&apos;s electricity
			<lb />
			connection shall be immediately restored. However, the
			<lb />
			respondents shall be free to raise the bill as per the meter reading
			<lb />
			19,308 and the petitioner shall be required to pay the same.
			<lb />
			(DR. PUSHPENDRA SINGH BHATI),J
			<lb />
			112-Zeeshan/-
		</body>
	</text>
</tei>
