<?xml version="1.0"?>
<tei xml:space="preserve">
	<teiHeader>
		<fileDesc xml:id="0" />
	</teiHeader>
	<text xml:lang="en">
		<front>
			HIGH COURT OF JUDICATURE FOR RAJASTHAN AT
			<lb />
			JODHPUR
			<lb />
			S.B.Writ Review No. 97 / 2013
			<lb />
			1.
			<lb />
			State of Rajasthan through the Secretary, Ground Water
			<lb />
			Department, Government of Rajasthan, Jaipur.
			<lb />
			2.
			<lb />
			The Chief Engineer, Ground Water Department, Jodhpur.
			<lb />
			3.
			<lb />
			The
			<lb />
			Superintendent
			<lb />
			(Hydrogeology),
			<lb />
			Ground
			<lb />
			Water
			<lb />
			Department, Udaipur.
			<lb />
			4.
			<lb />
			The
			<lb />
			Senior
			<lb />
			Hydrogeologist
			<lb />
			(Survery
			<lb />
			&amp;
			<lb />
			Research),
			<lb />
			Chittorgarh.
			<lb />
			----Petitioner
			<lb />
			Versus
			<lb />
			Ashok Kumar Bhandari S/o Late Shri Nand Lal Bhandari, R/o 3-C-
			<lb />
			04, RC Vyas Colony, Bhilwara, Working as Technical Assistant
			<lb />
			(Hydrogeology), Ground Water Department,
			<lb />
			----Respondent
			<lb />
			_____________________________________________________
			<lb />
			For Petitioner(s) : Mr. K.L. Thakur, AAG with
			<lb />
			Mr. K.L. Bishnoi, Asst to AAG
			<lb />
			For Respondent(s) : Mr. Ashok Choudhary,.
			<lb />
			_____________________________________________________
			<lb />
			HON&apos;BLE MR. JUSTICE GOPAL KRISHAN VYAS
			<lb />
			Order
			<lb />
			27/01/2017
			<lb />
		</front>
		<body>
			The instant review petition has been filed after a delay of
			<lb />
			680 days to review the order dated 07.01.2011 passed in SBCWP
			<lb />
			No.23/2011 in which following order was passed:-
			<lb />
			&quot;In this view of the matter, I am of the
			<lb />
			opinion that the rejection of petitioner&apos;s case by
			<lb />
			the respondents is totally against the aforesaid
			<lb />
			judgment of this Court, therefore, the petitioner
			<lb />
			is
			<lb />
			hereby
			<lb />
			granted
			<lb />
			liberty
			<lb />
			to
			<lb />
			file
			<lb />
			fresh
			<lb />
			representation before the competent authority
			<lb />
			while annexing the copy of the aforesaid
			<lb />
			judgment, upon filing such representation, the
			<lb />
		</body>
		<page>
			(2 of 3)
			<lb />
		</page>
		<note place="headnote">
			[WRW-97/2013]
			<lb />
		</note>
		<body>
			competent authority is directed to decide the
			<lb />
			representation of the petitioner in the light of
			<lb />
			aforesaid judgment of Jawala Singh (supra)
			<lb />
			rendered by the Coordinate Bench of this Court
			<lb />
			within a period of two months from the date of
			<lb />
			filing representation. It is also made clear that
			<lb />
			earlier order passed by the respondents will not
			<lb />
			come in the way of the petitioner to decide the
			<lb />
			matter afresh.
			<lb />
			With the aforesaid observation/direction,
			<lb />
			this writ petition is disposed of.&quot;
			<lb />
			Upon perusal of the above order, it is abundantly clear that
			<lb />
			no direction were given to provide appointment to the petitioner.
			<lb />
			The only direction was to consider the representation of the
			<lb />
			petitioner in the light of judgment of Jwala Singh&apos;s case passed in
			<lb />
			S.B. Civil Writ Petition No.3623/2006 decided on 11.12.2006.
			<lb />
			Against the judgment impugned, special appeal filed by the
			<lb />
			State was dismissed by the Division Bench of this Court while
			<lb />
			observing that it is open for the appellant to file appeal in case
			<lb />
			necessity arises as against the order impugned. The only liberty
			<lb />
			was given to the appellant to file appeal in case necessity arises
			<lb />
			against the impugned order.
			<lb />
			Learned Addl. Advocate General submits that in case of
			<lb />
			Jawala Singh (supra), special leave petition was preferred before
			<lb />
			the Hon&apos;ble Supreme Court in which while dismissing the same,
			<lb />
			some observations were made to decide the question of law, if
			<lb />
			occasion arises in future.
			<lb />
		</body>
		<page>
			(3 of 3)
			<lb />
		</page>
		<note place="headnote">
			[WRW-97/2013]
			<lb />
		</note>
		<body>
			In view of above, no case is made out to review the order
			<lb />
			dated 07.01.2011 passed in S.B. Civil Writ Petition No.23/2011 by
			<lb />
			this Court. Therefore, the instant review petition is hereby
			<lb />
			dismissed.
			<lb />
			(GOPAL KRISHAN VYAS)J.
			<lb />
			sudhir
		</body>
	</text>
</tei>
