<?xml version="1.0"?>
<tei xml:space="preserve">
	<teiHeader>
		<fileDesc xml:id="0" />
	</teiHeader>
	<text xml:lang="en">
		<front>
			HIGH COURT OF JUDICATURE FOR RAJASTHAN BENCH AT
			<lb />
			JAIPUR
			<lb />
			S.B.Civil Writ Petition No. 2495 / 2017
			<lb />
			Pradeep Kumar Sharma son of Shri Ganpat Lal Sharma, by Caste
			<lb />
			Brahmin, aged about 36 years, Plot No. 72, Shyam Vihar Colony,
			<lb />
			Near Anokha Gaon Hotel, Sikar Road, Jaipur (Raj.)
			<lb />
			----Petitioner
			<lb />
			Versus
			<lb />
			1. State of Rajasthan through Law Secretary,, Government
			<lb />
			Secretariat, Jaipur (Raj.)
			<lb />
			2. District &amp; Session Judge, Jaipur Metropolitan, Jaipur (Raj.)
			<lb />
			----Respondents
			<lb />
			_____________________________________________________
			<lb />
			For Petitioner(s) : Mr. Nawal Singh Sikarwar, Adv.
			<lb />
			For Respondent(s) :
			<lb />
			_____________________________________________________
			<lb />
			HON&apos;BLE MR. JUSTICE VEERENDR SINGH SIRADHANA
			<lb />
			Order
			<lb />
			22/02/2017
			<lb />
		</front>
		<body>
			By order dated 8 th February, 2017, the pending
			<lb />
			representation of the petitioner was disposed off vide impugned
			<lb />
			order dated 8 th February, 2017, in compliance of the order made
			<lb />
			by this Court on earlier writ petition instituted by the petitioner; of
			<lb />
			which he is aggrieved of.
			<lb />
			2.
			<lb />
			Briefly, the essential material facts necessary for appreciation
			<lb />
			of the controversy raised are that the petitioner was appointed on
			<lb />
			26 th March, 2003, in the cadre of Class-IV Employees, as reflected
			<lb />
			from the seniority list as on 1 st December, 2012, wherein name of
			<lb />
			the petitioner finds place at serial number 139. It is pleaded case
			<lb />
			of the petitioner that while junior persons to him were accorded
			<lb />
		</body>
		<page>
			(2 of 14)
			<lb />
		</page>
		<note place="headnote">
			[CW-2495/2017]
			<lb />
		</note>
		<body>
			promotion to the post of Lower Divisional Clerk (for short &quot;LDC&quot;),
			<lb />
			from that of Peon vide order dated 9 th June, 2015, the petitioner
			<lb />
			was deprived of the same relief, in an illegal and arbitrary manner
			<lb />
			on the pretext for want of required educational qualification of
			<lb />
			computer course, and therefore, instituted S.B. Civil Writ Petition
			<lb />
			Number 10932/2015, which was disposed of by this Court on 5 th
			<lb />
			January, 2017, with a direction to the respondents to decide his
			<lb />
			pending representation. The respondents have declined the
			<lb />
			promotion to the petitioner rejecting his representation vide
			<lb />
			impugned order dated 8 th February, 2017, and therefor, has
			<lb />
			instituted the writ application again before this Court.
			<lb />
			3.
			<lb />
			Learned counsel for the petitioner reiterating the pleaded
			<lb />
			facts and grounds of the memo of the writ application
			<lb />
			emphatically asserted that the vacancies which were advertised
			<lb />
			vide advertisement dated 9 th March, 2014, were of the year 2012-
			<lb />
			13, and therefore, ought to have been filled up in accordance with
			<lb />
			the Rajasthan Subordinate Court Ministerial Establishment Rules,
			<lb />
			1986 (hereinafter referred to as &quot;the Rules of 1986&quot;).
			<lb />
			4.
			<lb />
			Mr. Nawal Singh Sikarwar, Advocate, further contended that
			<lb />
			the petitioner at present is in possession of the essential
			<lb />
			educational qualifications of computer course as would be evident
			<lb />
			from the certificate issued by Vardhman Mahaveer Open
			<lb />
			University, Kota, dated 5 th February, 2016.
			<lb />
			5.
			<lb />
			Referring the order dated 9 th June, 2015, learned counsel
			<lb />
			would submit that persons junior to the petitioner, namely, Shyam
			<lb />
			Babu Sharma, Shankar Lal Raiger and Ajay Singh, have been
			<lb />
			accorded promotion from the post of Peon to the post of LDC
			<lb />
		</body>
		<page>
			(3 of 14)
			<lb />
		</page>
		<note place="headnote">
			[CW-2495/2017]
			<lb />
		</note>
		<body>
			ignoring the claim of the petitioner.
			<lb />
			6.
			<lb />
			Counsel further stated that the Amendment in the Rules of
			<lb />
			1986 was carried out with effect from 7 th March, 2014, and
			<lb />
			vacancies were advertised on 9 th March, 2014. Thus, it can
			<lb />
			logically be inferred that these vacancies were of the year 2012-
			<lb />
			13 and/or prior to the amendment dated 7 th March, 2014;
			<lb />
			therefore, were required to be filled up to the extent of 15%, in
			<lb />
			accordance with the amended Rules of 1986. In order to fortify his
			<lb />
			stand, he has relied upon the opinion of the Supreme Court in the
			<lb />
			case of Y.V. Rangaiah and others Versus J. Sreenivasa Rao and
			<lb />
			others: 1983 (3) SCC 284; State of Rajasthan Versus R. Dayal and
			<lb />
			others: 1997 (10) SCC 419 and opinion of this Court in the case of
			<lb />
			Shanker Lal Verma and 13 others Versus The Rajasthan State
			<lb />
			Electricity Board: 1999 (1) WLC (Raj.) 1; Smt. Leela Dadhich and
			<lb />
			others Versus District &amp; Sessions Judge, Jaipur Metropolitan,
			<lb />
			Jaipur: S.B. Civil Writ Petition Number 6072/2014, decided on 26 th
			<lb />
			May, 2014, and Deva Ram Jat and others Versus The District &amp;
			<lb />
			Sessions Judge, Jaipur Metropolitan, Jaipur and others: S.B. Civil
			<lb />
			Writ Petition Number 3751/2013, decided on 20 th May, 2014.
			<lb />
			7.
			<lb />
			I have heard the learned counsel for the petitioner and with
			<lb />
			his assistance, perused the relevant materials available on record
			<lb />
			as well as gave my thoughtful consideration to the submissions at
			<lb />
			Bar.
			<lb />
			8.
			<lb />
			Indisputably, the Rajasthan Subordinate Court Ministerial
			<lb />
			Establishment Rules, 1986, were amended in the year 2014, as
			<lb />
			would be evident from the notification dated 7 th March, 2014. In
			<lb />
			existence sub-clause (i) of Clause (b) of sub-rule (1) of Rule 10 of
			<lb />
		</body>
		<page>
			(4 of 14)
			<lb />
		</page>
		<note place="headnote">
			[CW-2495/2017]
			<lb />
		</note>
		<front>
			the Rules of 1986, after amendment reads thus:
			<lb />
			&quot;(a) the existing expression &quot;and 40 words per
			<lb />
			minute in English Typing&quot; appearing after the words
			<lb />
			&quot;English Shorthand&quot;, shall be deleted.
			<lb />
			(b) the existing expression &quot;and 30 words per
			<lb />
			minute in Hindi Typing&quot;, appearing after the words
			<lb />
			&quot;Hindi Shorthand&quot;, shall be deleted.
			<lb />
			(II) the existing clause (9) of sub-rule (I) of rule
			<lb />
			10 of the said rules shall be substituted by the
			<lb />
			following:-
			<lb />
			&quot;O&quot; or Higher Level Certificate Course conducted
			<lb />
			by DOEACC under control of the Department of
			<lb />
			Electronics, Government of India;
			<lb />
			Computer Operator &amp; Programming Assistant
			<lb />
			(COPA)/Data Preparation &amp; Computer Software (DPCS)
			<lb />
			certificate organized under National/State council of
			<lb />
			Vocational Training Scheme;
			<lb />
			or
			<lb />
			Diploma
			<lb />
			in
			<lb />
			Computer
			<lb />
			Science/Computer
			<lb />
			Application from any university established by Law in
			<lb />
			India or from an institution recognized by the
			<lb />
			Government;
			<lb />
			or
			<lb />
			Diploma in Computer Science &amp; Engineering from
			<lb />
			a
			<lb />
			Polytechnic
			<lb />
			Institution
			<lb />
			recognized
			<lb />
			by
			<lb />
			the
			<lb />
			Government;
			<lb />
			or
			<lb />
			Rajasthan State Certificate Course in Information
			<lb />
			Technology
			<lb />
			(RSCIT)
			<lb />
			Conducted
			<lb />
			by
			<lb />
			Vardhaman
			<lb />
			Mahaveer Open University, Kota under control of
			<lb />
			Rajasthan Knowledge Corporation Limited;
			<lb />
			or
			<lb />
			Senior Secondary School Examination with
			<lb />
		</front>
		<page>
			(5 of 14)
			<lb />
		</page>
		<note place="headnote">
			[CW-2495/2017]
			<lb />
		</note>
		<front>
			Computer Science as an optional subject;
			<lb />
			or
			<lb />
			Any equivalent or higher qualification.&quot;
			<lb />
			(III) the existing sub-rule (2) of rule 10 of the
			<lb />
			said rules shall be substituted by the following:-
			<lb />
			&quot;(2) a candidate for direct recruitment to the
			<lb />
			general cadre must have passed the Senior Secondary
			<lb />
			Examination of the Rajasthan Board of Secondary
			<lb />
			Education or any Examination of University or Board
			<lb />
			recognized as equivalent thereto by the Government,
			<lb />
			or any higher examination, and must in addition
			<lb />
			possess a good knowledge of Hindi written in Devnagari
			<lb />
			script and must have passed:-
			<lb />
			&quot;O&quot; or Higher Level Certificate Course conducted
			<lb />
			by DOEACC under control of the Department of
			<lb />
			Electronics, Government of India;
			<lb />
			or
			<lb />
			Computer Operator &amp; Programming Assistant
			<lb />
			(COPA)/Data preparation and Computer Software
			<lb />
			(DPCS) Certificate organized under National/State
			<lb />
			Council of Vocational Training Scheme;
			<lb />
			or
			<lb />
			Diploma
			<lb />
			in
			<lb />
			Computer
			<lb />
			Science/Computer
			<lb />
			Applications from a University established by law in
			<lb />
			India or from an institution recognized by the
			<lb />
			Government;
			<lb />
			or
			<lb />
			Rajasthan State Certificate Course in Information
			<lb />
			Technology
			<lb />
			(RSCIT)
			<lb />
			Conducted
			<lb />
			by
			<lb />
			Vardhaman
			<lb />
			Mahaveer Open University, Kota under control of
			<lb />
			Rajasthan Knowledge Corporation Limited;
			<lb />
			or
			<lb />
			Senior Secondary school examination with
			<lb />
			computer science as an optional subject;
			<lb />
		</front>
		<page>
			(6 of 14)
			<lb />
		</page>
		<note place="headnote">
			[CW-2495/2017]
			<lb />
		</note>
		<body>
			or
			<lb />
			any equivalent or higher qualification.&quot;
			<lb />
			Provided that in suitable cases, the High Court
			<lb />
			may relax the
			<lb />
			condition of Computer Application
			<lb />
			qualification for physically disabled persons, who shall
			<lb />
			be eligible for recruitment and appointment to the
			<lb />
			earmarked and reserved posts in accordance with the
			<lb />
			Rajasthan Disabled Persons Employment Rules, 2000
			<lb />
			and orders of the Government issued from time to time
			<lb />
			in this behalf;
			<lb />
			Provided further that for the recruitment to the
			<lb />
			post of Lower Division Clerk by way of promotion from
			<lb />
			the Class IVth employees as provided in Rule 6(b) the
			<lb />
			academic qualification shall be as follows:
			<lb />
			(i)
			<lb />
			For the posts available for promotion upto
			<lb />
			31 st July 2013
			<lb />
			&quot;Secondary from a recognized board or its
			<lb />
			equivalent examination&quot;.
			<lb />
			(ii) For the posts available for promotion after
			<lb />
			31 st July 2013
			<lb />
			&quot;The same as provided for direct recruitment to
			<lb />
			the post of Lower Division Clerk.&quot;
			<lb />
			9.
			<lb />
			It is also not in dispute that advertisement dated 9 th March,
			<lb />
			2014, as available on record, was issued in terms of amended
			<lb />
			Rules of 1986 wherein amended qualifications were specifically
			<lb />
			stipulated under Clause (b), which contemplated the qualification
			<lb />
			of computer course. It would be relevant to take note of contests
			<lb />
			of the relevant part of the advertisement dated 9 th March, 2014,
			<lb />
			which reads thus:
			<lb />
			&quot;(c) dfu&quot;B fyfid %&amp;
			<lb />
		</body>
		<page>
			(7 of 14)
			<lb />
		</page>
		<note place="headnote">
			[CW-2495/2017]
			<lb />
		</note>
		<body>
			1.vkos nd dks jktLFkku ek/;fed f&apos;k{kk cks MZ ls lhfu;j lS d.Mjh
			<lb />
			ijh{kk ;k fo&apos;ofo/kky; ;k cks MZ ls ljdkj }kjk mlds lerq Y; ekU;rk
			<lb />
			iz kIr dks bZ ijh{kk ;k dks bZ mPPrj ijh{kk mRRkh.kZ fd;k gks uk pkfg;s A
			<lb />
			2. vkos nd dks ns oukxjh fyfi es a fgUnh fy[kus rFkk i&lt;+ us dh vPNh
			<lb />
			tkudkjh ds lkFk jktLFkku Hkk&quot;kk dk Kku gks uk pkfg;s A
			<lb />
			3. vkos nd dks fuEukuq lkj mRRkh.kZ gks uk pkfg;s (Candidate must
			<lb />
			have passed)
			<lb />
			&quot;O&quot; or Higher Level Certificate Course conducted by
			<lb />
			DOEACC under control of the Department of
			<lb />
			Electronics, Government of India:
			<lb />
			or
			<lb />
			Computer Operator &amp; Programming Assistant
			<lb />
			(COPA)/Data Preparation &amp; Computer Software (DPCS)
			<lb />
			certificate organized under National/State council of
			<lb />
			Vocational Training Scheme;
			<lb />
			or
			<lb />
			Diploma in Computer Science/Computer Application
			<lb />
			from a university established by Law in India or from an
			<lb />
			institution recognized by the Government;
			<lb />
			or
			<lb />
			Diploma in Computer Science &amp; Engineering from a
			<lb />
			Polytechnic Institution recognized by the Government;
			<lb />
			or
			<lb />
			Rajasthan State Certificate Course in Information
			<lb />
			Technology (RSCIT) Conducted by Vardhaman
			<lb />
			Mahaveer Open University, Kota under control of
			<lb />
			Rajasthan Knowledge Corporation Limited;
			<lb />
		</body>
		<page>
			(8 of 14)
			<lb />
		</page>
		<note place="headnote">
			[CW-2495/2017]
			<lb />
		</note>
		<body>
			or
			<lb />
			Senior Secondary School Examination with Computer
			<lb />
			Science as an optional subject;
			<lb />
			or
			<lb />
			Any equivalent or higher qualification.
			<lb />
			Provided that in suitable cases, the High Court may relax
			<lb />
			the condition of Computer Application qualification for
			<lb />
			physically disabled persons, who shall be eligible for
			<lb />
			recruitment and appointment to the earmarked and
			<lb />
			reserved posts in accordance with the Rajasthan
			<lb />
			Disabled persons Employment Rules, 2000 and orders of
			<lb />
			the Government issued from time to time in this behalf;
			<lb />
			(4) ;ks X;rk la ca /kh ekin.M+ rRle; iz Hkkoh fu;eks a ds vuq lkj fu/kkZ fjr
			<lb />
			fd;s tk;s xs a A
			<lb />
			uks V %&amp;
			<lb />
			1 + mijks Dr fjDr inks a dh la [;k es a fu;ekuq lkj deh ;k c&lt;+ ks rjh dh
			<lb />
			tk ldrh gS ] ftlds fy, iq u% foKkiu@&apos;kq f) i= tkjh ugha fd;k
			<lb />
			tk;s xkA
			<lb />
			2. efgyk vH;fFkZ ;ks a ds fy, muls lEcfU/kr vkjf{kr la oxZ ds fjDr
			<lb />
			inks a ij 20 iz fr&apos;kr vkj{k.k n.M+ or (Horizontal) :i ls gks xk
			<lb />
			vFkkZ r ftl Js .kh (vuq lw fpr tkfr@vuq lw fpr tutkfr@vU; fiNM+ k
			<lb />
			oxZ @lkekU; oxZ ) dh efgyk vkos nd p;fur gks xk] mls la ca f/kr Js .kh]
			<lb />
			ftldh og vkos nd gS ] es a lek;ks ftr fd;k tkos xkA
			<lb />
			3. fu&apos;kDrtu vH;fFkZ ;ks a gs rq vkjf{kr inks a dk 3 iz fr&apos;kr vkj{k.k Hkh
			<lb />
			n.Mor (Horizontal) :i ls gks xk vFkkZ r ftl Js .kh (vuq lw fpr
			<lb />
			tkfr@vuq lw fpr tutkfr@vU; fiNM+ k oxZ @lkekU; oxZ @efgyk) dk
			<lb />
			fu%&apos;kDr vkos nd p;fur gks xk] mls la ca f/kr Js .kh] ftldk og vkos nd
			<lb />
			gS ] es a lek;ks ftr fd;k tkos xkA
			<lb />
		</body>
		<page>
			(9 of 14)
			<lb />
		</page>
		<note place="headnote">
			[CW-2495/2017]
			<lb />
		</note>
		<body>
			4. fu&apos;kDrtu dh Js .kh es a vkus okys vkos ndks a dks ftyk ,oa lS &apos;ku
			<lb />
			U;k;ky;] t;iq j egkuxj }kjk eka xs tkus ij viuh fu%&apos;kDrrk ds la ca /k
			<lb />
			es a Rajasthan Person With Disabilities (Equal
			<lb />
			Opportunities, )Protection of Rights and Full
			<lb />
			Participation) Rules, 2011 ds vuq lkj jktLFkku jkT; ds fdlh
			<lb />
			jktdh; vLirky }kjk xfBr es fMdy cks MZ (jktLFkku ljdkj ds
			<lb />
			fu;ekuq lkj rhu fpfdRlk vf/kdkfj;ks a okyk xfBr 4 cks MZ ) }kjk iz nRr
			<lb />
			fu%&apos;kDrrk dk Li&quot;V iz ek.k&amp;i= iz Lrq r djuk gks xkA Rajasthan
			<lb />
			Person With Disabilities (Equal Opportunities,
			<lb />
			Protection of Rights and Full Participation) Rules, 2011
			<lb />
			ds vuq lkj es fMdy cks MZ }kjk 40 iz fr&apos;kr ;k blls vf/kd fu&apos;k%Drrk
			<lb />
			n&apos;kkZ rs gq , tkjh fu%&apos;kDrrk iz ek.k&amp;i= /kkjd vkos nd gh fu&apos;k%Drrk gs rq
			<lb />
			vkjf{kr inks a ds fo:} p;u ,oa fu;q fDr ds fy, ik= ekuk tk;s xkA
			<lb />
			5.jktLFkku jkT; dh vuq lw fpr tkfr@vuq lw fpr tutkfr@vU;
			<lb />
			fiNM+ k oxZ ds fy, vkjf{kr inks a dks ik= ,oa mi;q Dr vH;FkhZ miyI/k
			<lb />
			ugha gks us ij bu inks a dks jktLFkku v/khuLFk U;k;ky; fyfidoxhZ ;
			<lb />
			la LFkkiu fu;e] 1986 ,oa la &apos;kks f/kr fu;e 1999]2010]2013o 2014 es a
			<lb />
			fofgr iz fdz ;k ,oa jhfr ls Hkjk tk;s xkA
			<lb />
			6.efgykvks a ,oa fu%&apos;kDrtu ds fy, vkjf{kr inks a gs rq ik= ,oa mi;q Dr
			<lb />
			vH;FkhZ miyC/k ugha gks us ij bu inks a dks Hkh jktLFkku v/khuLFk
			<lb />
			U;k;ky; fyfidoxhZ ; la LFkkiu fu;e] 1986 ,oa la &apos;kks f/kr fu;e
			<lb />
			1999]2010]2013o 2014 es a fofgr iz fdz ;k ,oa jhfr ls Hkjk tk;s xkA
			<lb />
			7.fookfgr efgyk vHk;FkhZ dks vkjf{kr Js .kh dk ykHk iz kIr djus gs rq
			<lb />
			vius firk ds uke] fuokl
			<lb />
			LFkku ,oa vk; ds vk/kkj ij tkjh tkfr v + tk + @v + t + tk + @v + fi + o
			<lb />
			iz ek.k&amp;i= iz Lrq r djuk gks xkA ifr ds uke] fuokl LFkku o vk; ds
			<lb />
			vk/kkj ij tkjh tkfr iz ek.k&amp;i= ekU; ugha gks xkA
			<lb />
			8.mRd&quot;V f[kykfM;ks a ds fy, O;fDr;ks a dk vkj{k.k lh/kh HkrhZ ds fy,
			<lb />
			ml o&quot;kZ fpfUgr vk;ks x ds dk;Z {ks = ds ckgj dh dq y fjfDr;ks a dk 2
			<lb />
			iz fr&apos;kr gks xkA fdlh oxZ fo&apos;ks &quot;k es a ik= rFkk mi;q Dr f[kykfM;ks a ds
			<lb />
			miyC/k u gks us dh n&apos;kk es a muds fy, bl iz dkj vkjf{kr fjfDr;ka
			<lb />
		</body>
		<page>
			(10 of 14)
			<lb />
		</page>
		<note place="headnote">
			[CW-2495/2017]
			<lb />
		</note>
		<body>
			lkekU; iz fdz ;k ds vuq lkj Hkjh tk;s xh vkS j ,s lh fjfDr;ka i&apos;pkrorhZ
			<lb />
			o&quot;kZ ds fy, vxz uhr ugha dh tk;s xhA f[kykfM;ks a ds fy, vkj{k.k
			<lb />
			{kS frftd vkj{k.k ekuk tk;s xk vkS j bldk lek;ks tu ml lEkcfU/kr
			<lb />
			la oxZ es a fd;k tk;s xk ftlls f[kykMh lEc) gS A mDr la ca /k es a vH;FkhZ
			<lb />
			dks iz ek.k&amp;i= dh lR;kfir iz fr la yXu iz Lrq r djuh gks xhA
			<lb />
			Li&quot;Vhdj.k %&amp; ^mRd&quot;V f[kykfM;ks a ** ls vfHkiz s r gS vkS j lfEefyr gS
			<lb />
			jkT; ds ,s ls f[kykMh ftUgks us vUrjkZ f&quot;Vz ; vks yfEid lfefr vkS j
			<lb />
			Hkkjrh; vks yfEid la ?k }kjk ekU;rk iz kIr Liks VZ l vkS j [ks yks a es a ;k
			<lb />
			cS MfeUVu Vs ful vkS j &apos;krja t es a mlls lEcfU/kr jk&quot;Vz h; Lrj ds la ?k]
			<lb />
			Qs Mjs &apos;ku ;k cks MZ }kjk ekU;rk iz kIr vUrjkZ &quot;Vz h; pS fEi;uf&apos;kiks a es a
			<lb />
			O;fDr&apos;k% ;k Vhe ds lnL; ds :i es a Hkkx fy;k gks A ,s f&apos;k;kbZ [ks yks a es a ]
			<lb />
			,s f&apos;k;kbZ pS fEi;uf&apos;kia es a ] jk&quot;Vz e.My [ks yks es a ] fo&apos;o pS fEi;uf&apos;ki es a fo&apos;o
			<lb />
			ds fo&apos;ofo/kky; [ks yks a es a ] fo&apos;o Ldw y [ks yks a es a ] n{ks l [ks yks a es a ;k
			<lb />
			vks yfEid [ks yks a es a Hkkjr dk iz frfuf/kRo fd;k gks ] tgka mlus fdlh
			<lb />
			O;fDrxr vkbVe es a ;k mldh Vhe us Vhe Li/kkZ es a iz Fke] f}rh; ;k
			<lb />
			rrh; Lfkku iz kIr fd;k gks A
			<lb />
			9.jktLFkku jkT; ls ckgj ds ew y fuoklh lHkh Js .kh ds vH;FkhZ ]
			<lb />
			lkekU; Js .kh ds vUrxZ r gh vkos nu dj lds xs a A mudh ik=rk rnuq lkj
			<lb />
			gh tka ph tk;s xhA&quot;
			<lb />
			10. The Coordinate Bench of this Court while disposing of the
			<lb />
			earlier writ application of the petitioner did take note of the
			<lb />
			opinions, which have been referred to and relied upon by the
			<lb />
			counsel for the petitioner in the course of the arguments.
			<lb />
			However, the matter was closed with a direction for disposal of the
			<lb />
			pending representation of the petitioner.
			<lb />
			11. Undeniably, the petitioner participated in the recruitment
			<lb />
			process for consideration of his candidature for promotion from
			<lb />
			the post of Peon to the post of LDC, in response to the
			<lb />
			advertisement dated 9 th March, 2014, which specifically stipulated
			<lb />
			the required essential educational qualifications, including
			<lb />
		</body>
		<page>
			(11 of 14)
			<lb />
		</page>
		<note place="headnote">
			[CW-2495/2017]
			<lb />
		</note>
		<body>
			requirement of computer application qualification.
			<lb />
			12. The junior persons, who have been accorded promotion were
			<lb />
			undeniably in possession of the required computer application
			<lb />
			qualification whereas the petitioner acquired the computer
			<lb />
			application qualification on 5 th February, 2016, much after the
			<lb />
			consideration of the recruitment process involved herein.
			<lb />
			13. The petitioner having participated in the recruitment process
			<lb />
			for promotion well aware of the terms and conditions stipulated in
			<lb />
			the advertisement dated 9 th March, 2014, which was issued in
			<lb />
			terms of amended Rules of 1986, is estopped from questioning the
			<lb />
			criteria of selection/promotion and law in this regard is no more
			<lb />
			res-integra in view of the opinion of the Supreme Court in the
			<lb />
			case of Dhananjay Malik &amp; Ors. Versus State of Uttaranchal &amp;
			<lb />
			Ors.: (2008) 4 SCC 171.
			<lb />
			14. From the factual matrix as available on record the vacancies
			<lb />
			which were available were advertised and have been filled up after
			<lb />
			amendment of the Rules of 1986. The junior persons, who have
			<lb />
			been accorded promotion, fulfilled the criteria of the required
			<lb />
			educational qualifications including that of computer application
			<lb />
			qualification, which admittedly, the petitioner was not in his
			<lb />
			possession at the relevant time i.e. while advertisement was
			<lb />
			issued on 9 th March, 2014.
			<lb />
			15. In the case of Deva Ram Jat and others (supra), a
			<lb />
			Coordinate Bench of this Court while dealing with the contentions
			<lb />
			raised by the counsel for the petitioners therein observed that in
			<lb />
			view of the subsequent amendment i.e. 7 th March, 2014, the
			<lb />
			grievance of the petitioners was substantially remedied as they in
			<lb />
		</body>
		<page>
			(12 of 14)
			<lb />
		</page>
		<note place="headnote">
			[CW-2495/2017]
			<lb />
		</note>
		<body>
			the course would continue to be eligible for promotion against the
			<lb />
			posts, which are available for promotion upto 31 st July, 2013. From
			<lb />
			a glance of the order, it is further reflected that this Court made
			<lb />
			reference only to the posts which were available for promotion
			<lb />
			after or before 31 st July, 2013. Moreover, the petitioner did not
			<lb />
			raise any grievance as to the terms and conditions of the
			<lb />
			advertisement while participating in the process. It is only when
			<lb />
			he was adjudged ineligible for not being in possession of essential
			<lb />
			educational qualification i.e. computer application qualification; he
			<lb />
			raised grievance. The grievance raised with reference to the
			<lb />
			promotion accorded to the junior persons, who were in possession
			<lb />
			of the essential educational qualification is without any factual
			<lb />
			foundation for the petitioner was not in possession of the essential
			<lb />
			educational qualification on the date of advertisement issued.
			<lb />
			16. In the case of Smt. Leela Dadhish and others (supra), this
			<lb />
			Court taking note of the opinion in the case of Deva Ram Jat and
			<lb />
			others (supra), disposed off the writ application with a direction to
			<lb />
			consider the case of the petitioners therein in accordance with the
			<lb />
			Rules in the light of the amendment carried out in the Rules of
			<lb />
			1986 vide notification dated 7 th March, 2014, consistent with the
			<lb />
			seniority and eligibility. Thus, the opinions referred to and relied
			<lb />
			upon are of no help to the petitioner.
			<lb />
			17. In the case of Shanker Lal Verma and 13 others (supra), a
			<lb />
			larger Bench of this Court observed that amended qualification
			<lb />
			shall not be applicable to vacancies occurring prior to date of
			<lb />
			enforcement of the amended rules. The factual matrix in those
			<lb />
			cases was with reference to de-recognition of a particular
			<lb />
		</body>
		<page>
			(13 of 14)
			<lb />
		</page>
		<note place="headnote">
			[CW-2495/2017]
			<lb />
		</note>
		<body>
			qualification, which resulted into a position wherein those who
			<lb />
			acquired the same qualifications after the amendment in the Rules
			<lb />
			became ineligible but those who had acquired that those
			<lb />
			qualification earlier to the amendment in the Rules were eligible.
			<lb />
			However, in the instant cast at hand, the vacancies which became
			<lb />
			available were after the notification dated 7 th March, 2014 and the
			<lb />
			advertisement was also issued according to the amended rules on
			<lb />
			9 th March, 2014. The incumbents, including the petitioner, who
			<lb />
			participated in the selection process and were accorded promotion
			<lb />
			including junior persons to the petitioner, have been subjected to
			<lb />
			same set of rules. The petitioner was not adjudged eligible for
			<lb />
			want of necessary educational qualification. Therefore, the opinion
			<lb />
			referred to and relied upon is clearly different and distinguishable
			<lb />
			on the factual matrix.
			<lb />
			18. In the case of Y.V. Rangaiah and others (supra), the Supreme
			<lb />
			Court dealt with the controversy wherein a panel was required to
			<lb />
			be prepared ever year in September, but it was not prepared in
			<lb />
			the year 1976 and transfer and promotion to the post of Sub
			<lb />
			Registrar Grade-II ought to have been made accordingly. In that
			<lb />
			factual matrix, the petitioners therein, who ranked higher than the
			<lb />
			respondent number 3 to 15, would have been deprived of their
			<lb />
			right of being considered for promotion. In those singular facts,
			<lb />
			the Supreme Court held that the vacancies which occurred prior to
			<lb />
			the amended rules would be governed by the old rules and not by
			<lb />
			the amended rules; whereas in the instant case at hand, the
			<lb />
			advertisement was issued after amendment of the Rules of 1986
			<lb />
			and all the candidates including junior persons to the petitioner
			<lb />
		</body>
		<page>
			(14 of 14)
			<lb />
		</page>
		<note place="headnote">
			[CW-2495/2017]
			<lb />
		</note>
		<body>
			have been considered applying the same criteria i.e. amended
			<lb />
			Rules of 1986.
			<lb />
			19. In the case of R. Dayal and others (supra), the Apex Court of
			<lb />
			the land reiterated the same principle i.e. vacancies which
			<lb />
			occurred before the amendment of the relevant rules are required
			<lb />
			to be filled up in accordance with rules existing as on the date the
			<lb />
			vacancies arose. Moreover, in the singular facts of that case, the
			<lb />
			Supreme Court took note of the fact that the appointment of the
			<lb />
			respondent(s) ought to be treated only temporary appointment
			<lb />
			pending consideration of claim of all the eligible persons belonging
			<lb />
			to general and reserve quota separately as per the rules.
			<lb />
			Admittedly, that is not the factual matrix obtaining in the case at
			<lb />
			hand.
			<lb />
			20. For the reasons and discussions herein above, the writ
			<lb />
			petition is devoid of any substance, and lacks in merit, and
			<lb />
			therefore, deserves to be dismissed.
			<lb />
			21. Ordered accordingly.
			<lb />
			22. In view of the final adjudication on the writ application, the
			<lb />
			stay application stands closed.
			<lb />
			23. However, in the facts and circumstances of the case, there
			<lb />
			shall be no order as to costs.
			<lb />
			(VEERENDR SINGH SIRADHANA)J.
			<lb />
			SS/27
		</body>
	</text>
</tei>
