<?xml version="1.0"?>
<tei xml:space="preserve">
	<teiHeader>
		<fileDesc xml:id="0" />
	</teiHeader>
	<text xml:lang="en">
		<front>
			HIGH COURT OF JUDICATURE FOR RAJASTHAN BENCH AT
			<lb />
			JAIPUR
			<lb />
			S.B. Civil Writ Petition No. 5863 / 2017
			<lb />
			Om Prakash Bairwa S/o Late Shri Nanag Ram Bairwa, by Caste
			<lb />
			Bairwa,, Aged About 43 Years, Plot No. 247, Raghunathpuri IInd,
			<lb />
			Near Airport, Sanganer, Jaipur, Rajasthan
			<lb />
			----Petitioner
			<lb />
			Versus
			<lb />
			1. State of Rajasthan Through Its Principal Secretary &amp;
			<lb />
			Commissioner, Panchayat Raj Department, Government of
			<lb />
			Rajasthan,, Secretariat, Jaipur
			<lb />
			2. Director, Primary Education Rajasthan,, Bikaner (Rajasthan)
			<lb />
			3. Additional Exam Controller &amp; Chief Executive Officer, Zila
			<lb />
			Parishad,, Karauli (Rajasthan)
			<lb />
			4. District Education Officer (Primary), Department of Education,,
			<lb />
			District Karauli, (Rajasthan)
			<lb />
			----Respondents
			<lb />
			_____________________________________________________
			<lb />
			For Petitioner(s) : Mr. Sudhindra Kumawat
			<lb />
			For Respondent(s) : Mr. S.K. Gupta, AAG
			<lb />
			_____________________________________________________
			<lb />
			HON&apos;BLE MR. JUSTICE KANWALJIT SINGH AHLUWALIA
			<lb />
			Judgment
			<lb />
			21/04/2017
			<lb />
		</front>
		<body>
			The present writ petition has been filed under Article
			<lb />
			226 of the Constitution of India, praying that the respondents be
			<lb />
			directed to relax the upper age limit in case of the petitioner, as he
			<lb />
			successfully cleared the Rajasthan Teacher Eligibility Test and
			<lb />
			made to the merit list.
			<lb />
			Admittedly, the petitioner as on today is 43 years old.
			<lb />
			Maximum age prescribed for recruitment of the Teacher is 35
			<lb />
			years. This Court in Suresh Chander Meena &amp; Ors. vs.
			<lb />
			Secretary, Rajasthan Subordinate &amp; Ministerial Services
			<lb />
		</body>
		<page>
			(2 of 16)
			<lb />
		</page>
		<note place="headnote">
			[CW-5863/2017]
			<lb />
		</note>
		<body>
			Selection Board &amp; Anr., SBCWP No.14934/2016, while
			<lb />
			deciding bunch of writ petitions, on 19.11.2016 has held as
			<lb />
			under:-
			<lb />
			&quot;&quot;Since the controversy raised is in narrow compass, the
			<lb />
			learned counsel for the parties without filing rejoinder have
			<lb />
			prayed that the arguments be heard and writ petitions be
			<lb />
			decided as competitive examination is scheduled to be held
			<lb />
			in the near future.
			<lb />
			The learned counsel for the petitioners have
			<lb />
			urged that since the Notification dated 23.9.2008 directed
			<lb />
			various departments of the State of Rajasthan to determine
			<lb />
			and specify the vacancies qua each year, and since the
			<lb />
			exercise to this effect was not carried by the State of
			<lb />
			Rajasthan, taking ratio of law laid in the case of Prakash
			<lb />
			Chand&apos;s case (supra), petitioners be held eligible and be
			<lb />
			permitted to appear in the competitive examination.
			<lb />
			It is time to notice case law to answer the
			<lb />
			question poised before this Court.
			<lb />
			A Single Judge of this Court in the case of
			<lb />
			Pawan Kumar Bardiya &amp; Ors vs. State of Rajasthan &amp; Anr.,
			<lb />
			2012(1) WLC (Raj.) 301, in respect of the recruitment of
			<lb />
			Agriculture Officer and Assistant Agriculture Officer where
			<lb />
			advertisement was issued after eleven years, even though,
			<lb />
			the vacancies existed, came to conclusion that the age of the
			<lb />
			candidate cannot be relaxed by the court but to do the same
			<lb />
			is the sole prerogative of the State Government. The learned
			<lb />
			Single in case of Pawan Kumar Bardiya (supra) held as under:-
			<lb />
			&quot;13. Per contra, learned counsel for respondents submits
			<lb />
			that advertisement was issued on 5.7.2008 giving out last
			<lb />
			date of submission of application as 20.8.2008 thus one was
			<lb />
			required to be within age limit as notified in the
			<lb />
			advertisement. The petitioners are those who applied for
			<lb />
			the post knowing it well that they have already crossed the
			<lb />
			age limit provided under the Rules. If the prayer is
			<lb />
			accepted then it would result in discrimination as many
			<lb />
			candidates did not apply for the post in adherence to the
			<lb />
			Rules treating themselves to be overage. Hence,
			<lb />
			acceptance of the writ petitions would be to the benefit of
			<lb />
		</body>
		<page>
			(3 of 16)
			<lb />
		</page>
		<note place="headnote">
			[CW-5863/2017]
			<lb />
		</note>
		<body>
			those who have not adhered to the Rules.
			<lb />
			14. Coming to the notification dated 23.9.2008, it is
			<lb />
			submitted that it is prospective in nature and cannot have
			<lb />
			application for the advertisement issued in the month of
			<lb />
			July having last date to submit application by 20.8.2008
			<lb />
			i.e. much prior to the notification amending the Rules. One
			<lb />
			cannot apply and plead for the benefit of age relaxation
			<lb />
			anticipating some amendment in the Rules at a later stage.
			<lb />
			The notification dated 23.9.2008 has no application in the
			<lb />
			present recruitment even if the age is to be reckoned as on
			<lb />
			1.1.2009. The aforesaid issue has already been decided by
			<lb />
			the Division Bench of this court in the case of &quot;Inder Bhan
			<lb />
			Singh Gujar v. State of Rajasthan &amp; anr.&quot; reported in 2001
			<lb />
			(2) RLR 168 and Single Bench judgment has otherwise been
			<lb />
			reported in 1999(1) WLC 141. The present matter is
			<lb />
			squarely covered by the judgment in the case of Inder Bhan
			<lb />
			Singh Gujar (supra).
			<lb />
			15.Now comes the issue as to whether one is entitled to be
			<lb />
			treated within age if recruitment has not taken place every
			<lb />
			year, rather if there is a delay of years together. It is
			<lb />
			submitted that after judgment of the Division Bench of this
			<lb />
			court in the case of Prakash Chand (supra) when the co-
			<lb />
			ordinate Bench took the same view, one of the judgments
			<lb />
			was challenged before the Apex Court by the Rajasthan
			<lb />
			Public Service Commission and, therein, the view was not
			<lb />
			approved. It was held that delay in holding recruitment will
			<lb />
			not entitle a candidate to get benefit of age. The
			<lb />
			controversy has been settled therein with authoritative
			<lb />
			pronouncement.
			<lb />
			16. Same view was taken by this court in the case of &quot;Dr
			<lb />
			Pushpa Gupta v. State of Rajasthan &amp; Ors.&quot; reported in :
			<lb />
			RLR 2002 (2) 733.&quot; In the case of &quot;E Ramakrishnan &amp; Ors. v.
			<lb />
			State of Kerala &amp; Ors.&quot; reported in: (1996) 10 SCC 565 it
			<lb />
			was held that relaxation of age can be granted by the
			<lb />
			Government and not by the court.
			<lb />
			17. Reliance has further been made on the judgment in the
			<lb />
			case of &quot;Mahesh Kumar v. The State of Rajasthan &amp; Ors.&quot;
			<lb />
			reported in : 1998(2) WLC (Rajasthan) 666&quot;. The issue of
			<lb />
			grant of age relaxation further came up for consideration in
			<lb />
			the case of &quot;Dr Ami Lal Bhat v. State of Rajasthan &amp; Ors.&quot;
			<lb />
			reported in : JT 1997 (6) SC 72, wherein, relaxation in age
			<lb />
			limit was not allowed on wholesome (sic. wholesale) basis
			<lb />
			but allowed only when public interest element is existing.
			<lb />
		</body>
		<page>
			(4 of 16)
			<lb />
		</page>
		<note place="headnote">
			[CW-5863/2017]
			<lb />
		</note>
		<body>
			18. The Division Bench of this court in the case of &quot;Smt
			<lb />
			Shashi Kala Dadhich v. RPSC &amp; anr., DB Civil Special Appeal
			<lb />
			(Writ) No. 923/2006, decided the same controversy vide its
			<lb />
			judgment dated 24th January, 2008. Therein, the court
			<lb />
			considered earlier judgment in the case of Prakash Chand
			<lb />
			but considering the judgment of the Apex Court in the case
			<lb />
			of &quot;RPSC v. Smt Anand Kanwar, Civil Appeal No. 52/93,
			<lb />
			decided on 8.2.1995, held that delay in recruitment by not
			<lb />
			determining the post every year would not entitle a
			<lb />
			candidate to get benefit in age bar. The appeal was
			<lb />
			accordingly dismissed.
			<lb />
			19. I have considered rival submissions of learned counsel
			<lb />
			for parties and scanned the matter carefully besides
			<lb />
			perusing the judgments cited at the Bar.
			<lb />
			20. The facts not in dispute are that last recruitment to the
			<lb />
			post in reference was held in the year 1996 and, thereupon,
			<lb />
			advertisement has now been issued in the year 2008 thus
			<lb />
			for intervening period of 11 years, no recruitment was held
			<lb />
			by the respondents.
			<lb />
			21. First question for consideration of this court is as to
			<lb />
			whether those who were within the age limit during the
			<lb />
			intervening period of 11 years should be granted benefit in
			<lb />
			age limit, taking note of the year corresponding to the
			<lb />
			vacancy.
			<lb />
			22. This court in the case of Prakash Chand and Dr. Banshi
			<lb />
			Lal Dhakar (supra) held that a candidate would be entitled
			<lb />
			to be treated within age if the recruitment did not take
			<lb />
			place in previous years when the candidate was within age.
			<lb />
			23. The Apex Court in the case of Smt Anand Kanwar (supra)
			<lb />
			took a view otherwise than what has been taken by this
			<lb />
			court. In the case of Smt Anand Kanwar (supra) the Apex
			<lb />
			Court even noticed the reason for treating a candidate to
			<lb />
			be within age as recorded by the Division Bench of this
			<lb />
			court, but reversed it. Following para of the judgment in
			<lb />
			the case of Smt Anand Kanwar is quoted for reference thus
			<lb />
			-
			<lb />
			It was not disputed before the High Court that prior
			<lb />
			to 1988, recruitment to the cadre of Assistant
			<lb />
			Teachers was made only in the year 1983.
			<lb />
			Recruitment to the said cadre is by way of direct
			<lb />
			recruitment and also by promotion. During the
			<lb />
			period 1983-89 promotions were being made to the
			<lb />
			cadre, but not direct recruitment was made. The
			<lb />
			contention raised by the respondent before the
			<lb />
			High Court was that it was mandatory for the
			<lb />
			Rajasthan Government to have filled the quota of
			<lb />
		</body>
		<page>
			(5 of 16)
			<lb />
		</page>
		<note place="headnote">
			[CW-5863/2017]
			<lb />
		</note>
		<body>
			direct recruits during all those years. It was further
			<lb />
			contended that had the posts meant for direct
			<lb />
			recruitment been advertised during the year 1983-
			<lb />
			89, the respondent could have applied and may
			<lb />
			have been selected. She contended that at that
			<lb />
			point of time, she could not be rejected on the
			<lb />
			ground of over-age. The High Court accepted the
			<lb />
			contentions on the following reasoning:--
			<lb />
			&quot;......The last advertisement was issued in the year
			<lb />
			1983 and this advertisement has been issued in the
			<lb />
			year 1989 that is after a lapse of about six years and
			<lb />
			the petitioner has completed her age of 40 years in
			<lb />
			the year 1986. It has been held in this authority that
			<lb />
			if year-wise vacancies are not determined and if the
			<lb />
			advertisements are issued to fill up the vacancies of
			<lb />
			six years by the one advertisement, then the
			<lb />
			person&apos;s candidature cannot be rejected on that
			<lb />
			account.....&quot;
			<lb />
			The competent authority cannot avoid this
			<lb />
			responsibility by sheer inaction or omission and
			<lb />
			failure on the part of the competent authority
			<lb />
			cannot be used as a basis for denying eligibility to
			<lb />
			those who are eligible in a particular year but
			<lb />
			become ineligible on account of absence of
			<lb />
			determination of the vacancies.....
			<lb />
			She could have been denied right of a consideration
			<lb />
			only if there existed no vacancies till the time she
			<lb />
			has attained the age of 40 years. If vacancies were
			<lb />
			existing, she had a right of consideration and
			<lb />
			consequently the petitioner who has been allowed
			<lb />
			to appear in the interview under the orders of the
			<lb />
			Court, her result of the interview be declared and if
			<lb />
			she is found suitable for appointment on the basis
			<lb />
			of the merit that has been assigned to her by the
			<lb />
			Public Service Commission, she be afforded
			<lb />
			appointment as a Senior Teacher, which has now
			<lb />
			been designated as Lecturer in Secondary/Senior
			<lb />
			Secondary Section). The result be declared within a
			<lb />
			period of three weeks from today and if she is
			<lb />
			entitled to be appointed then appointment be
			<lb />
			accorded to her within 3 months from today.&quot;
			<lb />
			We are of the view that the High Court fell into
			<lb />
			patent error bordering on perversity in issuing the
			<lb />
			mandamus on the reasoning quoted above. It is
			<lb />
			settled proposition of law that the eligibility of a
			<lb />
			candidate has to be determined on the basis of the
			<lb />
			terms and conditions of the advertisement in
			<lb />
			response to which the candidate applies. There is
			<lb />
			nothing on the record to show that the State
			<lb />
			Government was in any manner negligent or at fault
			<lb />
			in not making the direct recruitment during the
			<lb />
			period 1983-89. Be that as it may, the High Court
			<lb />
			was not justified in taking the clock back to the
			<lb />
			period when unfilled vacancies were existing and
			<lb />
			holding that since the respondent was eligible on
			<lb />
			the date when vacancies fell vacant, she continues
			<lb />
			to be so till the time the vacancies are filled. Due
			<lb />
			to inaction on the part of the State Government in
			<lb />
			not filling the posts year-wise, the respondent
			<lb />
			cannot get a right to participate in the selection
			<lb />
			despite being over-aged.
			<lb />
		</body>
		<page>
			(6 of 16)
			<lb />
		</page>
		<note place="headnote">
			[CW-5863/2017]
			<lb />
		</note>
		<body>
			We, therefore, allow the appeal and set aside the
			<lb />
			judgment of the High Court and dismiss the writ
			<lb />
			petition filed by the respondent. No costs.
			<lb />
			24. Same view was taken by the Division Bench of this
			<lb />
			court in the case of Smt Shashi Kala Dadhich (supra),
			<lb />
			wherein, even the judgment in the case of Prakash
			<lb />
			Chand (supra) was considered and, in the light of the
			<lb />
			judgment of the Apex Court in the case of Smt Anand
			<lb />
			Kanwar (supra), detailed judgment was rendered. Para
			<lb />
			5, 6 and 7 of the said judgment is quoted for ready
			<lb />
			reference thus -
			<lb />
			5. The direct recruitment to the posts of
			<lb />
			Lecturer in Hindi, admittedly, is being made
			<lb />
			under Rajasthan Educational Service Rules,
			<lb />
			1970 (for short &apos;the Rules of 1970&apos;). The
			<lb />
			counsel for the appellant did not dispute
			<lb />
			that the Rules of 1970 do not have a
			<lb />
			provision that the candidates who were
			<lb />
			eligible in a particular year but were
			<lb />
			rendered in-eligible in the subsequent years,
			<lb />
			they were to be treated as eligible to appear
			<lb />
			in the examination irrespective of age
			<lb />
			requirement in case no examination was
			<lb />
			held in the particular year in which they
			<lb />
			were eligible. We are afraid, for want of any
			<lb />
			provision in the Rules of 1970, the decision
			<lb />
			of the Division Bench in the case of Prakash
			<lb />
			Chand cannot be applied to the present fact
			<lb />
			situation.
			<lb />
			6. We may now refer to the judgment of the
			<lb />
			Supreme Court in the case of Anand Kanwar.
			<lb />
			That was a case where Anand Kanwar
			<lb />
			applied for the post of Senior Teacher in the
			<lb />
			year 1989 pursuant to the advertisement. At
			<lb />
			that time she had already crossed the age of
			<lb />
			40. She appeared in the preliminary
			<lb />
			examination conducted by the Rajasthan
			<lb />
			Public Service Commission (for short,
			<lb />
			&quot;Commission&quot;) but at the time of viva-voce
			<lb />
			she was told that she was not eligible being
			<lb />
			over-age and her candidature was cancelled.
			<lb />
			Upon challenge of the cancellation of her
			<lb />
			candidature before this court, the Division
			<lb />
			Bench held that the last advertisement was
			<lb />
			issued in the year 1983 and thereafter the
			<lb />
			advertisement was issued in the year 1989
			<lb />
			i.e. after a lapse of about 6 years. If year-
			<lb />
			wise vacancies were not determined and if
			<lb />
			the advertisement was issued to fill the
			<lb />
			vacancies of six years by one advertisement,
			<lb />
			then the person&apos;s candidature cannot be
			<lb />
			rejected on that ground. The Division Bench
			<lb />
			held that competent authority cannot avoid
			<lb />
			the responsibility by sheer inaction or
			<lb />
			omission and failure on the part of the
			<lb />
			competent authority cannot be used as a
			<lb />
			basis for denying eligibility to those who
			<lb />
			were eligible in a particular year but became
			<lb />
			in-eligible on account of absence of
			<lb />
			determination
			<lb />
			of
			<lb />
			vacancies.
			<lb />
			The
			<lb />
		</body>
		<page>
			(7 of 16)
			<lb />
		</page>
		<note place="headnote">
			[CW-5863/2017]
			<lb />
		</note>
		<body>
			consideration of the matter by the Division
			<lb />
			Bench was held by the Supreme Court
			<lb />
			bordering on perversity.
			<lb />
			The Supreme Court held thus:
			<lb />
			&quot;It is settled proposition of law that the
			<lb />
			eligibility of a candidate has to be
			<lb />
			determined on the basis of the terms and
			<lb />
			conditions of the advertisement in response
			<lb />
			to which the candidate applies. There is
			<lb />
			nothing on the record to show that the State
			<lb />
			Government was in any manner negligent or
			<lb />
			at fault in not making the direct recruitment
			<lb />
			during the period 1983-89. Be that as it may,
			<lb />
			the High Court was not justified in taking the
			<lb />
			clock back to the period when unfilled
			<lb />
			vacancies were existing and holding that
			<lb />
			since the respondent was eligible on the date
			<lb />
			when vacancies fell vacant, she continues to
			<lb />
			be so till the time the vacancies are filled.
			<lb />
			Due to inaction on the part of the State
			<lb />
			Government in not filling the posts year-
			<lb />
			wise, the respondent cannot get a right to
			<lb />
			participate in the selection despite being
			<lb />
			over-aged.
			<lb />
			7. In the light of the authoritative
			<lb />
			pronouncement of the Supreme Court as
			<lb />
			afore noticed, we find no merit in the
			<lb />
			contentions of the counsel for the appellant.
			<lb />
			The appellant is not entitled to age
			<lb />
			relaxation as claimed by her.&quot;
			<lb />
			The learned Single of this court further held that since the
			<lb />
			court cannot make overage candidates eligible, the candidates
			<lb />
			who have become overage can approach the State
			<lb />
			Government praying that the rule prescribing age be relaxed
			<lb />
			qua them. The learned Single Judge held as under:-
			<lb />
			&quot;29. In the light of the judgment referred to aforesaid,
			<lb />
			contention of learned counsel for petitioners to treat them
			<lb />
			within age on the analogy that notification for age
			<lb />
			relaxation of three years was issued prior to the relevant
			<lb />
			date for determination of age. In fact, a prudent candidate
			<lb />
			may not have applied pursuant to the advertisement
			<lb />
			treating himself to be overage as nobody can expect that
			<lb />
			subsequent to the last date of submission of application
			<lb />
			forms, a notification would be issued granting relaxation in
			<lb />
			age thus acceptance of the plea of the petitioner, would
			<lb />
			result in discrimination as held by the Division Bench of this
			<lb />
			court in the case of Inder Bhan Singh Gujar (supra).
			<lb />
			30. In view of the aforesaid, even second contention raised
			<lb />
			by learned counsel for petitioners cannot be accepted.
			<lb />
			31. The issue now remains is as to whether petitioners can
			<lb />
		</body>
		<page>
			(8 of 16)
			<lb />
		</page>
		<note place="headnote">
			[CW-5863/2017]
			<lb />
		</note>
		<body>
			seek benefit of age relaxation from the State Government
			<lb />
			as it has power to relax the rules.
			<lb />
			32. I have considered the matter and find that the State
			<lb />
			Government is having power to relax the rules in
			<lb />
			appropriate cases, thereby petitioners can make a
			<lb />
			representation to the State Government to extent benefit
			<lb />
			of age relaxation after making out a case, if such
			<lb />
			representation has not already been made by the
			<lb />
			petitioners.
			<lb />
			33. It cannot be ignored that the recruitment in the
			<lb />
			present matter has taken place after 11 years and, during
			<lb />
			the intervening period, vacancies took place thus those
			<lb />
			who were within age limit corresponding to the year of
			<lb />
			vacancy have now become ineligible on account of delay in
			<lb />
			recruitment.
			<lb />
			34. Looking to the aforesaid and other relevant factors, the
			<lb />
			matter may be considered by the government for relaxation
			<lb />
			in age. While considering representation of the petitioners,
			<lb />
			State Government may also keep in mind that they should
			<lb />
			try to get meritorious candidates so that they may get best
			<lb />
			talented persons in service.
			<lb />
			35. Petitioners have already passed out the selection,
			<lb />
			though appeared therein pursuant to the interim order of
			<lb />
			this court. In the case of Abhishek Sharma &amp; Ors. v. State of
			<lb />
			Rajasthan &amp; anr., DB Special Appeal (Writ) No. 731/2007,
			<lb />
			decided on 22.5.2007, this court issued similar directions to
			<lb />
			the Government for consideration of representation
			<lb />
			keeping in mind hardship of the appellant therein. That
			<lb />
			was also for grant of age relaxation under rule 46
			<lb />
			applicable thereunder. This is more so when power to relax
			<lb />
			the age does not lie with the court but lies with the
			<lb />
			government only as held by the Apex Court in the case of &quot;E
			<lb />
			Ramakrishnan &amp; Ors. v. State of Kerala &amp; Ors.&quot; reported in :
			<lb />
			(1996) 10 SCC 565.
			<lb />
			36. Similarly, the Apex Court in the case of &quot;Suraj Prakash
			<lb />
			Gupta &amp; Ors. v. State of J&amp;K &amp; Ors. &quot;, reported in : (2000) 7
			<lb />
			SCC 561 also held that powers to relax the rules can be
			<lb />
			exercised by the government taking into consideration
			<lb />
			hardship of the candidates, after recording reasons.&quot;
			<lb />
			This issue also came for consideration before a Division Bench
			<lb />
			of this Court at Principal Seat at Jodhpur and the learned
			<lb />
			Division Bench of this Court in the case of Prem Ratan Modi vs.
			<lb />
		</body>
		<page>
			(9 of 16)
			<lb />
		</page>
		<note place="headnote">
			[CW-5863/2017]
			<lb />
		</note>
		<body>
			The State of Rajasthan &amp; Ors., 2012 (3) ILR (Raj.) 522, held
			<lb />
			as under:-
			<lb />
			&quot;18. In view of the law laid down by the Hon&apos;ble Apex Court
			<lb />
			in Malik Mazhar Sultan and Anand Kanwar, the decision in
			<lb />
			Prakash Chand&apos;s case (supra) as rendered by a Division
			<lb />
			Bench of this Court is of no help to the appellant.
			<lb />
			19. The submission as made by the learned counsel for the
			<lb />
			appellant that limiting the age relaxation only upto 3 years
			<lb />
			operates contrary to the provisions of the Rules does not
			<lb />
			carry force. The aspects of yearly determination of vacancy
			<lb />
			and even yearly holding of recruitment do not ipso facto
			<lb />
			lead to the position that every person within the age limit
			<lb />
			as on the date of occurrence of the vacancy or
			<lb />
			determination of vacancy ought to be treated within the
			<lb />
			age irrespective of the other provisions of the Rules and
			<lb />
			irrespective of the time of recruitment.
			<lb />
			20. In the ultimate analysis, age relaxation for the direct
			<lb />
			recruitment, if to be granted, would be a matter for the
			<lb />
			Government to prescribe in the relevant Rules; and beyond
			<lb />
			what has been prescribed, cannot be claimed as a matter
			<lb />
			of right. It appears that in order to mitigate against the
			<lb />
			hardship likely to be faced by the prospective candidates
			<lb />
			but at the same time maintaining the balance of the
			<lb />
			requirements of services, the Government has provided age
			<lb />
			relaxation upto 3 years by way of notifications of
			<lb />
			amendment as issued on 23.09.2008. Taking for example
			<lb />
			the recruitment in question, the maximum age limit as
			<lb />
			prescribed in the Rules is 35 years and it gets extended to
			<lb />
			38 years with the relaxation provided. If at all the factor of
			<lb />
			not holding of recruitment for 13 years is taken into
			<lb />
			consideration and the relaxation for all the years of not
			<lb />
			holding recruitment is provided as suggested, it would be
			<lb />
			something like allowing a person even at about 48 years of
			<lb />
			age to enter into the service as an LDC. The Government,
			<lb />
			in its wisdom, if has chosen to restrict the relaxation to 3
			<lb />
			years beyond the age as prescribed, it cannot be said that
			<lb />
			anything unreasonable or irrational has been provided.
			<lb />
			21. We need not dilate further on the aforesaid aspect in
			<lb />
			the present case as the validity of Rules was not in
			<lb />
			challenge in the writ petition filed by the petitioner. In the
			<lb />
			existing scheme of Rules, the petitioner was not entitled to
			<lb />
			the relief as claimed; and hence, the learned Single Judge
			<lb />
			cannot be faulted in dismissing the writ petition.
			<lb />
		</body>
		<page>
			(10 of 16)
			<lb />
		</page>
		<note place="headnote">
			[CW-5863/2017]
			<lb />
		</note>
		<body>
			22. So far the other submission made by the learned
			<lb />
			counsel for the appellant regarding relaxation in case of
			<lb />
			hardship per Rule 49 of the Rules of 1999 is concerned,
			<lb />
			such an aspect does not appear having been placed for
			<lb />
			consideration before the learned Single Judge. However, in
			<lb />
			the interest of justice, it does appear appropriate to
			<lb />
			observe in this regard that if at all the petitioner-appellant
			<lb />
			makes, within two weeks from today, specific
			<lb />
			representation for consideration of his case on the anvil of
			<lb />
			Rule 49 and other co-related rules applicable to the case
			<lb />
			for relaxation in regard to the age, the same may be
			<lb />
			considered by the respondents in accordance with law; and
			<lb />
			for that matter, any observations made in this order shall
			<lb />
			not be of an impediment in independent and objective
			<lb />
			consideration of such representation. Subject to the
			<lb />
			observations and the requirements foregoing, this appeal
			<lb />
			fails and is, therefore, dismissed. No costs.&quot;
			<lb />
			Another Division Bench of this Court at Jaipur Bench in the
			<lb />
			case of Gopal Lal Sharma &amp; Ors. vs. State of Rajasthan &amp;
			<lb />
			Ors., Manu/RH/1472/2015, held as under:-
			<lb />
			&quot;3. We have examined the judgment in Prem Ratan Modi v.
			<lb />
			The State of Rajasthan &amp; Ors.: (2013 Lab IC 1039 (Raj))
			<lb />
			(supra), and did not find any such ground, which may
			<lb />
			require reconsideration by the Court of the judgment, or
			<lb />
			any such ground has been raised, which may require a
			<lb />
			reference to a Larger Bench.
			<lb />
			4. The coordinate Bench had upheld the proviso on the
			<lb />
			ground that the age relaxation of 3 years for number of
			<lb />
			years, can be given for the selections, which were held,
			<lb />
			despite the provision for determining vacancies, and
			<lb />
			holding selections for the vacancies every year, and that 3
			<lb />
			years relaxation, for that purpose, was sufficient, and does
			<lb />
			not amount to any arbitrariness or unreasonableness.
			<lb />
			5. If the State Government was of the opinion that 3 years
			<lb />
			relaxation would be sufficient, and that any further
			<lb />
			relaxation will amount to entry of the persons on advance
			<lb />
			age in service, no error can be found in the decision taken
			<lb />
			by the State Government. We find that though the validity
			<lb />
			of the Rule was not challenged in the judgment in Prem
			<lb />
			Ratan Modi&apos;s case (2013 Lab IC 1039 (Raj)) (supra), the
			<lb />
			reasons given by the coordinate Bench would be valid, even
			<lb />
			in the challenge of the validity of the Rule. The reasons, for
			<lb />
			which proviso was added, were examined by the coordinate
			<lb />
		</body>
		<page>
			(11 of 16)
			<lb />
		</page>
		<note place="headnote">
			[CW-5863/2017]
			<lb />
		</note>
		<body>
			Bench, and the same reasons were valid for repelling the
			<lb />
			challenge to the proviso. The Writ Petition is covered by the
			<lb />
			judgment in Prem Ratan Modi v. The State of Rajasthan &amp;
			<lb />
			Ors. (2013 Lab IC 1039 (Raj)) (supra), and is accordingly
			<lb />
			dismissed.&quot;
			<lb />
			Another Division Bench of this court in Rajasthan Public
			<lb />
			Service
			<lb />
			Commission
			<lb />
			vs.
			<lb />
			Mahendra
			<lb />
			Kumar,
			<lb />
			Manu/RH/1230/2014, upholding the validity of amended
			<lb />
			rules and relying upon Prem Ratan Modi&apos;s case (supra) held
			<lb />
			as under:-
			<lb />
			&quot;15. In Prem Ratan Modi v. State of Rajasthan &amp; Ors. : 2013
			<lb />
			Lab IC 1039 (Raj)) (supra), the Co-ordinate Bench of this
			<lb />
			Court, while relying on the decision of Hon&apos;ble Supreme
			<lb />
			Court rendered in RPSC v. Smt. Anand Kanwar (supra) and in
			<lb />
			Malik Mazhar Sultan &amp; Anr. v. U.P Public Service Commission
			<lb />
			&amp; Ors., : (2006) 9 SCC 507, has refused to grant the benefit
			<lb />
			of age relaxation to the appellants therein beyond the
			<lb />
			period as provided in the concerned rules and has held as
			<lb />
			under :
			<lb />
			&quot;In the ultimate analysis, age relaxation for
			<lb />
			the direct recruitment, if to be granted,
			<lb />
			would be a matter for the Government to
			<lb />
			prescribe in the relevant rules; and beyond
			<lb />
			what has been prescribed, cannot be
			<lb />
			claimed as a matter of right. It appears that
			<lb />
			in order to mitigate against the hardship
			<lb />
			likely to be faced by the prospective
			<lb />
			candidates but at the same time maintaining
			<lb />
			the balance of the requirements of services,
			<lb />
			the Government has provided age relaxation
			<lb />
			upto 3 years by way of notifications of
			<lb />
			amendment as issued on 23.09.2008. Taking
			<lb />
			for example the recruitment in question, the
			<lb />
			maximum age limit as prescribed in the
			<lb />
			Rules is 35 years and it gets extended to 38
			<lb />
			years with the relaxation provided. If at all
			<lb />
			the factor of not holding of recruitment for
			<lb />
			13 years is taken into consideration and the
			<lb />
			relaxation for all the years of not holding
			<lb />
			recruitment is provided as suggested, it
			<lb />
			would be something like allowing a person
			<lb />
			even at about 48 years of age to enter into
			<lb />
			the service as an LDC. The Government, in
			<lb />
			its wisdom, if has chosen to restrict the
			<lb />
			relaxation to 3 years beyond the age as
			<lb />
			prescribed, it cannot be said that anything
			<lb />
			unreasonable or irrational has been
			<lb />
			provided.&quot;
			<lb />
			16. It appears that the law laid down by the Co-ordinate
			<lb />
			Bench in Prem Ratan Modi&apos;s case: 2013 Lab IC 1039 (Raj))
			<lb />
			(supra) has not been applied in correct perspective in the
			<lb />
			impugned order.
			<lb />
		</body>
		<page>
			(12 of 16)
			<lb />
		</page>
		<note place="headnote">
			[CW-5863/2017]
			<lb />
		</note>
		<body>
			17. In the case in hand, the State Government, in its
			<lb />
			wisdom, has not provided benefit of age relaxation in the
			<lb />
			Rules of 1989 looking to the requirement of service in the
			<lb />
			police department, then it is not open to question the said
			<lb />
			decision of the State Government by claiming parity with
			<lb />
			other service rules or with other categories of service.
			<lb />
			18. The learned counsel for the appellant is right in arguing
			<lb />
			that no parity can be claimed by one category of service
			<lb />
			with other category of service and it is within the domain
			<lb />
			of the employer concerned that in which category of
			<lb />
			service, the benefit of age relaxation is to be provided. The
			<lb />
			benefit of age relaxation cannot be claimed as a matter of
			<lb />
			right and, therefore, the claim of the respondent-
			<lb />
			petitioner for age relaxation in the maximum age limit
			<lb />
			while claiming parity with other categories of service is not
			<lb />
			based on sound proposition of law and, therefore, is liable
			<lb />
			to be rejected.
			<lb />
			19. Consequently, the appeal preferred on behalf of the
			<lb />
			appellant-RPSC is allowed. The impugned order dated
			<lb />
			26.08.2013 passed by the learned single Judge in SBCWP
			<lb />
			No. 7824/2012 is hereby set aside and the writ petition
			<lb />
			filed by the respondent-petitioner is dismissed. Stay
			<lb />
			petition stands disposed of.&quot;
			<lb />
			The similar view was also reiterated by another Division Bench
			<lb />
			at Principal Seat at Jodhpur in the case of Manish Sharma vs.
			<lb />
			High
			<lb />
			Court
			<lb />
			of
			<lb />
			Judicature
			<lb />
			for
			<lb />
			Rajasthan,
			<lb />
			Manu/RH/0349/2013, and it was held as under:-
			<lb />
			&quot;6. As regards the claim for age relaxation too, it remains
			<lb />
			trite that relaxation can be claimed only if, and to the
			<lb />
			extent, permissible under the Rules. In the case of Prem
			<lb />
			Ratan Modi Vs. The State of Rajasthan &amp; Ors.: SAW No.
			<lb />
			383/2012, decided on 17.08.2012, this Court took note of
			<lb />
			the law laid down by the Hon&apos;ble Apex Court in the cases of
			<lb />
			Malik Mazhar Sultan &amp; Anr. Vs. U.P. Public Service
			<lb />
			Commission &amp; Ors.:: (2006) 9 SCC 507; and Rajasthan Public
			<lb />
			Service Commission Vs. Smt. Anand Kanwar &amp; Ors.: Civil
			<lb />
			Appeal No. 52/1993, decided on 08.02.1995 as under:-
			<lb />
			In Malik Mazhar Sultan&apos;s case (supra) even when
			<lb />
			emphasizing on the requirement of timely determination of
			<lb />
			the vacancies and timely appointments in relation to the
			<lb />
			U.P. Judicial Services, so far the age requirement was
			<lb />
			concerned, the Hon&apos;ble Supreme Court held as under: -
			<lb />
		</body>
		<page>
			(13 of 16)
			<lb />
		</page>
		<note place="headnote">
			[CW-5863/2017]
			<lb />
		</note>
		<body>
			17. The present controversy has arisen as the
			<lb />
			advertisement issued by PSC stated that the
			<lb />
			candidates who were within the age on 1st July,
			<lb />
			2001 and 1st July, 2002 shall be treated within
			<lb />
			age for the examination. Undoubtedly, the
			<lb />
			excluded candidates were of eligible age as per
			<lb />
			the advertisement but the recruitment to the
			<lb />
			service can only be made in accordance with
			<lb />
			the rules and the error, if any, in the
			<lb />
			advertisement cannot override the Rules and
			<lb />
			create a right in favour of a candidate if
			<lb />
			otherwise not eligible according to the Rules.
			<lb />
			The relaxation of age can be granted only if
			<lb />
			permissible under the Rules and not on the basis
			<lb />
			of the advertisement. If the interpretation of
			<lb />
			the Rules by PSC when it issued the
			<lb />
			advertisement was erroneous, no right can
			<lb />
			accrue on basis thereof. Therefore, the answer
			<lb />
			to the question would turn upon the
			<lb />
			interpretation of the Rules. (Emphasis Supplied)
			<lb />
			Moreover, in Anand Kanwar&apos;s case (supra), even while
			<lb />
			noticing that the recruitments were not held during the
			<lb />
			years 1983 to 1989, the Hon&apos;ble Supreme Court said,-
			<lb />
			Be that as it may, the High Court was not
			<lb />
			justified in taking the clock back to the period
			<lb />
			when unfilled vacancies were existing and
			<lb />
			holding that since the respondent was eligible
			<lb />
			on the date when vacancies fell vacant, she
			<lb />
			continued to be so till the time the vacancies
			<lb />
			are filled. Due to inaction on the part of the
			<lb />
			State Government in not filling the posts year-
			<lb />
			wise, the respondent cannot get a right to
			<lb />
			participate in the selection despite being over-
			<lb />
			aged.(Emphasis supplied)
			<lb />
			7. It was found in the aforesaid case of Prem Ratan Modi
			<lb />
			that relaxation in age for direct recruitment would be a
			<lb />
			matter for the Government to prescribe in the relevant
			<lb />
			rules; and, beyond what had been prescribed, cannot be
			<lb />
			claimed as a matter of right. In Prem Ratan Modi&apos;s case, the
			<lb />
			claim for providing age-relaxation of 13 years was found
			<lb />
			beyond the relevant rules and, this Court, inter alia,
			<lb />
			observed as under:-
			<lb />
			In the ultimate analysis, age relaxation for the
			<lb />
			direct recruitment, if to be granted, would be a
			<lb />
			matter for the Government to prescribe in the
			<lb />
			relevant Rules; and beyond what has been
			<lb />
			prescribed, cannot be claimed as a matter of
			<lb />
			right....
			<lb />
			8. In view of the above, the claim for age relaxation as
			<lb />
			made by the petitioner could only be rejected. In the
			<lb />
			result, this writ petition fails and is, therefore,
			<lb />
			dismissed.&quot;
			<lb />
		</body>
		<page>
			(14 of 16)
			<lb />
		</page>
		<note place="headnote">
			[CW-5863/2017]
			<lb />
		</note>
		<body>
			Similar view was also reiterated by another Division Bench of
			<lb />
			this court in Hem Raj Gurhani vs. State of Rajasthan,
			<lb />
			Manu/RH/1238/2014.
			<lb />
			In view of settled legal position, which has been
			<lb />
			propounded by the learned Single Judge in the case of Pawan
			<lb />
			Kumar Bardiya (supra) and various Division Bench of this Court
			<lb />
			in the cases of Prem Ratan Modi (supra), Gopal Lal Sharma
			<lb />
			(supra), Rajasthan Public Service Commission vs. Mahendra
			<lb />
			Kumar (supra), Manish Sharma (supra) and Hem Raj Gurhani
			<lb />
			(supra), this Court has no hesitation to hold that this Court
			<lb />
			cannot pronounce overage candidates as eligible. Hence, this
			<lb />
			Court cannot come to rescue of the petitioners.
			<lb />
			Having held so, this court cannot ignore the rule 38 of
			<lb />
			the Rajasthan Education Subordinate Service Rules, 1971,
			<lb />
			pressed into service by the learned counsel for the
			<lb />
			petitioners.
			<lb />
			In the reply filed in the case bearing no. S.B. Civil Writ
			<lb />
			Petition No.14649/2016 and S.B. Civil Writ Petition
			<lb />
			No.14803/2016, the respondent no.2 Selection Board has also
			<lb />
			acknowledged the right of the petitioners to represent to the
			<lb />
			State Government for relaxation of rules by making the
			<lb />
			following averment:-
			<lb />
			&quot;17 xxxxxx xxx xxxx
			<lb />
			With regard to the rule 38 of the Rajasthan
			<lb />
			Education Service Rules 1971 petitioners can
			<lb />
			file representation before the Government
			<lb />
			for his hardship and Government can decide
			<lb />
			the representation according to law.&quot;
			<lb />
			The Selection Baord has specifically admitted that the
			<lb />
			Government has power to relax the rules and therefore,
			<lb />
			considering the exceptional circumstances and hardship faced
			<lb />
			by the candidate that the posts were not advertised for a
			<lb />
			long period of twenty-three years, petitioners/candidates can
			<lb />
			be relegated to approach the State Government to relax the
			<lb />
			rules in their favour, which prescribe maximum age. Prayer to
			<lb />
			relax the rule to make overage candidate/petitioners eligible
			<lb />
			can be made to State Government by making a
			<lb />
			representation, as averred by the Selection Board, the
			<lb />
			respondent no.2, in Para 17 of the replies filed.
			<lb />
		</body>
		<page>
			(15 of 16)
			<lb />
		</page>
		<note place="headnote">
			[CW-5863/2017]
			<lb />
		</note>
		<body>
			A Division Bench of this Court in Prem Ratan Modi&apos;s
			<lb />
			case (supra) had also permitted the petitioners therein to
			<lb />
			approach the State Government for relaxation of the rules.
			<lb />
			Similar liberty was also granted by the learned Single Judge
			<lb />
			in the case of Pawan Kumar Bardiya (supra). Therefore, in the
			<lb />
			interest of justice, each petitioner is granted liberty to make
			<lb />
			representation to the State Government on the anvil of rule
			<lb />
			38 of Rules of 1971 and other co-related rules applicable to
			<lb />
			the case of relaxation with regard to the age. It is ordered
			<lb />
			that in case the representation is filed by each petitioner in
			<lb />
			individual capacity within two weeks from today, then the
			<lb />
			State Government shall take decision upon the representation
			<lb />
			so filed within a period of four weeks, independently without
			<lb />
			persuaded by any observation made by this Court.
			<lb />
			It is further ordered that till the representation to be
			<lb />
			made by the petitioners is considered by the State
			<lb />
			Government, the Selection Board respondent no.2 shall
			<lb />
			accept the application form of the petitioners offline and
			<lb />
			proceed with the process of recruitment considering the
			<lb />
			application of each petitioner to be in order.
			<lb />
			It is further clarified that in case the State
			<lb />
			Government reject the representations of the petitioner or
			<lb />
			petitioners, candidature of the petitioner/petitioners shall be
			<lb />
			cancelled and they shall be at liberty to assail the decision of
			<lb />
			the State Government. However, in case the State accepts
			<lb />
			representation and grant relaxation, the respondents shall
			<lb />
			proceed ahead with the matter. It is further clarified that the
			<lb />
			court has only ordered that till the decision of the
			<lb />
			representation, application of the petitioners shall be
			<lb />
			accepted offline without commenting upon the rights of the
			<lb />
			State Government to grant or refuse relaxation qua the age
			<lb />
			of a candidate.
			<lb />
			In view of above, the present petitions stand disposed
			<lb />
			of.&quot;&quot;
			<lb />
			In view of legal position enunciated in the case of
			<lb />
			Suresh Chander Meena (supra), which has been reproduced
			<lb />
			above, this Court cannot come to the rescue of the petitioner. The
			<lb />
			petitioner if so advised may file a representation to the State
			<lb />
		</body>
		<page>
			(16 of 16)
			<lb />
		</page>
		<note place="headnote">
			[CW-5863/2017]
			<lb />
		</note>
		<body>
			Government under rule 296 of Panchayati Raj Rules, 1996.
			<lb />
			Therefore, as held in Suresh Chander Meena&apos;s case
			<lb />
			(supra) in the interest of justice, the present petition is disposed
			<lb />
			of and the petitioner is granted liberty to make an individual
			<lb />
			representation to the State Government under rule 296 of
			<lb />
			Panchayati Raj Rules, 1996 and other co-related rules applicable
			<lb />
			to the case of the relaxation with regard to age. It is ordered that
			<lb />
			in case representation is filed by the petitioner, in individual
			<lb />
			capacity within two weeks from today, the State Government shall
			<lb />
			take decision upon the representation so filed within a period of
			<lb />
			four weeks independently without pursuaded by any observation
			<lb />
			made by this Court.
			<lb />
			It is further ordered that till representation made by
			<lb />
			the petitioner is decided by the State Government, respondents
			<lb />
			shall not cancel the candidature of the petitioner and shall keep
			<lb />
			one seat reserved for the petitioner in his category.
			<lb />
			The learned counsel for the petitioner undertakes to
			<lb />
			produce a copy of this order before the Chief Executive Officer,
			<lb />
			Zila Parishad, Karauli.
			<lb />
			A copy of this order under the seal and signature of the
			<lb />
			Court Master be handed over to Mr. S.K. Gupta, AAG counsel for
			<lb />
			the respondents for onward transmission and necessary
			<lb />
			compliance.
			<lb />
			(KANWALJIT SINGH AHLUWALIA)J.
			<lb />
			Mak/-
		</body>
	</text>
</tei>
