<?xml version="1.0"?>
<tei xml:space="preserve">
	<teiHeader>
		<fileDesc xml:id="0" />
	</teiHeader>
	<text xml:lang="en">
		<front>
			* IN THE HIGH COURT OF DELHI AT NEW DELHI
			<lb />
			% Judgment delivered on: 25.09.2017
			<lb />
			+ ARB.P. 488/2017
			<lb />
			KASHIPUR AGRO INDUSTRIES PRIVATE LIMITED .....Petitioner
			<lb />
			Versus
			<lb />
			NATIONAL SEEDS CORPORATION LIMITED ..... Respondent
			<lb />
			Advocates who appeared in this case:
			<lb />
			For the Petitioner: Mr Anant Agarwal and Ms Chaanjeet Kaur Bhatia
			<lb />
			For the Respondent : Mr Yashvardhan, Ms Smita Kant, Mr Ambuj Dixit,
			<lb />
			Mr Ankit Goel and Ms Kritika Angirish
			<lb />
			CORAM:-
			<lb />
			HON’BLE MR JUSTICE SANJEEV SACHDEVA
			<lb />
			JUDGMENT
			<lb />
			25.09.2017
			<lb />
			SANJEEV SACHDEVA, J. (ORAL)
			<lb />
		</front>
		<body>
			1.
			<lb />
			The petitioner, by this petition under Section 11 of the
			<lb />
			Arbitration &amp; Conciliation Act, 1996 (hereinafter referred to as &apos;the
			<lb />
			Act&apos;), seeks appointment of a Sole Arbitrator to adjudicate the
			<lb />
			disputes between the parties.
			<lb />
			2.
			<lb />
			Agreement for supply of wheat seed was entered into between
			<lb />
			the petitioner and respondent on 09.02.2016.
			<lb />
			3.
			<lb />
			As per the petitioner, the respondent failed to pay the entire
			<lb />
			price of the seeds lifted from the petitioner and further failed to lift the
			<lb />
		</body>
		<note place="footnote">
			ARB. PET.488/2017
			<lb />
		</note>
		<page>
			Page 1 of 4
			<lb />
		</page>
		<body>
			agreed quantity of seeds from the petitioner.
			<lb />
			4.
			<lb />
			Accordingly, disputes arose between the parties and the
			<lb />
			petitioner invoked the Arbitration Clause.
			<lb />
			5.
			<lb />
			The relevant Arbitration Clause, as agreed to between the
			<lb />
			parties, reads as under:-
			<lb />
			&quot;35). Settlement of disputes:
			<lb />
			All disputes in relation to the E.O.I., the contract or the
			<lb />
			interpretation of any of their terms or implementation
			<lb />
			there-of or arising out of or concerned directly or
			<lb />
			indirectly with the contract/E.O.I. shall be referred to the
			<lb />
			Sole arbitrator to be appointed by the Chairman-cum-
			<lb />
			Managing Director of the Corporation/ organizer and in
			<lb />
			the absence of CMD, the highest Executive Officer of the
			<lb />
			Corporation shall make such appointment. The venue of
			<lb />
			arbitration shall be at New Delhi. The court of law at the
			<lb />
			New Delhi/Delhi alone will have jurisdiction in the
			<lb />
			matter of any disputes whatsoever.
			<lb />
			*****
			<lb />
			*****
			<lb />
			*****&quot;
			<lb />
			6.
			<lb />
			The petitioner invoked arbitration by notice dated 24.04.2017
			<lb />
			with a reminder dated 30.05.2017 to the Chairman-cum-Managing
			<lb />
			Director to appoint an Arbitrator within thirty days of the receipt of
			<lb />
			the notice.
			<lb />
			7.
			<lb />
			On the failure of the Chairman-cum-Managing Director to
			<lb />
			appoint an Arbitrator, in terms of Clause 35, the petitioner filed this
			<lb />
			petition on 01.08.2017 after furnishing an advance copy to the
			<lb />
		</body>
		<note place="footnote">
			ARB. PET.488/2017
			<lb />
		</note>
		<page>
			Page 2 of 4
			<lb />
		</page>
		<body>
			respondent.
			<lb />
			8.
			<lb />
			Notice was directed to be issued on 08.08.2017.
			<lb />
			9.
			<lb />
			In the reply, respondents have contended that in terms of Clause
			<lb />
			35, Arbitrator has been appointed by the highest Executive Officer of
			<lb />
			the Corporation as the Chairman-cum-Managing Director was not in
			<lb />
			Office, however, the said appointment was subsequently ratified by
			<lb />
			the Chairman-cum-Managing Director on 22.08.2017.
			<lb />
			10. Learned counsel for the petitioner relies on the decision of the
			<lb />
			Supreme Court in DATAR SWITCHGEARS LIMITED VERSUS TATA
			<lb />
			FINANCE LIMITED, 2000(8) SCC 151, wherein the Supreme Court has
			<lb />
			held that in cases arising under Section 11(6), if the respondent has
			<lb />
			not made an appointment within thirty days of the demand, the right
			<lb />
			to make an appointment is not automatically forfeited but continues,
			<lb />
			however, such right has to be exercised prior to the petitioner filing
			<lb />
			the application under Section 11 seeking appointment of an Arbitrator.
			<lb />
			It is contended that on filing of the Section 11 application, right to
			<lb />
			appoint an Arbitrator, in terms of the Arbitration Clause, ceases.
			<lb />
			11.
			<lb />
			Learned counsel for the petitioner contends that since the
			<lb />
			appointment was made by the respondent, after the petitioner had filed
			<lb />
			the petition under section 11 of the Act and advance copy of the same
			<lb />
			was delivered to the respondent, respondent has forfeited the right to
			<lb />
			appoint an Arbitrator.
			<lb />
		</body>
		<note place="footnote">
			ARB. PET.488/2017
			<lb />
		</note>
		<page>
			Page 3 of 4
			<lb />
		</page>
		<body>
			12. In view of the judgment of the Supreme Court in DATAR
			<lb />
			SWITCHGEARS LIMITED (supra), without raising any aspersions on the
			<lb />
			Arbitrator appointed by the respondent, it is held that the right of the
			<lb />
			respondent to appoint an Arbitrator, as conferred by Clause 35 of the
			<lb />
			Agreement between the parties, ceased with the petitioner filing this
			<lb />
			petition and the appointment made post the same is non-est.
			<lb />
			13. Thus, arbitrator is required to be appointed by Court.
			<lb />
			14. Accordingly, it is directed that the Arbitrator be appointed
			<lb />
			under the Rules of the Delhi International Arbitration Centre.
			<lb />
			15. The parties shall appear before the Coordinator, Delhi
			<lb />
			International Arbitration Centre on 12 th October, 2017 at 11 AM.
			<lb />
			16. The Arbitration shall be conducted under the aegis of Delhi
			<lb />
			International Arbitration Centre in accordance with law.
			<lb />
			17. The petition is allowed in the above terms.
			<lb />
			18. Dasti under signatures of the Court Master.
			<lb />
			SANJEEV SACHDEVA, J
			<lb />
			SEPTEMBER 25, 2017
			<lb />
			&apos;Sn&apos;
		</body>
		<note place="footnote">
			ARB. PET.488/2017
			<lb />
		</note>
		<page>
			Page 4 of 4
			<lb />
		</page>
	</text>
</tei>
