<?xml version="1.0" ?>
<tei xml:space="preserve">
	<teiHeader>
		<fileDesc xml:id="0"/>
	</teiHeader>
	<text xml:lang="en">
			<front>HIGH COURT OF JUDICATURE FOR RAJASTHAN <lb/>
			BENCH AT JAIPUR <lb/>
			S.B. Civil First Appeal No. 314/2022 <lb/>
			Giriraj Prasad Sharma (Deceased) &amp; ors. <lb/>
			----Appellants <lb/>
			Versus <lb/>
			Ramswroop S/o Chiranjilal (Deceased) &amp; Ors. <lb/>
			----Respondents <lb/>
			For Appellant(s) 
			:<lb/> Mr. Sanjay Joshi <lb/>
			Mr. Banvari Lal Saini <lb/>
			For Respondent(s) 
			: <lb/>
			HON&apos;BLE MR. JUSTICE SUDESH BANSAL <lb/>
			Order <lb/>
			05/08/2022 <lb/>
			</front>

			<body>Learned counsel for appellant submits that defendant No.7-<lb/>
			Satish Kumar has also filed first appeal against the impugned <lb/>
			judgment and decree for final partition dated 19.02.2022. <lb/>
			Let this first appeal be listed alongwith S.B. Civil First Appeal <lb/>
			No.151/2022 on 30.08.2022. <lb/>
			(SUDESH BANSAL),J <lb/>
			

			TN/23<lb/></body> 


	</text>
</tei>
