<?xml version="1.0" ?>
<tei xml:space="preserve">
	<teiHeader>
		<fileDesc xml:id="0"/>
	</teiHeader>
	<text xml:lang="en">
			<front>HIGH COURT OF JUDICATURE FOR RAJASTHAN <lb/>
			BENCH AT JAIPUR <lb/>
			D.B. Civil Contempt Petition No. 562/2022 <lb/>
			Dr. Madhulika Saxena D/o Late Shri Surendra Prasad Saxena <lb/>
			----Petitioner <lb/>
			Versus <lb/>
			Shri Bhawani Singh Detha <lb/>
			----Respondent <lb/>
			For Petitioner(s) <lb/>
			: Mr. Ishwar Lal Jain <lb/>
			For Respondent(s) <lb/>
			: <lb/>
			HON&apos;BLE MR. JUSTICE PANKAJ BHANDARI <lb/>
			HON&apos;BLE MR. JUSTICE SAMEER JAIN <lb/>
			Judgment / Order <lb/>
			05/08/2022 <lb/>
			</front>

			<body>Four weeks&apos; time is granted to the counsel for the petitioner <lb/>
			to remove the defect/s, failing which the present Civil Contempt <lb/>
			Petition shall stand dismissed without further reference to the <lb/>
			Court. <lb/>
			(SAMEER JAIN),J <lb/>
			(PANKAJ BHANDARI),J <lb/>
			ARTI SHARMA /9<lb/> </body>


	</text>
</tei>
