<?xml version="1.0" ?>
<tei xml:space="preserve">
	<teiHeader>
		<fileDesc xml:id="0"/>
	</teiHeader>
	<text xml:lang="en">
			<front>HIGH COURT OF JUDICATURE FOR RAJASTHAN <lb/>
			BENCH AT JAIPUR <lb/>
			S.B. Civil First Appeal No. 323/2020 <lb/>
			Ramesh Chand S/o Prabhudayal, Aged About 45 Years, R/o <lb/>
			Village Bad Bhav Singh, Tehsil Bansur, District Alwar <lb/>
			----Appellant/defendant <lb/>
			Versus <lb/>
			1. 
			Jagdish S/o Shri Mangal Alias Mangya, Aged About 65 <lb/>
			Years, R/o Bad Bhav Singh, Dhani Kuwan Wali, Tehsil <lb/>
			Bansur, District Alwar <lb/>
			----Respondent/plaintiff <lb/>
			2. 
			Yadram S/o Mohan Lal, Aged About 49 Years, R/o Village <lb/>
			Bad Bhav Singh, Tehsil Bansur, District Alwar <lb/>
			3. <lb/>
			Dataram S/o Mohan Lal, Aged About 44 Years, R/o Village <lb/>
			Bad Bhav Singh, Tehsil Bansur, District Alwar <lb/>
			4. 
			Giraj S/o Mohan Lal, Aged About 42 Years, R/o Village <lb/>
			Bad Bhav Singh, Tehsil Bansur, District Alwar <lb/>
			5. 
			Chotelal S/o Puran, Aged About 84 Years, R/o Village Bad <lb/>
			Bhav Singh, Tehsil Bansur, District Alwar <lb/>
			6. 
			Prabhu S/o Shri Mangal Alias Mangya, Aged About 72 <lb/>
			Years, R/o Bad Bhav Singh, Dhani Kuwan Wali, Tehsil <lb/>
			Bansur, District Alwar <lb/>
			7. 
			Todaram S/o Shri Mangal Alias Mangya, Aged About 67 <lb/>
			Years, R/o Bad Bhav Singh, Dhani Kuwan Wali, Tehsil <lb/>
			Bansur, District Alwar <lb/>
			----Respondents/defendants <lb/>
			8. 
			District Collector, Alwar-(Deleted Dated 02.12.2016) <lb/>
			9. 
			Tehsildar, <lb/>
			Bansur, <lb/>
			District <lb/>
			Alwar-<lb/>
			(Delete <lb/>
			Dated <lb/>
			31.05.2015) <lb/>
			10. 
			Sub Tehsildar, Bansur Tehsil, District Alwar-(Delete Dated <lb/>
			31.05.2015) <lb/>
			----Deleted Respondents/Defendants <lb/>
			For Appellant(s) <lb/>
			: Mr. Vimal Chand Chaudhary <lb/>
			Mr. Yogesh Kumar Tailor <lb/>
			For Respondent(s) <lb/>
			: Mr. Anirudh Tyagi for <lb/>
			Mr. Kapil Prakash Mathur <lb/>
			</front>

			<page>(2 of 3) <lb/>
			</page>

			<note place="headnote">[CFA-323/2020] <lb/>
			</note>

			<front>HON&apos;BLE MR. JUSTICE SUDESH BANSAL <lb/>
			Order <lb/>
			05/08/2022 <lb/>
			</front>

			<body>1. 
			Appellant-defendant has preferred this first appeal assailing <lb/>
			the judgment and decree dated 06.02.2020 passed by Additional <lb/>
			District Judge, Bansur in Civil Suit No.34/13/2016 whereby and <lb/>
			whereunder his sale deed dated 19.08.2015 has been cancelled. <lb/>
			2. 
			During pendency of appeal, appellant has moved an <lb/>
			application (I.A. No.1/2022) under Section 151 CPC stating that <lb/>
			with the spirit of National Lok Adalat, parties having entered into <lb/>
			settlement out of court and a compromise dated 01.06.2022 has <lb/>
			been executed. The written compromise dated 01.06.2022 has <lb/>
			been placed on record. It has been prayed that as per <lb/>
			compromise, respondent-plaintiff has received Rs.10,00,000/-and <lb/>
			agreed to quash and set aside the judgment dated 06.02.2020 in <lb/>
			order to revive the sale deed of appellant dated 19.08.2015. <lb/>
			3. 
			Counsel for respondent-plaintiff admits the factum of <lb/>
			compromise and submits that in terms of compromise, the first <lb/>
			appeal may be disposed of. <lb/>
			4. 
			In view of above, without expressing any opinion on merits, <lb/>
			first appeal stands disposed of. The compromise dated 01.06.2022 <lb/>
			is taken on record and the same shall be treated as part of this <lb/>
			order. <lb/>
			Consequently, the impugned judgment dated 06.02.2020 is <lb/>
			set aside and the sale deed of appellant dated 19.08.2015 <lb/>
			becomes alive. Application (I.A. No.1/2022) also stands disposed <lb/>
			of. <lb/>
			5. 
			Learned counsel for appellant prayed that since both parties <lb/>
			have settled the dispute out of the court, having the spirit of <lb/>
			</body>

			<page>(3 of 3) <lb/>
			</page>

			<note place="headnote">[CFA-323/2020] <lb/>
			</note>

			<body>National Lok Adalat, hence the court fees paid by appellant in the <lb/>
			present appeal be refunded. <lb/>
			6. 
			This Court is of opinion that when both parties have amicably <lb/>
			settled their dispute out of Court having the spirit of National Lok <lb/>
			Adalat, provisions of Section 65(B) of The Rajasthan Court Fees <lb/>
			and Suit Valuation Act, 1961, be applied and in such situation, <lb/>
			court fees paid by appellant may be ordered to be refunded as an <lb/>
			incentive. <lb/>
			7. 
			Following the ratio of judgments in cases of High Court of <lb/>
			Judicature at Madras Vs. M.c. Subramaniam [(2021) 3 SCC <lb/>
			560], Mool Singh Vs. Abdul Jabbar [(2012) 1 DNJ Raj. 31], <lb/>
			Mangi Lal Vs. State of Raj. [(2018) 3 RLW 2129 Raj.] and in <lb/>
			S.B. Civil First Appeal No.576/2015; Avdesh Kumar Gupta <lb/>
			vs. Ramavatar Gupta And Anr., this Court is of opinion to grant <lb/>
			the prayer of appellant. Hence, the Court fees paid by appellant in <lb/>
			the present appeal is allowed to be refunded. <lb/>
			8. 
			Accordingly, Registrar (Judicial) is directed to do the needful <lb/>
			to refund the Court fees paid by appellants in the present first <lb/>
			appeal. <lb/>
			9. 
			All pending application(s), if any, stand(s) disposed of. <lb/>
			(SUDESH BANSAL),J <lb/>
			SAURABH/119<lb/> </body>


	</text>
</tei>
