<?xml version="1.0" ?>
<tei xml:space="preserve">
	<teiHeader>
		<fileDesc xml:id="0"/>
	</teiHeader>
	<text xml:lang="en">
			<front>HIGH COURT OF JUDICATURE FOR RAJASTHAN <lb/>
			BENCH AT JAIPUR <lb/>
			S.B. Civil Contempt Petition No. 1161/2019 <lb/>
			In <lb/>
			S.B. Civil Writ Petition No. 8706/2006 <lb/>
			Jhunni Lal S/o Shri Niranjan Lal, Aged About 69 Years, Presently <lb/>
			Working As Booking Clerk, Rajasthan Road Transport Corporation <lb/>
			Bharatpur Depot, Resident Of Dheema Mohalla, Veer Narayan <lb/>
			Darwaja, Bharatpur Rajasthan. At Present residing at B-21-A, <lb/>
			Shiv Path Gas Godown Gali Sanjay Colony (Neharu Nagar) R.P.A. <lb/>
			Road, Jaipur Rajasthan <lb/>
			----Petitioner <lb/>
			Versus <lb/>
			1. 
			Mr. Sandeep Verma, Managing Director, Rajasthan State <lb/>
			Road Transport Corporation, Head Office, Parivahan Marg, <lb/>
			Chomu House, C-Scheme, Jaipur Rajasthan <lb/>
			2. 
			Mr. Bahadur Singh, Chief Manager, Rajasthan State Road <lb/>
			Transport Corporation Bharatpur Depot Bharatpur <lb/>
			(Rajasthan) <lb/>
			----Respondents 
			For Petitioner(s) <lb/>
			:<lb/> Mr. Ankul Gupta, Advocate <lb/>
			For Respondent(s) 
			:<lb/> Mr. Vinayak Kumar Joshi, Advocate <lb/>
			HON&apos;BLE MR. JUSTICE PRAKASH GUPTA <lb/>
			Order <lb/>
			Date of Order <lb/>
			:: <lb/>
			5th August, 2022 <lb/>
			This contempt petition has been filed by the petitioner <lb/>
			under Section 12 of the Contempt of Courts Act, 1971 alleging <lb/>
			willful disobedience of the order dated 2.4.2019 passed by a <lb/>
			Coordinate Bench of this Court in S.B. Civil Writ Petition No. <lb/>
			8706/2006 titled Jhunni Lal Versus Rajasthan State Road <lb/>
			Transport Corporation &amp; Anr. <lb/>
			</front>

			<page>(2 of 5) <lb/>
			</page>

			<note place="headnote">[CCP-1161/2019] <lb/>
			</note>

			<body>Learned counsel for the petitioner submits that the <lb/>
			petitioner while working with the respondents-contemnors was <lb/>
			placed under suspension from 26.6.1978 to 29.8.1988. However, <lb/>
			the respondents did not count the said period while calculating the <lb/>
			petitioner&apos;s qualifying length of service for grant of post retiral <lb/>
			benefits. He filed a writ petition before this Court, which was <lb/>
			disposed of vide order dated 2.4.2019 with a direction to the <lb/>
			respondents to take into account the service rendered by the <lb/>
			petitioner during suspension period from 26.6.1978 to 29.8.1988 <lb/>
			for the purpose of grant of post retiral benefits. He submitted a <lb/>
			representation on 4.5.2019 enclosing therewith a copy of the <lb/>
			order dated 2.4.2019 to the respondents and then served a notice <lb/>
			for contempt of court on 15.7.2019. Pursuant thereto, an order <lb/>
			dated 27.11.2019 came to be passed by the respondents, vide <lb/>
			which sanction was issued to grant selection scale on completion <lb/>
			of 9, 18 and 27 years of service and grade increment to the <lb/>
			petitioner, on notional basis, by counting the period of service <lb/>
			from 26.6.1978 to 29.8.1988. Accordingly, benefits were accorded <lb/>
			to the petitioner vide orders dated 24.12.2019 and revised PPO <lb/>
			was issued on 4.6.2020. Subsequently, without hearing the <lb/>
			petitioner, vide order dated 19.1.2021, the orders dated <lb/>
			24.12.2019 and 4.6.2020 were cancelled / withdrawn and <lb/>
			accordingly vide order dated 22.1.2021, his grade increments and <lb/>
			pay fixation were again done and on 2.2.2021, revised PPO was <lb/>
			issued and the petitioner&apos;s pension was reduced. The act of the <lb/>
			respondents is contemptuous, contended the counsel for the <lb/>
			petitioner. <lb/>
			On the other hand, learned counsel for the <lb/>
			respondents-contemnors submits that in compliance of the order <lb/>
			</body>

			<page>(3 of 5) <lb/>
			</page>

			<note place="headnote">[CCP-1161/2019] <lb/>
			</note>

			<body>dated 2.4.2019 passed by the learned Single Judge of this Court, <lb/>
			the Corporation decided to make compliance of the said order and <lb/>
			therefore vide order dated 24.12.2019, petitioner&apos;s pay fixation <lb/>
			was done and annual grade increments were given. He further <lb/>
			submits that in the matter of grant of selection scale, a Circular <lb/>
			was issued on 9.1.2004 by the Corporation to the effect that in <lb/>
			cases where less than the full salary has been ordered to be given <lb/>
			by the appellate authority / court, the termination period shall not <lb/>
			be counted for grant of selection scale on completion of 9, 18 and <lb/>
			27 years of service. In the instant case, the learned Single Judge <lb/>
			while disposing of the writ petition made it clear that the <lb/>
			petitioner would not get actual salary, other financial benefits for <lb/>
			suspension period, except what has been granted to him by the <lb/>
			employer. In this view of the matter, the case of the petitioner is <lb/>
			covered by the Circular dated 9.1.2004 as per which the <lb/>
			suspension period of the petitioner from 26.6.1978 to 29.8.1988 <lb/>
			would not be counted for grant of selection scale. He further <lb/>
			submits that although vide order dated 24.12.2019 benefits were <lb/>
			accorded to the petitioner, but the Pension Department vide order <lb/>
			dated 2.12.2020 intimated that the period of suspension cannot <lb/>
			be counted for grant of selection scale. On that basis, the order <lb/>
			dated 22.1.2021 came to be issued, vide which the petitioner&apos;s <lb/>
			grade increments and pay fixation were again done and on <lb/>
			2.2.2021, his revised PPO was issued. <lb/>
			Heard. Considered. <lb/>
			Operative part of the order dated 2.4.2019 passed by <lb/>
			the learned Single Judge of this Court in S.B.Civil Writ Petition No. <lb/>
			8706/2006 is reproduced as under: <lb/>
			</body>

			<page>(4 of 5) <lb/>
			</page>

			<note place="headnote">[CCP-1161/2019] <lb/>
			</note>

			<body>&quot;Accordingly, the present writ petition is <lb/>
			disposed of with a direction to the respondents <lb/>
			to take into account the service rendered by the <lb/>
			petitioner during suspension period from <lb/>
			26.6.1978 to 29.8.1988 for the purpose of <lb/>
			considering the grant of post retiral benefits. <lb/>
			It is made clear that the petitioner would <lb/>
			not get actual salary, other financial benefits for <lb/>
			suspension period except what has been granted <lb/>
			to him by the employer. <lb/>
			The order may be complied with by the <lb/>
			respondents within a period of six weeks from <lb/>
			the date of receipt of copy of this order.&quot; <lb/>
			From a perusal of the material on record, it is noticed <lb/>
			that pursuant to the order dated 2.4.2019 passed by the learned <lb/>
			Single Judge of this Court, vide order dated 24.12.2019 benefits <lb/>
			were granted to the petitioner and revised PPO was issued on <lb/>
			4.6.2020. However, six months&apos; thereafter, on 19.1.2021, the <lb/>
			orders dated 24.12.2019 and 4.6.2020 were cancelled relying on <lb/>
			the Circular dated 9.1.2004 and order passed by the Pension <lb/>
			Department on 2.12.2020. Accordingly vide order dated <lb/>
			22.1.2021, the petitioner&apos;s pay scale was again revised and his <lb/>
			pay fixation was again done and on 2.2.2022, revised PPO was <lb/>
			issued, whereby his pension was reduced. <lb/>
			In my opinion, the Circular dated 9.1.2004 does not <lb/>
			apply to the facts of the instant case, firstly, for the reason that as <lb/>
			it is applicable only to employees, who are terminated whereas in <lb/>
			the instant case, the petitioner was suspended, and secondly, for <lb/>
			the reason that it was not placed before the learned Single Judge. <lb/>
			Likewise, a copy of the order dated 2.12.2020 purportedly issued <lb/>
			by the Finance Department has not been placed on record. Even <lb/>
			</body>

			<page>(5 of 5) <lb/>
			</page>

			<note place="headnote">[CCP-1161/2019] <lb/>
			</note>

			<body>otherwise, after passing the order dated 2.4.2019, the order dated <lb/>
			2.12.2020 came to be passed and thus, no reliance can be placed <lb/>
			on the said order, moreso when the benefits had already been <lb/>
			extended to the petitioner. <lb/>
			The order dated 2.4.2019 was to be complied with <lb/>
			within six weeks from the date of receipt of copy of the order. <lb/>
			Though the order dated 2.4.2019 was passed in the presence of <lb/>
			learned counsel for the respondents, the petitioner still sent a <lb/>
			copy of the said order alongwith his application dated 4.5.2019 to <lb/>
			the respondents and also served a notice for contempt of court on <lb/>
			15.7.2019. No denial has been made by the respondents in their <lb/>
			reply with regard to non receipt of the copy of the order dated <lb/>
			2.4.2019. More than 3 years have been lapsed from the date of <lb/>
			passing the order dated 2.4.2019, yet compliance of the order <lb/>
			dated 2.4.2019 has not been made. In this view of the matter, the <lb/>
			respondents are held liable for committing willful disobedience of <lb/>
			the order dated 2.4.2019 passed by a Coordinate Bench of this <lb/>
			Court. <lb/>
			In view of the above, respondents are directed to make <lb/>
			compliance of the order dated 2.4.2019 within a month from <lb/>
			today, failing which appropriate order shall be passed for willful <lb/>
			disobedience of the order dated 2.4.2019 passed by this Court in <lb/>
			S.B. Civil Writ Petition No. 8706/2006. <lb/>
			(PRAKASH GUPTA),J <lb/>
			Dk/23<lb/> </body>


	</text>
</tei>
