<?xml version="1.0" ?>
<tei xml:space="preserve">
	<teiHeader>
		<fileDesc xml:id="0"/>
	</teiHeader>
	<text xml:lang="en">
			<front>HIGH COURT OF JUDICATURE FOR RAJASTHAN <lb/>
			BENCH AT JAIPUR <lb/>
			S.B. Arbitration Application No. 1/2022 <lb/>
			Shri Balaji (Ksk) Through Its Proprietor-Banwari Lal Sharma, <lb/>
			----Petitioner <lb/>
			Versus <lb/>
			Indian Oil Corporation Limited, <lb/>
			----Respondent <lb/>
			For Petitioner(s) <lb/>
			: Mr. Rohit Solanki for Mr. Anuroop <lb/>
			Singh <lb/>
			For Respondent(s) <lb/>
			: Mr. Sandeep Pathak <lb/>
			HON&apos;BLE MR. JUSTICE PANKAJ BHANDARI <lb/>
			Judgment / Order <lb/>
			04/08/2022 <lb/>
			</front>

			<body>Counsel for the respondent seeks time to file reply. <lb/>
			Time sought for is granted. Reply, if any, be filed within one <lb/>
			week. <lb/>
			List this matter on 24.08.2022. <lb/>
			(PANKAJ BHANDARI),J <lb/>
			ARTI SHARMA /19<lb/> </body>


	</text>
</tei>
