<?xml version="1.0" ?>
<tei xml:space="preserve">
	<teiHeader>
		<fileDesc xml:id="0"/>
	</teiHeader>
	<text xml:lang="en">
			<front>HIGH COURT OF JUDICATURE FOR RAJASTHAN <lb/>
			BENCH AT JAIPUR <lb/>
			D.B. Civil First Appeal No. 154/2021 <lb/>
			Chambal Motors Private Limited <lb/>
			----Appellant <lb/>
			Versus <lb/>
			National Insurance Company Limited &amp; Ors. <lb/>
			----Respondents <lb/>
			For Appellant(s) <lb/>
			: Mr. Amrit Kumar Surollia, Advocate <lb/>
			For Respondent(s) <lb/>
			: Mr. Rajesh Kumar Mutha, Advocate <lb/>
			Mr. Yogendra Singh, Advocate for <lb/>
			Mr. Pankaj Gupta, Advocate <lb/>
			HON&apos;BLE MR. JUSTICE PRAKASH GUPTA <lb/>
			HON&apos;BLE MR. JUSTICE PANKAJ BHANDARI <lb/>
			Order <lb/>
			05/08/2022 <lb/>
			</front>

			<body>It is submitted by learned counsel for the appellant that <lb/>
			a cheque amounting to Rs.13,40,027/-has already been <lb/>
			deposited with the Commercial Court concerned. <lb/>
			Learned counsel for the respondent No.1 seeks time to <lb/>
			verify the same. He undertakes that the respondent No.1 shall not <lb/>
			proceed with the execution till next date. <lb/>
			List on 16.09.2022. <lb/>
			(PANKAJ BHANDARI),J <lb/>
			(PRAKASH GUPTA),J <lb/>
			DILIP/AMIT/6<lb/> </body>


	</text>
</tei>
