<?xml version="1.0" ?>
<tei xml:space="preserve">
	<teiHeader>
		<fileDesc xml:id="0"/>
	</teiHeader>
	<text xml:lang="en">
			<front>HIGH COURT OF JUDICATURE FOR RAJASTHAN <lb/>
			BENCH AT JAIPUR <lb/>
			S.B. Arbitration Application No. 17/2022 <lb/>
			M/s Onkar Plaster Decorations Works <lb/>
			----Petitioner <lb/>
			Versus <lb/>
			Urban Improvement Trust <lb/>
			----Respondent <lb/>
			For Petitioner(s) <lb/>
			: Mr. Anang Pal Singh <lb/>
			For Respondent(s) <lb/>
			: None present <lb/>
			HON&apos;BLE MR. JUSTICE PANKAJ BHANDARI <lb/>
			Judgment / Order <lb/>
			04/08/2022 <lb/>
			</front>

			<body>Counsel for the applicant seeks time to file rejoinder. <lb/>
			Time sought for is granted. Rejoinder, if any, be filed within <lb/>
			two weeks. <lb/>
			List this matter on 01.09.2022. <lb/>
			(PANKAJ BHANDARI),J <lb/>
			ARTI SHARMA /21<lb/> </body>


	</text>
</tei>
