<?xml version="1.0" ?>
<tei xml:space="preserve">
	<teiHeader>
		<fileDesc xml:id="0"/>
	</teiHeader>
	<text xml:lang="en">
			<front>HIGH COURT OF JUDICATURE FOR RAJASTHAN <lb/>
			BENCH AT JAIPUR <lb/>
			S.B. Arbitration Application No. 4/2022 <lb/>
			M/s Arpan Seva Sansthan, A Society Registered Under The <lb/>
			Societies Registration Act, 1958 having address at 7, Meera <lb/>
			Nagar, Sobhapura Sukher, Udaipur through its Treasurer, Shri <lb/>
			Rajesh Jain (duly authorised). <lb/>
			----Petitioner <lb/>
			Versus <lb/>
			Rajasthan Agricultural Cmpetitiveness Project Management <lb/>
			Implementation Society, II Floor, SIAM Building, Durgapura, <lb/>
			Jaipur <lb/>
			----Respondent <lb/>
			For Petitioner(s) <lb/>
			: Mr. Swadeep Singh Hora <lb/>
			For Respondent(s) <lb/>
			: None present <lb/>
			HON&apos;BLE MR. JUSTICE PANKAJ BHANDARI <lb/>
			Judgment / Order <lb/>
			04/08/2022 <lb/>
			</front>

			<body>Counsel for the petitioner does not press the present <lb/>
			arbitration application. He seeks liberty to approach the Indian <lb/>
			Council of Arbitration for appointment of sole arbitrator in <lb/>
			accordance with the terms of the agreement. <lb/>
			Accordingly, present Arbitration Application is dismissed as <lb/>
			withdrawn with liberty as prayed for. <lb/>
			(PANKAJ BHANDARI),J <lb/>
			ARTI SHARMA /20 <lb/></body>


	</text>
</tei>
