<?xml version="1.0" ?>
<tei xml:space="preserve">
	<teiHeader>
		<fileDesc xml:id="0"/>
	</teiHeader>
	<text xml:lang="en">
			<front>HIGH COURT OF JUDICATURE FOR RAJASTHAN <lb/>
			BENCH AT JAIPUR <lb/>
			S.B. Civil First Appeal No.341/2016 <lb/>
			Smt. Prem W/o Shri Sharwan, aged about 36 years, R/o Near <lb/>
			Poultry Farm, Khatipura, Jaipur <lb/>
			----Appellant/plaintiff <lb/>
			Versus <lb/>
			1. <lb/>
			State Of Rajasthan Through Secretary, Medical And <lb/>
			Health Department, Govt. Secretariat, Jaipur <lb/>
			2. <lb/>
			Dr. Prabha Luhadiya Through Janana Hospital, Chandpole <lb/>
			Bazar, Jaipur <lb/>
			3. <lb/>
			Dr. Nupur, Assistant Professor, Through Janana Hospital, <lb/>
			Chandpole Bazar, Jaipur <lb/>
			4. <lb/>
			Dr. Shasha, D.g.o. Resident, Through Janana Hospital, <lb/>
			Chandpole Bazar, Jaipur <lb/>
			----Respondents/defendants <lb/>
			For Petitioner(s) <lb/>
			: Mr. R K Daga <lb/>
			Mr. Prashant Daga <lb/>
			For Respondent(s) <lb/>
			: <lb/>
			HON&apos;BLE MR. JUSTICE SUDESH BANSAL <lb/>
			Order <lb/>
			05/08/2022 <lb/>
			</front>

			<body>1. 
			Matter has come up on pauper application No.4/2016 filed by <lb/>
			applicant-appellant as an indigent person assailing the judgment <lb/>
			dated 31.05.2016 passed by Additional District Judge No.7, Jaipur <lb/>
			Metropolitan whereby and whereunder her civil suit for claiming <lb/>
			damages of Rs.8,80,000/-was dismissed. <lb/>
			2. 
			Heard counsel for applicant-appellant and perused the <lb/>
			record. <lb/>
			3. 
			Learned counsel for applicant-appellant submits that <lb/>
			applicant was permitted to institute the civil suit for damages as <lb/>
			</body>

			<page>(2 of 4) <lb/>
			</page>

			<note place="headnote">[CFA-341/2016] <lb/>
			</note>

			<body>forma pauperis (indigent person) before the trial court however, <lb/>
			the trial court has dismissed the suit vide judgment dated <lb/>
			31.05.2016, therefore, applicant may be permitted to pursue the <lb/>
			first appeal as an indigent person in view of provision of Order 44 <lb/>
			Rule 1 CPC. <lb/>
			4. 
			On merits of case, counsel for applicant submits that this is a <lb/>
			case where applicant approached to the Government Hospital, <lb/>
			(Janana Hospital Chandpole Bazar, Jaipur) for the purpose of <lb/>
			termination of her pregnancy and she was admitted in <lb/>
			government hospital on 23.05.2001. The applicant was operated <lb/>
			on 24.05.2001 by government doctors on duty and thereafter she <lb/>
			was advised to come back to the hospital for re-examination after <lb/>
			45 days before the Family Welfare Centre. <lb/>
			5. 
			As per plaint, instead of approaching to the Family Welfare <lb/>
			Centre, she visited to doctors at her own expenses. On <lb/>
			recommendation of sonography, in the report of sonography dated <lb/>
			27.07.2001, applicant was found having pregnancy of 15 weeks. <lb/>
			Applicant submitted that thereafter, respondents did not perform <lb/>
			the operation to clear the pregnancy and applicant had to give <lb/>
			birth to a female child on 11.01.2002. <lb/>
			6. 
			In such circumstances, applicant instituted the civil suit <lb/>
			claiming damages from respondents and concerned government <lb/>
			doctors for negligence on their part. <lb/>
			7. 
			On facts mentioned hereinabove, this is a case where <lb/>
			applicant herself approached to government hospital seeking <lb/>
			termination of her pregnancy, which is permissible as per <lb/>
			provisions and procedure prescribed under the Medical Treatment <lb/>
			of Pregnancy Act, 1971 (hereinafter referred to as &quot;the Act of <lb/>
			</body>

			<page>(3 of 4) <lb/>
			</page>

			<note place="headnote">[CFA-341/2016] <lb/>
			</note>

			<body>1971&quot;) [now the Medical Termination of Pregnancy (Amendment) <lb/>
			Act, 2021]. <lb/>
			8. 
			Section 8 of the Act of 1971 reads as under:-<lb/>
			&quot;8. Protection of action taken in good faith.-<lb/>
			No suit or other legal proceedings shall lie against any <lb/>
			registered medical practitioner for any damage caused or <lb/>
			likely to be caused by anything which is in good faith <lb/>
			done or intended to be done under this Act.&quot; <lb/>
			9. 
			Learned trial court while dismissing applicant&apos;s suit vide <lb/>
			impugned judgment dated 31.01.2016 has resorted to aforesaid <lb/>
			provisions of Section 8 of the Act of 1971 and in issue No.6 has <lb/>
			clearly held that suit for damages against government doctors is <lb/>
			not maintainable. That apart, the trial court has also examined the <lb/>
			issue of negligence on the part of government doctors and <lb/>
			observed that it is not disputed that operation for termination of <lb/>
			pregnancy was conducted on 24.05.2001 but applicant was <lb/>
			advised to come back after 45 days to the Family Welfare Centre <lb/>
			for re-examination and she never turned up. <lb/>
			10. The trial court has observed that as per provisions of the Act <lb/>
			of 1971, applicant could have got terminated her pregnancy up to <lb/>
			the period of 20 weeks, however, it appears that applicant, after <lb/>
			failure of her operation performed on 24.05.2001 opted to <lb/>
			continue her pregnancy and therefore, she has not turned up for <lb/>
			re-examination as advised by government doctors. <lb/>
			11. The trial court placed reliance upon judgments of Hon&apos;ble <lb/>
			Supreme Court delivered in cases of Martin F. D&apos;Souza vs. <lb/>
			Mohd. Ishfaq reported in [(2009) 3 SCC 1], Jacob Mathew <lb/>
			(Dr.) vs. State of Punjab reported in [(2005) 3 CPJ 9 (SC)], <lb/>
			</body>

			<page>(4 of 4) <lb/>
			</page>

			<note place="headnote">[CFA-341/2016] <lb/>
			</note>

			<body>Kusum Sharma vs. Batra Hospital and Medical Research <lb/>
			Centre reported in [(2010) 3 SCC 480], wherein the Hon&apos;ble <lb/>
			Supreme Court has observed that on availability of such factual <lb/>
			matrix and in the given facts and circumstances, no negligence on <lb/>
			the part of government doctors can be held. There are ample <lb/>
			reasons for failure of termination of pregnancy operation and <lb/>
			merely on that account, any government doctor who acted in good <lb/>
			faith in discharge of his duties in performing the operation, cannot <lb/>
			be held negligent. <lb/>
			12. On the face value of such fact findings, the suit for damages <lb/>
			led by applicant itself has not been found maintainable by virtue of <lb/>
			Section 8 of the Act of 1971 and in that situation, the provision of <lb/>
			Order 33 Rule 5 (F) CPC comes in operation and there is no <lb/>
			purpose to allow the present pauper application to pursue the first <lb/>
			appeal as forma pauperis therefore, the first appeal as well as <lb/>
			pauper application are dismissed. <lb/>
			13. 
			However, it is observed that if there is any scheme of <lb/>
			government to award compensation for such victims like applicant, <lb/>
			this order will not come in way, if applicant claims for <lb/>
			compensation from the State Government under the scheme. <lb/>
			Applicant is free to move any application before the State <lb/>
			Government, if any application is filed, respondents may consider <lb/>
			the same, according to the scheme and entitlement of applicant. <lb/>
			(SUDESH BANSAL),J <lb/>
			SAURABH/C-1<lb/> </body>


	</text>
</tei>
