<?xml version="1.0"?>
<tei xml:space="preserve">
	<teiHeader>
		<fileDesc xml:id="0" />
	</teiHeader>
	<text xml:lang="en">
		<note place="headnote">
			W.P.Nos.1533 and 1534 of 2006
			<lb />
		</note>
		<front>
			IN THE HIGH COURT OF JUDICATURE AT MADRAS
			<lb />
			DATED : 27.09.2021
			<lb />
			CORAM
			<lb />
			THE HONOURABLE MR.JUSTICE M.SUNDAR
			<lb />
			W.P.Nos.1533 and 1534 of 2006
			<lb />
			and W.M.P.Nos.1722 to 1725 of 2006
			<lb />
			M/s.Vaishnovi Engineers,
			<lb />
			128, Madhavaram High Road,
			<lb />
			Perambur, Chennai -11.
			<lb />
			.. Petitioner
			<lb />
			in both WPs
			<lb />
			Vs
			<lb />
			1.The State of Tamil Nadu,
			<lb />
			Rep. By its Secretary,
			<lb />
			Home (Transport) Department,
			<lb />
			Fort St.George, Chennai -9.
			<lb />
			2.The Commercial Tax Officer,
			<lb />
			Greams Road,Chennai -6.
			<lb />
			3.The Regional Transport Officer,
			<lb />
			Chennai North, Chennai.
			<lb />
			4.The Motor Vehicle Inspector,
			<lb />
			Grade I, Regional Transport Office,
			<lb />
			Chennai North, Chennai.
			<lb />
			... Respondents
			<lb />
			in both WPs
			<lb />
			Prayer in W.P. No.1533 of 2006: Petition filed under Article 226 of
			<lb />
			the Constitution of India praying to issue a Writ of Mandamus
			<lb />
			forbearing the respondents and their subordinates from demanding
			<lb />
			or collecting entry tax on the petitioner&apos;s used Grove Crane Model
			<lb />
			RT76-S SL No.44863 YOM 1991, to be registered and assigned new
			<lb />
			registration mark by the third and fourth respondents.
			<lb />
		</front>
		<page>
			1/6
			<lb />
		</page>
		<note place="footnote">
			https://www.mhc.tn.gov.in/judis/
			<lb />
		</note>
		<note place="headnote">
			W.P.Nos.1533 and 1534 of 2006
			<lb />
		</note>
		<front>
			Prayer in W.P. No.1534 of 2006: Petition filed under Article 226 of
			<lb />
			the Constitution of India praying to issue a Writ of Mandamus
			<lb />
			forbearing the respondents and their subordinates from demanding
			<lb />
			or collecting entry tax on the petitioner&apos;s used Grove Crane Model
			<lb />
			RT75-S SL No.44635 YOM 1992, to be registered and assigned new
			<lb />
			registration mark by the third and fourth respondents.
			<lb />
			For Petitioner
			<lb />
			: Mr.V.Santharam
			<lb />
			(in both cases)
			<lb />
			For Respondents : Ms.Amirta Dinakaran
			<lb />
			Government Advocate
			<lb />
			(in both cases)
			<lb />
			COMMON ORDER
			<lb />
		</front>
		<body>
			Mr.V.Santharam, learned counsel representing the counsel on
			<lb />
			record for the writ petitioner and Ms.Amirta Dinakaran representing
			<lb />
			the Revenue on behalf of all the respondents are before this virtual
			<lb />
			court.
			<lb />
			2.Learned counsel submits that one of the counsel on record
			<lb />
			Mr.V.S.Srikrishnan, who was handling the captioned writ petitions is
			<lb />
			no more. Learned counsel also submits that the other counsel on
			<lb />
			record have no instructions. Learned counsel submits that no
			<lb />
			instruction memo has been filed and a scanned reproduction of the
			<lb />
			same is as follows:
			<lb />
		</body>
		<page>
			2/6
			<lb />
		</page>
		<note place="footnote">
			https://www.mhc.tn.gov.in/judis/
			<lb />
		</note>
		<note place="headnote">
			W.P.Nos.1533 and 1534 of 2006
			<lb />
		</note>
		<page>
			3/6
			<lb />
		</page>
		<note place="footnote">
			https://www.mhc.tn.gov.in/judis/
			<lb />
		</note>
		<note place="headnote">
			W.P.Nos.1533 and 1534 of 2006
			<lb />
		</note>
		<body>
			3.The contents of the memo are reiterated in the hearing
			<lb />
			today.
			<lb />
			4.The writ petitions are of the year 2006 and they have been
			<lb />
			filed on 20.01.2006 to be precise. This means that the writ petitions
			<lb />
			are more than one and half decades old i.e., more than 15 years
			<lb />
			old.
			<lb />
			5.Be that as it may, learned Revenue counsel pointed out that
			<lb />
			nothing really survives in the captioned matter as the issue
			<lb />
			pertaining to entry tax and imported cars has been decided by a
			<lb />
			Hon&apos;ble Division Bench in V.Krishnamurthy Vs. State of Tamil
			<lb />
			Nadu and Others reported in 2019 SCC Online Mad 8523 and
			<lb />
			the captioned matter is squarely covered by the same.
			<lb />
			6.In the light of the aforementioned narrative, captioned writ
			<lb />
			petitions are dismissed. There shall be no order as to costs.
			<lb />
			Consequently, connected miscellaneous petitions are closed.
			<lb />
			27.09.2021
			<lb />
			Index:Yes/ No
			<lb />
			mmi/ssm
			<lb />
		</body>
		<page>
			4/6
			<lb />
		</page>
		<note place="footnote">
			https://www.mhc.tn.gov.in/judis/
			<lb />
		</note>
		<note place="headnote">
			W.P.Nos.1533 and 1534 of 2006
			<lb />
		</note>
		<front>
			To
			<lb />
			1.The State of Tamil Nadu,
			<lb />
			Rep. By its Secretary,
			<lb />
			Home (Transport) Department,
			<lb />
			Fort St.George, Chennai -9.
			<lb />
			2.The Commercial Tax Officer,
			<lb />
			Greams Road,Chennai -6.
			<lb />
			3.The Regional Transport Officer,
			<lb />
			Chennai North, Chennai.
			<lb />
			4.The Motor Vehicle Inspector,
			<lb />
			Grade I, Regional Transport Office,
			<lb />
			Chennai North, Chennai.
			<lb />
		</front>
		<page>
			5/6
			<lb />
		</page>
		<note place="footnote">
			https://www.mhc.tn.gov.in/judis/
			<lb />
		</note>
		<note place="headnote">
			W.P.Nos.1533 and 1534 of 2006
			<lb />
		</note>
		<front>
			M.SUNDAR,J.
			<lb />
			mmi/ssm
			<lb />
		</front>
		<note place="footnote">
			W.P.Nos.1533 and 1534 of 2006
			<lb />
			27.09.2021
			<lb />
		</note>
		<page>
			6/6
			<lb />
		</page>
		<note place="footnote">
			https://www.mhc.tn.gov.in/judis/
			<lb />
		</note>
	</text>
</tei>
