<?xml version="1.0" ?>
<tei xml:space="preserve">
	<teiHeader>
		<fileDesc xml:id="0"/>
	</teiHeader>
	<text xml:lang="en">
			<front>HIGH COURT OF ANDHRA PRADESH AT AMARAVATI <lb/>
			MAIN CASE No.: A.S.No.25 of 2012 <lb/>
			PROCEEDING SHEET <lb/>
			
			Sl.No <lb/>
			DATE <lb/>
			ORDER <lb/></front>

			<body>OFFICE <lb/>
			NOTE <lb/>
			18 <lb/>
			10.08.2022<lb/>
			SV, J <lb/>
			No representation for the appellant. <lb/>
			Learned counsel for the respondents is present and <lb/>
			requests time. <lb/>
			List on 16.08.2022. <lb/>
			_________ <lb/>
			SV, J <lb/>
			RSK/PAB<lb/> </body>


	</text>
</tei>
