<?xml version="1.0" ?>
<tei xml:space="preserve">
	<teiHeader>
		<fileDesc xml:id="0"/>
	</teiHeader>
	<text xml:lang="en">
			<front>HIGH COURT OF ANDHRA PRADESH AT AMARAVATI <lb/>
			MAIN CASE No.: A.S.No.293 of 2012 <lb/>
			PROCEEDING SHEET <lb/>
			
			Sl.No <lb/>
			DATE <lb/>
			ORDER <lb/>
			
			OFFICE <lb/>
			NOTE <lb/>
			
			3 <lb/></front>

			<body>10.08.2022<lb/>
			SV, J <lb/>
			
			Sri Vishnu Vardhan Reddy, learned counsel <lb/>
			representing Sri Maheswara Rao Kunchem, learned counsel <lb/>
			for the appellant, submits that there is one connected <lb/>
			appeal in A.S.No.246 of 2012 and requests to post this <lb/>
			matter along with A.S.No.246 of 2012. <lb/>
			
			Post after two(2) weeks along with A.S.No.246 of <lb/>
			2012. <lb/>
			
			_________ <lb/>
			SV, J <lb/>
			RSK/PAB<lb/> </body>


	</text>
</tei>
