<?xml version="1.0" ?>
<tei xml:space="preserve">
	<teiHeader>
		<fileDesc xml:id="0"/>
	</teiHeader>
	<text xml:lang="en">
			<front>HIGH COURT OF ANDHRA PRADESH AT AMARAVATI <lb/>
			MAIN CASE No. C.C.No.129 of 2020 <lb/>
			PROCEEDING SHEET <lb/>
			
			Sl. <lb/>
			No. <lb/>
			DATE <lb/>
			ORDER <lb/></front>
			

			<body>OFFICE <lb/>
			NOTE <lb/>
			10.<lb/>
			10.08.2022<lb/>
			MGR, J <lb/>
			Respondent Nos.1, 2, 3 and 5 are <lb/>
			present in person before this Court today. <lb/>
			Sri K.V.Raghuveer, learned counsel <lb/>
			appearing for the respondents states that <lb/>
			reply affidavit is filed and in pursuance of <lb/>
			the order of this Court, proceedings dated <lb/>
			28.4.2022 are passed and the respondents <lb/>
			have not violated the orders of this Court <lb/>
			wilfully <lb/>
			and <lb/>
			deliberately <lb/>
			and <lb/>
			not <lb/>
			circumvented the order of this Court. He <lb/>
			further orally prays that the presence of <lb/>
			the respondents may be dispensed with. <lb/>
			Acceding to the request, the future <lb/>
			presence of the Respondent Nos.1, 2, 3 <lb/>
			and 5 is dispensed with until further <lb/>
			orders. <lb/>
			Post on 24.08.2022. <lb/>
			________ <lb/>
			MGR, J <lb/>
			CSR<lb/> </body>


	</text>
</tei>
