<?xml version="1.0" ?>
<tei xml:space="preserve">
	<teiHeader>
		<fileDesc xml:id="0"/>
	</teiHeader>
	<text xml:lang="en">
			<front>HIGH COURT OF ANDHRA PRADESH:: AMARAVATI <lb/>
			MAIN CASE NO.: C.C.No.1 of 2022 <lb/>
			PROCEEDING SHEET <lb/>
			
			Sl. <lb/>
			No. <lb/>
			Date <lb/>
			ORDER <lb/>
			OFFICE <lb/>
			NOTE <lb/>
			08. 10.08.2022<lb/>
			KVL,J <lb/>
			Registry is directed to place the reply affidavit filed <lb/>
			by the petitioner on record. <lb/>
			At the request of the learned counsel for the <lb/>
			petitioner, list the matter on 08.09.2022. <lb/></front>

			<body>_____ <lb/>
			KVL,J <lb/>
			SJ<lb/> </body>


	</text>
</tei>
