<?xml version="1.0" ?>
<tei xml:space="preserve">
	<teiHeader>
		<fileDesc xml:id="0"/>
	</teiHeader>
	<text xml:lang="en">
			<front>HIGH COURT OF ANDHRA PRADESH:: AMARAVATI <lb/>
			MAIN CASE NO.: C.C.No.29 of 2022 <lb/>
			PROCEEDING SHEET <lb/>
			
			Sl. <lb/>
			No. <lb/>
			Date <lb/>
			ORDER <lb/>
			OFFICE <lb/>
			NOTE <lb/>
			06. 10.08.2022<lb/>
			KVL,J <lb/></front>

			<body>None appears for the respondents. <lb/>
			Learned counsel for the petitioner submits that the <lb/>
			additional counter affidavit is not served on him. <lb/>
			List the matter on 18.08.2022. <lb/>
			
			_____ <lb/>
			KVL,J <lb/>
			
			SJ<lb/> </body>


	</text>
</tei>
