<?xml version="1.0" ?>
<tei xml:space="preserve">
	<teiHeader>
		<fileDesc xml:id="0"/>
	</teiHeader>
	<text xml:lang="en">
			<front>HIGH COURT OF ANDHRA PRADESH AT AMARAVATI <lb/>
			MAIN CASE No. C.C.No.44 of 2022 <lb/>
			PROCEEDING SHEET <lb/>
			Sl. <lb/>
			No <lb/>
			DATE <lb/>
			ORDER <lb/>
			OFFICE <lb/>
			NOTE <lb/>
			(11)<lb/>
			10.08.2022 UDPR, J <lb/>
			</front>

			<body>No representation for petitioner. <lb/>
			Learned counsel for respondents Sri I.Koti <lb/>
			Reddy is present and ready. <lb/>
			In that view, List on 11.08.2022. <lb/>
			________ <lb/>
			UDPR, J <lb/>
			mva <lb/>
			HIGH COURT OF ANDHRA PRADESH <lb/>
			MAIN CASE No. W.P. No. <lb/>
			of 20 <lb/>
			PROCEEDING SHEET <lb/>
			UDPR, J &amp; NJS, J <lb/>
			Today, 
			order 
			is 
			pronounced 
			in <lb/>
			W.P.No.45971/2018 and the writ petition is allowed. <lb/>
			In terms of the order thereof, this Writ Petition is <lb/>
			allowed and the impugned order is set aside. <lb/>
			No costs. <lb/>
			_________ <lb/>
			UDPR, J <lb/>
			_______ <lb/>
			NJS, J <lb/></body>
			
			<note place="footnote">Note: Registry is directed to append a <lb/>
			copy of the order in W.P.Ṇo.45971/2018 <lb/>
			dated 20.11.2020 to this writ petition. <lb/>
			(B/o) <lb/>
			MVA<lb/> </note>


	</text>
</tei>
