<?xml version="1.0" ?>
<tei xml:space="preserve">
	<teiHeader>
		<fileDesc xml:id="0"/>
	</teiHeader>
	<text xml:lang="en">
			<front>IN THE HIGH COURT OF ANDHRA PRADESH :: AMARAVATI <lb/>
			THE HON&apos;BLE SRI JUSTICE NINALA JAYASURYA <lb/>
			CONTEMPT CASE No.591 of 2022 <lb/>
			Between: <lb/>
			Parvathaneni Malleswari <lb/>
			…. <lb/>
			Petitioner <lb/>
			And <lb/>
			Vivek Yadav <lb/>
			….<lb/>
			Respondent <lb/>
			(R.2 in Writ Petition) <lb/>
			Counsel for the Petitioner <lb/>
			: Mr.V.Surya Kiran Kumar <lb/>
			Counsel for the Respondent <lb/>
			: Mr.G.L.Nageswara Rao <lb/>
			ORDER: <lb/>
			</front>

			<body>Heard the learned counsel for the petitioner and the learned <lb/>
			Assistant Government Pleader for Revenue, who states that in compliance <lb/>
			Order dated 08.11.2021 passed in W.P.No.25633 of 2021, the <lb/>
			1 st respondent issued G.O.Ms.No.551, Revenue (Lands-V) Department, <lb/>
			dated 27.07.2022, de-notifying the subject matter lands, which belongs to <lb/>
			the petitioner, from the list of Prohibited Properties notified under Section <lb/>
			22-A(1)(e) of the Registration Act, 1908. In view of the same, nothing <lb/>
			survives for adjudication by this Court. Accordingly, the Contempt Case is <lb/>
			closed. No costs. <lb/>
			As a sequel, miscellaneous applications, if any, pending shall <lb/>
			stand closed. <lb/>
			__________________ <lb/>
			NINALA JAYASURYA, J <lb/>
			Date: 10.08.2022 <lb/>
			IS <lb/>
			</body>

			<page>2 <lb/>
			</page>

			<body>NJS, J <lb/>
			cc_591_2022 <lb/>
			
			THE HON&apos;BLE SRI JUSTICE NINALA JAYASURYA <lb/>
			CONTEMPT CASE No.591 of 2022 <lb/>
			Date: 10.08.2022 <lb/>
			
			IS<lb/> </body>


	</text>
</tei>
