<?xml version="1.0" ?>
<tei xml:space="preserve">
	<teiHeader>
		<fileDesc xml:id="0"/>
	</teiHeader>
	<text xml:lang="en">
			<front>HIGH COURT OF ANDHRA PRADESH A AMARAVATI <lb/>
			
			MAIN CASE No.: C.C.No.696 of 2021 <lb/>
			
			PROCEEDING SHEET <lb/>
			
			Sl. <lb/>
			No <lb/>
			
			DATE <lb/>
			
			ORDER <lb/></front>

			<body>10.08.2022<lb/>
			
			DEV, J <lb/>
			
			At request, post on 22.08.2022. <lb/>
			
			_________ <lb/>
			DEV, J <lb/>
			
			PGR<lb/> </body>


	</text>
</tei>
