<?xml version="1.0" ?>
<tei xml:space="preserve">
	<teiHeader>
		<fileDesc xml:id="0"/>
	</teiHeader>
	<text xml:lang="en">
			<front>HIGH COURT OF ANDHRA PRADESH A AMARAVATI <lb/>
			
			MAIN CASE No.: C.C.No.575 of 2022 <lb/>
			
			PROCEEDING SHEET <lb/>
			
			Sl. <lb/>
			No <lb/>
			
			DATE <lb/>
			ORDER <lb/></front>

			<body>9) <lb/>
			
			10.08.2022<lb/>
			DEV, J <lb/>
			
			On behalf of the respondents, a <lb/>
			memo has been filed along with order of <lb/>
			the Hon&apos;ble Apex Court, dated 01.08.2022 <lb/>
			in SLP (c) No.012610/2022. <lb/>
			
			In view of the same, post after three <lb/>
			(03) months. <lb/>
			
			_________ <lb/>
			
			DEV, J <lb/>

			PGR<lb/></body> 


	</text>
</tei>
