<?xml version="1.0" ?>
<tei xml:space="preserve">
	<teiHeader>
		<fileDesc xml:id="0"/>
	</teiHeader>
	<text xml:lang="en">
			<note place="headnote">W.P.(MD)No.3044 of 2020 <lb/>
			</note>

			<front>BEFORE THE MADURAI BENCH OF MADRAS HIGH COURT <lb/>
			DATED: 14.02.2020 <lb/>
			CORAM <lb/>
			THE HONOURABLE MR.JUSTICE S.S.SUNDAR <lb/>
			W.P.(MD)No.3044 of 2020 <lb/>
			and <lb/>
			W.M.P.(MD)No.2594 of 2020 <lb/>
			P.Yuvaraj <lb/>
			: Petitioner <lb/>
			vs. <lb/>
			1.The District Registrar, <lb/>
			Theni, Theni District, <lb/>
			Periyakulam Redg.District. <lb/>
			2.The Sub Registrar, <lb/>
			Sub Registrar Office, <lb/>
			Bodinayakkanur, Theni District. <lb/>
			3.Y.Keerthana <lb/>
			4.P.Saraanan <lb/>
			5.S.Manjula <lb/>
			: Respondents <lb/>
			Prayer: Writ Petition filed under Article 226 of the <lb/>
			Constitution of India praying for issuance of a Writ of <lb/>
			Declaration, to declare Document No.218/2016 on the file of <lb/>
			the second respondent, dated 18.01.2016, executed by the <lb/>
			fourth respondent in favour of third respondent as null and <lb/>
			void. <lb/>
			</front>

			<page>1/8 <lb/>
			</page>

			<note place="footnote">http://www.judis.nic.in <lb/>
			</note>

			<note place="headnote">W.P.(MD)No.3044 of 2020 <lb/>
			</note>

			<front>For Petitioner 
			:Mr.K.Saravana Bhagavathy <lb/>
			for M/s.S.K.K.Law Associates <lb/>
			For R1 and R2 
			:Mr.A.Muthu Karuppan <lb/>
			Additional Government Pleader <lb/>
			**** <lb/>
			O R D E R <lb/>
			</front>

			<body>This Writ Petition is filed to declare the Document <lb/>
			No.218/2016 on the file of the second respondent, dated <lb/>
			18.01.2016, executed by the fourth respondent in favour of <lb/>
			third respondent as null and void. <lb/>
			2.By consent of both parties, the Writ Petition is <lb/>
			taken up for final disposal at the stage of admission itself. <lb/>
			3.The brief facts that are necessary for the disposal of <lb/>
			this Writ Petition are as follows: <lb/>
			4.The petitioner married the third respondent on <lb/>
			31.05.2012. It is stated by the petitioner that the petitioner&apos;s <lb/>
			wife suggested for purchasing the property from her father <lb/>
			under the pretext that the petitioner&apos;s father-in-law is the <lb/>
			</body>

			<page>2/8 <lb/>
			</page>

			<note place="footnote">http://www.judis.nic.in <lb/>
			</note>

			<note place="headnote">W.P.(MD)No.3044 of 2020 <lb/>
			</note>

			<body>owner of the property. It is also stated by the petitioner that <lb/>
			on the promise that the property would be conveyed in favour <lb/>
			of the petitioner for a consideration of Rs.10 lakhs, he sent <lb/>
			substantial amount to the account of the petitioner&apos;s mother-<lb/>
			in-law. The petitioner has also given the list of dates for <lb/>
			sending the money from abroad for the purpose of purchasing <lb/>
			the property. It is the contention of the petitioner that the <lb/>
			balance sale consideration was also paid by him on the date of <lb/>
			registration of the document on 18.01.2016, which was in <lb/>
			favour of the third respondent (executed by the fourth <lb/>
			respondent). The petitioner states further that there is some <lb/>
			dispute between the petitioner and his wife and that a petition <lb/>
			for divorce was also presented by the petitioner&apos;s wife in <lb/>
			H.M.O.P.No.263 of 2018. <lb/>
			5.The petitioner further states that the petitioner <lb/>
			came to know about the attempt made by the third and fourth <lb/>
			respondents to sell the property and that therefore, he <lb/>
			submitted a representation before the second respondent to <lb/>
			</body>

			<page>3/8 <lb/>
			</page>

			<note place="footnote">http://www.judis.nic.in <lb/>
			</note>

			<note place="headnote">W.P.(MD)No.3044 of 2020 <lb/>
			</note>

			<body>cancel the registration of the document. In the representation <lb/>
			submitted by the petitioner on 05.02.2020, the request of the <lb/>
			petitioner was to consider the document submitted by him to <lb/>
			prove that the sale consideration for the document registered <lb/>
			already on 18.01.2016. <lb/>
			Thereafter, the petitioner has <lb/>
			approached this Court for a declaration that the document, <lb/>
			dated 18.01.2016 executed by the fourth respondent in favour <lb/>
			of the third respondent is null and void. <lb/>
			6.The petitioner has come to this Court with an <lb/>
			inappropriate and improper prayer. <lb/>
			Assuming that the <lb/>
			petitioner&apos;s case is accepted, the petitioner does not stand to <lb/>
			gain by the prayer. If the document is declared as void, the <lb/>
			transaction as such will be void and the conveyance by way of <lb/>
			registered instrument becomes invalid. <lb/>
			It is not to the <lb/>
			advantage of anyone either to the petitioner or to the third <lb/>
			respondent. Even for seeking proper relief, this Court cannot <lb/>
			entertain Writ Petition to decide the title of petitioner. In such <lb/>
			circumstances, the petitioner has to approach the Civil Court <lb/>
			</body>

			<page>4/8 <lb/>
			</page>

			<note place="footnote">http://www.judis.nic.in <lb/>
			</note>

			<note place="headnote">W.P.(MD)No.3044 of 2020 <lb/>
			</note>

			<body>for appropriate relief. The petitioner claims title to the <lb/>
			property on the basis that the entire sale consideration for the <lb/>
			transaction was paid by him. <lb/>
			7.Without even knowing the legal implications of <lb/>
			present prayer in the Writ Petition, the petitioner has <lb/>
			approached this Court. Despite this Court try to convince the <lb/>
			learned Counsel for the petitioner that the prayer is <lb/>
			inappropriate and that the petitioner has to approach the Civil <lb/>
			Court, the learned Counsel for the petitioner has argued that <lb/>
			the petitioner is entitled to the relief as prayed for. Hence, <lb/>
			this Court is of the view that the petitioner has approached <lb/>
			this Court with ulterior motive, just to harass the respondents. <lb/>
			Even the petitioner will stand to lose by getting a prayer, <lb/>
			which is now sought for in the Writ Petition. <lb/>
			8.Since the petition is an aimless litigation, the same <lb/>
			is dismissed with a cost of Rs.5,000/-to the credit of Sidha <lb/>
			Clinic attached to this Bench within a period of three weeks <lb/>
			</body>

			<page>5/8 <lb/>
			</page>

			<note place="footnote">http://www.judis.nic.in <lb/>
			</note>

			<note place="headnote">W.P.(MD)No.3044 of 2020 <lb/>
			</note>

			<body>from the date of receipt of a copy of this order. The Registrar <lb/>
			Administration is directed to open the account in the name of <lb/>
			&quot;Sidha Clinic&quot; to be operated by the Registrar Administration. <lb/>
			The amount to be deposited by the petitioner may be utilised <lb/>
			by the Sidha and Ayurvedha Clinic attached to this Bench for <lb/>
			their social service in giving health drinks to the public, who <lb/>
			are visiting this Bench. The amount that is credited to the <lb/>
			account shall be withdrawn and transferred to the Sidha <lb/>
			Clinic by the Registrar Administration by orders of <lb/>
			Honourable Administrative Judge or the Green Committee of <lb/>
			this Bench. Consequently, connected miscellaneous petition is <lb/>
			closed. <lb/>
			9.Post the matter 24.03.2020, for reporting <lb/>
			compliance. <lb/>
			Index 
			:Yes/No <lb/>
			14.02.2020 <lb/>
			Internet : Yes/No <lb/>
			cmr <lb/>
			</body>

			<page>6/8 <lb/>
			</page>

			<note place="footnote">http://www.judis.nic.in <lb/>
			</note>

			<note place="headnote">W.P.(MD)No.3044 of 2020 <lb/>
			</note>

			<front>To <lb/>
			1.The District Registrar, <lb/>
			Theni, Theni District, <lb/>
			Periyakulam Redg.District. <lb/>
			2.The Sub Registrar, <lb/>
			Sub Registrar Office, <lb/>
			Bodinayakkanur, Theni District. <lb/>
			</front>

			<page>7/8 <lb/>
			</page>

			<note place="footnote">http://www.judis.nic.in <lb/>
			</note>

			<note place="headnote">W.P.(MD)No.3044 of 2020 <lb/>
			</note>

			<body>S.S.SUNDAR, J. <lb/>
			

			cmr <lb/>
			W.P.(MD)No.3044 of 2020 <lb/>
			14.02.2020 <lb/>
			</body>

			<page>8/8 <lb/>
			</page>

			<note place="footnote">http://www.judis.nic.in<lb/> </note>


	</text>
</tei>
