<?xml version="1.0" ?>
<tei xml:space="preserve">
	<teiHeader>
		<fileDesc xml:id="0"/>
	</teiHeader>
	<text xml:lang="en">
			<note place="headnote">W.P.(MD) No.3038 of 2020 <lb/>
			</note>

			<front>BEFORE THE MADURAI BENCH OF MADRAS HIGH COURT <lb/>
			DATED: 14.02.2020 <lb/>
			CORAM: <lb/>
			THE HONOURABLE MR.JUSTICE M.S.RAMESH <lb/>
			W.P.(MD) No.3038 of 2020 <lb/>
			C.Asokkumar <lb/>
			... Petitioner <lb/>
			/vs./ <lb/>
			The Management of <lb/>
			Tamilnadu State Transport Corporation (Kumbakonam) Ltd., <lb/>
			Karaikudi Region, <lb/>
			represented by its Managing Director, <lb/>
			Karaikudi. <lb/>
			... Respondent <lb/>
			PRAYER: Writ Petition filed under Article 226 of the Constitution of India for <lb/>
			issuance of Writ of Mandamus, directing the respondent to pay the petitioner <lb/>
			the amount towards the encashment of 119 days of earned leaves surrendered <lb/>
			by him in the years from 2009 to 2017 before his retirement either based on <lb/>
			his monhthly wages of the respective months of surrender of those earned <lb/>
			leaves, together with 18% interest per annum from the respective due dates or <lb/>
			based on the monthly wages payable on the month of his retirement, together <lb/>
			with 18% interest from the date of his retirement, within a time frame as may <lb/>
			be fixed by this Court. <lb/>
			For Petitioner <lb/>
			: Mr.S.Arunachalam <lb/>
			For Respondent <lb/>
			: Mr.P.Balasubramanian <lb/>
			Standing Counsel <lb/>
			</front>

			<page>1/6 <lb/></page>
			
			<note place="footnote">http://www.judis.nic.in <lb/></note>
			

			<note place="headnote">W.P.(MD) No.3038 of 2020 <lb/>
			</note>

			<front>ORDER <lb/>
			</front>

			<body>By consent of both parties, this writ petition is taken up for final <lb/>
			disposal at the stage of admission itself. <lb/>
			2.Since the petitioner, who is the retired employee of the State Transport <lb/>
			Corporation, claims to have not been paid with the surrender leave salary of <lb/>
			119 days for the period from 2009 to 2017, the present writ petition has been <lb/>
			filed seeking for direction in that regard. <lb/>
			3.The petitioner would submit that he has already made a <lb/>
			representation dated 24.01.2020 in this regard, which is said to be pending. If <lb/>
			the said representation is directed to be disposed of within stipulated time, the <lb/>
			ends of justice could be secured. <lb/>
			4.Whenever a representation is made to a statutory authority to redress <lb/>
			the claim of the employee, there is a duty cast upon the respondents to <lb/>
			consider the same on its own merits and pass appropriate orders in one way <lb/>
			or other, instead of keeping the same pending indefinitely. Such an inaction <lb/>
			would amount to dereliction of duties and thereby this Court would be <lb/>
			justified in invoking its extraordinary powers under Article 226 of Constitution <lb/>
			</body>

			<page>2/6 <lb/>
			</page>

			<note place="footnote">http://www.judis.nic.in <lb/>
			</note>

			<note place="headnote">W.P.(MD) No.3038 of 2020 <lb/>
			</note>

			<body>of India and thereby direct such authority to consider the representation <lb/>
			within the stipulated time. <lb/>
			5.An identical issue came up for consideration before the Division Bench <lb/>
			of this Court in W.A(MD) No.210 of 2019 and the Hon&apos;ble Division Bench by <lb/>
			judgment dated 04.09.2019 had upheld the view of the learned Single Judge <lb/>
			against which the writ appeal came to be filed and also rejected the <lb/>
			Corporation plea that the employee had not claimed the encashment of the <lb/>
			surrender leave within the stipulated time. The relevant portion of the said <lb/>
			order reads as follows:-<lb/>
			&apos;2. This appeal is filed by the Tamil Nadu State <lb/>
			Transport Corporation, Kumbakonam Division. The <lb/>
			respondent filed W.P(MD).No.2449 of 2018 praying for a <lb/>
			Writ of Certiorarified Mandamus to quash the order dated <lb/>
			21.12.2017 and direct the appellants to settle the <lb/>
			petitioner&apos;s surrender leave salary. <lb/>
			The appellant <lb/>
			Corporation resisted the claim by contending that even <lb/>
			though as per the settlement entered into under Section <lb/>
			12(3) of the Industrial Dispute Act, the employee is entitled <lb/>
			for surrendering and encashing 15 days in one year or 30 <lb/>
			days in two years, the same has not been done by the writ <lb/>
			petitioner during his service during 2011-2014 and after <lb/>
			superannuation only in the year 2016, he has made a claim <lb/>
			of surrender of earn leave, based on the circular issued by <lb/>
			the appellant Corporation, dated 09.01.2017. Further, it is <lb/>
			submitted that the circular is not meant for enabling the <lb/>
			retired employees to renew their claim of surrendering their <lb/>
			earned leave of 15 days in a year during the service i.e., <lb/>
			between 2011-2014 and it is applicable only for existing <lb/>
			employees. <lb/>
			Therefore, it is submitted that the <lb/>
			</body>

			<page>3/6 <lb/>
			</page>

			<note place="footnote">http://www.judis.nic.in <lb/>
			</note>

			<note place="headnote">W.P.(MD) No.3038 of 2020 <lb/>
			</note>

			<body>respondent/writ petitioner cannot lay his claim based upon <lb/>
			the circular, dated 09.01.2017. <lb/>
			3.The 
			learned 
			counsel 
			appearing 
			for 
			the <lb/>
			respondent/writ petitioner submitted that though the <lb/>
			petitioner superannuated on 31.05.2016, from the year <lb/>
			2011 onwards, the said practice of surrendering 15 days or <lb/>
			50% of the earn leave per year was done away by the <lb/>
			appellants Corporation on account of financial crises. <lb/>
			Further, the action based on the settlement entered into <lb/>
			under Section 12(3) of the Act was not available to the <lb/>
			respondent/writ petitioner, because the appellants <lb/>
			Transport Corporation is citing financial crisis. The learned <lb/>
			Single Judge took into consideration the facts placed before <lb/>
			him and also noted the circular dated 09.01.2017 and <lb/>
			taking note of the fact that there is record to show that the <lb/>
			appellants transport corporation pleaded financial crises for <lb/>
			non-settling the surrender leave salary, allowed the writ <lb/>
			petition. <lb/>
			4.While doing so, the Writ Court referred to an earlier <lb/>
			order in the case of A.Sundararajan Vs., Tamil Nadu <lb/>
			State of Transport Corporation (Kumbakonam <lb/>
			Limited) [W.P(MD).No.24245 of 2016 etc batch], <lb/>
			wherein similar relief sought for has been granted and the <lb/>
			writ petitions were allowed and the appellants Transport <lb/>
			Corporation was directed to implement the same. Thus in <lb/>
			our considered view, the learned Single Judge has rightly <lb/>
			gone into the factual position and took note of stand of the <lb/>
			appellants corporation as to why earlier they did not permit <lb/>
			surrender and allowed the writ petition. Therefore, we find <lb/>
			that the appellants have not made out any ground to <lb/>
			interfere with the order passed by the learned Single <lb/>
			Judge.&apos; <lb/>
			6.In the light of the above, this Court is of the view that the petitioner <lb/>
			would be entitled to claim salary for the surrendered leave. <lb/>
			</body>

			<page>4/6 <lb/>
			</page>

			<note place="footnote">http://www.judis.nic.in <lb/>
			</note>

			<note place="headnote">W.P.(MD) No.3038 of 2020 <lb/>
			</note>

			<body>7.For all the forgoing reasons, although the petitioner has made a <lb/>
			representation dated 24.01.2020, the petitioner is directed to make a fresh <lb/>
			representation, enclosing a copy of this order, seeking for settlement of his <lb/>
			surrender leave salary and on receipt of the such representation, the <lb/>
			respondent herein shall consider the same and disburse the eligible surrender <lb/>
			leave salary through four equated monthly installments in the light of the <lb/>
			aforesaid Division Bench Judgment. The respondent shall ensure that the <lb/>
			first installment is disbursed at least within a period of four weeks from the <lb/>
			date of receipt of such fresh representation along with a copy of this order. <lb/>
			8.With the above directions, this Writ Petition is allowed. No costs. <lb/>
			Index : Yes / No <lb/>
			14.02.2020 <lb/>
			Internet : Yes / No <lb/>
			mm <lb/>
			</body>

			<page>5/6 <lb/>
			</page>

			<note place="footnote">http://www.judis.nic.in <lb/>
			</note>

			<note place="headnote">W.P.(MD) No.3038 of 2020 <lb/>
			</note>

			<body>M.S.RAMESH, J. <lb/>
			

			mm <lb/>
			W.P.(MD)No.3038 of 2020 <lb/>
			14.02.2020 <lb/></body>
			
			<page>6/6 <lb/>
			</page>

			<note place="footnote">http://www.judis.nic.in<lb/> </note>


	</text>
</tei>
