<?xml version="1.0" ?>
<tei xml:space="preserve">
	<teiHeader>
		<fileDesc xml:id="0"/>
	</teiHeader>
	<text xml:lang="en">
			<note place="headnote">W.P(MD)No.3035 of 2020 <lb/>
			</note>

			<front>BEFORE THE MADURAI BENCH OF MADRAS HIGH COURT <lb/>
			DATED:14.02.2020 <lb/>
			CORAM: <lb/>
			THE HONOURABLE MRS.JUSTICE PUSHPA SATHYANARAYANA <lb/>
			W.P(MD)No.3035 of 2020 <lb/>
			Suman Michael <lb/>
			... Petitioner <lb/>
			Vs. <lb/>
			1) The Regional Passport Officer, <lb/>
			Regional passport Office, <lb/>
			Bharath Ula Veethi, <lb/>
			Race Course Road, Madurai. <lb/>
			2) The Passport Seva Kondra, <lb/>
			No.12, South Bye Pass Road, <lb/>
			Xavier Colony, Tirunelveli. <lb/>
			3) The Superintendent of Police, <lb/>
			Tirunelveli District, <lb/>
			Tirunelveli. <lb/>
			4) The Inspector of Police, <lb/>
			Panagudi Police Station, <lb/>
			Panagudi,Radhapuram Taluk, <lb/>
			Tirunelveli District. <lb/>
			... Respondents <lb/>
			PRAYER: Writ Petition is filed under Article 226 of the Constitution of <lb/>
			India to issue a Writ of Mandamus, directing the 1 st respondent to issue <lb/>
			passport to the petitioner with regard to the File No. MD207286883319 on <lb/>
			the file of the 1 st respondent within the time stipulated by this Court. <lb/>
			For Petitioner <lb/>
			: Mr.S.R.Anbarasu <lb/>
			</front>

			<page>1/6 <lb/>
			</page>

			<note place="footnote">http://www.judis.nic.in <lb/>
			</note>

			<note place="headnote">W.P(MD)No.3035 of 2020 <lb/>
			</note>

			<front>For RR 1 &amp; 2 
			: Mr.V.Kathirvelu, <lb/>
			Assistant Solicitor General of India <lb/>
			Assisted by Ms.V.Raghaventhere, <lb/>
			Central Govt. Standing Counsel <lb/>
			For RR 3 &amp; 4 
			: Mrs.J.Padmavathi Devi, <lb/>
			Special Government Pleader <lb/>
			****** <lb/>
			O R D E R <lb/>
			</front>

			<body>Ms.S.Ragaventheree, learned Central Government standing counsel <lb/>
			takes notice on behalf of the respondents 1 &amp; 2. <lb/>
			2. The writ petition has been filed by the petitioner praying for <lb/>
			issuance of a Writ of Mandamus, directing the 1 st respondent to issue <lb/>
			passport to the petitioner with regard to the File No. MD207286883319 on <lb/>
			the file of the 1 st respondent within the time stipulated by this Court. <lb/>
			3. The case of the petitioner is that he had applied for passport and <lb/>
			subsequently, during police verification, it appears that the 3 rd and 4 th <lb/>
			respondents have given a report with adverse remarks to the effect that <lb/>
			the petitioner has involved in two cases, viz. in Crime No.579 of 2019 <lb/>
			under Sections 294(b), 323, 324, 506(ii) of IPC and in Crime No.580 of <lb/>
			2019 under Sections 294(b) and 323 IPC on the file of the fourth <lb/>
			respondent. <lb/>
			</body>

			<page>2/6 <lb/>
			</page>

			<note place="footnote">http://www.judis.nic.in <lb/>
			</note>

			<note place="headnote">W.P(MD)No.3035 of 2020 <lb/>
			</note>

			<body>4. The learned counsel for the petitioner submitted that the <lb/>
			petitioner approached the 1 st respondent office and offered his explanation <lb/>
			that the cases implicated against him are kept in F.I.R. stage and <lb/>
			therefore, there is no legal impediment to issue passport to the petitioner. <lb/>
			However, the respondent has refused to issue passport to the petitioner. <lb/>
			5. When there is no offence, which has been taken cognizance by <lb/>
			any criminal Court, which cannot be treated as a proceeding pending <lb/>
			before the criminal Court even as per the notification issued by the <lb/>
			Ministry of External Affairs, New Delhi, dated 25.08.1993 in G.S.R.No. <lb/>
			570(E) and following the same, orders were also passed directing the <lb/>
			authorities to issue the passport. It will be useful to extract the relevant <lb/>
			portion of the said notification: <lb/>
			&quot;G.S.R.570(E) -In exercise of the powers <lb/>
			conferred by clause (a) of Section 22 of the <lb/>
			Passports Act 1967 (15 of 1967) and in <lb/>
			supersession of the notification of the Government <lb/>
			of India in the Ministry of External Affairs <lb/>
			No.G.S.R.298(E), dated the 14 th April, 1976, the <lb/>
			Central Government, being of the opinion that it is <lb/>
			necessary in public interest to do so, hereby <lb/>
			exempts <lb/>
			citizens <lb/>
			of <lb/>
			India <lb/>
			against <lb/>
			whom <lb/>
			proceedings in respect of an offence alleged to <lb/>
			have been committed by them are pending before a <lb/>
			</body>

			<page>3/6 <lb/>
			</page>

			<note place="footnote">http://www.judis.nic.in <lb/>
			</note>

			<note place="headnote">W.P(MD)No.3035 of 2020 <lb/>
			</note>

			<body>criminal Court in India and who produce orders <lb/>
			from the Court concerned permitting them to <lb/>
			depart from India, from the operation of the <lb/>
			provisions of Clause (f) of sub-section (2) of <lb/>
			Section 6 of the said Act, subject to the following <lb/>
			conditions, namely..&quot; <lb/>
			6. In view of the above, the first respondent is directed to issue <lb/>
			passport to the petitioner considering his passport application vide File No. <lb/>
			MD207286883319 within a period of two weeks from the date of receipt <lb/>
			of a copy of this order. <lb/>
			7.With the above direction, the Writ Petition stands disposed of. No <lb/>
			Costs. <lb/>
			14.02.2020 <lb/>
			Index 
			:Yes / No <lb/>
			Internet 
			:Yes / No <lb/>
			sts <lb/>
			To: <lb/>
			1) The Regional Passport Officer, <lb/>
			Regional passport Office, <lb/>
			Bharath Ula Veethi, <lb/>
			Race Course Road, Madurai. <lb/>
			</body>

			<page>4/6 <lb/>
			</page>

			<note place="footnote">http://www.judis.nic.in <lb/>
			</note>

			<note place="headnote">W.P(MD)No.3035 of 2020 <lb/>
			</note>

			<front>2) The Passport Seva Kondra, <lb/>
			No.12, South Bye Pass Road, <lb/>
			Xavier Colony, Tirunelveli. <lb/>
			3) The Superintendent of Police, <lb/>
			Tirunelveli District, <lb/>
			Tirunelveli. <lb/>
			4) The Inspector of Police, <lb/>
			Panagudi Police Station, <lb/>
			Panagudi,Radhapuram Taluk, <lb/>
			Tirunelveli District. <lb/>
			</front>

			<page>5/6 <lb/>
			</page>

			<note place="footnote">http://www.judis.nic.in <lb/>
			</note>

			<note place="headnote">W.P(MD)No.3035 of 2020 <lb/>
			</note>

			<body>PUSHPA SATHYANARAYANA, J. <lb/>
			sts <lb/>
			Order made in <lb/>
			

			W.P(MD)No.3035 of 2020 <lb/>
			Dated: <lb/>
			14.02.2020 <lb/></body>
			

			<page>6/6 <lb/>
			</page>

			<note place="footnote">http://www.judis.nic.in<lb/> </note>


	</text>
</tei>
