<?xml version="1.0" ?>
<tei xml:space="preserve">
	<teiHeader>
		<fileDesc xml:id="0"/>
	</teiHeader>
	<text xml:lang="en">
			<note place="headnote">W.P.(MD) No.3041 of 2020 <lb/>
			</note>

			<front>BEFORE THE MADURAI BENCH OF MADRAS HIGH COURT <lb/>
			DATED: 14.02.2020 <lb/>
			CORAM: <lb/>
			THE HONOURABLE MR.JUSTICE M.S.RAMESH <lb/>
			W.P.(MD) No.3041 of 2020 <lb/>
			O.Gnanasekaran <lb/>
			... Petitioner <lb/>
			/vs./ <lb/>
			The Commissioner, <lb/>
			Tiruchirapalli Corporation, <lb/>
			Trichy District. <lb/>
			... Respondent <lb/>
			PRAYER: Writ Petition filed under Article 226 of the Constitution of India for <lb/>
			issuance of Writ of Mandamus, to direct the respondent to take 50% on the <lb/>
			periods from 01.07.1983 to 02.04.1991 worked on daily wages under the <lb/>
			respondent&apos;s Corporation along with the periods from the date of <lb/>
			regularizing the post of appointment to the post of Driver till the date of <lb/>
			retirement i.e., on 30.04.2018 for calculating the pension and pensionary <lb/>
			benefits and any other benefits as legally entitled to the petitioner and <lb/>
			revise the pension on that basis by considering the representation dated <lb/>
			17.05.2019 and as per the G.O.Ms.No.408 Finance (Pension) Department <lb/>
			dated 25.08.2009 within the time stipulated by this Court. <lb/>
			For Petitioner 
			: Mr.V.R.Venkatesan <lb/>
			For Respondent 
			: Mr.N.S.Karthikeyan <lb/>
			Standing Counsel <lb/>
			</front>

			<page>1/4 <lb/></page>
			
			<note place="footnote">http://www.judis.nic.in <lb/></note>
			

			<note place="headnote">W.P.(MD) No.3041 of 2020 <lb/>
			</note>

			<page>ORDER <lb/>
			</page>

			<body>By consent of both parties, this writ petition is taken up for final <lb/>
			disposal at the stage of admission itself. <lb/>
			2. Though the petitioner has sought for issuance of writ of mandamus <lb/>
			to direct the respondent to take 50% on the periods from 01.07.1983 to <lb/>
			02.04.1991 worked on daily wages under the respondent&apos;s Corporation <lb/>
			along with the periods from the date of regularizing the post of appointment <lb/>
			to the post of Driver till the date of retirement i.e., on 30.04.2018 for <lb/>
			calculating the pension and pensionary benefits and any other benefits as <lb/>
			legally entitled to him and revise the pension on that basis by considering <lb/>
			the representation dated 17.05.2019 and as per G.O.Ms.No.408 Finance <lb/>
			(Pension) Department dated 25.08.2009, in my view, such a decision is to <lb/>
			be taken by the respondent and in case, the petitioner is aggrieved against <lb/>
			such any decision, it would be appropriate to approach this Court. <lb/>
			3. The petitioner would submit that he has already made <lb/>
			representation on 17.05.2019 in this regard, which is said to be pending. If <lb/>
			the said representation is directed to be disposed of within stipulated time, <lb/>
			the ends of justice could be secured. <lb/>
			</body>

			<page>2/4 <lb/>
			</page>

			<note place="footnote">http://www.judis.nic.in <lb/>
			</note>

			<note place="headnote">W.P.(MD) No.3041 of 2020 <lb/>
			</note>

			<body>4. Whenever a representation is made to a statutory authority to <lb/>
			redress the claim of the employee, there is a duty cast upon the <lb/>
			respondents to consider the same on its own merits and pass appropriate <lb/>
			orders in one way or other, instead of keeping the same pending indefinitely. <lb/>
			Such an inaction would amount to dereliction of duties and thereby this <lb/>
			Court would be justified in invoking its extraordinary powers under Article <lb/>
			226 of Constitution of India and thereby direct such authority to consider <lb/>
			the representation within the stipulated time. <lb/>
			5. In view of the above observations, there shall be a direction to the <lb/>
			respondent herein to consider the petitioner&apos;s representation, dated <lb/>
			17.05.2019, on its own merits and pass appropriate orders within a period <lb/>
			of six (6) weeks from the date of receipt of a copy of this order. It is made <lb/>
			clear that this Court has not expressed any of its view with regard to the <lb/>
			claim made by the petitioner in his representation and it is for the <lb/>
			respondents to consider it in accordance with law. <lb/>
			</body>

			<page>3/4 <lb/>
			</page>

			<note place="footnote">http://www.judis.nic.in <lb/>
			</note>

			<note place="headnote">W.P.(MD) No.3041 of 2020 <lb/>
			</note>

			<body>M.S.RAMESH, J. <lb/>
			rmk <lb/>
			6. With the above directions, this Writ Petition is disposed of. <lb/>
			No costs. <lb/>
			14.02.2020 <lb/>
			Index : Yes / No <lb/>
			Internet : Yes / No <lb/>
			

			rmk <lb/>
			Order made in <lb/>
			W.P.(MD)No.3041 of 2020 <lb/>
			Dated: <lb/>
			14.02.2020 <lb/>
			</body>

			<page>4/4 <lb/>
			</page>

			<note place="footnote">http://www.judis.nic.in<lb/> </note>


	</text>
</tei>
