<?xml version="1.0" ?>
<tei xml:space="preserve">
	<teiHeader>
		<fileDesc xml:id="0"/>
	</teiHeader>
	<text xml:lang="en">
			<note place="headnote">W.P.(MD)No.473 of 2016 <lb/>
			</note>

			<front>BEFORE THE MADURAI BENCH OF MADRAS HIGH COURT <lb/>
			DATED: 14.02.2020 <lb/>
			CORAM <lb/>
			THE HONOURABLE MR.JUSTICE S.S.SUNDAR <lb/>
			W.P.(MD)No.473 of 2016 <lb/>
			M.Maliyandi <lb/>
			: Petitioner <lb/>
			vs. <lb/>
			1.The Revenue Divisional Officer, <lb/>
			Revenue Divisional Office, <lb/>
			Srivaikuntam, Tuticorin District. <lb/>
			2.The Tahsildar, <lb/>
			Srivaikuntam Taluk Office, <lb/>
			Srivaikuntam, Tuticorin District. <lb/>
			P.Paramasivam <lb/>
			: Respondents <lb/>
			Prayer: Writ Petition filed under Article 226 of the <lb/>
			Constitution of India praying for issuance of a Writ of <lb/>
			Mandamus, to direct the respondent to consider the <lb/>
			petitioner&apos;s representation, dated 25.03.2015 and to direct the <lb/>
			respondents to measure and hand over the petitioner&apos;s land <lb/>
			from the occupation of third respondent as per petitioner&apos;s <lb/>
			patta No.437, dated 03.02.1994. <lb/>
			</front>

			<page>1/4 <lb/>
			</page>

			<note place="footnote">http://www.judis.nic.in <lb/>
			</note>

			<note place="headnote">W.P.(MD)No.473 of 2016 <lb/>
			</note>

			<front>For Petitioner <lb/>
			:No Appearance <lb/>
			For R1 and R2 <lb/>
			:Mr.C.Ramar <lb/>
			Additional Government Pleader <lb/>
			For R3 <lb/>
			:Mr.K.R.Laxman <lb/>
			**** <lb/>
			O R D E R <lb/>
			</front>

			<body>When the Writ Petition was listed earlier on <lb/>
			12.02.2020, there was no representation for the petitioner. <lb/>
			Hence, the Registry was directed to post this Writ Petition <lb/>
			today, ie., 14.02.2020 under the caption &quot;for dismissal&quot;. <lb/>
			2.Even today there is no representation for the <lb/>
			petitioner, despite the fact that the Writ Petition is posted <lb/>
			under the caption &quot;for dismissal&quot;. Hence, this Court has no <lb/>
			other option, but to dismiss this petition for non-prosecution. <lb/>
			Accordingly, this Writ Petition is dismissed for default. No <lb/>
			costs. <lb/>
			Index 
			:Yes/No <lb/>
			14.02.2020 <lb/>
			Internet : Yes/No <lb/>
			cmr <lb/>
			</body>

			<page>2/4 <lb/>
			</page>

			<note place="footnote">http://www.judis.nic.in <lb/>
			</note>

			<note place="headnote">W.P.(MD)No.473 of 2016 <lb/>
			</note>

			<front>To <lb/>
			1.The Revenue Divisional Officer, <lb/>
			Revenue Divisional Office, <lb/>
			Srivaikuntam, Tuticorin District. <lb/>
			2.The Tahsildar, <lb/>
			Srivaikuntam Taluk Office, <lb/>
			Srivaikuntam, Tuticorin District. <lb/>
			</front>

			<page>3/4 <lb/>
			</page>

			<note place="footnote">http://www.judis.nic.in <lb/>
			</note>

			<note place="headnote">W.P.(MD)No.473 of 2016 <lb/>
			</note>

			<body>S.S.SUNDAR, J. <lb/>
			
			cmr <lb/>
			W.P.(MD)No.473 of 2016 <lb/>
			14.02.2020 <lb/></body>
			

			<page>4/4 <lb/>
			</page>

			<note place="footnote">http://www.judis.nic.in<lb/> </note>


	</text>
</tei>
