<?xml version="1.0" ?>
<tei xml:space="preserve">
	<teiHeader>
		<fileDesc xml:id="0"/>
	</teiHeader>
	<text xml:lang="en">
			<note place="headnote">W.P(MD)No.361 of 2020 <lb/>
			</note>

			<front>BEFORE THE MADURAI BENCH OF MADRAS HIGH COURT <lb/>
			DATED:14.02.2020 <lb/>
			CORAM: <lb/>
			THE HONOURABLE MRS.JUSTICE PUSHPA SATHYANARAYANA <lb/>
			W.P(MD)No.361 of 2020 <lb/>
			A.Velu <lb/>
			... Petitioner <lb/>
			Vs. <lb/>
			1) The Divisional Engineer, <lb/>
			Highways (Construction &amp; Maintenance), <lb/>
			State Highways Department, <lb/>
			Dindigul Division, <lb/>
			Dindigul. <lb/>
			2) The Assistant Divisional Engineer, <lb/>
			Highways (Construction &amp; Maintenance), <lb/>
			State Highways Department, <lb/>
			Dindigul Division, <lb/>
			Dindigul. <lb/>
			3) The District Collector, <lb/>
			Dindigul District, <lb/>
			Dindigul. <lb/>
			4) The Commissioner, <lb/>
			Dindigul Corporation, <lb/>
			Dindigul. <lb/>
			... Respondents <lb/>
			PRAYER: Writ Petition is filed under Article 226 of the Constitution of <lb/>
			India to issue a Writ of Mandamus, directing the respondents to grant <lb/>
			permission to the petitioner to newly run Aavin Milk Booth in the land in <lb/>
			T.S.No.813, Ward No.5 situated at Near Roundana, Bharathpuram, <lb/>
			Mettupatti Road, Dindigul District based on the petitioner&apos;s representation <lb/>
			dated 17.12.2019. <lb/>
			</front>

			<page>1/4 <lb/>
			</page>

			<note place="footnote">http://www.judis.nic.in <lb/>
			</note>

			<note place="headnote">W.P(MD)No.361 of 2020 <lb/>
			</note>

			<front>For Petitioner 
			: Mr.C.Abul Kalam Azad <lb/>
			For RR 1 to 3 
			: MrsJ.Padmavathi Devi, <lb/>
			Special Government Pleader. <lb/>
			For R4 
			: Mr.J.Lawrence <lb/>
			****** <lb/>
			O R D E R <lb/>
			Mrs.J.Padmavathi Devi, learned Special Government Pleader takes <lb/>
			notice on behalf of the respondents 1 to 3. <lb/>
			2. By consent, the writ petition is taken up for disposal at the <lb/>
			admission stage itself. <lb/>
			3. The writ petition has been filed by the petitioner praying for <lb/>
			issuance of a Writ of Mandamus, directing the respondents to grant <lb/>
			permission to the petitioner to newly run Aavin Milk Booth in the land in <lb/>
			T.S.No.813, Ward No.5 situated at Near Roundana, Bharathpuram, <lb/>
			Mettupatti Road, Dindigul District based on the petitioner&apos;s representation <lb/>
			dated 17.12.2019. <lb/>
			4. The case of the petitioner is that, he obtained a license from the <lb/>
			General Manager, Aavin Milk, Dindigul District on 10.01.2019 for running <lb/>
			Aavin Milk Booth in the above said property. Subsequently, the petitioner <lb/>
			</front>

			<page>2/4 <lb/>
			</page>

			<note place="footnote">http://www.judis.nic.in <lb/>
			</note>

			<note place="headnote">W.P(MD)No.361 of 2020 <lb/>
			</note>

			<body>applied for &apos;No objection Certificate&apos; to the fourth respondent, whereby <lb/>
			the petitioner was advised to apply to the Highways Department as the <lb/>
			property falls within the jurisdiction of the said Department. The petitioner <lb/>
			had sent his representation, dated 17.12.2019 vide RPAD seeking <lb/>
			permission to run Aavin Milk Booth. Till date, the respondents have not <lb/>
			granted permission. Aggrieved over the same, the petitioner has <lb/>
			approached this Court by way of filing the present writ petition. <lb/>
			5. In view of the above, without expressing any opinion on the <lb/>
			merits of the claim made by the petitioner, the respondents are directed <lb/>
			to consider the representation of the petitioner dated 17.12.2019 and <lb/>
			pass appropriate orders on the same, on merits and in accordance with <lb/>
			law, within a period of four weeks from the date of receipt of a copy of <lb/>
			this order. <lb/>
			6. With the above direction, the writ petition stands disposed of. No <lb/>
			costs. <lb/>
			14.02.2020 <lb/>
			Index 
			:Yes / No <lb/>
			Internet 
			:Yes / No <lb/>
			sts <lb/>
			</body>

			<page>3/4 <lb/>
			</page>

			<note place="footnote">http://www.judis.nic.in <lb/>
			</note>

			<note place="headnote">W.P(MD)No.361 of 2020 <lb/>
			</note>

			<front>PUSHPA SATHYANARAYANA, J. <lb/>
			sts <lb/>
			To: <lb/>
			1) The Divisional Engineer, <lb/>
			Highways (Construction &amp; Maintenance), <lb/>
			State Highways Department, <lb/>
			Dindigul Division, <lb/>
			Dindigul. <lb/>
			2) The Assistant Divisional Engineer, <lb/>
			Highways (Construction &amp; Maintenance), <lb/>
			State Highways Department, <lb/>
			Dindigul Division, Dindigul. <lb/>
			3) The District Collector, <lb/>
			Dindigul District, Dindigul. <lb/>
			4) The Commissioner, <lb/>
			Dindigul Corporation, Dindigul. <lb/>
			Order made in <lb/>
			</front>

			<body>W.P(MD)No.361 of 2020 <lb/>
			Dated: <lb/>
			14.02.2020 <lb/></body>
			

			<page>4/4 <lb/>
			</page>

			<note place="footnote">http://www.judis.nic.in<lb/> </note>


	</text>
</tei>
