<?xml version="1.0" ?>
<tei xml:space="preserve">
	<teiHeader>
		<fileDesc xml:id="0"/>
	</teiHeader>
	<text xml:lang="en">
			<note place="headnote">W.P.(MD) No.3047 of 2020 <lb/>
			</note>

			<front>BEFORE THE MADURAI BENCH OF MADRAS HIGH COURT <lb/>
			DATED: 14.02.2020 <lb/>
			CORAM: <lb/>
			THE HONOURABLE MR.JUSTICE M.S.RAMESH <lb/>
			W.P.(MD) No.3047 of 2020 <lb/>
			and <lb/>
			W.M.P.(MD)Nos.2595 and 2596 of 2020 <lb/>
			T.V.Ramesh <lb/>
			... Petitioner <lb/>
			/vs./ <lb/>
			1.The Principal Secretary to Government, <lb/>
			Government of Tamil Nadu, <lb/>
			Personnel and Administrative Reforms Department, <lb/>
			Secretariat, Chennai-9. <lb/>
			2.The Additional Chief Secretary to Government, <lb/>
			Government of Tamil Nadu, <lb/>
			Revenue and Disaster Management Department, <lb/>
			Secretariat, Chennai-9. <lb/>
			3.The Principal Secretary/Commissioner of Revenue Administration, <lb/>
			Revenue and Disaster Management Department, <lb/>
			Ezhilagam, Chepauk, Chennai-5. <lb/>
			4.The District Collector, <lb/>
			Thoothukudi District. <lb/>
			... Respondents <lb/>
			PRAYER: Writ Petition filed under Article 226 of the Constitution of India for <lb/>
			issuance of Writ of Mandamus, to direct the respondents 1 to 3 to include <lb/>
			the name of the petitioner in the panel for promotion to the post of Deputy <lb/>
			Collector for the panel year 2019-2020. <lb/>
			</front>

			<page>1/4 <lb/>
			</page>

			<note place="footnote">http://www.judis.nic.in <lb/>
			</note>

			<note place="headnote">W.P.(MD) No.3047 of 2020 <lb/>
			</note>

			<front>For Petitioner 
			: Mr.Pokodi Karnan <lb/>
			for M/s.Polax Legal Solutions<lb/> 
			For Respondents <lb/>
			: Mr.R.Sethuraman <lb/>
			Special Government Pleader <lb/>
			ORDER <lb/>
			</front>

			<body>By consent of both parties, this writ petition is taken up for final <lb/>
			disposal at the stage of admission itself. <lb/>
			2. Though the petitioner has sought for issuance of writ of mandamus <lb/>
			to direct the respondents 1 to 3 to include the name of the petitioner in the <lb/>
			panel for promotion to the post of Deputy Collector for the panel year <lb/>
			2019-2020, in my view, such a decision is to be taken by the fourth <lb/>
			respondent and in case, the petitioner is aggrieved against such any <lb/>
			decision, it would be appropriate to approach this Court. <lb/>
			3. The petitioner would submit that he has already made <lb/>
			representation on 09.12.2019 in this regard, which is said to be pending. If <lb/>
			the said representation is directed to be disposed of within stipulated time, <lb/>
			the ends of justice could be secured. <lb/>
			</body>

			<page>2/4 <lb/>
			</page>

			<note place="footnote">http://www.judis.nic.in <lb/>
			</note>

			<note place="headnote">W.P.(MD) No.3047 of 2020 <lb/>
			</note>

			<body>4. Whenever a representation is made to a statutory authority to <lb/>
			redress the claim of the employee, there is a duty cast upon the <lb/>
			respondents to consider the same on its own merits and pass appropriate <lb/>
			orders in one way or other, instead of keeping the same pending indefinitely. <lb/>
			Such an inaction would amount to dereliction of duties and thereby this <lb/>
			Court would be justified in invoking its extraordinary powers under Article <lb/>
			226 of Constitution of India and thereby direct such authority to consider <lb/>
			the representation within the stipulated time. <lb/>
			5. In view of the above observations, there shall be a direction to the <lb/>
			fourth respondent herein to consider the petitioner&apos;s representation, dated <lb/>
			09.12.2019, on its own merits and pass appropriate orders within a period <lb/>
			of four (4) weeks from the date of receipt of a copy of this order. <lb/>
			It is <lb/>
			made clear that this Court has not expressed any of its view with regard to <lb/>
			the claim made by the petitioner in his representation and it is for the fourth <lb/>
			respondent to consider it in accordance with law. <lb/>
			</body>

			<page>3/4 <lb/>
			</page>

			<note place="footnote">http://www.judis.nic.in <lb/>
			</note>

			<note place="headnote">W.P.(MD) No.3047 of 2020 <lb/>
			</note>

			<body>M.S.RAMESH, J. <lb/>
			rmk <lb/>
			6. With the above directions, this Writ Petition is disposed of. <lb/>
			No costs. Consequently, connected Miscellaneous Petitions are closed. <lb/>
			14.02.2020 <lb/>
			Index : Yes / No <lb/>
			Internet : Yes / No <lb/>
			rmk <lb/>
			Note : Issue order copy on 17.02.2020 <lb/>
			To: <lb/>
			1.The Principal Secretary to Government, <lb/>
			Government of Tamil Nadu, <lb/>
			Personnel and Administrative Reforms Department, <lb/>
			Secretariat, Chennai-9. <lb/>
			2.The Additional Chief Secretary to Government, <lb/>
			Government of Tamil Nadu, <lb/>
			Revenue and Disaster Management Department, <lb/>
			Secretariat, Chennai-9. <lb/>
			3.The Principal Secretary/Commissioner of Revenue Administration, <lb/>
			Revenue and Disaster Management Department, <lb/>
			Ezhilagam, Chepauk, Chennai-5. <lb/>
			4.The District Collector, <lb/>
			Thoothukudi District. <lb/>
			Order made in <lb/>
			W.P.(MD)No.3047 of 2020 <lb/>
			</body>

			<page>4/4 <lb/>
			</page>

			<note place="footnote">http://www.judis.nic.in<lb/> </note>


	</text>
</tei>
