<?xml version="1.0" ?>
<tei xml:space="preserve">
	<teiHeader>
		<fileDesc xml:id="0"/>
	</teiHeader>
	<text xml:lang="en">
			<note place="headnote">W.P.(MD) No.9132 of 2019 <lb/>
			</note>

			<front>BEFORE THE MADURAI BENCH OF MADRAS HIGH COURT <lb/>
			DATED: 14.02.2020 <lb/>
			CORAM: <lb/>
			THE HONOURABLE MR.JUSTICE M.S.RAMESH <lb/>
			W.P.(MD) No.9132 of 2019 <lb/>
			and <lb/>
			W.M.P.(MD) No.7150 of 2019 <lb/>
			Dr.P.Titus <lb/>
			... Petitioner <lb/>
			Vs. <lb/>
			1.The Registrar, <lb/>
			Anna University, <lb/>
			Sardar Patel Road, <lb/>
			Chennai 600 025. <lb/>
			2.The Director, <lb/>
			Centre for Constituent Colleges, <lb/>
			Anna University, <lb/>
			Sardar Patel Road, <lb/>
			Chennai 600 025. <lb/>
			3.The Dean, <lb/>
			University College of Engineering, Nagercoil, <lb/>
			Anna University Constituent College, <lb/>
			Konam, Nagercoil, <lb/>
			Kanyakumari District 629 004. <lb/>
			... Respondents <lb/>
			PRAYER:Writ Petition is filed under Article 226 of the Constitution of India, <lb/>
			praying for the issuance of a Writ of Certiorarified Mandamus, to call for the <lb/>
			records pertaining to the impugned order in Procs.No.051/PR20/2017-CAS, <lb/>
			dated 23.11.2017 on the file of the 1 st respondent and quash the same as <lb/>
			illegal to the extent of providing movement from Stage-1 and Stage -2 with <lb/>
			effect from 22.06.2014 and consequently to direct the 1 st respondent to <lb/>
			provide movement from Stage-1 to Stage-2 under Career Advancement <lb/>
			</front>

			<page>1/2 <lb/></page>
			
			<note place="footnote">http://www.judis.nic.in <lb/></note>
			

			<note place="headnote">W.P.(MD) No.9132 of 2019 <lb/>
			</note>

			<front>M.S.RAMESH, J. <lb/>
			mm <lb/>
			Scheme from the date of eligibility, 01.09.2012 (Completion of 4 years of <lb/>
			Service with Ph.D. qualification) ie., within a time stipulated by this Court. <lb/>
			For Petitioner <lb/>
			: Mr.S.Louis <lb/>
			For R1 &amp; R2 <lb/>
			: Mr.M.Rajarajan <lb/>
			Standing Counsel <lb/>
			ORDER <lb/>
			</front>

			<body>When the matter is taken up for hearing today, the learned counsel <lb/>
			appearing for the petitioner seeks permission of this Court to withdraw this <lb/>
			Writ Petition and he has also made an endorsement to that effect. <lb/>
			2.In view of the endorsement made by the learned counsel appearing <lb/>
			for the petitioner, this Writ Petition is dismissed as withdrawn. No costs. <lb/>
			Consequently, connected miscellaneous petition is closed. <lb/>
			

			Index <lb/>
			:Yes/No <lb/>
			14.02.2020 <lb/>
			Internet : Yes/No <lb/>
			mm <lb/>
			W.P.(MD)No.9132 of 2019 <lb/></body>
			

			<page>2/2 <lb/>
			</page>

			<note place="footnote">http://www.judis.nic.in<lb/> </note>


	</text>
</tei>
