<?xml version="1.0" ?>
<tei xml:space="preserve">
	<teiHeader>
		<fileDesc xml:id="0"/>
	</teiHeader>
	<text xml:lang="en">
			<note place="headnote">W.P.(MD) No.3046 of 2020 <lb/>
			</note>

			<front>BEFORE THE MADURAI BENCH OF MADRAS HIGH COURT <lb/>
			DATED: 14.02.2020 <lb/>
			CORAM: <lb/>
			THE HONOURABLE MR.JUSTICE M.S.RAMESH <lb/>
			W.P.(MD) No.3046 of 2020 <lb/>
			S.Vijayalakshmi <lb/>
			... Petitioner <lb/>
			/vs./ <lb/>
			1.The Secretary to Government, <lb/>
			Government of Tamil Nadu, <lb/>
			School Education Department, <lb/>
			Fort St. George, Chennai 600 009. <lb/>
			2.The Director of School Education, <lb/>
			College Road, Chennai-06. <lb/>
			3.The Joint Director of School, <lb/>
			Education (VOC), College, Road, <lb/>
			Chennai-06. <lb/>
			4.The Chief Educational Officer, <lb/>
			Theni District. <lb/>
			... Respondents <lb/>
			PRAYER: Writ Petition filed under Article 226 of the Constitution of India for <lb/>
			issuance of Writ of Mandamus, to direct the respondents to refix the time <lb/>
			scale of pay from 10.06.2002 by extending the benefits of the G.O.Ms.No. <lb/>
			74, School Education Department dated 1.06.2002 and consequently to <lb/>
			regularize the petitioner from 10.06.2002. <lb/>
			</front>

			<page>1/4 <lb/>
			</page>

			<note place="footnote">http://www.judis.nic.in <lb/>
			</note>

			<note place="headnote">W.P.(MD) No.3046 of 2020 <lb/>
			</note>

			<front>For Petitioner 
			: Mr.R.Saravanan <lb/>
			For Respondents : Mr.A.Thiyagarajan <lb/>
			Government Advocate <lb/>
			ORDER <lb/>
			</front>

			<body>By consent of both parties, this writ petition is taken up for final <lb/>
			disposal at the stage of admission itself. <lb/>
			2. Though the petitioner has sought for issuance of writ of mandamus <lb/>
			to direct the respondents to refix the time scale of pay from 10.06.2002 by <lb/>
			extending the benefits of the G.O.Ms.No.74, School Education Department <lb/>
			dated 1.06.2002 and consequently to regularize the petitioner from <lb/>
			10.06.2002, in my view, such a decision is to be taken by the third <lb/>
			respondent and in case, the petitioner is aggrieved against such any <lb/>
			decision, it would be appropriate to approach this Court. <lb/>
			3. The petitioner would submit that she has already made <lb/>
			representation on 17.12.2019 in this regard, which is said to be pending. If <lb/>
			the said representation is directed to be disposed of within stipulated time, <lb/>
			the ends of justice could be secured. <lb/>
			</body>

			<page>2/4 <lb/>
			</page>

			<note place="footnote">http://www.judis.nic.in <lb/>
			</note>

			<note place="headnote">W.P.(MD) No.3046 of 2020 <lb/>
			</note>

			<body>4. Whenever a representation is made to a statutory authority to <lb/>
			redress the claim of the employee, there is a duty cast upon the <lb/>
			respondents to consider the same on its own merits and pass appropriate <lb/>
			orders in one way or other, instead of keeping the same pending indefinitely. <lb/>
			Such an inaction would amount to dereliction of duties and thereby this <lb/>
			Court would be justified in invoking its extraordinary powers under Article <lb/>
			226 of Constitution of India and thereby direct such authority to consider <lb/>
			the representation within the stipulated time. <lb/>
			5. In view of the above observations, there shall be a direction to the <lb/>
			third respondent herein to consider the petitioner&apos;s representation, dated <lb/>
			17.12.2019, on its own merits and pass appropriate orders within a period <lb/>
			of six (6) weeks from the date of receipt of a copy of this order. It is made <lb/>
			clear that this Court has not expressed any of its view with regard to the <lb/>
			claim made by the petitioner in her representation and it is for the third <lb/>
			respondent to consider it in accordance with law. <lb/>
			</body>

			<page>3/4 <lb/>
			</page>

			<note place="footnote">http://www.judis.nic.in <lb/>
			</note>

			<note place="headnote">W.P.(MD) No.3046 of 2020 <lb/>
			</note>

			<body>M.S.RAMESH, J. <lb/>
			rmk <lb/>
			6. With the above directions, this Writ Petition is disposed of. <lb/>
			No costs. <lb/>
			14.02.2020 <lb/>
			Index : Yes / No <lb/>
			Internet : Yes / No <lb/>
			rmk <lb/>
			To: <lb/>
			1.The Secretary to Government, <lb/>
			Government of Tamil Nadu, <lb/>
			School Education Department, <lb/>
			Fort St. George, Chennai 600 009. <lb/>
			2.The Director of School Education, <lb/>
			College Road, Chennai-06. <lb/>
			3.The Joint Director of School, <lb/>
			Education (VOC), College, Road, <lb/>
			Chennai-06. <lb/>
			4.The Chief Educational Officer, <lb/>
			Theni District. <lb/>
			Order made in <lb/>
			W.P.(MD)No.3046 of 2020 <lb/>
			</body>

			<page>4/4 <lb/>
			</page>

			<note place="footnote">http://www.judis.nic.in<lb/> </note>


	</text>
</tei>
