<?xml version="1.0" ?>
<tei xml:space="preserve">
	<teiHeader>
		<fileDesc xml:id="0"/>
	</teiHeader>
	<text xml:lang="en">
			<page>1 <lb/>
			</page>

			<front>HIGH COURT OF JAMMU AND KASHMIR <lb/>
			AT JAMMU <lb/>
			LPASW No. 497/2002 c/w <lb/>
			LPASW No. 25/2003 CMP No. 56/2003 <lb/>
			LPASW No. 493/2002 CMP No. 599/2002 <lb/>
			LPASW No. 3/2003 CMP No. 5/2003 <lb/>
			Date of Decision: 04.07.2012 <lb/>
			State of J&amp;K and anr. <lb/>
			v. <lb/>
			Rajesh Khajuria and ors. <lb/>
			Coram: <lb/>
			Hon&apos;ble Mr. Justice Virender Singh, Judge <lb/>
			Hon&apos;ble Mr. Justice Muzaffar Hussain Attar, Judge <lb/>
			Appearing counsel: <lb/>
			For appellant (s) : Mr. Vinod Bakshi, Dy. AG <lb/>
			For respondent(s) : Mrs. Surinder Kour, Sr. Advocate with Mr. Rajiv <lb/>
			Gorka, Advocate for R-1 in LPASW No. 497/2002 <lb/>
			and R-1 and 2 in LPASW No. 3/2003 <lb/>
			Mr. K. S. Johal, Sr. Advocate with Mr. Amit Gupta, <lb/>
			Advocate for R-3 to 6 in LPASW No. 497/2002. <lb/>
			Mr. Z. A. Shah, Sr. Advcoae with Mr. Jagpal Singh, <lb/>
			Advocate for R-1 in LPASW No. 25/2003 and R-1 to <lb/>
			4 in LPASW No. 493/2002 <lb/>
			</front>

			<body>Mr. D. C. Raina, Sr. Advocate with Mr. Arun Kumar, <lb/>
			Advocate for R-7 and 8 in LPASW No. 497/2002, R-<lb/>
			2 and 3 in LPASW No. 25/2003, R-5 and 6 in LPASW <lb/>
			No. 493/2002 and R-3 and 4 in LPASW No. 3/2003 <lb/>
			i) Whether approved for reporting in <lb/>
			Law Journals ? <lb/>
			Yes <lb/>
			ii) Whether approved for reporting in <lb/>
			Press ? <lb/>
			Muzaffar Hussain Attar <lb/>
			Writ petitions were disposed of by common judgment <lb/>
			by the learned Single Judge. As the issues involved in <lb/>
			these LPAs are identical, same are being disposed of by <lb/>
			this common judgment. <lb/></body>
			
			<page>2 <lb/></page>
			
			<body>In order to appreciate the controversy raised, facts as <lb/>
			are given in the LPAs are briefly summarized as under: <lb/>
			J&amp;K Public Service Commission (PSC) issued <lb/>
			notification No. 14-PSC of 1997 dated 01 st August&apos;1997 <lb/>
			and notification No. 29 PSC of 1997 dated 31 st <lb/>
			December&apos;1997 wherein and whereunder applications <lb/>
			were invited from the eligible candidates seeking <lb/>
			consideration for being selected and appointed on the post <lb/>
			of Lecturer in the Higher Education Department in <lb/>
			different disciplines including that of Mathematics. <lb/>
			Selection process culminated in making recommendations <lb/>
			in favour of the selected candidates for being appointed on <lb/>
			the post of Lecturer in the discipline of Mathematics in <lb/>
			Higher Education Department on 18 th of September&apos;2000. <lb/>
			Nine candidates were selected in Open Merit Category, two <lb/>
			in RBA category, one in Scheduled Tribe Category and one <lb/>
			in ALC category. Nineteen persons were placed in waiting <lb/>
			list in Open Merit category, four in RBA category, two in <lb/>
			Scheduled Tribe category and two in ALC category. <lb/>
			Respondents-writ petitioners figured in waiting list. Writ <lb/>
			petitions were filed by the writ petitioners-respondents. <lb/>
			The first writ petition SWP No. 3028/2001 was filed on <lb/></body>
			
			<page>3 <lb/></page>
			
			<body>12/12/2001 and other writ petitions were filed after that <lb/>
			date. <lb/>
			Learned writ court disposed of the writ petitions by <lb/>
			common 
			judgment 
			dated 
			26.7.2002 
			whereunder <lb/>
			appellants were directed to consider the claim of the <lb/>
			petitioners for their appointments. <lb/>
			Appellants, being <lb/>
			aggrieved of the judgment of the learned Single Judge, <lb/>
			have challenged the same in these LPAs. <lb/>
			Learned counsel for the appellants submitted that no <lb/>
			reasonable opportunity was granted by the learned writ <lb/>
			court to file the objections. Learned counsel further <lb/>
			submitted that writ petitions have been disposed of <lb/>
			without being admitted to hearing and without affording <lb/>
			an opportunity to the appellants to file counter <lb/>
			affidavit/reply affidavit. Learned counsel submitted that <lb/>
			the select list was published/recommendations were made <lb/>
			on 18 th September&apos;2000 and its life expired on 17 th <lb/>
			September&apos;2001, inasmuch as, select list including that of <lb/>
			waiting list remains in operation for one year from the <lb/>
			date of its publication. Learned counsel submitted that <lb/>
			the judgment impugned, in these appeals, being illegal, <lb/>
			deserve to be set aside. <lb/></body>
			
			<page>4 <lb/></page>
			
			<body>Learned counsel for the respondents-writ petitioners <lb/>
			submitted that the judgment is well reasoned and is in <lb/>
			accordance with law and does not call for any <lb/>
			interference. Learned counsel submitted that appellants <lb/>
			have made appointments of the candidates in other <lb/>
			disciplines even after the expiry of validity period of the <lb/>
			select list. In this behalf reference was made to the <lb/>
			Government Order No. 18-HE of 2003 dated 31.01.2003. <lb/>
			Learned counsel accordingly submitted that appellants <lb/>
			cannot discriminate the writ petitioners-respondents and <lb/>
			are duty bound to give same treatment, which has been <lb/>
			given to the persons, who are beneficiaries of the <lb/>
			aforementioned Government order. <lb/>
			Before dealing with the submissions made at the bar, <lb/>
			it is deemed appropriate to state that operation of the <lb/>
			impugned judgment has been stayed by the court vide its <lb/>
			order dated 10 th February, 2003. <lb/>
			It will also be <lb/>
			appropriate to refer to the facts of the case which resulted <lb/>
			in passing of Government Order No. 18-HE of 2003 dated <lb/>
			31.01.2003. <lb/>
			Twenty three and thirty two posts of <lb/>
			Lecturers in Higher Education Department in open merit <lb/>
			category in the discipline of Botany and Zoology <lb/>
			respectively were advertised by the J&amp;K PSC in the year <lb/></body>
			
			<page>5 <lb/></page>
			
			<body>1997. <lb/>
			Vide letter dated 21.08.2000, PSC made <lb/>
			recommendation to the Government for appointment of <lb/>
			the candidates, against notified posts, who figured in the <lb/>
			select list. Waiting list was also prepared in both the <lb/>
			disciplines. Select list in terms of Rules of the PSC had to <lb/>
			remain valid upto 20.08.2001. <lb/>
			Perusal of the <lb/>
			aforementioned Government order revealed that after <lb/>
			appointing the candidates from the select list, waiting list <lb/>
			was utilized under all the categories to the extent posts <lb/>
			were available and these appointment were made within <lb/>
			validity period of the select list. Waiting list in general <lb/>
			category was utilized upto serial No. 12 and 15 in Botany <lb/>
			and Zoology respectively by utilizing all the available posts <lb/>
			in both the disciplines. Four posts of Lectures, two each <lb/>
			for Botany and Zoology were created vide Govt. Order No. <lb/>
			172-HE of 2001 dated 26.6.2001 and Govt. Order No. <lb/>
			201-HE of 2001 dated 16.7.2001 for Degree College, <lb/>
			Kishtwar and Doda. A proposal was mooted for filling up <lb/>
			of these newly created posts from amongst candidates <lb/>
			available in the waiting list dated 21.08.2000. The matter <lb/>
			was referred to the State Law Department for its opinion. <lb/>
			State Law Department opined that these posts, being <lb/>
			future vacancies, cannot be filled up by falling back upon <lb/></body>
			
			<page>6 <lb/></page>
			
			<body>the waiting list of earlier selection process. It was further <lb/>
			opined that these vacancies shall be advertised. The <lb/>
			persons aggrieved of the opinion of the State Law <lb/>
			Department filed SWP No. 1890/2001, which was allowed <lb/>
			by the court vide order dated 27.03.2002. The other <lb/>
			candidates filed SWP No. 2020/2001 in which interim <lb/>
			orders were passed by the Court on 03.09.2001. The <lb/>
			opinion of the Law Department was sought, which in turn <lb/>
			referred to its earlier opinion and asked the Higher <lb/>
			Education Department to file LPAs against these orders. <lb/>
			LPAs were filed beyond period of limitation. Contempt <lb/>
			applications were filed. Warrants were issued against the <lb/>
			Principal Secretary, High Education Department. Faced <lb/>
			with this situation, statement was made before the Court <lb/>
			that the judgment/orders will be implemented. Govt. <lb/>
			order No. 18-HE of 2003 31.1.2003 was issued under the <lb/>
			pain of the contempt. <lb/>
			Since the judgments were <lb/>
			implemented LPAs were withdrawn. <lb/>
			Facts which are admitted and which are not <lb/>
			disputed in the impugned judgment are that the select list <lb/>
			in the discipline of Mathematics for the post of Lecturer in <lb/>
			Higher 
			Education 
			Department 
			was 
			issued 
			and <lb/>
			recommendations were made in favour of the selected <lb/></body>
			
			<page>7 <lb/></page>
			
			<body>candidates for their appointment to the competent <lb/>
			authority on 18 th September&apos;2000. The select list had to <lb/>
			remain valid for a period of one year. The validity of the <lb/>
			select list expired on 17 th September, 2001. The first writ <lb/>
			petition, admittedly, was filed on 12.12.2001 and other <lb/>
			writ petitions out of which the LPAs have arisen were filed <lb/>
			thereafter. Admittedly, writ petitions were filed after the <lb/>
			life of select list/waiting list had expired. Respondents-<lb/>
			writ petitioners, in these circumstances, had no right in <lb/>
			law to seek direction for operating a non existing waiting <lb/>
			list. Learned Single Judge in the impugned judgment has <lb/>
			referred to two judgments reported in (1999) 3 SCC 696 <lb/>
			titled Virender S. Honda and ors. v. State of Haryana and <lb/>
			anr. and AIR 2000 SC 1097 titled State of U.P v. Ram <lb/>
			Swarup Saroj. The ratio of these judgments presumably <lb/>
			has been applied to the case for the reason that the select <lb/>
			list dated 18.09.2000 was challenged before the court and <lb/>
			interim order was passed by the Court on 18.12.2000, <lb/>
			which as per the judgment of the writ court was vacated <lb/>
			on 16.5.2001 by the learned Single Judge and finally by <lb/>
			the LPA Bench on 4.09.2001. What appears from the <lb/>
			paragraph 2 of the impugned judgment is that select list <lb/>
			was challenged by some aggrieved persons and interim <lb/></body>
			
			<page>8 <lb/></page>
			
			<body>orders were passed. Perusal of the annexures &quot;N&quot; and &quot;O&quot; <lb/>
			of the writ record of SWP No. 3028/2001 titled Rajesh <lb/>
			Khajuri and ors. V. State of J&amp;K And ors. would show that <lb/>
			on 18.12.2000 in CMP No. 2464/2000, Court had directed <lb/>
			that till the reply is filed, respondents will not process the <lb/>
			case of any of the person over and above the number <lb/>
			shown in the notification to which this case related. On <lb/>
			16.5.2001, court gave liberty to the respondents to <lb/>
			complete the selection process strictly in accordance with <lb/>
			the norms provided. <lb/>
			It was further provided that <lb/>
			selection, so made, shall be subject to the decision of the <lb/>
			writ petition. On 4.09.2001, LPA Bench dismissed the <lb/>
			LPA filed against the said order. What appears from these <lb/>
			orders is that select list or appointment of the candidates <lb/>
			was not stayed. <lb/>
			In the aforementioned facts now it is to be <lb/>
			ascertained whether the law laid down by the Hon&apos;ble <lb/>
			Supreme Court in the above referred two judgments would <lb/>
			be applicable to the facts of these cases. In the case <lb/>
			reported in (1999) 3 SCC 696, the Hon&apos;ble Supreme Court <lb/>
			ruled that when a policy has been declared, as to the <lb/>
			manner of filling up of the post and that policy is declared <lb/>
			in terms of the rules and instructions issued from time to <lb/></body>
			
			<page>9 <lb/></page>
			
			<body>time, and so long as these instructions are not contrary to <lb/>
			the rules, respondents ought to follow the same. The <lb/>
			administrative instructions were issued which permitted <lb/>
			appointments to be made against the vacancies which <lb/>
			were likely to arise in six months time from the date of <lb/>
			initiation of the selection process. In this case, no such <lb/>
			administrative order or instruction has been issued as <lb/>
			same has not been brought on record. In this case, select <lb/>
			list expired when the writ petitions were filed by the <lb/>
			respondents-writ petitions seeking enforcement of the <lb/>
			waiting list. On facts, the case reported in (1999)3 SCC <lb/>
			696 is not identical. In another case of which reliance has <lb/>
			been placed by the learned Single Judge reported in AIR <lb/>
			2000 SC 1097, it was ruled by the Hon&apos;ble supreme Court <lb/>
			that &quot;merely because of the one year has elapsed <lb/>
			during the pendency of litigation, we cannot decline <lb/>
			to grant the relief to which the respondent has been <lb/>
			found entitled to by the High Court.&quot; In that case <lb/>
			during the currency and validity of the select list, the writ <lb/>
			petition was filed. <lb/>
			In this case, writ petitioners-<lb/>
			respondents admittedly have filed writ petitions after the <lb/>
			expiry of the select/waiting list. Writ petitions were filed <lb/>
			by some aggrieved persons, wherein select list was <lb/></body>
			
			<page>10 <lb/></page>
			
			<body>challenged, court had not stayed the select list, but had <lb/>
			only directed that the authorities will not process the case <lb/>
			of any person over and above the number shown in the <lb/>
			notification to which the case related. The authorities <lb/>
			were, thus, restrained not to process the case of any <lb/>
			person beyond the notified number of posts. The selection <lb/>
			process continued without any interference. <lb/>
			These <lb/>
			judgments are not applicable to the facts of these cases. <lb/>
			Respondents-writ petitioners&apos; right extinguished <lb/>
			when the period of one year from the date of publication of <lb/>
			the select list/recommendations of the PSC expired. <lb/>
			Admittedly, writ petitions were filed after the expiry of the <lb/>
			select list. In law, there was nothing available to the <lb/>
			respondents-writ petitioners on which they could fall back <lb/>
			upon for sustaining their claims. The reference made to <lb/>
			Government Order no. 18-HE of 2003 dated 31.1.2003 is <lb/>
			of no assistance to the writ petitioners-respondents as the <lb/>
			orders were passed under the pain of the contempt. The <lb/>
			aforementioned Govt. Order, in law, cannot become basis <lb/>
			for extending similar benefit to the writ petitioners-<lb/>
			respondents. <lb/>
			Even on facts posts were created <lb/>
			subsequent to the completion of the selection process and <lb/>
			they were proposed to be filled up by falling back up the <lb/></body>
			
			<page>11 <lb/></page>
			
			<body>waiting list of the earlier selection process. In view of the <lb/>
			settled legal position, respondents-writ petitioners cannot <lb/>
			seek any benefit from the said order. Withdrawal of the <lb/>
			appeals by the appellants therein is of no consequence <lb/>
			and of no help to the writ petitioners-respondents. <lb/>
			Article 14 of the Constitution of India is possessed of <lb/>
			positive traits. No benefit can be derived from an order <lb/>
			which is passed under the pain of contempt. <lb/>
			For the above stated reasons, we find merit, in these <lb/>
			appeals, which are accordingly allowed. <lb/>
			Impugned <lb/>
			judgments are set aside and consequently writ petitions <lb/>
			stand dismissed. <lb/>
			(Muzaffar Hussain Attar) (Virender Singh) <lb/>
			Judge <lb/>
			Judge <lb/>
			

			Jammu: <lb/>
			04.07.2012 <lb/>
			Paramjeet<lb/> </body>


	</text>
</tei>
