<?xml version="1.0" ?>
<tei xml:space="preserve">
	<teiHeader>
		<fileDesc xml:id="0"/>
	</teiHeader>
	<text xml:lang="en">
			<front>HIGH COURT OF JAMMU AND KASHMIR AT <lb/>
			
			JAMMU <lb/>
			
			LPA No. 10/2009 <lb/>
			
			CMA No. 21/2009 <lb/>
			
			
			Date of Order: 09.10.2012 <lb/>
			
			
			State of J&amp;K &amp; Ors. <lb/>
			
			
			Vs. <lb/>
			
			
			Sandoor Singh &amp; Ors. <lb/>
			
			
			CORAM: <lb/>
			
			
			Hon&apos;ble Mr. Justice Mansoor Ahmad Mir, Judge. <lb/>
			
			Hon&apos;ble Mr. Justice J.P.Singh, Judge. <lb/>
			
			
			Appearing Counsel: <lb/>
			
			
			For Appellant(s) : Mrs. Z.S.Watali, Dy.A.G. <lb/>
			
			For Respondent(s) : Mr. C.M.Koul, Advocate. <lb/>
			
			
			i) Whether approved for reporting <lb/>
			
			in Press/Media : <lb/>
			Yes/No <lb/>
			
			ii) Whether to be reported <lb/>
			
			in Digest/Journal : <lb/>
			Yes/No <lb/>
			
			
			J.P.Singh-J : <lb/>
			</front>

			<body>This Letters Patent Appeal is directed against <lb/>
			Judgment and Order dated November 11, 2008 on <lb/>
			respondents&apos; Writ Petition SWP No. 1172/2004 <lb/>
			whereby Notices impugned in the Writ Petition <lb/>
			requiring the respondents to execute Agreements in <lb/>
			terms of Government Order No. 168-GAD of 2004 <lb/>
			dated 09.02.2004 read with Order No. 237-GAD of <lb/>
			2004 dated 20.02.2004 for conversion of their existing <lb/>
			status to Contractual Employees, were quashed. <lb/>
			The facts giving rise to the Appeal are these:-<lb/>
			Sandoor Singh-respondent No.1 was engaged as <lb/>
			Driver on Daily Wage Basis @ Rs.15 per day by the <lb/>
			Child Development Project Officer, Basholi with effect <lb/>
			from December 23, 1987 vide Order No. CDPO/B/300-<lb/>
			02/87 dated 22.12.1987. He was allowed to continue as <lb/>
			</body>

			<page>2 <lb/>
			</page>

			<body>such from time to time until he was re-engaged as <lb/>
			Driver on consolidated pay of Rs.900/-per month vide <lb/>
			Order No. CDPO/B/389-90-92 dated 30.09.1992. <lb/>
			Hem Singh-respondent No.2 was engaged by the <lb/>
			Child Development Project Officer, Bani on a <lb/>
			consolidated salary of Rs.630/-per month vide Order <lb/>
			No. ICDS/Bani/135-36/90 dated 31.05.1990. <lb/>
			Likewise, Pritam Chand-respondent No.3 too was <lb/>
			engaged on consolidated salary of Rs.490/-per month <lb/>
			as Driver w.e.f 20.09.1989 vide Order No. <lb/>
			CDPO/K/7964-89 dated 20.09.1989. <lb/>
			During their continuance as Drivers in the Social <lb/>
			Welfare Department of the State Government, they <lb/>
			approached this Court by Writ Petition SWP No. 607 of <lb/>
			1997, inter alia, claiming regularization in service from <lb/>
			the date of completion of seven years of service in the <lb/>
			Department. <lb/>
			In terms of an interim order passed in the Writ <lb/>
			Petition on 01.05.1997, the State-respondents were <lb/>
			directed to consider their case for taking appropriate <lb/>
			decision thereon and place the same before the Court. <lb/>
			The Writ Petition was finally disposed of on <lb/>
			19.08.2002 with following directions:-<lb/>
			
			
			&quot;i) that respondents would consider the <lb/>
			issue in the light of what has been <lb/>
			stated above and take a decision <lb/>
			within a period of three months from <lb/>
			the date a copy of this order is made <lb/>
			available to them and also to the <lb/>
			</body>

			<page>3 <lb/>
			</page>

			<body>counsel who has appeared on their <lb/>
			behalf by the petitioners; <lb/>
			
			ii) that the salary claims of the <lb/>
			petitioners for the period he has <lb/>
			actually worked would also be settled <lb/>
			within the same period; <lb/>
			iii) that in case the salary claims are not <lb/>
			settled and ultimately it is found that <lb/>
			the monetary benefits were due then <lb/>
			the petitioners would become entitled <lb/>
			to interest at the rate of 9% per annum <lb/>
			and this interest component would be <lb/>
			payable by the officer on whose <lb/>
			account the delay occurs. It is, <lb/>
			however, clarified that if there is any <lb/>
			practical difficulty in settling the issue <lb/>
			within the period stipulated in this <lb/>
			judgment then the respondents would <lb/>
			be at liberty to seek extension of time. <lb/>
			This would be done before the expiry <lb/>
			of period of three months fixed in this <lb/>
			order. But in that eventuality, the <lb/>
			respondents would have to explain the <lb/>
			delay of each and every day in not <lb/>
			implementing the directions given by <lb/>
			this court; <lb/>
			
			iv) During the period the claims are <lb/>
			under consideration the service tenure <lb/>
			of the petitioners shall be kept intact <lb/>
			and in case any adverse order is <lb/>
			passed that be kept in abeyance for <lb/>
			four weeks; <lb/>
			
			v) in case respondents come to a <lb/>
			conclusion that there is some dispute <lb/>
			as to facts they would pass a speaking <lb/>
			order; <lb/>
			
			vi) in case the respondents conclude that <lb/>
			the service tenure of the petitioner <lb/>
			was brought to an end and the <lb/>
			petitioners want to challenge that <lb/>
			decision then the dispute would be <lb/>
			referred under the Industrial Dispute <lb/>
			Act of 1947 to the forum constituted <lb/>
			under the Act and that forum shall <lb/>
			decide the disputed question of fact. <lb/>
			Disposed of accordingly.&quot; <lb/>
			</body>

			<page>4 <lb/>
			</page>

			<body>These directions were issued in the light of the <lb/>
			observations/findings by a Division Bench of the Court <lb/>
			on similar issues which, inter alia, read thus:-<lb/>
			
			
			&quot;i) that an employee who has completed <lb/>
			seven years of service before 31 st <lb/>
			March, 1994 is entitled to regulari-<lb/>
			zation in terms of SRO 64/94; <lb/>
			
			ii) that the employees who were engaged <lb/>
			before 31 st March, 1994 but have not <lb/>
			completed seven years of service are <lb/>
			entitled to the benefit of regularization <lb/>
			after completion of this tenure in the <lb/>
			later financial years. This becomes <lb/>
			apparent from the perusal of Rules 8 <lb/>
			and 9 of the Rules referred to above; <lb/>
			
			iii) That a further right stands conferred <lb/>
			on the employees who have been <lb/>
			engaged on daily rated/work charged <lb/>
			basis. This right is conferred by Rule <lb/>
			9. This is to the effect that no direct <lb/>
			recruitment is to be made unless and <lb/>
			until the claims of the persons already <lb/>
			appointed are duly considered for <lb/>
			regularization; <lb/>
			
			iv) That the case of those employee who <lb/>
			were not strictly speaking, covered by <lb/>
			SRO 64/94 are now to be dealt with in <lb/>
			terms of Government Order dated 6 th <lb/>
			Nov&apos; 2001.&quot; <lb/>
			Acting on the interim directions issued in the Writ <lb/>
			Petition, the Director Social Welfare Department, <lb/>
			Jammu and Kashmir, Jammu recommended <lb/>
			respondents&apos; regularization to the State Government <lb/>
			simultaneously permitting the respondents to be paid <lb/>
			minimum of the pay scale of the posts of Drivers to <lb/>
			avoid contempt proceedings against the Department. <lb/>
			The entries made in the Service Book of the <lb/>
			</body>

			<page>5 <lb/>
			</page>

			<body>respondents maintained by the State Government <lb/>
			indicate them to have been paid not only the minimum <lb/>
			of the pay scale of Drivers but also the increments from <lb/>
			time to time. <lb/>
			The State Government was in the process of <lb/>
			considering regularization of the respondents&apos; case <lb/>
			pursuant to the directions issued on their earlier Writ <lb/>
			Petition, but the process appears to have been <lb/>
			discontinued in view of coming into force of <lb/>
			Government Order Nos. 168-GAD of 2004 dated <lb/>
			09.02.2004 and 237-GAD of 2004 dated 20.02.2004 <lb/>
			and acting thereon, the Child Development Project <lb/>
			Officer, required the respondents to enter into <lb/>
			agreement with the Government for their conversion as <lb/>
			employees on contractual basis. <lb/>
			The respondents questioned the Notices issued to <lb/>
			them by their Second Writ Petition SWP No. <lb/>
			1172/2004 which was allowed vide Judgment and <lb/>
			Order dated 11.11.2008 directing the State Government <lb/>
			to maintain the regular status of the respondents that <lb/>
			was given to them way back in the year 1997. <lb/>
			The above directions were issued by the Court <lb/>
			proceeding on the premise that the respondents stood <lb/>
			regularized by the State Government, which position is, <lb/>
			however, not borne out from the records. <lb/>
			Appearing for the appellants, Ms. Watali, learned <lb/>
			Deputy Advocate General would submit that having not <lb/>
			</body>

			<page>6 <lb/>
			</page>

			<body>been appointed pursuant to any regular recruitment <lb/>
			process prescribed for the post of Drivers, the <lb/>
			respondents were not under law entitled to <lb/>
			regularization. She next contended that the State <lb/>
			Government having not passed any orders for <lb/>
			respondents&apos; regularization, erroneous grant of <lb/>
			minimum pay scale of the posts to them would not <lb/>
			improve their position to entitle them to regularization. <lb/>
			
			
			Mr. C.M.Koul, learned counsel for the <lb/>
			respondents, on the other hand, submitted that being in <lb/>
			service of the State Government, initially on daily wage <lb/>
			basis and thereafter on consolidated pay, the <lb/>
			respondents were entitled to regularization in service, <lb/>
			for, it may not be fair and appropriate for the State <lb/>
			Government to refuse regularization of the respondents <lb/>
			who had given all their youth to serve the State <lb/>
			Government pursuant to their legal and authorized <lb/>
			engagement against available posts of Driver in the <lb/>
			Department. He would further submit that the State <lb/>
			Government was not right in directing conversion of <lb/>
			respondents&apos; Status to that of Contractual Employees <lb/>
			on the basis of the Government Orders issued after <lb/>
			more than two years of the issuance of directions by the <lb/>
			Court requiring consideration of their case for <lb/>
			regularization in service in light of the observations and <lb/>
			directions made by the Court. <lb/>
			</body>

			<page>7 <lb/>
			</page>

			<body>We have considered the submissions of learned <lb/>
			counsel for the parties and perused the Writ Records <lb/>
			and the facts pleaded by the appellants in their Memo of <lb/>
			Appeal. <lb/>
			The undisputed facts appearing from the records <lb/>
			are that Sandoor Singh was engaged on 23.12.1987 on <lb/>
			daily wage basis and he continued serving as such until <lb/>
			October 01, 1992 when he was re-engaged as Driver on <lb/>
			consolidated pay of Rs.900/-per month. Hem Singh <lb/>
			and Pritam Chand, respondent Nos. 2 &amp; 3, were <lb/>
			engaged right from the very beginning on consolidated <lb/>
			salary in the years 1990 and 1989 respectively. During <lb/>
			their continuance as such, the State Government <lb/>
			permitted them to draw increments on the minimum of <lb/>
			the pay scale of the Driver pursuant to the directions <lb/>
			issued by the Director, Social Welfare Department, <lb/>
			Jammu and Kashmir, Jammu in compliance to the <lb/>
			interim orders passed in their earlier Writ Petition. <lb/>
			The position that, therefore, emerges from the <lb/>
			above facts is that the respondents have been continuing <lb/>
			in the State Government Service for over a period of 20 <lb/>
			years and now getting the minimum pay scale of the <lb/>
			post of Driver. They have also been allowed increments <lb/>
			indicating them to have satisfactorily discharged their <lb/>
			duties as Drivers. <lb/>
			To tell them at this stage, as was done by the State <lb/>
			Government, that their Service Status needs to be <lb/>
			</body>

			<page>8 <lb/>
			</page>

			<body>changed, to that of Contractual Employees, would be <lb/>
			adding insult to the injury, for, had the functionaries of <lb/>
			the State Government not elevated the Status of <lb/>
			respondent No.1 from that of a Daily Wage Employee <lb/>
			to an Employee on consolidated salary, he would have <lb/>
			otherwise been entitled to regularization in terms of the <lb/>
			Rules in force after putting in seven years of daily wage <lb/>
			service. Thus, having been placed at an elevated <lb/>
			position of an Employee on consolidated salary to that <lb/>
			of an Employee on a Daily Wage Basis, respondent <lb/>
			No.1 cannot be denied relief to consideration for <lb/>
			regularization additionally because of the State <lb/>
			Government&apos;s Policy declared vide the Jammu and <lb/>
			Kashmir Civil Services (Special Provisions) Act, 2010 <lb/>
			to regularize even the Employees engaged on <lb/>
			Consolidated, Ad hoc, Contractual and other <lb/>
			arrangements. <lb/>
			Even before coming into force of the Jammu and <lb/>
			Kashmir Civil Services (Special Provisions) Act, 2010, <lb/>
			the State Government had issued orders regularizing the <lb/>
			services of Employees engaged on ad hoc basis. Not <lb/>
			only this, the State Government has, in numerous cases, <lb/>
			exercising its power of relaxation, regularized the <lb/>
			services of persons engaged on ad hoc, consolidated <lb/>
			salary and in various other capacities. <lb/>
			In this view of the matter, the respondent No.1&apos;s <lb/>
			case needs consideration by the State Government for <lb/>
			</body>

			<page>9 <lb/>
			</page>

			<body>regularization in service. On similar lines and keeping <lb/>
			in view the length of service of the other respondents in <lb/>
			the Social Welfare Department, they are also entitled to <lb/>
			same consideration by the State Government. <lb/>
			The respondents&apos; learned counsel is, therefore, <lb/>
			right in contending that refusal of the State Government <lb/>
			to consider the respondents&apos; case for regularization in <lb/>
			service may not be just and proper, in the given facts <lb/>
			and circumstances of the case. This is additionally so <lb/>
			because the conversion of respondents&apos; status to that of <lb/>
			employees on contractual basis would amount to <lb/>
			lowering them from their present position in which they <lb/>
			have been continuing for a considerable period. <lb/>
			This apart, what we find from the facts on records <lb/>
			is that rather than complying with the directions issued <lb/>
			on the respondents&apos; Writ Petition in considering their <lb/>
			case for regularization, the appellant-State had opted to <lb/>
			follow the Government Orders issued two years after <lb/>
			the issuance of directions by the Court. The respondents <lb/>
			were entitled to consideration for regularization in <lb/>
			service on the strength of the case set up by them in <lb/>
			their earlier Writ Petition and in view of the <lb/>
			recommendations made for their regularization by their <lb/>
			Controlling Officers from time to time including those <lb/>
			made by the Director, Social Welfare Department, <lb/>
			Jammu, their Appointing Authority as also in the light <lb/>
			</body>

			<page>10 <lb/>
			</page>

			<body>of the observations and directions issued by the Court <lb/>
			on the respondents&apos; earlier Writ Petition. <lb/>
			The omission of the State Government to consider <lb/>
			the respondents&apos; case in the light of the directions <lb/>
			issued in their earlier Writ Petition and on the other <lb/>
			hand opting to follow the Government Orders which <lb/>
			had no play on the respondents&apos; case, cannot, therefore, <lb/>
			be justified. <lb/>
			The appellant-State had, therefore, erred in <lb/>
			considering the respondents&apos; case in the light of the <lb/>
			Government Orders which had no application of their <lb/>
			case, rather than considering their case in terms of the <lb/>
			directions of the Court. <lb/>
			The appellants&apos; learned counsel&apos;s plea that having <lb/>
			not been engaged pursuant to a Selection process, the <lb/>
			respondents were not entitled to regularization, is found <lb/>
			without merit, for, engagement of persons pursuant to <lb/>
			regular Selection process, needs no regularization as <lb/>
			such because their engagement, in terms of the Rules <lb/>
			becomes substantive after their probation in terms of <lb/>
			the Rules and there was no need for regularization of <lb/>
			their services. Regularization in service, in terms of the <lb/>
			Rules in force in the State, is warranted only in those <lb/>
			cases where the engagement was temporary, on Daily <lb/>
			Wage Basis, Ad hoc or otherwise, as permissible under <lb/>
			rules. <lb/>
			</body>

			<page>11 <lb/>
			</page>

			<body>For all what has been said above and in view of <lb/>
			the peculiar facts and circumstances of the case, when <lb/>
			the State Government has been paying the minimum of <lb/>
			the pay scale attached to the post of Driver to the <lb/>
			respondents as also the increments accruing thereon and <lb/>
			they have been continuing in service for over a period <lb/>
			of 20 years, we are of the view that the respondents&apos; <lb/>
			case needs consideration afresh by the State <lb/>
			Government for taking appropriate decision on their <lb/>
			regularization in Service in view of the observations <lb/>
			made hereinabove. <lb/>
			We, accordingly, modify the Judgment of the <lb/>
			learned Single Judge dated 11.11.2008 and direct the <lb/>
			appellants to pass fresh appropriate orders on the <lb/>
			respondents&apos; case for regularization in service, within <lb/>
			eight weeks. <lb/>
			This Appeal stands disposed of accordingly on the <lb/>
			above terms. <lb/>
			(J. P. Singh) (Mansoor Ahmad Mir) <lb/>
			Judge <lb/>
			Judge <lb/>
			</body>

			<note place="footnote">JAMMU : <lb/>
			09.10.2012 <lb/>
			Pawan Chopra </note>


	</text>
</tei>
