<?xml version="1.0" ?>
<tei xml:space="preserve">
	<teiHeader>
		<fileDesc xml:id="0"/>
	</teiHeader>
	<text xml:lang="en">
			<front>HIGH COURT OF JAMMU AND KASHMIR <lb/>
			AT JAMMU <lb/>
			
			OWP No. 1370/2012 <lb/>
			CMA No. 1919/2012 <lb/>
			
			Date of Order: 11.10.2012 <lb/>
			
			Arshad Ali Chowdhary. <lb/>
			v. <lb/>
			The Jammu and Kashmir Special Tribunal, Jammu and ors. <lb/>
			
			Coram: <lb/>
			
			Mr. Justice J. P. Singh. <lb/>
			
			Appearing Counsel: <lb/>
			
			For Petitioner(s) :<lb/> Mr. S.M. Choudhary, Advocate. <lb/>
			For Respondent(s) :<lb/> Mr. S.S. Nand, Advocate. <lb/>
			
			i) Whether approved for reporting <lb/>in Press/Media : <lb/>Yes/No <lb/>
			ii) Whether to be reported <lb/>
			in Digest/Journal : <lb/>Yes <lb/>_______________________________________________________________________________ <lb/></front>

			<body>The petitioner has filed this Writ Petition questioning <lb/>
			Jammu and Kashmir Special Tribunal, Jammu&apos;s order <lb/>
			3.8.2012 whereby requiring the petitioner to seek review of <lb/>
			findings recorded in his earlier Appeal against Building <lb/>
			Operation Controlling Authority&apos;s order dated 29.09.2003, <lb/>
			his Appeal against Building Operation Controlling Authority, <lb/>
			Municipal Area Jammu&apos;s Order dated 22.06.2012 was <lb/>
			consigned to records. <lb/>
			
			Heard learned counsel for the parties and considered <lb/>
			their submissions. <lb/>
			
			The petitioner had filed Appeal against Building <lb/>
			Operation Controlling Authority, Municipal Area, Jammu&apos;s <lb/>
			Order No. MJ/CE/65/3/12 dated 22.6.2012 before the Jammu <lb/>
			and Kashmir Special Tribunal, Jammu raising various pleas <lb/>
			in support to question the order of the Authority. <lb/>
			Rather than considering the Appeal on its merit, the <lb/>
			learned Member, Jammu and Kashmir Special Tribunal, <lb/></body>

			<page>2 <lb/></page>

			<body>seized of the Appeal, consigned it to records proceeding on <lb/>
			the premise that the petitioner needs to have review of the <lb/>
			findings appearing in Jammu and Kashmir Special Tribunal, <lb/>
			Jammu&apos;s order dated 27.04.2012 whereby while allowing the <lb/>
			petitioner&apos;s Appeal, the Building Operation Controlling <lb/>
			Authority&apos;s earlier order dated 29.9.2003 was set aside <lb/>
			permitting the Authority to pass fresh orders after affording <lb/>
			opportunity of hearing to the petitioner. <lb/>
			
			Perusal of the Tribunal&apos;s order reveals that it had failed <lb/>
			to exercise the appellate powers vested in it under the Jammu <lb/>
			and Kashmir Special Tribunal Act, 1988. The Statutory <lb/>
			Authority exercising appellate powers, is bound, in law, to <lb/>
			decide the Appeals preferred before it in accordance with <lb/>
			law. The law does not contemplate consigning of the Appeals <lb/>
			to records without dealing therewith. Therefore, the course <lb/>
			followed by the learned Member of the Special Tribunal <lb/>
			consigning petitioner&apos;s Appeal to records without dealing <lb/>
			therewith and determining the issues raised therein <lb/>
			questioning the Building Operation Controlling Authority <lb/>
			Municipal Area Jammu&apos;s order passed after the Tribunal&apos;s <lb/>
			earlier order dated 27.04.2012, is erroneous. <lb/>
			
			This apart, the prima facie view taken by the Tribunal <lb/>
			on the petitioner&apos;s construction, in the earlier round of <lb/>
			litigation, was required to be dealt with by the Tribunal <lb/>
			considering its affect on the fresh order passed by the <lb/>
			Building Operation Controlling Authority and it was none of <lb/>
			its function to advise the petitioner to seek review thereof. <lb/></body>
			
			<page>3 <lb/></page>
			
			<body>The Tribunal has, therefore, erred in omitting to deal <lb/>
			with the petitioner&apos;s Appeal on its own merit by consigning it <lb/>
			to records and the order passed by it cannot, therefore, be <lb/>
			sustained. <lb/>
			
			This Petition, accordingly, succeeds and is, therefore, <lb/>
			allowed setting aside Jammu and Kashmir Special Tribunal, <lb/>
			Jammu&apos;s order dated 3.8.2012. The petitioner&apos;s Appeal <lb/>
			before the Jammu and Kashmir Special Tribunal, Jammu <lb/>
			shall accordingly revive for its consideration afresh in <lb/>
			accordance with law. <lb/>
			
			( J. P. Singh ) <lb/>
			Judge <lb/>

			Jammu: <lb/>
			11.10.2012 <lb/>
			Tilak, Secy<lb/></body>


	</text>
</tei>
