<?xml version="1.0" ?>
<tei xml:space="preserve">
	<teiHeader>
		<fileDesc xml:id="0"/>
	</teiHeader>
	<text xml:lang="en">
			<front>HIGH COURT OF JAMMU AND KASHMIR AT JAMMU <lb/>
			
			
			CIMA No. 223/2012 <lb/>
			
			CMA Nos. 630/2012 &amp; 477/2012 <lb/>
			
			
			Date of Decision: 06.10.2012 <lb/>
			
			
			Anil Kotwal <lb/>
			
			
			Vs. <lb/>
			
			
			Amila Devi <lb/>
			
			
			CORAM: <lb/>
			
			
			MR. JUSTICE J. P. SINGH. <lb/>
			
			
			Appearing Counsel: <lb/>
			
			
			For Appellant(s) : Mr. C.M.Koul, Advocate. <lb/>
			
			For Respondent(s) : Mr. Vinod Kotwal, Advocate. <lb/>
			
			
			i) Whether approved for reporting <lb/>
			
			in Press/Media : <lb/>
			Yes/No <lb/>
			
			ii) Whether to be reported <lb/>
			
			in Digest/Journal : <lb/>
			Yes. <lb/>
			
			
			________________________________________________________________________ <lb/>
			
			
			JUDGMENT <lb/>
			</front>

			<body>The respondent-Amila Devi filed a Petition under <lb/>
			Section 7 of the Guardians and Wards Act, 1977 seeking <lb/>
			her appointment as Guardian of Virshu Kumari alias <lb/>
			Guddi, minor, aged 9 months, with the Principal District <lb/>
			Judge, Bhaderwah on the sole ground that being the <lb/>
			maternal grandmother of the minor, she could take care <lb/>
			of her well than the appellant, her natural father. <lb/>
			During the pendency of the Petition, she moved an <lb/>
			Application seeking interim custody of the minor on the <lb/>
			ground that the appellant had contracted second <lb/>
			marriage contrary to the assurance given by him during <lb/>
			the proceedings that he would not so do and that the life <lb/>
			of the minor would be spoiled, in presence of the step <lb/>
			</body>
			
			<page>2 <lb/>
			</page>
			
			<body>mother because there was every apprehension that the <lb/>
			step mother may cause damage to the minor&apos;s life. <lb/>
			Despite opportunities allowed, the appellant did not <lb/>
			respond to the Interim Application. <lb/>
			Finding that the appellant had not filed Objections <lb/>
			to the Interim Application, the learned District Judge <lb/>
			handed over the minor to the respondent vide his Order <lb/>
			dated 22.05.2012 providing that in case the appellant <lb/>
			desired to meet his ward he may move Motion for its <lb/>
			consideration on merits. <lb/>
			The appellant is aggrieved by the learned District <lb/>
			Judge&apos;s order and is, therefore, in Appeal thereagainst. <lb/>
			Heard learned counsel for the parties on the Appeal, <lb/>
			considered their submissions and perused the records of <lb/>
			the trial Court. <lb/>
			In allowing interim custody of the minor in favour of <lb/>
			the respondent, the following factors are indicated to have <lb/>
			weighed with the learned District Judge:-<lb/>
			
			
			1) The appellant had contracted second <lb/>
			marriage despite his assurance that he <lb/>
			would not so do. <lb/>
			
			
			2) The parents of the appellant were involved <lb/>
			in the murder of the minor&apos;s mother. <lb/>
			
			
			3) The appellant too was responsible and <lb/>
			involved in the murder of his wife. <lb/>
			
			
			4) The treatment of the step mother can be <lb/>
			perceived keeping in view the social and <lb/>
			economic background of both the parties. <lb/>
			
			
			5) The house of the appellant was <lb/>
			surcharged with tension and unhealthy <lb/>
			environment. <lb/>
			
			
			6) The minor was not living in an <lb/>
			atmosphere where his ethical and <lb/>
			</body>
			
			<page>3 <lb/>
			</page>
			
			<body>physical welfare could be looked after and <lb/>
			every endeavour was made by the <lb/>
			appellant, by holding the custody of the <lb/>
			child, to use the minor at every stage, as a <lb/>
			weapon and bargain with the respondent <lb/>
			to get away from the serious allegations of <lb/>
			murder in which his father and mother <lb/>
			had been arrested and facing trial. <lb/>
			Perusal of the records, however, reveals that there <lb/>
			was absolutely no material worth the name with the <lb/>
			learned District Judge, on the basis whereof, any such <lb/>
			factor as had weighed with him be said to have been <lb/>
			established warranting handing over custody of the minor <lb/>
			to the respondent, who, as admitted by her learned <lb/>
			counsel, was more than 70 years of age. <lb/>
			The respondent&apos;s Application for appointment of <lb/>
			Guardian of the minor does not contain any allegation of <lb/>
			any type whatsoever against the appellant that may <lb/>
			disentitle him to the custody of the minor, in that, all that <lb/>
			is pleaded by her, is a bald statement that the minor can <lb/>
			be taken care of well by her than the appellant, and <lb/>
			nothing beyond that. <lb/>
			The Interim Application too does not talk about all <lb/>
			those factors that have been used against the appellant <lb/>
			by the learned District Judge except that the appellant <lb/>
			had violated his own statement and contracted second <lb/>
			and in presence of the step mother, the life of <lb/>
			the minor would be spoiled and that there was every <lb/>
			apprehension that the step mother would cause damage <lb/>
			to the minor&apos;s life. <lb/>
			There is, however, no material or evidence on <lb/>
			records, on the basis whereof, it be said that the presence <lb/>
			</body>

			<page>4 <lb/>
			</page>

			<body>of step mother in appellant&apos;s house may prove detrimental <lb/>
			to the interests of the minor. No act, overt act or omission <lb/>
			is attributed to the step mother that may be construed <lb/>
			leading to damage to the minor&apos;s life. <lb/>
			The learned District Judge has not cared to record <lb/>
			the statements of the parties before dealing with the <lb/>
			Interim Application. The Affidavit relied upon by him too <lb/>
			is unworthy of credence and reliance, in that, the <lb/>
			statement made in the Application/Affidavit is verified to <lb/>
			be true, both on the basis of personal knowledge, as also <lb/>
			on belief, but without indicating as to which paragraphs <lb/>
			of the Application were true to the deponent&apos;s belief and <lb/>
			others on his personal knowledge. <lb/>
			It can, therefore, be safely concluded that the <lb/>
			learned District Judge has passed the order questioned in <lb/>
			the Appeal without there being any material in support of <lb/>
			the factors that had weighed with him in allowing interim <lb/>
			custody of the minor in favour of the respondent. <lb/>
			The Scheme of the Guardians and Wards Act may <lb/>
			not permit appointment of a Guardian by the Court in <lb/>
			certain cases which, inter alia, include the minor whose <lb/>
			father was living, unless, in the opinion of the Court, he <lb/>
			was found unfit to be the Guardian. <lb/>
			The appellant, who is the natural Guardian of the <lb/>
			minor, could not, therefore, be deprived of the custody of <lb/>
			his minor daughter, unless the Court would form an <lb/>
			opinion, and that too, on the basis of some or other <lb/>
			material that the appellant was not fit to be the Guardian. <lb/>
			There is not even a whisper about any act, overt act <lb/>
			or omission of the appellant or even of the step mother <lb/>
			that may be construed as appellant&apos;s disablement to be <lb/>
			the Guardian of the minor. <lb/>
			</body>

			<page>5 <lb/>
			</page>

			<body>In the circumstances, deprivation of the appellant of <lb/>
			the custody of the minor, merely on the presumption that <lb/>
			the step mother would not take care of her may not be <lb/>
			justified. <lb/>
			The learned District Judge appears to have passed <lb/>
			the order impugned in the Appeal only on the basis of the <lb/>
			submissions made before him by the respondent little <lb/>
			realizing that on mere submissions, which were not <lb/>
			supported by any material, a Judicial Order may not be <lb/>
			warranted. <lb/>
			One of the factors that had weighed with the learned <lb/>
			District Judge in passing the impugned order is the <lb/>
			appellant&apos;s re-marrying after the death of his wife against <lb/>
			the assurance tendered by him during the course of the <lb/>
			proceedings. Marriage of the appellant, after the death of <lb/>
			his earlier wife, cannot be construed as disqualification <lb/>
			for the appellant to be the Guardian of the minor when <lb/>
			nothing abnormal was attributed to the appellant&apos;s <lb/>
			conduct vis-à-vis minor after his marriage. <lb/>
			Yet another factor that had weighed with the learned <lb/>
			District Judge was that the appellant too was involved in <lb/>
			the murder of the minor&apos;s mother and her custody could <lb/>
			not, therefore, be allowed to him. The facts are, however <lb/>
			otherwise, in that, the police is not stated to have booked <lb/>
			the appellant for the murder of his wife and the Final <lb/>
			Police Report, as admitted by the learned counsel for the <lb/>
			parties, is stated to have been filed only against the <lb/>
			parents of the appellant. <lb/>
			The facts of the case amply demonstrate that the <lb/>
			learned District Judge has acted in haste in recording <lb/>
			findings against the appellant without there being any <lb/>
			material or evidence in support thereof. He has thus <lb/>
			in delivering the custody of the minor to the respondent. <lb/>
			</body>
			
			<page>6 <lb/>
			</page>
			
			<body>Although the order passed by the learned District <lb/>
			Judge may not as such be appealable, yet the manner in <lb/>
			which he has acted in recording findings against the <lb/>
			appellant without there being any evidence or material in <lb/>
			support thereof and deprived him of the custody of the <lb/>
			minor, <lb/>
			calls <lb/>
			for <lb/>
			exercise of <lb/>
			jurisdiction of <lb/>
			superintendence under Section 104 of the Constitution of <lb/>
			the Jammu and Kashmir to set the wrong committed by <lb/>
			the learned District Judge, right, to advance the cause of <lb/>
			justice. <lb/>
			For all what has been said above, the order passed <lb/>
			by the learned District Judge cannot, therefore, be <lb/>
			sustained. It is, accordingly, quashed. Learned District <lb/>
			Judge is directed to hear and determine the respondent&apos;s <lb/>
			Application afresh in accordance with law after affording <lb/>
			the parties opportunity to produce such evidence or <lb/>
			material as they may like so to do in support of or in <lb/>
			opposition to the Application. <lb/>
			Learned District Judge shall also expedite <lb/>
			proceedings in the respondent&apos;s Petition under Section 7 <lb/>
			of the Guardians and Wards Act so as to conclude it <lb/>
			within a period of three months. Until further orders by <lb/>
			the Court on the respondent&apos;s Petition or Application, as <lb/>
			the case may be, the custody of the minor-Virshu Kumari <lb/>
			alias Guddi shall remain with the appellant as it was <lb/>
			before the passing of order dated 22.05.2012. The <lb/>
			respondent is directed to deliver the custody of the minor <lb/>
			to the appellant forthwith. <lb/>
			(J. P. Singh) <lb/>
			Judge <lb/>
			</body>

			<note place="footnote">JAMMU <lb/>
			06.10.2012 <lb/>
			Pawan Chopra <lb/>
			7 </note>


	</text>
</tei>
