<?xml version="1.0" ?>
<tei xml:space="preserve">
	<teiHeader>
		<fileDesc xml:id="0"/>
	</teiHeader>
	<text xml:lang="en">
			<front>HIGH COURT OF JAMMU AND KASHMIR <lb/>
			
			AT JAMMU <lb/>
			
			
			OWP 1175/2012 CMA(D-1717/2012) <lb/>
			
			CMA(1632/2012), CMA(1696/2012), <lb/>
			
			c/w <lb/>
			
			CMA(2/2012) APOWP 16/2012 <lb/>
			
			Caveat 918/2012 <lb/>
			
			OWP 949/2011 CMA(1286/2011) <lb/>
			
			
			Date of order: 09.10.2012 <lb/>
			
			K. S. Padwal and ors. <lb/>
			
			
			v. <lb/>
			
			
			State of J&amp;K and ors. <lb/>
			
			
			Coram: <lb/>
			
			
			Hon&apos;ble Mr. Justice Muzaffar Hussain Attar, Judge <lb/>
			
			
			1. Whether approved for Law Journal? <lb/>
			Yes <lb/>
			
			2. Whether approved for publication in Press? <lb/>
			
			
			Appearing counsel: <lb/>
			
			For appellant(s) : Mr. B. S. Manhas, Advocate <lb/>
			
			For respondent(s): Mr. Inderjeet Gupta, GA <lb/>
			
			Mr. Virender Bhat, Advocate <lb/>
			
			(Oral) <lb/>
			
			
			Caveat No. 918/2012 <lb/>
			
			
			Caveat stands discharged. <lb/>
			</front>

			<body>APOWP 16/2012 <lb/>
			
			For the reasons mentioned and grounds stated in the <lb/>
			
			application coupled with the submissions made at the bar, <lb/>
			
			same is allowed. The requirement for placing on record copy <lb/>
			
			of order dated 14.08.2012 is dispensed with. <lb/>
			
			APOWP No. 16/2012 is disposed of. <lb/>
			</body>

			<page>2 <lb/>
			</page>

			<body>OWP No. 1175/2012 and OWP No. 949/2011 <lb/>
			
			
			1. Petitioners in OWP No. 949/2011, prayed that by <lb/>
			
			issuance of Certiorari, order No. DRAJ/701-05 dated <lb/>
			
			07.07.2011 passed by respondent no. 4 be quashed. <lb/>
			
			It is also prayed that the by issuance of writ of <lb/>
			
			Mandamus, respondent no. 5 be directed to complete <lb/>
			
			the election process initiated vide notification No. <lb/>
			
			SCHBS/01 dated 23 rd April 2011. No interim order <lb/>
			
			was passed in these writ petitions, when same were <lb/>
			
			considered by the court on 24.09.2012. <lb/>
			
			
			2. During the pendency of the 1 st writ petition, the <lb/>
			
			Registrar, Co-operative Societies J&amp;K Srinagar <lb/>
			
			passed Order No. 45-SS of 2012 dated 14.08.2012, <lb/>
			
			whereunder in terms of Sub Section 4 of the Section <lb/>
			
			29 of J&amp;K Co-operative Societies Act, 1989 (for short <lb/>
			
			&quot;the Act of 1989&quot;) appointed the Administrator for <lb/>
			
			looking after the affairs of Sainik Co-operative House <lb/>
			
			Building Society (for short the Society) till such time <lb/>
			
			the managing body of the society was elected. <lb/>
			
			
			3. Admitted and undisputed position in respect of the <lb/>
			
			petitioners is that they were elected as managing <lb/>
			
			committee of the Society on 24.07.2008. Petitioners <lb/>
			
			were to hold the office for a period of three years. <lb/>
			
			The period of three years has expired on 24.07.2011. <lb/>
			
			
			<page>3 <lb/>
			</page>
			
			4. Petitioners&apos; managing committee initiated process for <lb/>
			
			election of new committee, ninety days before the <lb/>
			
			expiry of its term. Notification dated 23.04.2011 was <lb/>
			
			issued and in terms of said notification, one Ghulam <lb/>
			
			Nabi Malik, former Tehsildar, was appointed as <lb/>
			
			Returning Officer. Returning Officer issued another <lb/>
			
			notification dated 24.06.2011, whereunder he issued <lb/>
			
			schedule of time table for the election of the <lb/>
			
			management committee, which was to be held on <lb/>
			
			24.07.2011. Communication dated 07.07.2011 was <lb/>
			
			issued by the Deputy Registrar, Coop. Societies (Agri) <lb/>
			
			Jammu and addressed to the Returning Officer, <lb/>
			
			Society, Jammu, wherein he was advised to postpone <lb/>
			
			the election schedule at least by 15 days, so that the <lb/>
			
			genuine objections of the members would be invited <lb/>
			
			and disposed of to their satisfaction, which would <lb/>
			
			result in conducting elections in a free and fair <lb/>
			
			manner. <lb/>
			
			
			5. OWP No. 983/2011 was filed by one Ram Saroop <lb/>
			
			Sharma and ors., wherein they prayed for quashment <lb/>
			
			of appointment of Ghulam Nabi Malik as Returning <lb/>
			
			Officer as also for quashment of Notification dated <lb/>
			
			24.06.2011 issued by the said respondent, wherein <lb/>
			
			he had fixed schedule for conducting the elections. <lb/>
			
			In the said writ petition, the court on 21.07.2011, <lb/>
			</body>

			<page>4 <lb/>
			</page>

			<body>while issuing notice directed for maintenance of <lb/>
			
			status quo till next date of hearing before the Bench. <lb/>
			
			The said order was modified on 03.08.2012 and it <lb/>
			
			was provided that the respondents shall not proceed <lb/>
			
			with the elections under notification impugned in the <lb/>
			
			petition till next date of hearing before the Bench. <lb/>
			
			Another writ petition bearing OWP No. 996/2011 was <lb/>
			
			filed by Dev Raj Choudhary and ors., wherein again it <lb/>
			
			was prayed that the notification appointing <lb/>
			
			Returning Officer be quashed and notification <lb/>
			
			whereby election Schedule was fixed be also <lb/>
			
			quashed. It was also prayed that the respondents 1 <lb/>
			
			to 4 be directed to include the names of petitioners in <lb/>
			
			the Electoral Roll and permit them along with sons <lb/>
			
			and wards of Ex-service man to participate in the <lb/>
			
			election process including right to contest the <lb/>
			
			election to the managing committee of the Society. <lb/>
			
			The said writ petition has been disposed of by the <lb/>
			
			court on 23.08.2012 by directing the respondents to <lb/>
			
			accord consideration to the petitioners&apos; case having <lb/>
			
			regard to amendment made in the byelaws of the <lb/>
			
			Society. It was further directed that the duly elected <lb/>
			
			Committee shall deal with and dispose of the matter <lb/>
			
			within four weeks of the date the petitioner approach <lb/>
			
			the Committee. <lb/>
			</body>

			<page>5 <lb/>
			</page>

			<body>6. Learned counsel for the petitioners submitted that <lb/>
			
			the petitioners had initiated process of election for <lb/>
			
			appointing the members of new Management <lb/>
			
			Committee, which was stalled by the court by <lb/>
			
			issuance of status quo order. <lb/>
			Learned counsel <lb/>
			
			submitted that petitioners, in law, will be deemed to <lb/>
			
			be the members of the management committee and <lb/>
			
			they will continue to be in office until such time the <lb/>
			
			election to the new management committee is held. <lb/>
			
			Learned counsel, in support of his contention <lb/>
			
			referred to and relied upon the judgment of Gujrat <lb/>
			
			High Court in case titled Jayantibhai Dahyabhai <lb/>
			
			Patel v. state of Gujrat reported in (2007) 2 GLH <lb/>
			
			300 and submitted that the petitioners, in view of the <lb/>
			
			law laid down in the said judgment, have a right to <lb/>
			
			continue in office till new management committee is <lb/>
			
			elected. Learned counsel also referred to and relied <lb/>
			
			upon Division Bench of this Court in case titled Sh. <lb/>
			
			Parkash Singh v. Lt. Col. Shiv Dev reported in <lb/>
			
			2000 KLJ 266 and submitted that the said case had <lb/>
			
			also arisen out of the same Society and the Hon&apos;ble <lb/>
			
			Division Bench directed the Society to continue with <lb/>
			
			the election process from the date it was stayed by <lb/>
			
			the writ court. Learned counsel, accordingly, prayed <lb/>
			
			for allowing of both the writ petitions. <lb/>
			</body>

			<page>6 <lb/>
			</page>

			<body>7. In order to appreciate the issue raised in these <lb/>
			
			petitions, Section 29 of the Act of 1989 is taken note <lb/>
			
			of: <lb/>
			
			
			&quot;29. Election and nomination of members <lb/>
			
			of Committee: <lb/>
			
			
			(1)The members of the Committee of a Co-<lb/>
			
			operative Society shall be elected in such a <lb/>
			
			manner as may be prescribed and no person <lb/>
			
			shall be elected unless he is a share holder of <lb/>
			
			the society. <lb/>
			
			(2) The term of the office of the Committee <lb/>
			
			shall be three years. <lb/>
			
			(3) Each committed shall within 90 days <lb/>
			
			before the expiry of its terms, make <lb/>
			
			arrangements for the constitution of a new <lb/>
			
			committee in accordance with the provisions <lb/>
			
			of this Act and rules and bye-laws made <lb/>
			
			thereunder. <lb/>
			
			(4) Where any committee has ceased to hold <lb/>
			
			office and no Committee has been constituted <lb/>
			
			in accordance with the provisions of this Act <lb/>
			
			and rules and bye-laws made thereunder, the <lb/>
			
			Registrar, may, by an order in writing, <lb/>
			
			appoint an Administrator for such period as <lb/>
			
			may from time to time, be specified in the <lb/>
			
			order and an Administrator shall before the <lb/>
			expiry of the period of his appointment, <lb/>
			arrange for the constitution of a new <lb/>
			Committee in accordance with the provisions <lb/>
			of this Act and rules and bye-laws made <lb/>
			thereunder. <lb/>
			[……….] <lb/>
			(5) Notwithstanding anything contained in <lb/>
			this section where the bye-laws of the society <lb/>
			so provide the first committee may be <lb/>
			nominated by the authority mentioned in <lb/>
			those bye-laws. <lb/>
			6. Where the Government have subscribed to <lb/>
			the share capital of a Co-operative Society or <lb/>
			has guaranteed the repayment of the <lb/>
			Principal and the payment of interest on <lb/>
			debentures issued for loans raised by a Co-<lb/>
			operative Society, the Government or any <lb/>
			person authorized by it in this behalf shall <lb/>
			have the right to nominate on the Committee <lb/>
			such number of persons not exceeding three <lb/>
			</body>
			
			<page>7 <lb/>
			</page>
			
			<body>or one third of the total number of members <lb/>
			thereof, whichever is less, as the Government <lb/>
			may determine: <lb/>
			Provided that in addition to members so <lb/>
			appointed two seats shall be reserved for <lb/>
			members belonging to Scheduled Castes and <lb/>
			other Back ward Classes and one seat shall <lb/>
			be reserved for women, which shall be filled <lb/>
			by the Government in such manner as may <lb/>
			be prescribed. <lb/>
			
			(7). In the case of societies which give loans <lb/>
			for purchase of machinery, implements, <lb/>
			equipments, commodities or other goods, no <lb/>
			member, whose near relation is a dealer in <lb/>
			such goods or is a Director of the Company or <lb/>
			a partner of a firm carrying on business in <lb/>
			such goods, shall be eligible for being elected <lb/>
			or appointed as a member of the Committee <lb/>
			of such society.&quot; <lb/>
			
			
			8. Sub Section 1 of the Section 29 of the Act of 1989 <lb/>
			provides that the members of the Committee of a Co-<lb/>
			operative Society shall be elected in such a manner <lb/>
			as may be prescribed and no person shall be elected <lb/>
			unless he is a share holder of the society. Sub <lb/>
			Section 2 of the Section 29 of the Act of 1989 <lb/>
			provides the term of the office of the Committee shall <lb/>
			be three years. Sub Section 3 of the Section 29 of <lb/>
			the Act of 1989 provides that each committee shall <lb/>
			within 90 days before the expiry of its terms, make <lb/>
			arrangements for the constitution of a new committee <lb/>
			in accordance with the provisions of this Act and <lb/>
			rules and bye-laws made thereunder. Sub Section 4 <lb/>
			of the Section 29 of the Act of 1989 provides that <lb/>
			where any committee has ceased to hold office and <lb/>
			</body>
			
			<page>8 <lb/>
			</page>
			
			<body>no Committee has been constituted in accordance <lb/>
			with the provisions of this Act and rules and bye-<lb/>
			laws made thereunder, the Registrar, may, by an <lb/>
			order in writing, appoint an Administrator for such <lb/>
			period as may from time to time, be specified in the <lb/>
			order and an Administrator shall before the expiry of <lb/>
			the period of his appointment, arrange for the <lb/>
			constitution of a new Committee in accordance with <lb/>
			the provisions of this Act and rules and bye-laws <lb/>
			made thereunder. <lb/>
			
			
			9. Admitted fact position of these cases is that in terms <lb/>
			of Sub Section 2 of section 29 of Act of 1989, <lb/>
			petitioners have ceased to be the members of <lb/>
			management Committee on 24.07.2011. In essence, <lb/>
			under the guise of relief sought for in these writ <lb/>
			petitions, petitioners are seeking declaration that the <lb/>
			Management Committee to which they were elected <lb/>
			on 24.07.2008 and which has ceased to be functional <lb/>
			by operation of Statute, shall be declared to be still in <lb/>
			existence. Petitioners&apos; effort to seek such a <lb/>
			declaration, under the guise of prayer clause of these <lb/>
			writ petitions, has but to be rejected, in view of the <lb/>
			mandate contained in Sub section 2 of the Section 29 <lb/>
			of the Act of 1989. By operation of statute, the <lb/>
			management Committee, of which petitioners were <lb/>
			</body>
			
			<page>9 <lb/>
			</page>
			
			<body>members, has ceased to be functional, consequently, <lb/>
			petitioners have ceased to be members of that <lb/>
			management committee. Petitioners have no locus in <lb/>
			the facts and circumstances of these cases to <lb/>
			challenge the order impugned in these petitions. <lb/>
			The interim orders of status quo passed in two writ <lb/>
			petitions have to be read in the backdrop and context <lb/>
			of relief sought for in those writ petitions. The <lb/>
			notification, whereunder returning officer was <lb/>
			appointed by the petitioners committee, has been <lb/>
			called in question in those writ petitions. The ex-<lb/>
			parte order of status quo issued by the court would <lb/>
			have reference only to the appointment of the <lb/>
			returning officer and conducting of the elections. In <lb/>
			the facts of these cases, when management <lb/>
			committee ceased to be functional by the operation of <lb/>
			the statute itself, it cannot be said that ex-parte <lb/>
			interim order passed by the court would breathe new <lb/>
			life into a non existing management committee. In <lb/>
			one of the petitions, as already stated, even the <lb/>
			status quo order was modified and it was specifically <lb/>
			provided that the order would have reference to the <lb/>
			conducting of elections. The other writ petition, in <lb/>
			which status quo order was passed, has been <lb/>
			disposed of. Registrar, in view of the mandate <lb/>
			</body>

			<page>10 <lb/>
			</page>

			<body>contained in Sub-section 4 of Section 29 fo the Act of <lb/>
			1989, was duty bound to appoint the Administrator <lb/>
			for the Society as the earlier appointed committee <lb/>
			had ceased to hold the office. <lb/>
			
			
			10. Reference made to Jayantibhai Dahyabhai Patel&apos;s <lb/>
			case is of no help to the petitioner, inasmuch as, in <lb/>
			that case in terms of Section 74-C (2) of the relevant <lb/>
			Act, on which reliance was placed before the said <lb/>
			Court, it was provided that the members elected on <lb/>
			the Committee shall hold office for a period of three <lb/>
			years from the date on which first meeting was held <lb/>
			and will continue in office until immediately before <lb/>
			the first meeting of the members of the new <lb/>
			committee is held. The Act of 1989 does not have <lb/>
			any such provision, which would allow the <lb/>
			management committee and its members to stay in <lb/>
			office until such time, the newly elected members <lb/>
			would convene first meeting of the new Management <lb/>
			Committee. In Sh. Parkash Singh&apos;s case, Registrar, <lb/>
			and, not earlier management Committee had issued <lb/>
			notice for conducting of elections. <lb/>
			Since the <lb/>
			Registrar had issued the notification which was <lb/>
			stayed by the writ court, the Division Bench of this <lb/>
			court directed for continuing with the election <lb/>
			process from where it was left. On facts, this case is <lb/>
			</body>

			<page>11 <lb/>
			</page>

			<body>different from the facts of these two petitions and the <lb/>
			said judgment also does not help the petitioners. <lb/>
			
			
			11. For the above stated reasons, these petitions, being <lb/>
			meritless, are dismissed along with connected <lb/>
			CMA(s). Petitioners are saddled with costs of Rs. <lb/>
			50,000/-(rupees fifty thousand only) and same shall <lb/>
			be deposited in the Advocate&apos;s Welfare Fund within <lb/>
			four weeks&apos; from today. Registrar shall take steps for <lb/>
			holding elections of the Society within reasonable <lb/>
			time. <lb/>
			
			
			COA (OW) No. 84/2012 <lb/>
			
			
			Record of this contempt petition was send for. <lb/>
			Since the main writ petition has been disposed of, <lb/>
			contempt petition does not survive. <lb/>
			
			
			COA(OW) no. 84/2012 stands disposed of. <lb/>
			
			
			(Muzaffar Hussain Attar) <lb/>
			
			Judge <lb/></body>
			
			
			<note place="footnote">JAMMU <lb/>
			
			09.10.2012 <lb/>
			
			Paramjeet<lb/> 
			</note>


	</text>
</tei>
