<?xml version="1.0" ?>
<tei xml:space="preserve">
	<teiHeader>
		<fileDesc xml:id="0"/>
	</teiHeader>
	<text xml:lang="en">
			<page>Page No.# 1/1 <lb/></page>
			
			<note place="headnote">GAHC020004662020 <lb/></note>
			
			<front>THE GAUHATI HIGH COURT <lb/>
			(HIGH COURT OF ASSAM, NAGALAND, MIZORAM AND ARUNACHAL <lb/>
			PRADESH) <lb/>
			KOHIMA BENCH <lb/>
			
			Case No. : RSA 1/2020 <lb/>
			
			1:XUTOLI AWOMI <lb/>
			R/O PURANA BAZAR, JORAPUKHURI COLONY, DIMAPUR, <lb/>
			NAGALAND <lb/>
			
			VERSUS <lb/>
			
			1:P. VIYIHO AWOMI <lb/>
			R/O THILIXU -B VILLAGE, BLOCK 5, DIMAPUR, NAGALAND <lb/>
			
			Advocate for the Petitioner : JOSHUA SHEQI <lb/>
			Advocate for the Respondent : N K LUIKHAM <lb/>
			
			BEFORE <lb/>
			
			HON&apos;BLE MR. JUSTICE KAKHETO SEMA <lb/>
			
			ORDER <lb/>
			
			Date : 12-08-2022 <lb/>
			
			List it on 16.08.2022 on which date Mr. Joshua Sheqi, <lb/>
			learned counsel for the appellant shall properly address the Court. <lb/></front>

			<body>Sd/-<lb/>
			JUDGE <lb/>
			
			Comparing Assistant <lb/></body>


	</text>
</tei>
