<?xml version="1.0" ?>
<tei xml:space="preserve">
	<teiHeader>
		<fileDesc xml:id="0"/>
	</teiHeader>
	<text xml:lang="en">
			<page>Page No.# 1/2<lb/></page>
			
			<note place="headnote">GAHC020000272022 <lb/></note>
			
			<front>THE GAUHATI HIGH COURT <lb/>
			(HIGH COURT OF ASSAM, NAGALAND, MIZORAM AND ARUNACHAL <lb/>
			PRADESH) <lb/>
			KOHIMA BENCH <lb/>
			
			Case No. : WP(C) 12/2022 <lb/>
			
			1:ASI LONGLISE SANGTAM <lb/>
			DEF WOKHA, NAGALAND <lb/>
			
			VERSUS <lb/>
			
			1:THE STATE OF NAGALAND AND 3 ORS <lb/>
			REPRESENTED THROUGH THE COMMISSIONER TO THE GOVERNMENT <lb/>
			OF NAGALAND. NAGALAND KOHIMA <lb/>
			
			2:THE SPECIAL SECRETARY <lb/>
			HOME <lb/>
			POLICE ESTABLISHMENT BRANCH <lb/>
			HOME DEPARTMENT <lb/>
			NAGALAND KOHIMA <lb/>
			
			3:THE DIRECTOR GENERAL OF POLICE <lb/>
			NAGALAND KOHIMA <lb/>
			
			4:THE DEPUTY INSPECTOR GENERAL <lb/>
			(HQR) PHQ <lb/>
			NAGALAND KOHIM <lb/>
			
			Advocate for the Petitioner : WATI JAMIR <lb/>
			
			Advocate for the Respondent : GOVT ADV NL <lb/></front>
			
			<page>Page No.# 2/2 <lb/></page>
			
			<front>BEFORE <lb/>
			HON&apos;BLE MR. JUSTICE SONGKHUPCHUNG SERTO <lb/>
			
			ORDER <lb/>
			
			Date : 12-08-2022 <lb/></front>

			<body>Ms. Livika, learned Government Advocate submits that she <lb/>
			needs some more time to seek some more instruction. <lb/>
			Mr. Wati Jamir, learned counsel appears on behalf of the <lb/>
			petitioner. <lb/>
			
			List the matter again on 26.08.2022 for admission hearing. <lb/>
			
			Sd/-<lb/>
			JUDGE <lb/>
			
			Comparing Assistant<lb/></body>


	</text>
</tei>
