<?xml version="1.0"?>
<tei xml:space="preserve">
	<teiHeader>
		<fileDesc xml:id="0" />
	</teiHeader>
	<text xml:lang="en">
		<front>
			HIGH COURT OF JUDICATURE FOR RAJASTHAN AT
			<lb />
			JODHPUR
			<lb />
			S.B. Civil Writ Petition No. 6693/2021
			<lb />
			Naganaray Stones, Through Its Proprietor Sanjay Singh S/o
			<lb />
			Sultan Singh, Aged About 32 Years, R/o Abhaygarh Rajputon Ka
			<lb />
			Baas, Setrawa Tehsil Dechu District Jodhpur (Rajasthan).
			<lb />
			----Petitioner
			<lb />
			Versus
			<lb />
			1. State Of Rajasthan, Through The Joint Secretary,
			<lb />
			Department Of Mines (Gr. II), Government Of Rajasthan,
			<lb />
			Secretariat, Jaipur.
			<lb />
			2. The Director, Directorate Of Mines And Geology, Khanij
			<lb />
			Bhawan, Shastri Circle, Udaipur 313001, Rajasthan.
			<lb />
			3. The Mineral State Trading Corporation Limited (Mstc), Site
			<lb />
			Office Cf/02, First Floor, Nehru Place Complex, Tonk Road,
			<lb />
			Jaipur 302015, Rajasthan.
			<lb />
			4. The Assistant Mining Engineer, Mines And Geology
			<lb />
			Department, Balesar District Jodhpur.
			<lb />
			5. Khuman Singh S/o Vikram Singh, R/o Tehsil Dechu
			<lb />
			District Jodhpur (Rajasthan).
			<lb />
			----Respondents
			<lb />
			For Petitioner(s) : Mr. Kuldeep Vaishnav
			<lb />
			For Respondent(s) : Mr. DS Jasol
			<lb />
			Mr. Mahaveer Singh {All through
			<lb />
			Cisco Webex App}
			<lb />
			JUSTICE DINESH MEHTA
			<lb />
			Order
			<lb />
		</front>
		<body>
			12/05/2021
			<lb />
			Mr. Vaishnav, learned counsel for the petitioner submits that
			<lb />
			in view of the subsequent development, the petition has been
			<lb />
			rendered infructuous.
			<lb />
			Dismissed accordingly.
			<lb />
			Stay petition also stands dismissed.
			<lb />
			(DINESH MEHTA),J
			<lb />
			23-Amar/-
		</body>
	</text>
</tei>
