<?xml version="1.0"?>
<tei xml:space="preserve">
	<teiHeader>
		<fileDesc xml:id="0" />
	</teiHeader>
	<text xml:lang="en">
		<front>
			HIGH COURT OF JUDICATURE FOR RAJASTHAN
			<lb />
			JODHPUR
			<lb />
			S.B. Criminal Miscellaneous Bail Application No. 6221/2021
			<lb />
			Lokesh
			<lb />
			----Petitioner
			<lb />
			Versus
			<lb />
			State Of Rajasthan
			<lb />
			----Respondent
			<lb />
			For Petitioner(s) : Mr. Deepak Menaria through V.C.
			<lb />
			For Respondent(s) : Mr. A.R. Choudhary, P.P.
			<lb />
			HON'BLE MR. JUSTICE ARUN BHANSALI
			<lb />
			Order
			<lb />
			12/05/2021
			<lb />
		</front>
		<body>
			Learned counsel for the applicant submits that the office has
			<lb />
			wrongly registered the bail application all over again after
			<lb />
			registering the same as S.B. Criminal Miscellaneous Bail
			<lb />
			Application No. 6097/2021 and, therefore, the same may be
			<lb />
			permitted to be withdrawn with liberty to pursue S.B. Criminal
			<lb />
			Miscellaneous Bail Application No. 6097/2021.
			<lb />
			In view of the submissions made, the present bail application
			<lb />
			is dismissed as withdrawn with liberty as aforesaid.
			<lb />
			(ARUN BHANSALI),J
			<lb />
			52-PKS/-
		</body>
	</text>
</tei>
