<?xml version="1.0"?>
<tei xml:space="preserve">
	<teiHeader>
		<fileDesc xml:id="0" />
	</teiHeader>
	<text xml:lang="en">
		<front>
			HIGH COURT OF JUDICATURE FOR RAJASTHAN
			<lb />
			JODHPUR
			<lb />
			S.B. Criminal Miscellaneous Bail Application No. 15072/2020
			<lb />
			Pradeep @ Pintu
			<lb />
			----Petitioner
			<lb />
			Versus
			<lb />
			State Of Rajasthan
			<lb />
			----Respondent
			<lb />
			Connected With
			<lb />
			S.B. Criminal Miscellaneous Bail Application No. 13468/2020
			<lb />
			Vinay
			<lb />
			----Petitioner
			<lb />
			Versus
			<lb />
			State Of Rajasthan
			<lb />
			----Respondent
			<lb />
			For Petitioner(s) : Mr. Deepak Menaria, through V.C.
			<lb />
			For Respondent(s) : Mr. Sudhir Tak, PP.
			<lb />
			HON'BLE MR. JUSTICE MANOJ KUMAR GARG
			<lb />
			Order
			<lb />
		</front>
		<body>
			12/05/2021
			<lb />
			List these matters after one week, as prayed.
			<lb />
			Till then, interim order, if any, shall continue.
			<lb />
			(MANOJ KUMAR GARG),J
			<lb />
			56-57 Ishan/-
		</body>
	</text>
</tei>
