<?xml version="1.0"?>
<tei xml:space="preserve">
	<teiHeader>
		<fileDesc xml:id="0" />
	</teiHeader>
	<text xml:lang="en">
		<front>
			HIGH COURT OF JUDICATURE FOR RAJASTHAN
			<lb />
			JODHPUR
			<lb />
			S.B. Criminal Appeal No. 407/2021
			<lb />
			Jagdish
			<lb />
			----Appellant
			<lb />
			Versus
			<lb />
			State Of Rajasthan
			<lb />
			----Respondent
			<lb />
			For Appellant(s) : Mr. R.S. Choudhary through V.C.
			<lb />
			For Respondent(s) : Mr. Laxman Solanki, P.P.
			<lb />
			HON'BLE MR. JUSTICE ARUN BHANSALI
			<lb />
			Order
			12/05/2021
			<lb />
		</front>
		<body>
			Office is directed to tag the record of S.B. Criminal Revision
			<lb />
			Petition No. 126/2021, decided on 15.02.2021 and the appeal be
			<lb />
			listed appropriately.
			<lb />
			(ARUN BHANSALI),J
			<lb />
			42-PKS/-
		</body>
	</text>
</tei>
