<?xml version="1.0"?>
<tei xml:space="preserve">
	<teiHeader>
		<fileDesc xml:id="0" />
	</teiHeader>
	<text xml:lang="en">
		<front>
			HIGH COURT OF JUDICATURE FOR RAJASTHAN
			<lb />
			JODHPUR
			<lb />
			S.B. Criminal Appeal No. 403/2021
			<lb />
			Kamal Kishore
			<lb />
			----Appellant
			<lb />
			Versus
			<lb />
			State Of Rajasthan
			<lb />
			----Respondent
			<lb />
			Connected With
			<lb />
			S.B. Criminal Appeal (Sb) No. 358/2021
			<lb />
			Chain Singh @ Monu
			<lb />
			----Appellant
			<lb />
			Versus
			<lb />
			State Of Rajasthan
			<lb />
			----Respondent
			<lb />
			S.B. Criminal Appeal (Sb) No. 404/2021
			<lb />
			Jaipal @ J.p.
			<lb />
			----Appellant
			<lb />
			Versus
			<lb />
			State
			<lb />
			----Respondent
			<lb />
			For Appellant(s)
			<lb />
			: Mr. Rakesh Arora (through VC)
			<lb />
			Mr. DRS Sodha (through VC)
			<lb />
			Mr. Vineet Jain (through VC)
			<lb />
			For Respondent(s)
			<lb />
			: Mr. S.K. Bhati, P.P.
			<lb />
			HON&apos;BLE MR. JUSTICE ARUN BHANSALI
			<lb />
			Order
			<lb />
			12/05/2021
			<lb />
		</front>
		<body>
			List the matters on 26.05.2021.
			<lb />
			(ARUN BHANSALI),J
			<lb />
		</body>
		<note place="footnote">
			63-pradeep/-
			<lb />
		</note>
	</text>
</tei>
