<?xml version="1.0"?>
<tei xml:space="preserve">
	<teiHeader>
		<fileDesc xml:id="0" />
	</teiHeader>
	<text xml:lang="en">
		<front>
			HIGH COURT OF JUDICATURE FOR RAJASTHAN
			<lb />
			JODHPUR
			<lb />
			S.B. Criminal Miscellaneous Bail Application No. 2395/2021
			<lb />
			Vasu
			<lb />
			----Petitioner
			<lb />
			Versus
			<lb />
			State Of Rajasthan
			<lb />
			----Respondent
			<lb />
			For Petitioner(s) : None.
			<lb />
			For Respondent(s) : Mr. M.S. Bishnoi, P.P.
			<lb />
			HON'BLE MR. JUSTICE ARUN BHANSALI
			<lb />
			Order
			<lb />
			12/05/2021
			<lb />
		</front>
		<body>
			None joined on behalf of the applicant on video conferencing.
			<lb />
			List next week.
			<lb />
			(ARUN BHANSALI),J
			<lb />
			2-pradeep/-
		</body>
	</text>
</tei>
