<?xml version="1.0"?>
<tei xml:space="preserve">
	<teiHeader>
		<fileDesc xml:id="0" />
	</teiHeader>
	<text xml:lang="en">
		<front>
			HIGH COURT OF JUDICATURE FOR RAJASTHAN
			<lb />
			JODHPUR
			<lb />
			S.B. Criminal Appeal No. 462/2021
			<lb />
			Ramniwas
			<lb />
			----Appellant
			<lb />
			Versus
			<lb />
			State Of Rajasthan
			<lb />
			----Respondent
			<lb />
			For Appellant(s) : Mr.R.S.Choudhary, Adv. through VC
			<lb />
			For Respondent(s) : Mr.S.S.Rajpurohit, PP
			<lb />
			HON'BLE MR. JUSTICE MANOJ KUMAR GARG
			<lb />
			Order
			<lb />
			12/05/2021
			<lb />
		</front>
		<body>
			Heard.
			<lb />
			Issue notice to the respondents.
			<lb />
			Learned Public Prosecutor accepts notice on behalf of the
			<lb />
			respondent No.1-State.
			<lb />
			Let notice be issued to respondent No.2 only, returnable on
			<lb />
			21.05.2021. Notice be served upon the respondent No.2 through
			<lb />
			concerned SHO.
			<lb />
			List this matter on 21.05.2021, as prayed.
			<lb />
			(MANOJ KUMAR GARG),J
			<lb />
			99-NK/-
		</body>
	</text>
</tei>
